game_id,season,game_type,week,gameday,weekday,gametime,away_team,away_score,home_team,home_score,location,result,total,overtime,old_game_id,gsis,nfl_detail_id,pfr,pff,espn,ftn,away_rest,home_rest,away_moneyline,home_moneyline,spread_line,away_spread_odds,home_spread_odds,total_line,under_odds,over_odds,div_game,roof,surface,temp,wind,away_qb_id,home_qb_id,away_qb_name,home_qb_name,away_coach,home_coach,referee,stadium_id,stadium,side,team,opponent,spread,margin,league,leg_id,source_spread_line,game_total_line,line_provenance
2024_01_ARI_BUF,2024,REG,1,2024-09-08,Sunday,13:00,ARI,28.0,BUF,34.0,Home,6.0,62.0,0,2024090801,59511,,202409080buf,,401671617,6452,7,7,250,-310,6.5,-105,-115,46.0,-112,-108,0,outdoors,a_turf,61,20,00-0035228,00-0034857,Kyler Murray,Josh Allen,Jonathan Gannon,Sean McDermott,Tra Blake,BUF00,New Era Field,away,ARI,BUF,6.5,-6.0,NFL,2024_01_ARI_BUF-ARI,6.5,46.0,archived_reference_line
2024_01_ARI_BUF,2024,REG,1,2024-09-08,Sunday,13:00,ARI,28.0,BUF,34.0,Home,6.0,62.0,0,2024090801,59511,,202409080buf,,401671617,6452,7,7,250,-310,6.5,-105,-115,46.0,-112,-108,0,outdoors,a_turf,61,20,00-0035228,00-0034857,Kyler Murray,Josh Allen,Jonathan Gannon,Sean McDermott,Tra Blake,BUF00,New Era Field,home,BUF,ARI,-6.5,6.0,NFL,2024_01_ARI_BUF-BUF,6.5,46.0,archived_reference_line
2024_01_BAL_KC,2024,REG,1,2024-09-05,Thursday,20:20,BAL,20.0,KC,27.0,Home,7.0,47.0,0,2024090500,59508,,202409050kan,,401671789,6449,7,7,124,-148,3.0,-118,-102,46.0,-110,-110,0,outdoors,grass,67,8,00-0034796,00-0033873,Lamar Jackson,Patrick Mahomes,John Harbaugh,Andy Reid,Shawn Hochuli,KAN00,GEHA Field at Arrowhead Stadium,away,BAL,KC,3.0,-7.0,NFL,2024_01_BAL_KC-BAL,3.0,46.0,archived_reference_line
2024_01_BAL_KC,2024,REG,1,2024-09-05,Thursday,20:20,BAL,20.0,KC,27.0,Home,7.0,47.0,0,2024090500,59508,,202409050kan,,401671789,6449,7,7,124,-148,3.0,-118,-102,46.0,-110,-110,0,outdoors,grass,67,8,00-0034796,00-0033873,Lamar Jackson,Patrick Mahomes,John Harbaugh,Andy Reid,Shawn Hochuli,KAN00,GEHA Field at Arrowhead Stadium,home,KC,BAL,-3.0,7.0,NFL,2024_01_BAL_KC-KC,3.0,46.0,archived_reference_line
2024_01_CAR_NO,2024,REG,1,2024-09-08,Sunday,13:00,CAR,10.0,NO,47.0,Home,37.0,57.0,0,2024090806,59516,,202409080nor,,401671734,6457,7,7,160,-192,3.5,-108,-112,41.5,-112,-108,1,dome,sportturf,,,00-0039150,00-0031280,Bryce Young,Derek Carr,Dave Canales,Dennis Allen,Alan Eck,NOR00,Mercedes-Benz Superdome,away,CAR,NO,3.5,-37.0,NFL,2024_01_CAR_NO-CAR,3.5,41.5,archived_reference_line
2024_01_CAR_NO,2024,REG,1,2024-09-08,Sunday,13:00,CAR,10.0,NO,47.0,Home,37.0,57.0,0,2024090806,59516,,202409080nor,,401671734,6457,7,7,160,-192,3.5,-108,-112,41.5,-112,-108,1,dome,sportturf,,,00-0039150,00-0031280,Bryce Young,Derek Carr,Dave Canales,Dennis Allen,Alan Eck,NOR00,Mercedes-Benz Superdome,home,NO,CAR,-3.5,37.0,NFL,2024_01_CAR_NO-NO,3.5,41.5,archived_reference_line
2024_01_DAL_CLE,2024,REG,1,2024-09-08,Sunday,16:25,DAL,33.0,CLE,17.0,Home,-16.0,50.0,0,2024090810,59520,,202409080cle,,401671761,6461,7,7,110,-130,2.5,-112,-108,42.0,-108,-112,0,outdoors,grass,69,17,00-0033077,00-0033537,Dak Prescott,Deshaun Watson,Mike McCarthy,Kevin Stefanski,Clete Blakeman,CLE00,FirstEnergy Stadium,away,DAL,CLE,2.5,16.0,NFL,2024_01_DAL_CLE-DAL,2.5,42.0,archived_reference_line
2024_01_DAL_CLE,2024,REG,1,2024-09-08,Sunday,16:25,DAL,33.0,CLE,17.0,Home,-16.0,50.0,0,2024090810,59520,,202409080cle,,401671761,6461,7,7,110,-130,2.5,-112,-108,42.0,-108,-112,0,outdoors,grass,69,17,00-0033077,00-0033537,Dak Prescott,Deshaun Watson,Mike McCarthy,Kevin Stefanski,Clete Blakeman,CLE00,FirstEnergy Stadium,home,CLE,DAL,-2.5,-16.0,NFL,2024_01_DAL_CLE-CLE,2.5,42.0,archived_reference_line
2024_01_DEN_SEA,2024,REG,1,2024-09-08,Sunday,16:05,DEN,20.0,SEA,26.0,Home,6.0,46.0,0,2024090809,59519,,202409080sea,,401671664,6460,7,7,225,-278,6.5,-110,-110,42.0,-108,-112,0,outdoors,fieldturf,65,7,00-0039732,00-0030565,Bo Nix,Geno Smith,Sean Payton,Mike Macdonald,Brad Allen,SEA00,Lumen Field,away,DEN,SEA,6.5,-6.0,NFL,2024_01_DEN_SEA-DEN,6.5,42.0,archived_reference_line
2024_01_DEN_SEA,2024,REG,1,2024-09-08,Sunday,16:05,DEN,20.0,SEA,26.0,Home,6.0,46.0,0,2024090809,59519,,202409080sea,,401671664,6460,7,7,225,-278,6.5,-110,-110,42.0,-108,-112,0,outdoors,fieldturf,65,7,00-0039732,00-0030565,Bo Nix,Geno Smith,Sean Payton,Mike Macdonald,Brad Allen,SEA00,Lumen Field,home,SEA,DEN,-6.5,6.0,NFL,2024_01_DEN_SEA-SEA,6.5,42.0,archived_reference_line
2024_01_GB_PHI,2024,REG,1,2024-09-06,Friday,20:15,GB,29.0,PHI,34.0,Neutral,5.0,63.0,0,2024090600,59509,,202409060phi,,401671805,6450,7,7,110,-130,2.0,-110,-110,49.5,-112,-108,0,outdoors,,,,00-0036264,00-0036389,Jordan Love,Jalen Hurts,Matt LaFleur,Nick Sirianni,Ron Torbert,SAO00,Arena Corinthians,away,GB,PHI,2.0,-5.0,NFL,2024_01_GB_PHI-GB,2.0,49.5,archived_reference_line
2024_01_GB_PHI,2024,REG,1,2024-09-06,Friday,20:15,GB,29.0,PHI,34.0,Neutral,5.0,63.0,0,2024090600,59509,,202409060phi,,401671805,6450,7,7,110,-130,2.0,-110,-110,49.5,-112,-108,0,outdoors,,,,00-0036264,00-0036389,Jordan Love,Jalen Hurts,Matt LaFleur,Nick Sirianni,Ron Torbert,SAO00,Arena Corinthians,home,PHI,GB,-2.0,5.0,NFL,2024_01_GB_PHI-PHI,2.0,49.5,archived_reference_line
2024_01_HOU_IND,2024,REG,1,2024-09-08,Sunday,13:00,HOU,29.0,IND,27.0,Home,-2.0,56.0,0,2024090804,59514,,202409080clt,,401671861,6455,7,7,-155,130,-3.0,-108,-112,49.0,-112,-108,1,closed,fieldturf,,,00-0039163,00-0039164,C.J. Stroud,Anthony Richardson,DeMeco Ryans,Shane Steichen,John Hussey,IND00,Lucas Oil Stadium,away,HOU,IND,-3.0,2.0,NFL,2024_01_HOU_IND-HOU,-3.0,49.0,archived_reference_line
2024_01_HOU_IND,2024,REG,1,2024-09-08,Sunday,13:00,HOU,29.0,IND,27.0,Home,-2.0,56.0,0,2024090804,59514,,202409080clt,,401671861,6455,7,7,-155,130,-3.0,-108,-112,49.0,-112,-108,1,closed,fieldturf,,,00-0039163,00-0039164,C.J. Stroud,Anthony Richardson,DeMeco Ryans,Shane Steichen,John Hussey,IND00,Lucas Oil Stadium,home,IND,HOU,3.0,-2.0,NFL,2024_01_HOU_IND-IND,-3.0,49.0,archived_reference_line
2024_01_JAX_MIA,2024,REG,1,2024-09-08,Sunday,13:00,JAX,17.0,MIA,20.0,Home,3.0,37.0,0,2024090805,59515,,202409080mia,,401671849,6456,7,7,150,-180,3.5,-110,-110,49.5,-112,-108,0,outdoors,grass,91,10,00-0036971,00-0036212,Trevor Lawrence,Tua Tagovailoa,Doug Pederson,Mike McDaniel,Craig Wrolstad,MIA00,Hard Rock Stadium,away,JAX,MIA,3.5,-3.0,NFL,2024_01_JAX_MIA-JAX,3.5,49.5,archived_reference_line
2024_01_JAX_MIA,2024,REG,1,2024-09-08,Sunday,13:00,JAX,17.0,MIA,20.0,Home,3.0,37.0,0,2024090805,59515,,202409080mia,,401671849,6456,7,7,150,-180,3.5,-110,-110,49.5,-112,-108,0,outdoors,grass,91,10,00-0036971,00-0036212,Trevor Lawrence,Tua Tagovailoa,Doug Pederson,Mike McDaniel,Craig Wrolstad,MIA00,Hard Rock Stadium,home,MIA,JAX,-3.5,3.0,NFL,2024_01_JAX_MIA-MIA,3.5,49.5,archived_reference_line
2024_01_LA_DET,2024,REG,1,2024-09-08,Sunday,20:20,LA,20.0,DET,26.0,Home,6.0,46.0,1,2024090812,59522,,202409080det,,401671792,6463,7,7,185,-225,5.0,-108,-112,54.0,-112,-108,0,dome,fieldturf,,,00-0026498,00-0033106,Matthew Stafford,Jared Goff,Sean McVay,Dan Campbell,Adrian Hill,DET00,Ford Field,away,LA,DET,5.0,-6.0,NFL,2024_01_LA_DET-LA,5.0,54.0,archived_reference_line
2024_01_LA_DET,2024,REG,1,2024-09-08,Sunday,20:20,LA,20.0,DET,26.0,Home,6.0,46.0,1,2024090812,59522,,202409080det,,401671792,6463,7,7,185,-225,5.0,-108,-112,54.0,-112,-108,0,dome,fieldturf,,,00-0026498,00-0033106,Matthew Stafford,Jared Goff,Sean McVay,Dan Campbell,Adrian Hill,DET00,Ford Field,home,DET,LA,-5.0,6.0,NFL,2024_01_LA_DET-DET,5.0,54.0,archived_reference_line
2024_01_LV_LAC,2024,REG,1,2024-09-08,Sunday,16:05,LV,10.0,LAC,22.0,Home,12.0,32.0,0,2024090808,59518,,202409080sdg,,401671659,6459,7,7,130,-155,3.0,-118,-102,41.0,-108,-112,1,dome,matrixturf,,,00-0035289,00-0036355,Gardner Minshew,Justin Herbert,Antonio Pierce,Jim Harbaugh,Scott Novak,LAX01,SoFi Stadium,away,LV,LAC,3.0,-12.0,NFL,2024_01_LV_LAC-LV,3.0,41.0,archived_reference_line
2024_01_LV_LAC,2024,REG,1,2024-09-08,Sunday,16:05,LV,10.0,LAC,22.0,Home,12.0,32.0,0,2024090808,59518,,202409080sdg,,401671659,6459,7,7,130,-155,3.0,-118,-102,41.0,-108,-112,1,dome,matrixturf,,,00-0035289,00-0036355,Gardner Minshew,Justin Herbert,Antonio Pierce,Jim Harbaugh,Scott Novak,LAX01,SoFi Stadium,home,LAC,LV,-3.0,12.0,NFL,2024_01_LV_LAC-LAC,3.0,41.0,archived_reference_line
2024_01_MIN_NYG,2024,REG,1,2024-09-08,Sunday,13:00,MIN,28.0,NYG,6.0,Home,-22.0,34.0,0,2024090807,59517,,202409080nyg,,401671712,6458,7,7,-115,-105,-1.0,-108,-112,42.5,-108,-112,0,outdoors,fieldturf,64,10,00-0034869,00-0035710,Sam Darnold,Daniel Jones,Kevin O'Connell,Brian Daboll,Alex Kemp,NYC01,MetLife Stadium,away,MIN,NYG,-1.0,22.0,NFL,2024_01_MIN_NYG-MIN,-1.0,42.5,archived_reference_line
2024_01_MIN_NYG,2024,REG,1,2024-09-08,Sunday,13:00,MIN,28.0,NYG,6.0,Home,-22.0,34.0,0,2024090807,59517,,202409080nyg,,401671712,6458,7,7,-115,-105,-1.0,-108,-112,42.5,-108,-112,0,outdoors,fieldturf,64,10,00-0034869,00-0035710,Sam Darnold,Daniel Jones,Kevin O'Connell,Brian Daboll,Alex Kemp,NYC01,MetLife Stadium,home,NYG,MIN,1.0,-22.0,NFL,2024_01_MIN_NYG-NYG,-1.0,42.5,archived_reference_line
2024_01_NE_CIN,2024,REG,1,2024-09-08,Sunday,13:00,NE,16.0,CIN,10.0,Home,-6.0,26.0,0,2024090803,59513,,202409080cin,,401671628,6454,7,7,295,-375,8.0,-110,-110,40.5,-112,-108,0,outdoors,fieldturf,66,5,00-0033119,00-0036442,Jacoby Brissett,Joe Burrow,Jerod Mayo,Zac Taylor,Land Clark,CIN00,Paycor Stadium,away,NE,CIN,8.0,6.0,NFL,2024_01_NE_CIN-NE,8.0,40.5,archived_reference_line
2024_01_NE_CIN,2024,REG,1,2024-09-08,Sunday,13:00,NE,16.0,CIN,10.0,Home,-6.0,26.0,0,2024090803,59513,,202409080cin,,401671628,6454,7,7,295,-375,8.0,-110,-110,40.5,-112,-108,0,outdoors,fieldturf,66,5,00-0033119,00-0036442,Jacoby Brissett,Joe Burrow,Jerod Mayo,Zac Taylor,Land Clark,CIN00,Paycor Stadium,home,CIN,NE,-8.0,-6.0,NFL,2024_01_NE_CIN-CIN,8.0,40.5,archived_reference_line
2024_01_NYJ_SF,2024,REG,1,2024-09-09,Monday,20:15,NYJ,19.0,SF,32.0,Home,13.0,51.0,0,2024090900,59523,,202409090sfo,,401671696,6464,7,7,150,-180,3.5,-115,-105,43.0,-108,-112,0,outdoors,grass,76,10,00-0023459,00-0037834,Aaron Rodgers,Brock Purdy,Robert Saleh,Kyle Shanahan,Carl Cheffers,SFO01,Levi's Stadium,away,NYJ,SF,3.5,-13.0,NFL,2024_01_NYJ_SF-NYJ,3.5,43.0,archived_reference_line
2024_01_NYJ_SF,2024,REG,1,2024-09-09,Monday,20:15,NYJ,19.0,SF,32.0,Home,13.0,51.0,0,2024090900,59523,,202409090sfo,,401671696,6464,7,7,150,-180,3.5,-115,-105,43.0,-108,-112,0,outdoors,grass,76,10,00-0023459,00-0037834,Aaron Rodgers,Brock Purdy,Robert Saleh,Kyle Shanahan,Carl Cheffers,SFO01,Levi's Stadium,home,SF,NYJ,-3.5,13.0,NFL,2024_01_NYJ_SF-SF,3.5,43.0,archived_reference_line
2024_01_PIT_ATL,2024,REG,1,2024-09-08,Sunday,13:00,PIT,18.0,ATL,10.0,Home,-8.0,28.0,0,2024090800,59510,,202409080atl,,401671744,6451,7,7,160,-192,4.0,-110,-110,43.0,-115,-105,0,closed,fieldturf,,,00-0036945,00-0029604,Justin Fields,Kirk Cousins,Mike Tomlin,Raheem Morris,Brad Rogers,ATL97,Mercedes-Benz Stadium,away,PIT,ATL,4.0,8.0,NFL,2024_01_PIT_ATL-PIT,4.0,43.0,archived_reference_line
2024_01_PIT_ATL,2024,REG,1,2024-09-08,Sunday,13:00,PIT,18.0,ATL,10.0,Home,-8.0,28.0,0,2024090800,59510,,202409080atl,,401671744,6451,7,7,160,-192,4.0,-110,-110,43.0,-115,-105,0,closed,fieldturf,,,00-0036945,00-0029604,Justin Fields,Kirk Cousins,Mike Tomlin,Raheem Morris,Brad Rogers,ATL97,Mercedes-Benz Stadium,home,ATL,PIT,-4.0,-8.0,NFL,2024_01_PIT_ATL-ATL,4.0,43.0,archived_reference_line
2024_01_TEN_CHI,2024,REG,1,2024-09-08,Sunday,13:00,TEN,17.0,CHI,24.0,Home,7.0,41.0,0,2024090802,59512,,202409080chi,,401671719,6453,7,7,164,-198,4.0,-108,-112,43.0,-110,-110,0,outdoors,grass,67,8,00-0039152,00-0039918,Will Levis,Caleb Williams,Brian Callahan,Matt Eberflus,Shawn Smith,CHI98,Soldier Field,away,TEN,CHI,4.0,-7.0,NFL,2024_01_TEN_CHI-TEN,4.0,43.0,archived_reference_line
2024_01_TEN_CHI,2024,REG,1,2024-09-08,Sunday,13:00,TEN,17.0,CHI,24.0,Home,7.0,41.0,0,2024090802,59512,,202409080chi,,401671719,6453,7,7,164,-198,4.0,-108,-112,43.0,-110,-110,0,outdoors,grass,67,8,00-0039152,00-0039918,Will Levis,Caleb Williams,Brian Callahan,Matt Eberflus,Shawn Smith,CHI98,Soldier Field,home,CHI,TEN,-4.0,7.0,NFL,2024_01_TEN_CHI-CHI,4.0,43.0,archived_reference_line
2024_01_WAS_TB,2024,REG,1,2024-09-08,Sunday,16:25,WAS,20.0,TB,37.0,Home,17.0,57.0,0,2024090811,59521,,202409080tam,,401671770,6462,7,7,164,-198,4.0,-112,-108,42.0,-110,-110,0,outdoors,grass,93,6,00-0039910,00-0034855,Jayden Daniels,Baker Mayfield,Dan Quinn,Todd Bowles,Bill Vinovich,TAM00,Raymond James Stadium,away,WAS,TB,4.0,-17.0,NFL,2024_01_WAS_TB-WAS,4.0,42.0,archived_reference_line
2024_01_WAS_TB,2024,REG,1,2024-09-08,Sunday,16:25,WAS,20.0,TB,37.0,Home,17.0,57.0,0,2024090811,59521,,202409080tam,,401671770,6462,7,7,164,-198,4.0,-112,-108,42.0,-110,-110,0,outdoors,grass,93,6,00-0039910,00-0034855,Jayden Daniels,Baker Mayfield,Dan Quinn,Todd Bowles,Bill Vinovich,TAM00,Raymond James Stadium,home,TB,WAS,-4.0,17.0,NFL,2024_01_WAS_TB-TB,4.0,42.0,archived_reference_line
2024_02_ATL_PHI,2024,REG,2,2024-09-16,Monday,20:15,ATL,22.0,PHI,21.0,Home,-1.0,43.0,0,2024091600,59539,,202409160phi,,401671691,6480,8,10,215,-265,5.5,-105,-115,46.5,-110,-110,0,outdoors,grass,71,9,00-0029604,00-0036389,Kirk Cousins,Jalen Hurts,Raheem Morris,Nick Sirianni,Craig Wrolstad,PHI00,Lincoln Financial Field,away,ATL,PHI,5.5,1.0,NFL,2024_02_ATL_PHI-ATL,5.5,46.5,archived_reference_line
2024_02_ATL_PHI,2024,REG,2,2024-09-16,Monday,20:15,ATL,22.0,PHI,21.0,Home,-1.0,43.0,0,2024091600,59539,,202409160phi,,401671691,6480,8,10,215,-265,5.5,-105,-115,46.5,-110,-110,0,outdoors,grass,71,9,00-0029604,00-0036389,Kirk Cousins,Jalen Hurts,Raheem Morris,Nick Sirianni,Craig Wrolstad,PHI00,Lincoln Financial Field,home,PHI,ATL,-5.5,-1.0,NFL,2024_02_ATL_PHI-PHI,5.5,46.5,archived_reference_line
2024_02_BUF_MIA,2024,REG,2,2024-09-12,Thursday,20:15,BUF,31.0,MIA,10.0,Home,-21.0,41.0,0,2024091200,59524,,202409120mia,,401671807,6465,4,4,114,-135,2.5,-110,-110,48.5,-105,-115,1,outdoors,grass,86,3,00-0034857,00-0036212,Josh Allen,Tua Tagovailoa,Sean McDermott,Mike McDaniel,Bill Vinovich,MIA00,Hard Rock Stadium,away,BUF,MIA,2.5,21.0,NFL,2024_02_BUF_MIA-BUF,2.5,48.5,archived_reference_line
2024_02_BUF_MIA,2024,REG,2,2024-09-12,Thursday,20:15,BUF,31.0,MIA,10.0,Home,-21.0,41.0,0,2024091200,59524,,202409120mia,,401671807,6465,4,4,114,-135,2.5,-110,-110,48.5,-105,-115,1,outdoors,grass,86,3,00-0034857,00-0036212,Josh Allen,Tua Tagovailoa,Sean McDermott,Mike McDaniel,Bill Vinovich,MIA00,Hard Rock Stadium,home,MIA,BUF,-2.5,-21.0,NFL,2024_02_BUF_MIA-MIA,2.5,48.5,archived_reference_line
2024_02_CHI_HOU,2024,REG,2,2024-09-15,Sunday,20:20,CHI,13.0,HOU,19.0,Home,6.0,32.0,0,2024091513,59538,,202409150htx,,401671786,6479,7,7,210,-258,6.0,-108,-112,45.5,-105,-115,0,closed,astroturf,,,00-0039918,00-0039163,Caleb Williams,C.J. Stroud,Matt Eberflus,DeMeco Ryans,Land Clark,HOU00,NRG Stadium,away,CHI,HOU,6.0,-6.0,NFL,2024_02_CHI_HOU-CHI,6.0,45.5,archived_reference_line
2024_02_CHI_HOU,2024,REG,2,2024-09-15,Sunday,20:20,CHI,13.0,HOU,19.0,Home,6.0,32.0,0,2024091513,59538,,202409150htx,,401671786,6479,7,7,210,-258,6.0,-108,-112,45.5,-105,-115,0,closed,astroturf,,,00-0039918,00-0039163,Caleb Williams,C.J. Stroud,Matt Eberflus,DeMeco Ryans,Land Clark,HOU00,NRG Stadium,home,HOU,CHI,-6.0,6.0,NFL,2024_02_CHI_HOU-HOU,6.0,45.5,archived_reference_line
2024_02_CIN_KC,2024,REG,2,2024-09-15,Sunday,16:25,CIN,25.0,KC,26.0,Home,1.0,51.0,0,2024091512,59537,,202409150kan,,401671670,6478,7,10,235,-290,6.5,-105,-115,47.5,-108,-112,0,outdoors,grass,89,8,00-0036442,00-0033873,Joe Burrow,Patrick Mahomes,Zac Taylor,Andy Reid,Alex Kemp,KAN00,GEHA Field at Arrowhead Stadium,away,CIN,KC,6.5,-1.0,NFL,2024_02_CIN_KC-CIN,6.5,47.5,archived_reference_line
2024_02_CIN_KC,2024,REG,2,2024-09-15,Sunday,16:25,CIN,25.0,KC,26.0,Home,1.0,51.0,0,2024091512,59537,,202409150kan,,401671670,6478,7,10,235,-290,6.5,-105,-115,47.5,-108,-112,0,outdoors,grass,89,8,00-0036442,00-0033873,Joe Burrow,Patrick Mahomes,Zac Taylor,Andy Reid,Alex Kemp,KAN00,GEHA Field at Arrowhead Stadium,home,KC,CIN,-6.5,1.0,NFL,2024_02_CIN_KC-KC,6.5,47.5,archived_reference_line
2024_02_CLE_JAX,2024,REG,2,2024-09-15,Sunday,13:00,CLE,18.0,JAX,13.0,Home,-5.0,31.0,0,2024091505,59530,,202409150jax,,401671635,6471,7,7,142,-170,3.0,100,-120,41.5,-108,-112,0,outdoors,grass,80,12,00-0033537,00-0036971,Deshaun Watson,Trevor Lawrence,Kevin Stefanski,Doug Pederson,Adrian Hill,JAX00,TIAA Bank Stadium,away,CLE,JAX,3.0,5.0,NFL,2024_02_CLE_JAX-CLE,3.0,41.5,archived_reference_line
2024_02_CLE_JAX,2024,REG,2,2024-09-15,Sunday,13:00,CLE,18.0,JAX,13.0,Home,-5.0,31.0,0,2024091505,59530,,202409150jax,,401671635,6471,7,7,142,-170,3.0,100,-120,41.5,-108,-112,0,outdoors,grass,80,12,00-0033537,00-0036971,Deshaun Watson,Trevor Lawrence,Kevin Stefanski,Doug Pederson,Adrian Hill,JAX00,TIAA Bank Stadium,home,JAX,CLE,-3.0,-5.0,NFL,2024_02_CLE_JAX-JAX,3.0,41.5,archived_reference_line
2024_02_IND_GB,2024,REG,2,2024-09-15,Sunday,13:00,IND,10.0,GB,16.0,Home,6.0,26.0,0,2024091504,59529,,202409150gnb,,401671723,6470,7,9,-142,120,-3.0,-102,-118,41.5,-110,-110,0,outdoors,grass,85,7,00-0039164,00-0038128,Anthony Richardson,Malik Willis,Shane Steichen,Matt LaFleur,Shawn Hochuli,GNB00,Lambeau Field,away,IND,GB,-3.0,-6.0,NFL,2024_02_IND_GB-IND,-3.0,41.5,archived_reference_line
2024_02_IND_GB,2024,REG,2,2024-09-15,Sunday,13:00,IND,10.0,GB,16.0,Home,6.0,26.0,0,2024091504,59529,,202409150gnb,,401671723,6470,7,9,-142,120,-3.0,-102,-118,41.5,-110,-110,0,outdoors,grass,85,7,00-0039164,00-0038128,Anthony Richardson,Malik Willis,Shane Steichen,Matt LaFleur,Shawn Hochuli,GNB00,Lambeau Field,home,GB,IND,3.0,6.0,NFL,2024_02_IND_GB-GB,-3.0,41.5,archived_reference_line
2024_02_LAC_CAR,2024,REG,2,2024-09-15,Sunday,13:00,LAC,26.0,CAR,3.0,Home,-23.0,29.0,0,2024091501,59526,,202409150car,,401671652,6467,7,7,-225,185,-5.0,-110,-110,39.0,-112,-108,0,outdoors,grass,78,13,00-0036355,00-0039150,Justin Herbert,Bryce Young,Jim Harbaugh,Dave Canales,Brad Rogers,CAR00,Bank of America Stadium,away,LAC,CAR,-5.0,23.0,NFL,2024_02_LAC_CAR-LAC,-5.0,39.0,archived_reference_line
2024_02_LAC_CAR,2024,REG,2,2024-09-15,Sunday,13:00,LAC,26.0,CAR,3.0,Home,-23.0,29.0,0,2024091501,59526,,202409150car,,401671652,6467,7,7,-225,185,-5.0,-110,-110,39.0,-112,-108,0,outdoors,grass,78,13,00-0036355,00-0039150,Justin Herbert,Bryce Young,Jim Harbaugh,Dave Canales,Brad Rogers,CAR00,Bank of America Stadium,home,CAR,LAC,5.0,-23.0,NFL,2024_02_LAC_CAR-CAR,-5.0,39.0,archived_reference_line
2024_02_LA_ARI,2024,REG,2,2024-09-15,Sunday,16:05,LA,10.0,ARI,41.0,Home,31.0,51.0,0,2024091510,59535,,202409150crd,,401671754,6476,7,7,-112,-108,-1.0,-105,-115,47.5,-118,-102,1,closed,grass,,,00-0026498,00-0035228,Matthew Stafford,Kyler Murray,Sean McVay,Jonathan Gannon,John Hussey,PHO00,State Farm Stadium,away,LA,ARI,-1.0,-31.0,NFL,2024_02_LA_ARI-LA,-1.0,47.5,archived_reference_line
2024_02_LA_ARI,2024,REG,2,2024-09-15,Sunday,16:05,LA,10.0,ARI,41.0,Home,31.0,51.0,0,2024091510,59535,,202409150crd,,401671754,6476,7,7,-112,-108,-1.0,-105,-115,47.5,-118,-102,1,closed,grass,,,00-0026498,00-0035228,Matthew Stafford,Kyler Murray,Sean McVay,Jonathan Gannon,John Hussey,PHO00,State Farm Stadium,home,ARI,LA,1.0,31.0,NFL,2024_02_LA_ARI-ARI,-1.0,47.5,archived_reference_line
2024_02_LV_BAL,2024,REG,2,2024-09-15,Sunday,13:00,LV,26.0,BAL,23.0,Home,-3.0,49.0,0,2024091500,59525,,202409150rav,,401671624,6466,7,10,350,-455,9.0,-112,-108,41.0,-108,-112,0,outdoors,grass,76,10,00-0035289,00-0034796,Gardner Minshew,Lamar Jackson,Antonio Pierce,John Harbaugh,Tra Blake,BAL00,M&T Bank Stadium,away,LV,BAL,9.0,3.0,NFL,2024_02_LV_BAL-LV,9.0,41.0,archived_reference_line
2024_02_LV_BAL,2024,REG,2,2024-09-15,Sunday,13:00,LV,26.0,BAL,23.0,Home,-3.0,49.0,0,2024091500,59525,,202409150rav,,401671624,6466,7,10,350,-455,9.0,-112,-108,41.0,-108,-112,0,outdoors,grass,76,10,00-0035289,00-0034796,Gardner Minshew,Lamar Jackson,Antonio Pierce,John Harbaugh,Tra Blake,BAL00,M&T Bank Stadium,home,BAL,LV,-9.0,-3.0,NFL,2024_02_LV_BAL-BAL,9.0,41.0,archived_reference_line
2024_02_NO_DAL,2024,REG,2,2024-09-15,Sunday,13:00,NO,44.0,DAL,19.0,Home,-25.0,63.0,0,2024091502,59527,,202409150dal,,401671709,6468,7,7,235,-290,6.5,-112,-108,47.0,-108,-112,0,closed,matrixturf,,,00-0031280,00-0033077,Derek Carr,Dak Prescott,Dennis Allen,Mike McCarthy,Adrian Hill,DAL00,AT&T Stadium,away,NO,DAL,6.5,25.0,NFL,2024_02_NO_DAL-NO,6.5,47.0,archived_reference_line
2024_02_NO_DAL,2024,REG,2,2024-09-15,Sunday,13:00,NO,44.0,DAL,19.0,Home,-25.0,63.0,0,2024091502,59527,,202409150dal,,401671709,6468,7,7,235,-290,6.5,-112,-108,47.0,-108,-112,0,closed,matrixturf,,,00-0031280,00-0033077,Derek Carr,Dak Prescott,Dennis Allen,Mike McCarthy,Adrian Hill,DAL00,AT&T Stadium,home,DAL,NO,-6.5,-25.0,NFL,2024_02_NO_DAL-DAL,6.5,47.0,archived_reference_line
2024_02_NYG_WAS,2024,REG,2,2024-09-15,Sunday,13:00,NYG,18.0,WAS,21.0,Home,3.0,39.0,0,2024091509,59534,,202409150was,,401671716,6475,7,7,105,-125,1.5,-108,-112,42.5,-105,-115,1,outdoors,grass,82,11,00-0035710,00-0039910,Daniel Jones,Jayden Daniels,Brian Daboll,Dan Quinn,Scott Novak,WAS00,FedExField,away,NYG,WAS,1.5,-3.0,NFL,2024_02_NYG_WAS-NYG,1.5,42.5,archived_reference_line
2024_02_NYG_WAS,2024,REG,2,2024-09-15,Sunday,13:00,NYG,18.0,WAS,21.0,Home,3.0,39.0,0,2024091509,59534,,202409150was,,401671716,6475,7,7,105,-125,1.5,-108,-112,42.5,-105,-115,1,outdoors,grass,82,11,00-0035710,00-0039910,Daniel Jones,Jayden Daniels,Brian Daboll,Dan Quinn,Scott Novak,WAS00,FedExField,home,WAS,NYG,-1.5,3.0,NFL,2024_02_NYG_WAS-WAS,1.5,42.5,archived_reference_line
2024_02_NYJ_TEN,2024,REG,2,2024-09-15,Sunday,13:00,NYJ,24.0,TEN,17.0,Home,-7.0,41.0,0,2024091508,59533,,202409150oti,,401671636,6474,6,7,-180,150,-3.5,-112,-108,41.5,-112,-108,0,outdoors,grass,80,13,00-0023459,00-0039152,Aaron Rodgers,Will Levis,Robert Saleh,Brian Callahan,Alan Eck,NAS00,Nissan Stadium,away,NYJ,TEN,-3.5,7.0,NFL,2024_02_NYJ_TEN-NYJ,-3.5,41.5,archived_reference_line
2024_02_NYJ_TEN,2024,REG,2,2024-09-15,Sunday,13:00,NYJ,24.0,TEN,17.0,Home,-7.0,41.0,0,2024091508,59533,,202409150oti,,401671636,6474,6,7,-180,150,-3.5,-112,-108,41.5,-112,-108,0,outdoors,grass,80,13,00-0023459,00-0039152,Aaron Rodgers,Will Levis,Robert Saleh,Brian Callahan,Alan Eck,NAS00,Nissan Stadium,home,TEN,NYJ,3.5,-7.0,NFL,2024_02_NYJ_TEN-TEN,-3.5,41.5,archived_reference_line
2024_02_PIT_DEN,2024,REG,2,2024-09-15,Sunday,16:25,PIT,13.0,DEN,6.0,Home,-7.0,19.0,0,2024091511,59536,,202409150den,,401671668,6477,7,7,-155,130,-3.0,-102,-118,36.5,-112,-108,0,outdoors,grass,83,4,00-0036945,00-0039732,Justin Fields,Bo Nix,Mike Tomlin,Sean Payton,Clete Blakeman,DEN00,Empower Field at Mile High,away,PIT,DEN,-3.0,7.0,NFL,2024_02_PIT_DEN-PIT,-3.0,36.5,archived_reference_line
2024_02_PIT_DEN,2024,REG,2,2024-09-15,Sunday,16:25,PIT,13.0,DEN,6.0,Home,-7.0,19.0,0,2024091511,59536,,202409150den,,401671668,6477,7,7,-155,130,-3.0,-102,-118,36.5,-112,-108,0,outdoors,grass,83,4,00-0036945,00-0039732,Justin Fields,Bo Nix,Mike Tomlin,Sean Payton,Clete Blakeman,DEN00,Empower Field at Mile High,home,DEN,PIT,3.0,-7.0,NFL,2024_02_PIT_DEN-DEN,-3.0,36.5,archived_reference_line
2024_02_SEA_NE,2024,REG,2,2024-09-15,Sunday,13:00,SEA,23.0,NE,20.0,Home,-3.0,43.0,1,2024091507,59532,,202409150nwe,,401671702,6473,7,7,-170,142,-3.5,-102,-118,39.0,-110,-110,0,outdoors,fieldturf,77,5,00-0030565,00-0033119,Geno Smith,Jacoby Brissett,Mike Macdonald,Jerod Mayo,Carl Cheffers,BOS00,Gillette Stadium,away,SEA,NE,-3.5,3.0,NFL,2024_02_SEA_NE-SEA,-3.5,39.0,archived_reference_line
2024_02_SEA_NE,2024,REG,2,2024-09-15,Sunday,13:00,SEA,23.0,NE,20.0,Home,-3.0,43.0,1,2024091507,59532,,202409150nwe,,401671702,6473,7,7,-170,142,-3.5,-102,-118,39.0,-110,-110,0,outdoors,fieldturf,77,5,00-0030565,00-0033119,Geno Smith,Jacoby Brissett,Mike Macdonald,Jerod Mayo,Carl Cheffers,BOS00,Gillette Stadium,home,NE,SEA,3.5,-3.0,NFL,2024_02_SEA_NE-NE,-3.5,39.0,archived_reference_line
2024_02_SF_MIN,2024,REG,2,2024-09-15,Sunday,13:00,SF,17.0,MIN,23.0,Home,6.0,40.0,0,2024091506,59531,,202409150min,,401671645,6472,6,7,-218,180,-4.5,-112,-108,46.5,-108,-112,0,dome,sportturf,,,00-0037834,00-0034869,Brock Purdy,Sam Darnold,Kyle Shanahan,Kevin O'Connell,Brad Allen,MIN01,U.S. Bank Stadium,away,SF,MIN,-4.5,-6.0,NFL,2024_02_SF_MIN-SF,-4.5,46.5,archived_reference_line
2024_02_SF_MIN,2024,REG,2,2024-09-15,Sunday,13:00,SF,17.0,MIN,23.0,Home,6.0,40.0,0,2024091506,59531,,202409150min,,401671645,6472,6,7,-218,180,-4.5,-112,-108,46.5,-108,-112,0,dome,sportturf,,,00-0037834,00-0034869,Brock Purdy,Sam Darnold,Kyle Shanahan,Kevin O'Connell,Brad Allen,MIN01,U.S. Bank Stadium,home,MIN,SF,4.5,6.0,NFL,2024_02_SF_MIN-MIN,-4.5,46.5,archived_reference_line
2024_02_TB_DET,2024,REG,2,2024-09-15,Sunday,13:00,TB,20.0,DET,16.0,Home,-4.0,36.0,0,2024091503,59528,,202409150det,,401671721,6469,7,7,295,-375,7.5,-108,-112,51.5,-112,-108,0,dome,fieldturf,,,00-0034855,00-0033106,Baker Mayfield,Jared Goff,Todd Bowles,Dan Campbell,Clay Martin,DET00,Ford Field,away,TB,DET,7.5,4.0,NFL,2024_02_TB_DET-TB,7.5,51.5,archived_reference_line
2024_02_TB_DET,2024,REG,2,2024-09-15,Sunday,13:00,TB,20.0,DET,16.0,Home,-4.0,36.0,0,2024091503,59528,,202409150det,,401671721,6469,7,7,295,-375,7.5,-108,-112,51.5,-112,-108,0,dome,fieldturf,,,00-0034855,00-0033106,Baker Mayfield,Jared Goff,Todd Bowles,Dan Campbell,Clay Martin,DET00,Ford Field,home,DET,TB,-7.5,-4.0,NFL,2024_02_TB_DET-DET,7.5,51.5,archived_reference_line
2024_03_BAL_DAL,2024,REG,3,2024-09-22,Sunday,16:25,BAL,28.0,DAL,25.0,Home,-3.0,53.0,0,2024092210,59551,,202409220dal,,401671763,6492,7,7,-120,100,-1.5,-110,-110,47.5,-112,-108,0,closed,matrixturf,,,00-0034796,00-0033077,Lamar Jackson,Dak Prescott,John Harbaugh,Mike McCarthy,Ron Torbert,DAL00,AT&T Stadium,away,BAL,DAL,-1.5,3.0,NFL,2024_03_BAL_DAL-BAL,-1.5,47.5,archived_reference_line
2024_03_BAL_DAL,2024,REG,3,2024-09-22,Sunday,16:25,BAL,28.0,DAL,25.0,Home,-3.0,53.0,0,2024092210,59551,,202409220dal,,401671763,6492,7,7,-120,100,-1.5,-110,-110,47.5,-112,-108,0,closed,matrixturf,,,00-0034796,00-0033077,Lamar Jackson,Dak Prescott,John Harbaugh,Mike McCarthy,Ron Torbert,DAL00,AT&T Stadium,home,DAL,BAL,1.5,-3.0,NFL,2024_03_BAL_DAL-DAL,-1.5,47.5,archived_reference_line
2024_03_CAR_LV,2024,REG,3,2024-09-22,Sunday,16:05,CAR,36.0,LV,22.0,Home,-14.0,58.0,0,2024092207,59548,,202409220rai,,401671658,6489,7,7,200,-245,5.5,-110,-110,40.0,-108,-112,0,dome,grass,,,00-0027973,00-0035289,Andy Dalton,Gardner Minshew,Dave Canales,Antonio Pierce,Bill Vinovich,VEG00,Allegiant Stadium,away,CAR,LV,5.5,14.0,NFL,2024_03_CAR_LV-CAR,5.5,40.0,archived_reference_line
2024_03_CAR_LV,2024,REG,3,2024-09-22,Sunday,16:05,CAR,36.0,LV,22.0,Home,-14.0,58.0,0,2024092207,59548,,202409220rai,,401671658,6489,7,7,200,-245,5.5,-110,-110,40.0,-108,-112,0,dome,grass,,,00-0027973,00-0035289,Andy Dalton,Gardner Minshew,Dave Canales,Antonio Pierce,Bill Vinovich,VEG00,Allegiant Stadium,home,LV,CAR,-5.5,-14.0,NFL,2024_03_CAR_LV-LV,5.5,40.0,archived_reference_line
2024_03_CHI_IND,2024,REG,3,2024-09-22,Sunday,13:00,CHI,16.0,IND,21.0,Home,5.0,37.0,0,2024092201,59542,,202409220clt,,401671865,6483,7,7,105,-125,1.5,-108,-112,43.0,-105,-115,0,closed,fieldturf,,,00-0039918,00-0039164,Caleb Williams,Anthony Richardson,Matt Eberflus,Shane Steichen,Adrian Hill,IND00,Lucas Oil Stadium,away,CHI,IND,1.5,-5.0,NFL,2024_03_CHI_IND-CHI,1.5,43.0,archived_reference_line
2024_03_CHI_IND,2024,REG,3,2024-09-22,Sunday,13:00,CHI,16.0,IND,21.0,Home,5.0,37.0,0,2024092201,59542,,202409220clt,,401671865,6483,7,7,105,-125,1.5,-108,-112,43.0,-105,-115,0,closed,fieldturf,,,00-0039918,00-0039164,Caleb Williams,Anthony Richardson,Matt Eberflus,Shane Steichen,Adrian Hill,IND00,Lucas Oil Stadium,home,IND,CHI,-1.5,5.0,NFL,2024_03_CHI_IND-IND,1.5,43.0,archived_reference_line
2024_03_DEN_TB,2024,REG,3,2024-09-22,Sunday,13:00,DEN,26.0,TB,7.0,Home,-19.0,33.0,0,2024092205,59546,,202409220tam,,401671741,6487,7,7,200,-245,6.0,-112,-108,40.5,-108,-112,0,outdoors,grass,85,6,00-0039732,00-0034855,Bo Nix,Baker Mayfield,Sean Payton,Todd Bowles,Alan Eck,TAM00,Raymond James Stadium,away,DEN,TB,6.0,19.0,NFL,2024_03_DEN_TB-DEN,6.0,40.5,archived_reference_line
2024_03_DEN_TB,2024,REG,3,2024-09-22,Sunday,13:00,DEN,26.0,TB,7.0,Home,-19.0,33.0,0,2024092205,59546,,202409220tam,,401671741,6487,7,7,200,-245,6.0,-112,-108,40.5,-108,-112,0,outdoors,grass,85,6,00-0039732,00-0034855,Bo Nix,Baker Mayfield,Sean Payton,Todd Bowles,Alan Eck,TAM00,Raymond James Stadium,home,TB,DEN,-6.0,-19.0,NFL,2024_03_DEN_TB-TB,6.0,40.5,archived_reference_line
2024_03_DET_ARI,2024,REG,3,2024-09-22,Sunday,16:25,DET,20.0,ARI,13.0,Home,-7.0,33.0,0,2024092209,59550,,202409220crd,,401671771,6491,7,7,-148,124,-3.0,-102,-118,51.5,-112,-108,0,closed,grass,,,00-0033106,00-0035228,Jared Goff,Kyler Murray,Dan Campbell,Jonathan Gannon,Brad Rogers,PHO00,State Farm Stadium,away,DET,ARI,-3.0,7.0,NFL,2024_03_DET_ARI-DET,-3.0,51.5,archived_reference_line
2024_03_DET_ARI,2024,REG,3,2024-09-22,Sunday,16:25,DET,20.0,ARI,13.0,Home,-7.0,33.0,0,2024092209,59550,,202409220crd,,401671771,6491,7,7,-148,124,-3.0,-102,-118,51.5,-112,-108,0,closed,grass,,,00-0033106,00-0035228,Jared Goff,Kyler Murray,Dan Campbell,Jonathan Gannon,Brad Rogers,PHO00,State Farm Stadium,home,ARI,DET,3.0,-7.0,NFL,2024_03_DET_ARI-ARI,-3.0,51.5,archived_reference_line
2024_03_GB_TEN,2024,REG,3,2024-09-22,Sunday,13:00,GB,30.0,TEN,14.0,Home,-16.0,44.0,0,2024092206,59547,,202409220oti,,401671823,6488,7,7,136,-162,3.0,-112,-108,37.0,-108,-112,0,outdoors,grass,87,7,00-0038128,00-0039152,Malik Willis,Will Levis,Matt LaFleur,Brian Callahan,Clay Martin,NAS00,Nissan Stadium,away,GB,TEN,3.0,16.0,NFL,2024_03_GB_TEN-GB,3.0,37.0,archived_reference_line
2024_03_GB_TEN,2024,REG,3,2024-09-22,Sunday,13:00,GB,30.0,TEN,14.0,Home,-16.0,44.0,0,2024092206,59547,,202409220oti,,401671823,6488,7,7,136,-162,3.0,-112,-108,37.0,-108,-112,0,outdoors,grass,87,7,00-0038128,00-0039152,Malik Willis,Will Levis,Matt LaFleur,Brian Callahan,Clay Martin,NAS00,Nissan Stadium,home,TEN,GB,-3.0,-16.0,NFL,2024_03_GB_TEN-TEN,3.0,37.0,archived_reference_line
2024_03_HOU_MIN,2024,REG,3,2024-09-22,Sunday,13:00,HOU,7.0,MIN,34.0,Home,27.0,41.0,0,2024092202,59543,,202409220min,,401671646,6484,7,7,-135,114,-2.0,-112,-108,46.0,-108,-112,0,dome,sportturf,,,00-0039163,00-0034869,C.J. Stroud,Sam Darnold,DeMeco Ryans,Kevin O'Connell,Shawn Hochuli,MIN01,U.S. Bank Stadium,away,HOU,MIN,-2.0,-27.0,NFL,2024_03_HOU_MIN-HOU,-2.0,46.0,archived_reference_line
2024_03_HOU_MIN,2024,REG,3,2024-09-22,Sunday,13:00,HOU,7.0,MIN,34.0,Home,27.0,41.0,0,2024092202,59543,,202409220min,,401671646,6484,7,7,-135,114,-2.0,-112,-108,46.0,-108,-112,0,dome,sportturf,,,00-0039163,00-0034869,C.J. Stroud,Sam Darnold,DeMeco Ryans,Kevin O'Connell,Shawn Hochuli,MIN01,U.S. Bank Stadium,home,MIN,HOU,2.0,27.0,NFL,2024_03_HOU_MIN-MIN,-2.0,46.0,archived_reference_line
2024_03_JAX_BUF,2024,REG,3,2024-09-23,Monday,19:30,JAX,10.0,BUF,47.0,Home,37.0,57.0,0,2024092300,59554,,202409230buf,,401671682,6495,8,11,180,-218,4.0,-108,-112,46.5,-110,-110,0,outdoors,a_turf,68,5,00-0036971,00-0034857,Trevor Lawrence,Josh Allen,Doug Pederson,Sean McDermott,Shawn Smith,BUF00,New Era Field,away,JAX,BUF,4.0,-37.0,NFL,2024_03_JAX_BUF-JAX,4.0,46.5,archived_reference_line
2024_03_JAX_BUF,2024,REG,3,2024-09-23,Monday,19:30,JAX,10.0,BUF,47.0,Home,37.0,57.0,0,2024092300,59554,,202409230buf,,401671682,6495,8,11,180,-218,4.0,-108,-112,46.5,-110,-110,0,outdoors,a_turf,68,5,00-0036971,00-0034857,Trevor Lawrence,Josh Allen,Doug Pederson,Sean McDermott,Shawn Smith,BUF00,New Era Field,home,BUF,JAX,-4.0,37.0,NFL,2024_03_JAX_BUF-BUF,4.0,46.5,archived_reference_line
2024_03_KC_ATL,2024,REG,3,2024-09-22,Sunday,20:20,KC,22.0,ATL,17.0,Home,-5.0,39.0,0,2024092212,59553,,202409220atl,,401671793,6494,7,6,-170,142,-3.0,-118,-102,46.0,-108,-112,0,closed,fieldturf,,,00-0033873,00-0029604,Patrick Mahomes,Kirk Cousins,Andy Reid,Raheem Morris,Tra Blake,ATL97,Mercedes-Benz Stadium,away,KC,ATL,-3.0,5.0,NFL,2024_03_KC_ATL-KC,-3.0,46.0,archived_reference_line
2024_03_KC_ATL,2024,REG,3,2024-09-22,Sunday,20:20,KC,22.0,ATL,17.0,Home,-5.0,39.0,0,2024092212,59553,,202409220atl,,401671793,6494,7,6,-170,142,-3.0,-118,-102,46.0,-108,-112,0,closed,fieldturf,,,00-0033873,00-0029604,Patrick Mahomes,Kirk Cousins,Andy Reid,Raheem Morris,Tra Blake,ATL97,Mercedes-Benz Stadium,home,ATL,KC,3.0,-5.0,NFL,2024_03_KC_ATL-ATL,-3.0,46.0,archived_reference_line
2024_03_LAC_PIT,2024,REG,3,2024-09-22,Sunday,13:00,LAC,10.0,PIT,20.0,Home,10.0,30.0,0,2024092204,59545,,202409220pit,,401671632,6486,7,7,124,-148,3.0,-118,-102,36.0,-115,-105,0,outdoors,grass,72,2,00-0036355,00-0036945,Justin Herbert,Justin Fields,Jim Harbaugh,Mike Tomlin,Alex Kemp,PIT00,Acrisure Stadium,away,LAC,PIT,3.0,-10.0,NFL,2024_03_LAC_PIT-LAC,3.0,36.0,archived_reference_line
2024_03_LAC_PIT,2024,REG,3,2024-09-22,Sunday,13:00,LAC,10.0,PIT,20.0,Home,10.0,30.0,0,2024092204,59545,,202409220pit,,401671632,6486,7,7,124,-148,3.0,-118,-102,36.0,-115,-105,0,outdoors,grass,72,2,00-0036355,00-0036945,Justin Herbert,Justin Fields,Jim Harbaugh,Mike Tomlin,Alex Kemp,PIT00,Acrisure Stadium,home,PIT,LAC,-3.0,10.0,NFL,2024_03_LAC_PIT-PIT,3.0,36.0,archived_reference_line
2024_03_MIA_SEA,2024,REG,3,2024-09-22,Sunday,16:05,MIA,3.0,SEA,24.0,Home,21.0,27.0,0,2024092208,59549,,202409220sea,,401671662,6490,10,7,170,-205,4.0,-110,-110,41.5,-110,-110,0,outdoors,fieldturf,64,2,00-0037327,00-0030565,Skylar Thompson,Geno Smith,Mike McDaniel,Mike Macdonald,Land Clark,SEA00,Lumen Field,away,MIA,SEA,4.0,-21.0,NFL,2024_03_MIA_SEA-MIA,4.0,41.5,archived_reference_line
2024_03_MIA_SEA,2024,REG,3,2024-09-22,Sunday,16:05,MIA,3.0,SEA,24.0,Home,21.0,27.0,0,2024092208,59549,,202409220sea,,401671662,6490,10,7,170,-205,4.0,-110,-110,41.5,-110,-110,0,outdoors,fieldturf,64,2,00-0037327,00-0030565,Skylar Thompson,Geno Smith,Mike McDaniel,Mike Macdonald,Land Clark,SEA00,Lumen Field,home,SEA,MIA,-4.0,21.0,NFL,2024_03_MIA_SEA-SEA,4.0,41.5,archived_reference_line
2024_03_NE_NYJ,2024,REG,3,2024-09-19,Thursday,20:15,NE,3.0,NYJ,24.0,Home,21.0,27.0,0,2024091900,59540,,202409190nyj,,401671808,6481,4,4,230,-285,6.5,-110,-110,39.0,-108,-112,1,outdoors,fieldturf,75,5,00-0033119,00-0023459,Jacoby Brissett,Aaron Rodgers,Jerod Mayo,Robert Saleh,John Hussey,NYC01,MetLife Stadium,away,NE,NYJ,6.5,-21.0,NFL,2024_03_NE_NYJ-NE,6.5,39.0,archived_reference_line
2024_03_NE_NYJ,2024,REG,3,2024-09-19,Thursday,20:15,NE,3.0,NYJ,24.0,Home,21.0,27.0,0,2024091900,59540,,202409190nyj,,401671808,6481,4,4,230,-285,6.5,-110,-110,39.0,-108,-112,1,outdoors,fieldturf,75,5,00-0033119,00-0023459,Jacoby Brissett,Aaron Rodgers,Jerod Mayo,Robert Saleh,John Hussey,NYC01,MetLife Stadium,home,NYJ,NE,-6.5,21.0,NFL,2024_03_NE_NYJ-NYJ,6.5,39.0,archived_reference_line
2024_03_NYG_CLE,2024,REG,3,2024-09-22,Sunday,13:00,NYG,21.0,CLE,15.0,Home,-6.0,36.0,0,2024092200,59541,,202409220cle,,401671855,6482,7,7,220,-270,6.5,-112,-108,38.0,-108,-112,0,outdoors,grass,76,4,00-0035710,00-0033537,Daniel Jones,Deshaun Watson,Brian Daboll,Kevin Stefanski,Craig Wrolstad,CLE00,FirstEnergy Stadium,away,NYG,CLE,6.5,6.0,NFL,2024_03_NYG_CLE-NYG,6.5,38.0,archived_reference_line
2024_03_NYG_CLE,2024,REG,3,2024-09-22,Sunday,13:00,NYG,21.0,CLE,15.0,Home,-6.0,36.0,0,2024092200,59541,,202409220cle,,401671855,6482,7,7,220,-270,6.5,-112,-108,38.0,-108,-112,0,outdoors,grass,76,4,00-0035710,00-0033537,Daniel Jones,Deshaun Watson,Brian Daboll,Kevin Stefanski,Craig Wrolstad,CLE00,FirstEnergy Stadium,home,CLE,NYG,-6.5,-6.0,NFL,2024_03_NYG_CLE-CLE,6.5,38.0,archived_reference_line
2024_03_PHI_NO,2024,REG,3,2024-09-22,Sunday,13:00,PHI,15.0,NO,12.0,Home,-3.0,27.0,0,2024092203,59544,,202409220nor,,401671736,6485,6,7,120,-142,2.5,-105,-115,49.0,-110,-110,0,dome,sportturf,,,00-0036389,00-0031280,Jalen Hurts,Derek Carr,Nick Sirianni,Dennis Allen,Scott Novak,NOR00,Mercedes-Benz Superdome,away,PHI,NO,2.5,3.0,NFL,2024_03_PHI_NO-PHI,2.5,49.0,archived_reference_line
2024_03_PHI_NO,2024,REG,3,2024-09-22,Sunday,13:00,PHI,15.0,NO,12.0,Home,-3.0,27.0,0,2024092203,59544,,202409220nor,,401671736,6485,6,7,120,-142,2.5,-105,-115,49.0,-110,-110,0,dome,sportturf,,,00-0036389,00-0031280,Jalen Hurts,Derek Carr,Nick Sirianni,Dennis Allen,Scott Novak,NOR00,Mercedes-Benz Superdome,home,NO,PHI,-2.5,-3.0,NFL,2024_03_PHI_NO-NO,2.5,49.0,archived_reference_line
2024_03_SF_LA,2024,REG,3,2024-09-22,Sunday,16:25,SF,24.0,LA,27.0,Home,3.0,51.0,0,2024092211,59552,,202409220ram,,401671772,6493,7,7,-258,210,-6.0,-108,-112,44.5,-110,-110,1,dome,matrixturf,,,00-0037834,00-0026498,Brock Purdy,Matthew Stafford,Kyle Shanahan,Sean McVay,Clete Blakeman,LAX01,SoFi Stadium,away,SF,LA,-6.0,-3.0,NFL,2024_03_SF_LA-SF,-6.0,44.5,archived_reference_line
2024_03_SF_LA,2024,REG,3,2024-09-22,Sunday,16:25,SF,24.0,LA,27.0,Home,3.0,51.0,0,2024092211,59552,,202409220ram,,401671772,6493,7,7,-258,210,-6.0,-108,-112,44.5,-110,-110,1,dome,matrixturf,,,00-0037834,00-0026498,Brock Purdy,Matthew Stafford,Kyle Shanahan,Sean McVay,Clete Blakeman,LAX01,SoFi Stadium,home,LA,SF,6.0,3.0,NFL,2024_03_SF_LA-LA,-6.0,44.5,archived_reference_line
2024_03_WAS_CIN,2024,REG,3,2024-09-23,Monday,20:15,WAS,38.0,CIN,33.0,Home,-5.0,71.0,0,2024092301,59555,,202409230cin,,401671490,6496,8,8,280,-355,7.5,-115,-105,46.0,-112,-108,0,outdoors,fieldturf,69,5,00-0039910,00-0036442,Jayden Daniels,Joe Burrow,Dan Quinn,Zac Taylor,Brad Allen,CIN00,Paycor Stadium,away,WAS,CIN,7.5,5.0,NFL,2024_03_WAS_CIN-WAS,7.5,46.0,archived_reference_line
2024_03_WAS_CIN,2024,REG,3,2024-09-23,Monday,20:15,WAS,38.0,CIN,33.0,Home,-5.0,71.0,0,2024092301,59555,,202409230cin,,401671490,6496,8,8,280,-355,7.5,-115,-105,46.0,-112,-108,0,outdoors,fieldturf,69,5,00-0039910,00-0036442,Jayden Daniels,Joe Burrow,Dan Quinn,Zac Taylor,Brad Allen,CIN00,Paycor Stadium,home,CIN,WAS,-7.5,-5.0,NFL,2024_03_WAS_CIN-CIN,7.5,46.0,archived_reference_line
2024_04_BUF_BAL,2024,REG,4,2024-09-29,Sunday,20:20,BUF,10.0,BAL,35.0,Home,25.0,45.0,0,2024092912,59569,,202409290rav,,401671783,6510,6,7,114,-135,2.5,-108,-112,46.5,-110,-110,0,outdoors,grass,68,8,00-0034857,00-0034796,Josh Allen,Lamar Jackson,Sean McDermott,John Harbaugh,Alan Eck,BAL00,M&T Bank Stadium,away,BUF,BAL,2.5,-25.0,NFL,2024_04_BUF_BAL-BUF,2.5,46.5,archived_reference_line
2024_04_BUF_BAL,2024,REG,4,2024-09-29,Sunday,20:20,BUF,10.0,BAL,35.0,Home,25.0,45.0,0,2024092912,59569,,202409290rav,,401671783,6510,6,7,114,-135,2.5,-108,-112,46.5,-110,-110,0,outdoors,grass,68,8,00-0034857,00-0034796,Josh Allen,Lamar Jackson,Sean McDermott,John Harbaugh,Alan Eck,BAL00,M&T Bank Stadium,home,BAL,BUF,-2.5,25.0,NFL,2024_04_BUF_BAL-BAL,2.5,46.5,archived_reference_line
2024_04_CIN_CAR,2024,REG,4,2024-09-29,Sunday,13:00,CIN,34.0,CAR,24.0,Home,-10.0,58.0,0,2024092901,59558,,202409290car,,401671745,6499,6,7,-205,170,-4.5,-112,-108,47.0,-108,-112,0,outdoors,grass,78,6,00-0036442,00-0027973,Joe Burrow,Andy Dalton,Zac Taylor,Dave Canales,Adrian Hill,CAR00,Bank of America Stadium,away,CIN,CAR,-4.5,10.0,NFL,2024_04_CIN_CAR-CIN,-4.5,47.0,archived_reference_line
2024_04_CIN_CAR,2024,REG,4,2024-09-29,Sunday,13:00,CIN,34.0,CAR,24.0,Home,-10.0,58.0,0,2024092901,59558,,202409290car,,401671745,6499,6,7,-205,170,-4.5,-112,-108,47.0,-108,-112,0,outdoors,grass,78,6,00-0036442,00-0027973,Joe Burrow,Andy Dalton,Zac Taylor,Dave Canales,Adrian Hill,CAR00,Bank of America Stadium,home,CAR,CIN,4.5,-10.0,NFL,2024_04_CIN_CAR-CAR,-4.5,47.0,archived_reference_line
2024_04_CLE_LV,2024,REG,4,2024-09-29,Sunday,16:25,CLE,16.0,LV,20.0,Home,4.0,36.0,0,2024092911,59568,,202409290rai,,401671672,6509,7,7,-135,114,-2.5,-115,-105,36.5,-108,-112,0,dome,grass,,,00-0033537,00-0035289,Deshaun Watson,Gardner Minshew,Kevin Stefanski,Antonio Pierce,Brad Allen,VEG00,Allegiant Stadium,away,CLE,LV,-2.5,-4.0,NFL,2024_04_CLE_LV-CLE,-2.5,36.5,archived_reference_line
2024_04_CLE_LV,2024,REG,4,2024-09-29,Sunday,16:25,CLE,16.0,LV,20.0,Home,4.0,36.0,0,2024092911,59568,,202409290rai,,401671672,6509,7,7,-135,114,-2.5,-115,-105,36.5,-108,-112,0,dome,grass,,,00-0033537,00-0035289,Deshaun Watson,Gardner Minshew,Kevin Stefanski,Antonio Pierce,Brad Allen,VEG00,Allegiant Stadium,home,LV,CLE,2.5,4.0,NFL,2024_04_CLE_LV-LV,-2.5,36.5,archived_reference_line
2024_04_DAL_NYG,2024,REG,4,2024-09-26,Thursday,20:15,DAL,20.0,NYG,15.0,Home,-5.0,35.0,0,2024092600,59556,,202409260nyg,,401671812,6497,4,4,-250,205,-5.5,-115,-105,45.0,-112,-108,1,outdoors,fieldturf,74,3,00-0033077,00-0035710,Dak Prescott,Daniel Jones,Mike McCarthy,Brian Daboll,Clay Martin,NYC01,MetLife Stadium,away,DAL,NYG,-5.5,5.0,NFL,2024_04_DAL_NYG-DAL,-5.5,45.0,archived_reference_line
2024_04_DAL_NYG,2024,REG,4,2024-09-26,Thursday,20:15,DAL,20.0,NYG,15.0,Home,-5.0,35.0,0,2024092600,59556,,202409260nyg,,401671812,6497,4,4,-250,205,-5.5,-115,-105,45.0,-112,-108,1,outdoors,fieldturf,74,3,00-0033077,00-0035710,Dak Prescott,Daniel Jones,Mike McCarthy,Brian Daboll,Clay Martin,NYC01,MetLife Stadium,home,NYG,DAL,5.5,-5.0,NFL,2024_04_DAL_NYG-NYG,-5.5,45.0,archived_reference_line
2024_04_DEN_NYJ,2024,REG,4,2024-09-29,Sunday,13:00,DEN,10.0,NYJ,9.0,Home,-1.0,19.0,0,2024092906,59563,,202409290nyj,,401671622,6504,7,10,330,-425,7.5,-108,-112,39.5,-112,-108,0,outdoors,fieldturf,67,8,00-0039732,00-0023459,Bo Nix,Aaron Rodgers,Sean Payton,Robert Saleh,Ron Torbert,NYC01,MetLife Stadium,away,DEN,NYJ,7.5,1.0,NFL,2024_04_DEN_NYJ-DEN,7.5,39.5,archived_reference_line
2024_04_DEN_NYJ,2024,REG,4,2024-09-29,Sunday,13:00,DEN,10.0,NYJ,9.0,Home,-1.0,19.0,0,2024092906,59563,,202409290nyj,,401671622,6504,7,10,330,-425,7.5,-108,-112,39.5,-112,-108,0,outdoors,fieldturf,67,8,00-0039732,00-0023459,Bo Nix,Aaron Rodgers,Sean Payton,Robert Saleh,Ron Torbert,NYC01,MetLife Stadium,home,NYJ,DEN,-7.5,-1.0,NFL,2024_04_DEN_NYJ-NYJ,7.5,39.5,archived_reference_line
2024_04_JAX_HOU,2024,REG,4,2024-09-29,Sunday,13:00,JAX,20.0,HOU,24.0,Home,4.0,44.0,0,2024092904,59561,,202409290htx,,401671857,6502,6,7,195,-238,5.5,-108,-112,44.5,-108,-112,1,closed,astroturf,,,00-0036971,00-0039163,Trevor Lawrence,C.J. Stroud,Doug Pederson,DeMeco Ryans,Tra Blake,HOU00,NRG Stadium,away,JAX,HOU,5.5,-4.0,NFL,2024_04_JAX_HOU-JAX,5.5,44.5,archived_reference_line
2024_04_JAX_HOU,2024,REG,4,2024-09-29,Sunday,13:00,JAX,20.0,HOU,24.0,Home,4.0,44.0,0,2024092904,59561,,202409290htx,,401671857,6502,6,7,195,-238,5.5,-108,-112,44.5,-108,-112,1,closed,astroturf,,,00-0036971,00-0039163,Trevor Lawrence,C.J. Stroud,Doug Pederson,DeMeco Ryans,Tra Blake,HOU00,NRG Stadium,home,HOU,JAX,-5.5,4.0,NFL,2024_04_JAX_HOU-HOU,5.5,44.5,archived_reference_line
2024_04_KC_LAC,2024,REG,4,2024-09-29,Sunday,16:25,KC,17.0,LAC,10.0,Home,-7.0,27.0,0,2024092910,59567,,202409290sdg,,401671674,6508,7,7,-345,275,-7.5,-108,-112,41.5,-108,-112,1,dome,matrixturf,,,00-0033873,00-0036355,Patrick Mahomes,Justin Herbert,Andy Reid,Jim Harbaugh,Shawn Smith,LAX01,SoFi Stadium,away,KC,LAC,-7.5,7.0,NFL,2024_04_KC_LAC-KC,-7.5,41.5,archived_reference_line
2024_04_KC_LAC,2024,REG,4,2024-09-29,Sunday,16:25,KC,17.0,LAC,10.0,Home,-7.0,27.0,0,2024092910,59567,,202409290sdg,,401671674,6508,7,7,-345,275,-7.5,-108,-112,41.5,-108,-112,1,dome,matrixturf,,,00-0033873,00-0036355,Patrick Mahomes,Justin Herbert,Andy Reid,Jim Harbaugh,Shawn Smith,LAX01,SoFi Stadium,home,LAC,KC,7.5,-7.0,NFL,2024_04_KC_LAC-LAC,-7.5,41.5,archived_reference_line
2024_04_LA_CHI,2024,REG,4,2024-09-29,Sunday,13:00,LA,18.0,CHI,24.0,Home,6.0,42.0,0,2024092902,59559,,202409290chi,,401671871,6500,7,7,136,-162,3.0,-112,-108,40.0,-105,-115,0,outdoors,grass,70,16,00-0026498,00-0039918,Matthew Stafford,Caleb Williams,Sean McVay,Matt Eberflus,Brad Rogers,CHI98,Soldier Field,away,LA,CHI,3.0,-6.0,NFL,2024_04_LA_CHI-LA,3.0,40.0,archived_reference_line
2024_04_LA_CHI,2024,REG,4,2024-09-29,Sunday,13:00,LA,18.0,CHI,24.0,Home,6.0,42.0,0,2024092902,59559,,202409290chi,,401671871,6500,7,7,136,-162,3.0,-112,-108,40.0,-105,-115,0,outdoors,grass,70,16,00-0026498,00-0039918,Matthew Stafford,Caleb Williams,Sean McVay,Matt Eberflus,Brad Rogers,CHI98,Soldier Field,home,CHI,LA,-3.0,6.0,NFL,2024_04_LA_CHI-CHI,3.0,40.0,archived_reference_line
2024_04_MIN_GB,2024,REG,4,2024-09-29,Sunday,13:00,MIN,31.0,GB,29.0,Home,-2.0,60.0,0,2024092903,59560,,202409290gnb,,401671643,6501,7,7,114,-135,2.5,-102,-118,44.0,-112,-108,1,outdoors,grass,71,15,00-0034869,00-0036264,Sam Darnold,Jordan Love,Kevin O'Connell,Matt LaFleur,Bill Vinovich,GNB00,Lambeau Field,away,MIN,GB,2.5,2.0,NFL,2024_04_MIN_GB-MIN,2.5,44.0,archived_reference_line
2024_04_MIN_GB,2024,REG,4,2024-09-29,Sunday,13:00,MIN,31.0,GB,29.0,Home,-2.0,60.0,0,2024092903,59560,,202409290gnb,,401671643,6501,7,7,114,-135,2.5,-102,-118,44.0,-112,-108,1,outdoors,grass,71,15,00-0034869,00-0036264,Sam Darnold,Jordan Love,Kevin O'Connell,Matt LaFleur,Bill Vinovich,GNB00,Lambeau Field,home,GB,MIN,-2.5,-2.0,NFL,2024_04_MIN_GB-GB,2.5,44.0,archived_reference_line
2024_04_NE_SF,2024,REG,4,2024-09-29,Sunday,16:05,NE,13.0,SF,30.0,Home,17.0,43.0,0,2024092909,59566,,202409290sfo,,401671758,6507,10,7,410,-550,10.5,-112,-108,41.5,-110,-110,0,outdoors,grass,71,5,00-0033119,00-0037834,Jacoby Brissett,Brock Purdy,Jerod Mayo,Kyle Shanahan,Scott Novak,SFO01,Levi's Stadium,away,NE,SF,10.5,-17.0,NFL,2024_04_NE_SF-NE,10.5,41.5,archived_reference_line
2024_04_NE_SF,2024,REG,4,2024-09-29,Sunday,16:05,NE,13.0,SF,30.0,Home,17.0,43.0,0,2024092909,59566,,202409290sfo,,401671758,6507,10,7,410,-550,10.5,-112,-108,41.5,-110,-110,0,outdoors,grass,71,5,00-0033119,00-0037834,Jacoby Brissett,Brock Purdy,Jerod Mayo,Kyle Shanahan,Scott Novak,SFO01,Levi's Stadium,home,SF,NE,-10.5,17.0,NFL,2024_04_NE_SF-SF,10.5,41.5,archived_reference_line
2024_04_NO_ATL,2024,REG,4,2024-09-29,Sunday,13:00,NO,24.0,ATL,26.0,Home,2.0,50.0,0,2024092900,59557,,202409290atl,,401671727,6498,7,7,120,-142,2.5,-105,-115,41.5,-112,-108,1,closed,fieldturf,,,00-0031280,00-0029604,Derek Carr,Kirk Cousins,Dennis Allen,Raheem Morris,John Hussey,ATL97,Mercedes-Benz Stadium,away,NO,ATL,2.5,-2.0,NFL,2024_04_NO_ATL-NO,2.5,41.5,archived_reference_line
2024_04_NO_ATL,2024,REG,4,2024-09-29,Sunday,13:00,NO,24.0,ATL,26.0,Home,2.0,50.0,0,2024092900,59557,,202409290atl,,401671727,6498,7,7,120,-142,2.5,-105,-115,41.5,-112,-108,1,closed,fieldturf,,,00-0031280,00-0029604,Derek Carr,Kirk Cousins,Dennis Allen,Raheem Morris,John Hussey,ATL97,Mercedes-Benz Stadium,home,ATL,NO,-2.5,2.0,NFL,2024_04_NO_ATL-ATL,2.5,41.5,archived_reference_line
2024_04_PHI_TB,2024,REG,4,2024-09-29,Sunday,13:00,PHI,16.0,TB,33.0,Home,17.0,49.0,0,2024092907,59564,,202409290tam,,401671740,6505,7,7,-115,-105,-1.0,-110,-110,42.0,-108,-112,0,outdoors,grass,88,9,00-0036389,00-0034855,Jalen Hurts,Baker Mayfield,Nick Sirianni,Todd Bowles,Carl Cheffers,TAM00,Raymond James Stadium,away,PHI,TB,-1.0,-17.0,NFL,2024_04_PHI_TB-PHI,-1.0,42.0,archived_reference_line
2024_04_PHI_TB,2024,REG,4,2024-09-29,Sunday,13:00,PHI,16.0,TB,33.0,Home,17.0,49.0,0,2024092907,59564,,202409290tam,,401671740,6505,7,7,-115,-105,-1.0,-110,-110,42.0,-108,-112,0,outdoors,grass,88,9,00-0036389,00-0034855,Jalen Hurts,Baker Mayfield,Nick Sirianni,Todd Bowles,Carl Cheffers,TAM00,Raymond James Stadium,home,TB,PHI,1.0,17.0,NFL,2024_04_PHI_TB-TB,-1.0,42.0,archived_reference_line
2024_04_PIT_IND,2024,REG,4,2024-09-29,Sunday,13:00,PIT,24.0,IND,27.0,Home,3.0,51.0,0,2024092905,59562,,202409290clt,,401671867,6503,7,7,-130,110,-2.5,-108,-112,40.0,-110,-110,0,closed,fieldturf,,,00-0036945,00-0039164,Justin Fields,Anthony Richardson,Mike Tomlin,Shane Steichen,Land Clark,IND00,Lucas Oil Stadium,away,PIT,IND,-2.5,-3.0,NFL,2024_04_PIT_IND-PIT,-2.5,40.0,archived_reference_line
2024_04_PIT_IND,2024,REG,4,2024-09-29,Sunday,13:00,PIT,24.0,IND,27.0,Home,3.0,51.0,0,2024092905,59562,,202409290clt,,401671867,6503,7,7,-130,110,-2.5,-108,-112,40.0,-110,-110,0,closed,fieldturf,,,00-0036945,00-0039164,Justin Fields,Anthony Richardson,Mike Tomlin,Shane Steichen,Land Clark,IND00,Lucas Oil Stadium,home,IND,PIT,2.5,3.0,NFL,2024_04_PIT_IND-IND,-2.5,40.0,archived_reference_line
2024_04_SEA_DET,2024,REG,4,2024-09-30,Monday,20:15,SEA,29.0,DET,42.0,Home,13.0,71.0,0,2024093001,59571,,202409300det,,401671491,6512,8,8,154,-185,3.5,-108,-112,46.5,-108,-112,0,dome,fieldturf,,,00-0030565,00-0033106,Geno Smith,Jared Goff,Mike Macdonald,Dan Campbell,Alex Kemp,DET00,Ford Field,away,SEA,DET,3.5,-13.0,NFL,2024_04_SEA_DET-SEA,3.5,46.5,archived_reference_line
2024_04_SEA_DET,2024,REG,4,2024-09-30,Monday,20:15,SEA,29.0,DET,42.0,Home,13.0,71.0,0,2024093001,59571,,202409300det,,401671491,6512,8,8,154,-185,3.5,-108,-112,46.5,-108,-112,0,dome,fieldturf,,,00-0030565,00-0033106,Geno Smith,Jared Goff,Mike Macdonald,Dan Campbell,Alex Kemp,DET00,Ford Field,home,DET,SEA,-3.5,13.0,NFL,2024_04_SEA_DET-DET,3.5,46.5,archived_reference_line
2024_04_TEN_MIA,2024,REG,4,2024-09-30,Monday,19:30,TEN,31.0,MIA,12.0,Home,-19.0,43.0,0,2024093000,59570,,202409300mia,,401671683,6511,8,8,114,-135,2.5,-108,-112,37.0,-110,-110,0,outdoors,grass,86,9,00-0039152,00-0035993,Will Levis,Tyler Huntley,Brian Callahan,Mike McDaniel,Clete Blakeman,MIA00,Hard Rock Stadium,away,TEN,MIA,2.5,19.0,NFL,2024_04_TEN_MIA-TEN,2.5,37.0,archived_reference_line
2024_04_TEN_MIA,2024,REG,4,2024-09-30,Monday,19:30,TEN,31.0,MIA,12.0,Home,-19.0,43.0,0,2024093000,59570,,202409300mia,,401671683,6511,8,8,114,-135,2.5,-108,-112,37.0,-110,-110,0,outdoors,grass,86,9,00-0039152,00-0035993,Will Levis,Tyler Huntley,Brian Callahan,Mike McDaniel,Clete Blakeman,MIA00,Hard Rock Stadium,home,MIA,TEN,-2.5,-19.0,NFL,2024_04_TEN_MIA-MIA,2.5,37.0,archived_reference_line
2024_04_WAS_ARI,2024,REG,4,2024-09-29,Sunday,16:05,WAS,42.0,ARI,14.0,Home,-28.0,56.0,0,2024092908,59565,,202409290crd,,401671755,6506,6,7,150,-180,3.5,-115,-105,49.0,-112,-108,0,closed,grass,,,00-0039910,00-0035228,Jayden Daniels,Kyler Murray,Dan Quinn,Jonathan Gannon,Craig Wrolstad,PHO00,State Farm Stadium,away,WAS,ARI,3.5,28.0,NFL,2024_04_WAS_ARI-WAS,3.5,49.0,archived_reference_line
2024_04_WAS_ARI,2024,REG,4,2024-09-29,Sunday,16:05,WAS,42.0,ARI,14.0,Home,-28.0,56.0,0,2024092908,59565,,202409290crd,,401671755,6506,6,7,150,-180,3.5,-115,-105,49.0,-112,-108,0,closed,grass,,,00-0039910,00-0035228,Jayden Daniels,Kyler Murray,Dan Quinn,Jonathan Gannon,Craig Wrolstad,PHO00,State Farm Stadium,home,ARI,WAS,-3.5,-28.0,NFL,2024_04_WAS_ARI-ARI,3.5,49.0,archived_reference_line
2024_05_ARI_SF,2024,REG,5,2024-10-06,Sunday,16:05,ARI,24.0,SF,23.0,Home,-1.0,47.0,0,2024100608,59581,,202410060sfo,,401671756,6522,7,7,260,-325,7.0,-105,-115,48.5,-108,-112,1,outdoors,grass,89,3,00-0035228,00-0037834,Kyler Murray,Brock Purdy,Jonathan Gannon,Kyle Shanahan,Land Clark,SFO01,Levi's Stadium,away,ARI,SF,7.0,1.0,NFL,2024_05_ARI_SF-ARI,7.0,48.5,archived_reference_line
2024_05_ARI_SF,2024,REG,5,2024-10-06,Sunday,16:05,ARI,24.0,SF,23.0,Home,-1.0,47.0,0,2024100608,59581,,202410060sfo,,401671756,6522,7,7,260,-325,7.0,-105,-115,48.5,-108,-112,1,outdoors,grass,89,3,00-0035228,00-0037834,Kyler Murray,Brock Purdy,Jonathan Gannon,Kyle Shanahan,Land Clark,SFO01,Levi's Stadium,home,SF,ARI,-7.0,-1.0,NFL,2024_05_ARI_SF-SF,7.0,48.5,archived_reference_line
2024_05_BAL_CIN,2024,REG,5,2024-10-06,Sunday,13:00,BAL,41.0,CIN,38.0,Home,-3.0,79.0,1,2024100602,59575,,202410060cin,,401671626,6516,7,7,-148,124,-2.5,-118,-102,48.5,-112,-108,1,outdoors,fieldturf,81,10,00-0034796,00-0036442,Lamar Jackson,Joe Burrow,John Harbaugh,Zac Taylor,Bill Vinovich,CIN00,Paycor Stadium,away,BAL,CIN,-2.5,3.0,NFL,2024_05_BAL_CIN-BAL,-2.5,48.5,archived_reference_line
2024_05_BAL_CIN,2024,REG,5,2024-10-06,Sunday,13:00,BAL,41.0,CIN,38.0,Home,-3.0,79.0,1,2024100602,59575,,202410060cin,,401671626,6516,7,7,-148,124,-2.5,-118,-102,48.5,-112,-108,1,outdoors,fieldturf,81,10,00-0034796,00-0036442,Lamar Jackson,Joe Burrow,John Harbaugh,Zac Taylor,Bill Vinovich,CIN00,Paycor Stadium,home,CIN,BAL,2.5,-3.0,NFL,2024_05_BAL_CIN-CIN,-2.5,48.5,archived_reference_line
2024_05_BUF_HOU,2024,REG,5,2024-10-06,Sunday,13:00,BUF,20.0,HOU,23.0,Home,3.0,43.0,0,2024100603,59576,,202410060htx,,401671859,6517,7,7,-102,-118,1.0,-108,-112,48.0,-110,-110,0,closed,astroturf,,,00-0034857,00-0039163,Josh Allen,C.J. Stroud,Sean McDermott,DeMeco Ryans,Clay Martin,HOU00,NRG Stadium,away,BUF,HOU,1.0,-3.0,NFL,2024_05_BUF_HOU-BUF,1.0,48.0,archived_reference_line
2024_05_BUF_HOU,2024,REG,5,2024-10-06,Sunday,13:00,BUF,20.0,HOU,23.0,Home,3.0,43.0,0,2024100603,59576,,202410060htx,,401671859,6517,7,7,-102,-118,1.0,-108,-112,48.0,-110,-110,0,closed,astroturf,,,00-0034857,00-0039163,Josh Allen,C.J. Stroud,Sean McDermott,DeMeco Ryans,Clay Martin,HOU00,NRG Stadium,home,HOU,BUF,-1.0,3.0,NFL,2024_05_BUF_HOU-HOU,1.0,48.0,archived_reference_line
2024_05_CAR_CHI,2024,REG,5,2024-10-06,Sunday,13:00,CAR,10.0,CHI,36.0,Home,26.0,46.0,0,2024100601,59574,,202410060chi,,401671872,6515,7,7,164,-198,4.0,-108,-112,40.0,-108,-112,0,outdoors,grass,74,7,00-0027973,00-0039918,Andy Dalton,Caleb Williams,Dave Canales,Matt Eberflus,Tra Blake,CHI98,Soldier Field,away,CAR,CHI,4.0,-26.0,NFL,2024_05_CAR_CHI-CAR,4.0,40.0,archived_reference_line
2024_05_CAR_CHI,2024,REG,5,2024-10-06,Sunday,13:00,CAR,10.0,CHI,36.0,Home,26.0,46.0,0,2024100601,59574,,202410060chi,,401671872,6515,7,7,164,-198,4.0,-108,-112,40.0,-108,-112,0,outdoors,grass,74,7,00-0027973,00-0039918,Andy Dalton,Caleb Williams,Dave Canales,Matt Eberflus,Tra Blake,CHI98,Soldier Field,home,CHI,CAR,-4.0,26.0,NFL,2024_05_CAR_CHI-CHI,4.0,40.0,archived_reference_line
2024_05_CLE_WAS,2024,REG,5,2024-10-06,Sunday,13:00,CLE,13.0,WAS,34.0,Home,21.0,47.0,0,2024100606,59579,,202410060was,,401671718,6520,7,7,130,-155,3.0,-112,-108,44.0,-112,-108,0,outdoors,grass,73,5,00-0033537,00-0039910,Deshaun Watson,Jayden Daniels,Kevin Stefanski,Dan Quinn,Alan Eck,WAS00,FedExField,away,CLE,WAS,3.0,-21.0,NFL,2024_05_CLE_WAS-CLE,3.0,44.0,archived_reference_line
2024_05_CLE_WAS,2024,REG,5,2024-10-06,Sunday,13:00,CLE,13.0,WAS,34.0,Home,21.0,47.0,0,2024100606,59579,,202410060was,,401671718,6520,7,7,130,-155,3.0,-112,-108,44.0,-112,-108,0,outdoors,grass,73,5,00-0033537,00-0039910,Deshaun Watson,Jayden Daniels,Kevin Stefanski,Dan Quinn,Alan Eck,WAS00,FedExField,home,WAS,CLE,-3.0,21.0,NFL,2024_05_CLE_WAS-WAS,3.0,44.0,archived_reference_line
2024_05_DAL_PIT,2024,REG,5,2024-10-06,Sunday,20:20,DAL,20.0,PIT,17.0,Home,-3.0,37.0,0,2024100611,59584,,202410060pit,,401671784,6525,10,7,114,-135,2.5,-108,-112,43.5,-108,-112,0,outdoors,grass,67,6,00-0033077,00-0036945,Dak Prescott,Justin Fields,Mike McCarthy,Mike Tomlin,Shawn Hochuli,PIT00,Acrisure Stadium,away,DAL,PIT,2.5,3.0,NFL,2024_05_DAL_PIT-DAL,2.5,43.5,archived_reference_line
2024_05_DAL_PIT,2024,REG,5,2024-10-06,Sunday,20:20,DAL,20.0,PIT,17.0,Home,-3.0,37.0,0,2024100611,59584,,202410060pit,,401671784,6525,10,7,114,-135,2.5,-108,-112,43.5,-108,-112,0,outdoors,grass,67,6,00-0033077,00-0036945,Dak Prescott,Justin Fields,Mike McCarthy,Mike Tomlin,Shawn Hochuli,PIT00,Acrisure Stadium,home,PIT,DAL,-2.5,-3.0,NFL,2024_05_DAL_PIT-PIT,2.5,43.5,archived_reference_line
2024_05_GB_LA,2024,REG,5,2024-10-06,Sunday,16:25,GB,24.0,LA,19.0,Home,-5.0,43.0,0,2024100609,59582,,202410060ram,,401671679,6523,7,7,-155,130,-3.0,-112,-108,49.5,-112,-108,0,dome,matrixturf,,,00-0036264,00-0026498,Jordan Love,Matthew Stafford,Matt LaFleur,Sean McVay,Brad Allen,LAX01,SoFi Stadium,away,GB,LA,-3.0,5.0,NFL,2024_05_GB_LA-GB,-3.0,49.5,archived_reference_line
2024_05_GB_LA,2024,REG,5,2024-10-06,Sunday,16:25,GB,24.0,LA,19.0,Home,-5.0,43.0,0,2024100609,59582,,202410060ram,,401671679,6523,7,7,-155,130,-3.0,-112,-108,49.5,-112,-108,0,dome,matrixturf,,,00-0036264,00-0026498,Jordan Love,Matthew Stafford,Matt LaFleur,Sean McVay,Brad Allen,LAX01,SoFi Stadium,home,LA,GB,3.0,-5.0,NFL,2024_05_GB_LA-LA,-3.0,49.5,archived_reference_line
2024_05_IND_JAX,2024,REG,5,2024-10-06,Sunday,13:00,IND,34.0,JAX,37.0,Home,3.0,71.0,0,2024100604,59577,,202410060jax,,401671633,6518,7,7,154,-185,3.5,-110,-110,45.0,-110,-110,1,outdoors,grass,74,4,00-0026158,00-0036971,Joe Flacco,Trevor Lawrence,Shane Steichen,Doug Pederson,Carl Cheffers,JAX00,TIAA Bank Stadium,away,IND,JAX,3.5,-3.0,NFL,2024_05_IND_JAX-IND,3.5,45.0,archived_reference_line
2024_05_IND_JAX,2024,REG,5,2024-10-06,Sunday,13:00,IND,34.0,JAX,37.0,Home,3.0,71.0,0,2024100604,59577,,202410060jax,,401671633,6518,7,7,154,-185,3.5,-110,-110,45.0,-110,-110,1,outdoors,grass,74,4,00-0026158,00-0036971,Joe Flacco,Trevor Lawrence,Shane Steichen,Doug Pederson,Carl Cheffers,JAX00,TIAA Bank Stadium,home,JAX,IND,-3.5,3.0,NFL,2024_05_IND_JAX-JAX,3.5,45.0,archived_reference_line
2024_05_LV_DEN,2024,REG,5,2024-10-06,Sunday,16:05,LV,18.0,DEN,34.0,Home,16.0,52.0,0,2024100607,59580,,202410060den,,401671747,6521,7,7,130,-155,3.0,-112,-108,36.0,-108,-112,1,outdoors,grass,73,7,00-0035289,00-0039732,Gardner Minshew,Bo Nix,Antonio Pierce,Sean Payton,Craig Wrolstad,DEN00,Empower Field at Mile High,away,LV,DEN,3.0,-16.0,NFL,2024_05_LV_DEN-LV,3.0,36.0,archived_reference_line
2024_05_LV_DEN,2024,REG,5,2024-10-06,Sunday,16:05,LV,18.0,DEN,34.0,Home,16.0,52.0,0,2024100607,59580,,202410060den,,401671747,6521,7,7,130,-155,3.0,-112,-108,36.0,-108,-112,1,outdoors,grass,73,7,00-0035289,00-0039732,Gardner Minshew,Bo Nix,Antonio Pierce,Sean Payton,Craig Wrolstad,DEN00,Empower Field at Mile High,home,DEN,LV,-3.0,16.0,NFL,2024_05_LV_DEN-DEN,3.0,36.0,archived_reference_line
2024_05_MIA_NE,2024,REG,5,2024-10-06,Sunday,13:00,MIA,15.0,NE,10.0,Home,-5.0,25.0,0,2024100605,59578,,202410060nwe,,401671700,6519,6,7,-130,110,-2.0,-112,-108,37.0,-108,-112,1,outdoors,fieldturf,65,2,00-0035993,00-0033119,Tyler Huntley,Jacoby Brissett,Mike McDaniel,Jerod Mayo,Adrian Hill,BOS00,Gillette Stadium,away,MIA,NE,-2.0,5.0,NFL,2024_05_MIA_NE-MIA,-2.0,37.0,archived_reference_line
2024_05_MIA_NE,2024,REG,5,2024-10-06,Sunday,13:00,MIA,15.0,NE,10.0,Home,-5.0,25.0,0,2024100605,59578,,202410060nwe,,401671700,6519,6,7,-130,110,-2.0,-112,-108,37.0,-108,-112,1,outdoors,fieldturf,65,2,00-0035993,00-0033119,Tyler Huntley,Jacoby Brissett,Mike McDaniel,Jerod Mayo,Adrian Hill,BOS00,Gillette Stadium,home,NE,MIA,2.0,-5.0,NFL,2024_05_MIA_NE-NE,-2.0,37.0,archived_reference_line
2024_05_NO_KC,2024,REG,5,2024-10-07,Monday,20:15,NO,13.0,KC,26.0,Home,13.0,39.0,0,2024100700,59585,,202410070kan,,401671687,6526,8,8,190,-230,5.5,-112,-108,43.0,-110,-110,0,outdoors,grass,70,1,00-0031280,00-0033873,Derek Carr,Patrick Mahomes,Dennis Allen,Andy Reid,Brad Rogers,KAN00,GEHA Field at Arrowhead Stadium,away,NO,KC,5.5,-13.0,NFL,2024_05_NO_KC-NO,5.5,43.0,archived_reference_line
2024_05_NO_KC,2024,REG,5,2024-10-07,Monday,20:15,NO,13.0,KC,26.0,Home,13.0,39.0,0,2024100700,59585,,202410070kan,,401671687,6526,8,8,190,-230,5.5,-112,-108,43.0,-110,-110,0,outdoors,grass,70,1,00-0031280,00-0033873,Derek Carr,Patrick Mahomes,Dennis Allen,Andy Reid,Brad Rogers,KAN00,GEHA Field at Arrowhead Stadium,home,KC,NO,-5.5,13.0,NFL,2024_05_NO_KC-KC,5.5,43.0,archived_reference_line
2024_05_NYG_SEA,2024,REG,5,2024-10-06,Sunday,16:25,NYG,29.0,SEA,20.0,Home,-9.0,49.0,0,2024100610,59583,,202410060sea,,401671680,6524,10,6,250,-310,7.0,-112,-108,42.5,-110,-110,0,outdoors,fieldturf,61,3,00-0035710,00-0030565,Daniel Jones,Geno Smith,Brian Daboll,Mike Macdonald,Shawn Smith,SEA00,Lumen Field,away,NYG,SEA,7.0,9.0,NFL,2024_05_NYG_SEA-NYG,7.0,42.5,archived_reference_line
2024_05_NYG_SEA,2024,REG,5,2024-10-06,Sunday,16:25,NYG,29.0,SEA,20.0,Home,-9.0,49.0,0,2024100610,59583,,202410060sea,,401671680,6524,10,6,250,-310,7.0,-112,-108,42.5,-110,-110,0,outdoors,fieldturf,61,3,00-0035710,00-0030565,Daniel Jones,Geno Smith,Brian Daboll,Mike Macdonald,Shawn Smith,SEA00,Lumen Field,home,SEA,NYG,-7.0,-9.0,NFL,2024_05_NYG_SEA-SEA,7.0,42.5,archived_reference_line
2024_05_NYJ_MIN,2024,REG,5,2024-10-06,Sunday,09:30,NYJ,17.0,MIN,23.0,Neutral,6.0,40.0,0,2024100600,59573,,202410060min,,401671804,6514,7,7,120,-142,2.5,-105,-115,42.0,-112,-108,0,outdoors,grass,59,8,00-0023459,00-0034869,Aaron Rodgers,Sam Darnold,Robert Saleh,Kevin O'Connell,Scott Novak,LON02,Tottenham Stadium,away,NYJ,MIN,2.5,-6.0,NFL,2024_05_NYJ_MIN-NYJ,2.5,42.0,archived_reference_line
2024_05_NYJ_MIN,2024,REG,5,2024-10-06,Sunday,09:30,NYJ,17.0,MIN,23.0,Neutral,6.0,40.0,0,2024100600,59573,,202410060min,,401671804,6514,7,7,120,-142,2.5,-105,-115,42.0,-112,-108,0,outdoors,grass,59,8,00-0023459,00-0034869,Aaron Rodgers,Sam Darnold,Robert Saleh,Kevin O'Connell,Scott Novak,LON02,Tottenham Stadium,home,MIN,NYJ,-2.5,6.0,NFL,2024_05_NYJ_MIN-MIN,2.5,42.0,archived_reference_line
2024_05_TB_ATL,2024,REG,5,2024-10-03,Thursday,20:15,TB,30.0,ATL,36.0,Home,6.0,66.0,1,2024100300,59572,,202410030atl,,401671815,6513,4,4,120,-142,2.5,-102,-118,44.0,-110,-110,1,closed,fieldturf,,,00-0034855,00-0029604,Baker Mayfield,Kirk Cousins,Todd Bowles,Raheem Morris,Ron Torbert,ATL97,Mercedes-Benz Stadium,away,TB,ATL,2.5,-6.0,NFL,2024_05_TB_ATL-TB,2.5,44.0,archived_reference_line
2024_05_TB_ATL,2024,REG,5,2024-10-03,Thursday,20:15,TB,30.0,ATL,36.0,Home,6.0,66.0,1,2024100300,59572,,202410030atl,,401671815,6513,4,4,120,-142,2.5,-102,-118,44.0,-110,-110,1,closed,fieldturf,,,00-0034855,00-0029604,Baker Mayfield,Kirk Cousins,Todd Bowles,Raheem Morris,Ron Torbert,ATL97,Mercedes-Benz Stadium,home,ATL,TB,-2.5,6.0,NFL,2024_05_TB_ATL-ATL,2.5,44.0,archived_reference_line
2024_06_ARI_GB,2024,REG,6,2024-10-13,Sunday,13:00,ARI,13.0,GB,34.0,Home,21.0,47.0,0,2024101302,59589,,202410130gnb,,401671722,6530,7,7,195,-238,5.5,-110,-110,47.0,-110,-110,0,outdoors,grass,50,4,00-0035228,00-0036264,Kyler Murray,Jordan Love,Jonathan Gannon,Matt LaFleur,Alex Kemp,GNB00,Lambeau Field,away,ARI,GB,5.5,-21.0,NFL,2024_06_ARI_GB-ARI,5.5,47.0,archived_reference_line
2024_06_ARI_GB,2024,REG,6,2024-10-13,Sunday,13:00,ARI,13.0,GB,34.0,Home,21.0,47.0,0,2024101302,59589,,202410130gnb,,401671722,6530,7,7,195,-238,5.5,-110,-110,47.0,-110,-110,0,outdoors,grass,50,4,00-0035228,00-0036264,Kyler Murray,Jordan Love,Jonathan Gannon,Matt LaFleur,Alex Kemp,GNB00,Lambeau Field,home,GB,ARI,-5.5,21.0,NFL,2024_06_ARI_GB-GB,5.5,47.0,archived_reference_line
2024_06_ATL_CAR,2024,REG,6,2024-10-13,Sunday,16:25,ATL,38.0,CAR,20.0,Home,-18.0,58.0,0,2024101309,59596,,202410130car,,401671769,6537,10,7,-258,210,-6.0,-112,-108,45.5,-110,-110,1,outdoors,grass,79,9,00-0029604,00-0027973,Kirk Cousins,Andy Dalton,Raheem Morris,Dave Canales,Clay Martin,CAR00,Bank of America Stadium,away,ATL,CAR,-6.0,18.0,NFL,2024_06_ATL_CAR-ATL,-6.0,45.5,archived_reference_line
2024_06_ATL_CAR,2024,REG,6,2024-10-13,Sunday,16:25,ATL,38.0,CAR,20.0,Home,-18.0,58.0,0,2024101309,59596,,202410130car,,401671769,6537,10,7,-258,210,-6.0,-112,-108,45.5,-110,-110,1,outdoors,grass,79,9,00-0029604,00-0027973,Kirk Cousins,Andy Dalton,Raheem Morris,Dave Canales,Clay Martin,CAR00,Bank of America Stadium,home,CAR,ATL,6.0,-18.0,NFL,2024_06_ATL_CAR-CAR,-6.0,45.5,archived_reference_line
2024_06_BUF_NYJ,2024,REG,6,2024-10-14,Monday,20:15,BUF,23.0,NYJ,20.0,Home,-3.0,43.0,0,2024101400,59599,,202410140nyj,,401671684,6540,8,8,-122,102,-1.0,-112,-108,42.0,-110,-110,1,outdoors,fieldturf,49,14,00-0034857,00-0023459,Josh Allen,Aaron Rodgers,Sean McDermott,Robert Saleh,Adrian Hill,NYC01,MetLife Stadium,away,BUF,NYJ,-1.0,3.0,NFL,2024_06_BUF_NYJ-BUF,-1.0,42.0,archived_reference_line
2024_06_BUF_NYJ,2024,REG,6,2024-10-14,Monday,20:15,BUF,23.0,NYJ,20.0,Home,-3.0,43.0,0,2024101400,59599,,202410140nyj,,401671684,6540,8,8,-122,102,-1.0,-112,-108,42.0,-110,-110,1,outdoors,fieldturf,49,14,00-0034857,00-0023459,Josh Allen,Aaron Rodgers,Sean McDermott,Robert Saleh,Adrian Hill,NYC01,MetLife Stadium,home,NYJ,BUF,1.0,-3.0,NFL,2024_06_BUF_NYJ-NYJ,-1.0,42.0,archived_reference_line
2024_06_CIN_NYG,2024,REG,6,2024-10-13,Sunday,20:20,CIN,17.0,NYG,7.0,Home,-10.0,24.0,0,2024101311,59598,,202410130nyg,,401671791,6539,7,7,-230,190,-4.5,-112,-108,46.0,-102,-118,0,outdoors,fieldturf,63,2,00-0036442,00-0035710,Joe Burrow,Daniel Jones,Zac Taylor,Brian Daboll,Carl Cheffers,NYC01,MetLife Stadium,away,CIN,NYG,-4.5,10.0,NFL,2024_06_CIN_NYG-CIN,-4.5,46.0,archived_reference_line
2024_06_CIN_NYG,2024,REG,6,2024-10-13,Sunday,20:20,CIN,17.0,NYG,7.0,Home,-10.0,24.0,0,2024101311,59598,,202410130nyg,,401671791,6539,7,7,-230,190,-4.5,-112,-108,46.0,-102,-118,0,outdoors,fieldturf,63,2,00-0036442,00-0035710,Joe Burrow,Daniel Jones,Zac Taylor,Brian Daboll,Carl Cheffers,NYC01,MetLife Stadium,home,NYG,CIN,4.5,-10.0,NFL,2024_06_CIN_NYG-NYG,-4.5,46.0,archived_reference_line
2024_06_CLE_PHI,2024,REG,6,2024-10-13,Sunday,13:00,CLE,16.0,PHI,20.0,Home,4.0,36.0,0,2024101305,59592,,202410130phi,,401671714,6533,7,14,330,-425,8.0,-108,-112,42.0,-110,-110,0,outdoors,grass,82,10,00-0033537,00-0036389,Deshaun Watson,Jalen Hurts,Kevin Stefanski,Nick Sirianni,Shawn Hochuli,PHI00,Lincoln Financial Field,away,CLE,PHI,8.0,-4.0,NFL,2024_06_CLE_PHI-CLE,8.0,42.0,archived_reference_line
2024_06_CLE_PHI,2024,REG,6,2024-10-13,Sunday,13:00,CLE,16.0,PHI,20.0,Home,4.0,36.0,0,2024101305,59592,,202410130phi,,401671714,6533,7,14,330,-425,8.0,-108,-112,42.0,-110,-110,0,outdoors,grass,82,10,00-0033537,00-0036389,Deshaun Watson,Jalen Hurts,Kevin Stefanski,Nick Sirianni,Shawn Hochuli,PHI00,Lincoln Financial Field,home,PHI,CLE,-8.0,4.0,NFL,2024_06_CLE_PHI-PHI,8.0,42.0,archived_reference_line
2024_06_DET_DAL,2024,REG,6,2024-10-13,Sunday,16:25,DET,47.0,DAL,9.0,Home,-38.0,56.0,0,2024101310,59597,,202410130dal,,401671764,6538,13,7,-180,150,-3.5,-105,-115,52.5,-110,-110,0,closed,matrixturf,,,00-0033106,00-0033077,Jared Goff,Dak Prescott,Dan Campbell,Mike McCarthy,John Hussey,DAL00,AT&T Stadium,away,DET,DAL,-3.5,38.0,NFL,2024_06_DET_DAL-DET,-3.5,52.5,archived_reference_line
2024_06_DET_DAL,2024,REG,6,2024-10-13,Sunday,16:25,DET,47.0,DAL,9.0,Home,-38.0,56.0,0,2024101310,59597,,202410130dal,,401671764,6538,13,7,-180,150,-3.5,-105,-115,52.5,-110,-110,0,closed,matrixturf,,,00-0033106,00-0033077,Jared Goff,Dak Prescott,Dan Campbell,Mike McCarthy,John Hussey,DAL00,AT&T Stadium,home,DAL,DET,3.5,-38.0,NFL,2024_06_DET_DAL-DAL,-3.5,52.5,archived_reference_line
2024_06_HOU_NE,2024,REG,6,2024-10-13,Sunday,13:00,HOU,41.0,NE,21.0,Home,-20.0,62.0,0,2024101303,59590,,202410130nwe,,401671619,6531,7,7,-265,215,-6.5,-108,-112,38.5,-112,-108,0,outdoors,fieldturf,53,5,00-0039163,00-0039851,C.J. Stroud,Drake Maye,DeMeco Ryans,Jerod Mayo,Ron Torbert,BOS00,Gillette Stadium,away,HOU,NE,-6.5,20.0,NFL,2024_06_HOU_NE-HOU,-6.5,38.5,archived_reference_line
2024_06_HOU_NE,2024,REG,6,2024-10-13,Sunday,13:00,HOU,41.0,NE,21.0,Home,-20.0,62.0,0,2024101303,59590,,202410130nwe,,401671619,6531,7,7,-265,215,-6.5,-108,-112,38.5,-112,-108,0,outdoors,fieldturf,53,5,00-0039163,00-0039851,C.J. Stroud,Drake Maye,DeMeco Ryans,Jerod Mayo,Ron Torbert,BOS00,Gillette Stadium,home,NE,HOU,6.5,-20.0,NFL,2024_06_HOU_NE-NE,-6.5,38.5,archived_reference_line
2024_06_IND_TEN,2024,REG,6,2024-10-13,Sunday,13:00,IND,20.0,TEN,17.0,Home,-3.0,37.0,0,2024101306,59593,,202410130oti,,401671820,6534,7,13,114,-135,2.5,-110,-110,42.0,-112,-108,1,outdoors,grass,80,12,00-0026158,00-0039152,Joe Flacco,Will Levis,Shane Steichen,Brian Callahan,Brad Rogers,NAS00,Nissan Stadium,away,IND,TEN,2.5,3.0,NFL,2024_06_IND_TEN-IND,2.5,42.0,archived_reference_line
2024_06_IND_TEN,2024,REG,6,2024-10-13,Sunday,13:00,IND,20.0,TEN,17.0,Home,-3.0,37.0,0,2024101306,59593,,202410130oti,,401671820,6534,7,13,114,-135,2.5,-110,-110,42.0,-112,-108,1,outdoors,grass,80,12,00-0026158,00-0039152,Joe Flacco,Will Levis,Shane Steichen,Brian Callahan,Brad Rogers,NAS00,Nissan Stadium,home,TEN,IND,-2.5,-3.0,NFL,2024_06_IND_TEN-TEN,2.5,42.0,archived_reference_line
2024_06_JAX_CHI,2024,REG,6,2024-10-13,Sunday,09:30,JAX,16.0,CHI,35.0,Neutral,19.0,51.0,0,2024101300,59587,,202410130chi,,401671802,6528,7,7,-120,100,-1.5,-108,-112,44.5,-108,-112,0,outdoors,grass,54,3,00-0036971,00-0039918,Trevor Lawrence,Caleb Williams,Doug Pederson,Matt Eberflus,Brad Allen,LON02,Tottenham Stadium,away,JAX,CHI,-1.5,-19.0,NFL,2024_06_JAX_CHI-JAX,-1.5,44.5,archived_reference_line
2024_06_JAX_CHI,2024,REG,6,2024-10-13,Sunday,09:30,JAX,16.0,CHI,35.0,Neutral,19.0,51.0,0,2024101300,59587,,202410130chi,,401671802,6528,7,7,-120,100,-1.5,-108,-112,44.5,-108,-112,0,outdoors,grass,54,3,00-0036971,00-0039918,Trevor Lawrence,Caleb Williams,Doug Pederson,Matt Eberflus,Brad Allen,LON02,Tottenham Stadium,home,CHI,JAX,1.5,19.0,NFL,2024_06_JAX_CHI-CHI,-1.5,44.5,archived_reference_line
2024_06_LAC_DEN,2024,REG,6,2024-10-13,Sunday,16:05,LAC,23.0,DEN,16.0,Home,-7.0,39.0,0,2024101307,59594,,202410130den,,401671655,6535,14,7,-155,130,-3.0,-105,-115,37.0,-108,-112,1,outdoors,grass,65,7,00-0036355,00-0039732,Justin Herbert,Bo Nix,Jim Harbaugh,Sean Payton,Tra Blake,DEN00,Empower Field at Mile High,away,LAC,DEN,-3.0,7.0,NFL,2024_06_LAC_DEN-LAC,-3.0,37.0,archived_reference_line
2024_06_LAC_DEN,2024,REG,6,2024-10-13,Sunday,16:05,LAC,23.0,DEN,16.0,Home,-7.0,39.0,0,2024101307,59594,,202410130den,,401671655,6535,14,7,-155,130,-3.0,-105,-115,37.0,-108,-112,1,outdoors,grass,65,7,00-0036355,00-0039732,Justin Herbert,Bo Nix,Jim Harbaugh,Sean Payton,Tra Blake,DEN00,Empower Field at Mile High,home,DEN,LAC,3.0,-7.0,NFL,2024_06_LAC_DEN-DEN,-3.0,37.0,archived_reference_line
2024_06_PIT_LV,2024,REG,6,2024-10-13,Sunday,16:05,PIT,32.0,LV,13.0,Home,-19.0,45.0,0,2024101308,59595,,202410130rai,,401671657,6536,7,7,-180,150,-3.5,-110,-110,36.5,-108,-112,0,dome,grass,,,00-0036945,00-0038579,Justin Fields,Aidan O'Connell,Mike Tomlin,Antonio Pierce,Alan Eck,VEG00,Allegiant Stadium,away,PIT,LV,-3.5,19.0,NFL,2024_06_PIT_LV-PIT,-3.5,36.5,archived_reference_line
2024_06_PIT_LV,2024,REG,6,2024-10-13,Sunday,16:05,PIT,32.0,LV,13.0,Home,-19.0,45.0,0,2024101308,59595,,202410130rai,,401671657,6536,7,7,-180,150,-3.5,-110,-110,36.5,-108,-112,0,dome,grass,,,00-0036945,00-0038579,Justin Fields,Aidan O'Connell,Mike Tomlin,Antonio Pierce,Alan Eck,VEG00,Allegiant Stadium,home,LV,PIT,3.5,-19.0,NFL,2024_06_PIT_LV-LV,-3.5,36.5,archived_reference_line
2024_06_SF_SEA,2024,REG,6,2024-10-10,Thursday,20:15,SF,36.0,SEA,24.0,Home,-12.0,60.0,0,2024101000,59586,,202410100sea,,401671819,6527,4,4,-198,164,-3.5,-118,-102,49.0,-110,-110,1,outdoors,fieldturf,59,10,00-0037834,00-0030565,Brock Purdy,Geno Smith,Kyle Shanahan,Mike Macdonald,Craig Wrolstad,SEA00,Lumen Field,away,SF,SEA,-3.5,12.0,NFL,2024_06_SF_SEA-SF,-3.5,49.0,archived_reference_line
2024_06_SF_SEA,2024,REG,6,2024-10-10,Thursday,20:15,SF,36.0,SEA,24.0,Home,-12.0,60.0,0,2024101000,59586,,202410100sea,,401671819,6527,4,4,-198,164,-3.5,-118,-102,49.0,-110,-110,1,outdoors,fieldturf,59,10,00-0037834,00-0030565,Brock Purdy,Geno Smith,Kyle Shanahan,Mike Macdonald,Craig Wrolstad,SEA00,Lumen Field,home,SEA,SF,3.5,-12.0,NFL,2024_06_SF_SEA-SEA,-3.5,49.0,archived_reference_line
2024_06_TB_NO,2024,REG,6,2024-10-13,Sunday,13:00,TB,51.0,NO,27.0,Home,-24.0,78.0,0,2024101304,59591,,202410130nor,,401671735,6532,10,6,-175,145,-3.5,-108,-112,42.5,-110,-110,1,dome,sportturf,,,00-0034855,00-0039376,Baker Mayfield,Spencer Rattler,Todd Bowles,Dennis Allen,Clete Blakeman,NOR00,Mercedes-Benz Superdome,away,TB,NO,-3.5,24.0,NFL,2024_06_TB_NO-TB,-3.5,42.5,archived_reference_line
2024_06_TB_NO,2024,REG,6,2024-10-13,Sunday,13:00,TB,51.0,NO,27.0,Home,-24.0,78.0,0,2024101304,59591,,202410130nor,,401671735,6532,10,6,-175,145,-3.5,-108,-112,42.5,-110,-110,1,dome,sportturf,,,00-0034855,00-0039376,Baker Mayfield,Spencer Rattler,Todd Bowles,Dennis Allen,Clete Blakeman,NOR00,Mercedes-Benz Superdome,home,NO,TB,3.5,-24.0,NFL,2024_06_TB_NO-NO,-3.5,42.5,archived_reference_line
2024_06_WAS_BAL,2024,REG,6,2024-10-13,Sunday,13:00,WAS,23.0,BAL,30.0,Home,7.0,53.0,0,2024101301,59588,,202410130rav,,401671625,6529,7,7,230,-285,6.5,-108,-112,51.5,-110,-110,0,outdoors,grass,75,8,00-0039910,00-0034796,Jayden Daniels,Lamar Jackson,Dan Quinn,John Harbaugh,Land Clark,BAL00,M&T Bank Stadium,away,WAS,BAL,6.5,-7.0,NFL,2024_06_WAS_BAL-WAS,6.5,51.5,archived_reference_line
2024_06_WAS_BAL,2024,REG,6,2024-10-13,Sunday,13:00,WAS,23.0,BAL,30.0,Home,7.0,53.0,0,2024101301,59588,,202410130rav,,401671625,6529,7,7,230,-285,6.5,-108,-112,51.5,-110,-110,0,outdoors,grass,75,8,00-0039910,00-0034796,Jayden Daniels,Lamar Jackson,Dan Quinn,John Harbaugh,Land Clark,BAL00,M&T Bank Stadium,home,BAL,WAS,-6.5,7.0,NFL,2024_06_WAS_BAL-BAL,6.5,51.5,archived_reference_line
2024_07_BAL_TB,2024,REG,7,2024-10-21,Monday,20:15,BAL,41.0,TB,31.0,Home,-10.0,72.0,0,2024102100,59613,,202410210tam,,401671695,6554,8,8,-225,185,-4.5,-110,-110,51.0,-110,-110,0,outdoors,grass,80,8,00-0034796,00-0034855,Lamar Jackson,Baker Mayfield,John Harbaugh,Todd Bowles,Alex Kemp,TAM00,Raymond James Stadium,away,BAL,TB,-4.5,10.0,NFL,2024_07_BAL_TB-BAL,-4.5,51.0,archived_reference_line
2024_07_BAL_TB,2024,REG,7,2024-10-21,Monday,20:15,BAL,41.0,TB,31.0,Home,-10.0,72.0,0,2024102100,59613,,202410210tam,,401671695,6554,8,8,-225,185,-4.5,-110,-110,51.0,-110,-110,0,outdoors,grass,80,8,00-0034796,00-0034855,Lamar Jackson,Baker Mayfield,John Harbaugh,Todd Bowles,Alex Kemp,TAM00,Raymond James Stadium,home,TB,BAL,4.5,-10.0,NFL,2024_07_BAL_TB-TB,-4.5,51.0,archived_reference_line
2024_07_CAR_WAS,2024,REG,7,2024-10-20,Sunday,16:05,CAR,7.0,WAS,40.0,Home,33.0,47.0,0,2024102009,59610,,202410200was,,401671640,6551,7,7,400,-535,10.0,100,-120,51.0,-110,-110,0,outdoors,grass,76,2,00-0027973,00-0039910,Andy Dalton,Jayden Daniels,Dave Canales,Dan Quinn,Carl Cheffers,WAS00,FedExField,away,CAR,WAS,10.0,-33.0,NFL,2024_07_CAR_WAS-CAR,10.0,51.0,archived_reference_line
2024_07_CAR_WAS,2024,REG,7,2024-10-20,Sunday,16:05,CAR,7.0,WAS,40.0,Home,33.0,47.0,0,2024102009,59610,,202410200was,,401671640,6551,7,7,400,-535,10.0,100,-120,51.0,-110,-110,0,outdoors,grass,76,2,00-0027973,00-0039910,Andy Dalton,Jayden Daniels,Dave Canales,Dan Quinn,Carl Cheffers,WAS00,FedExField,home,WAS,CAR,-10.0,33.0,NFL,2024_07_CAR_WAS-WAS,10.0,51.0,archived_reference_line
2024_07_CIN_CLE,2024,REG,7,2024-10-20,Sunday,13:00,CIN,21.0,CLE,14.0,Home,-7.0,35.0,0,2024102003,59604,,202410200cle,,401671853,6545,7,7,-230,190,-5.5,-110,-110,42.0,-112,-108,1,outdoors,grass,62,8,00-0036442,00-0033537,Joe Burrow,Deshaun Watson,Zac Taylor,Kevin Stefanski,Ron Torbert,CLE00,FirstEnergy Stadium,away,CIN,CLE,-5.5,7.0,NFL,2024_07_CIN_CLE-CIN,-5.5,42.0,archived_reference_line
2024_07_CIN_CLE,2024,REG,7,2024-10-20,Sunday,13:00,CIN,21.0,CLE,14.0,Home,-7.0,35.0,0,2024102003,59604,,202410200cle,,401671853,6545,7,7,-230,190,-5.5,-110,-110,42.0,-112,-108,1,outdoors,grass,62,8,00-0036442,00-0033537,Joe Burrow,Deshaun Watson,Zac Taylor,Kevin Stefanski,Ron Torbert,CLE00,FirstEnergy Stadium,home,CLE,CIN,5.5,-7.0,NFL,2024_07_CIN_CLE-CLE,-5.5,42.0,archived_reference_line
2024_07_DEN_NO,2024,REG,7,2024-10-17,Thursday,20:15,DEN,33.0,NO,10.0,Home,-23.0,43.0,0,2024101700,59600,,202410170nor,,401671816,6541,4,4,-148,124,-2.5,-118,-102,37.0,-110,-110,0,dome,sportturf,,,00-0039732,00-0039376,Bo Nix,Spencer Rattler,Sean Payton,Dennis Allen,Land Clark,NOR00,Mercedes-Benz Superdome,away,DEN,NO,-2.5,23.0,NFL,2024_07_DEN_NO-DEN,-2.5,37.0,archived_reference_line
2024_07_DEN_NO,2024,REG,7,2024-10-17,Thursday,20:15,DEN,33.0,NO,10.0,Home,-23.0,43.0,0,2024101700,59600,,202410170nor,,401671816,6541,4,4,-148,124,-2.5,-118,-102,37.0,-110,-110,0,dome,sportturf,,,00-0039732,00-0039376,Bo Nix,Spencer Rattler,Sean Payton,Dennis Allen,Land Clark,NOR00,Mercedes-Benz Superdome,home,NO,DEN,2.5,-23.0,NFL,2024_07_DEN_NO-NO,-2.5,37.0,archived_reference_line
2024_07_DET_MIN,2024,REG,7,2024-10-20,Sunday,13:00,DET,31.0,MIN,29.0,Home,-2.0,60.0,0,2024102006,59607,,202410200min,,401671724,6548,7,14,-102,-118,1.0,-108,-112,50.5,-112,-108,1,dome,sportturf,,,00-0033106,00-0034869,Jared Goff,Sam Darnold,Dan Campbell,Kevin O'Connell,Clay Martin,MIN01,U.S. Bank Stadium,away,DET,MIN,1.0,2.0,NFL,2024_07_DET_MIN-DET,1.0,50.5,archived_reference_line
2024_07_DET_MIN,2024,REG,7,2024-10-20,Sunday,13:00,DET,31.0,MIN,29.0,Home,-2.0,60.0,0,2024102006,59607,,202410200min,,401671724,6548,7,14,-102,-118,1.0,-108,-112,50.5,-112,-108,1,dome,sportturf,,,00-0033106,00-0034869,Jared Goff,Sam Darnold,Dan Campbell,Kevin O'Connell,Clay Martin,MIN01,U.S. Bank Stadium,home,MIN,DET,-1.0,-2.0,NFL,2024_07_DET_MIN-MIN,1.0,50.5,archived_reference_line
2024_07_HOU_GB,2024,REG,7,2024-10-20,Sunday,13:00,HOU,22.0,GB,24.0,Home,2.0,46.0,0,2024102004,59605,,202410200gnb,,401671644,6546,7,7,142,-170,3.0,100,-120,48.0,-108,-112,0,outdoors,grass,72,3,00-0039163,00-0036264,C.J. Stroud,Jordan Love,DeMeco Ryans,Matt LaFleur,Scott Novak,GNB00,Lambeau Field,away,HOU,GB,3.0,-2.0,NFL,2024_07_HOU_GB-HOU,3.0,48.0,archived_reference_line
2024_07_HOU_GB,2024,REG,7,2024-10-20,Sunday,13:00,HOU,22.0,GB,24.0,Home,2.0,46.0,0,2024102004,59605,,202410200gnb,,401671644,6546,7,7,142,-170,3.0,100,-120,48.0,-108,-112,0,outdoors,grass,72,3,00-0039163,00-0036264,C.J. Stroud,Jordan Love,DeMeco Ryans,Matt LaFleur,Scott Novak,GNB00,Lambeau Field,home,GB,HOU,-3.0,2.0,NFL,2024_07_HOU_GB-GB,3.0,48.0,archived_reference_line
2024_07_KC_SF,2024,REG,7,2024-10-20,Sunday,16:25,KC,28.0,SF,18.0,Home,-10.0,46.0,0,2024102010,59611,,202410200sfo,,401671777,6552,13,10,120,-142,2.5,-105,-115,47.5,-110,-110,0,outdoors,grass,78,3,00-0033873,00-0037834,Patrick Mahomes,Brock Purdy,Andy Reid,Kyle Shanahan,Alan Eck,SFO01,Levi's Stadium,away,KC,SF,2.5,10.0,NFL,2024_07_KC_SF-KC,2.5,47.5,archived_reference_line
2024_07_KC_SF,2024,REG,7,2024-10-20,Sunday,16:25,KC,28.0,SF,18.0,Home,-10.0,46.0,0,2024102010,59611,,202410200sfo,,401671777,6552,13,10,120,-142,2.5,-105,-115,47.5,-110,-110,0,outdoors,grass,78,3,00-0033873,00-0037834,Patrick Mahomes,Brock Purdy,Andy Reid,Kyle Shanahan,Alan Eck,SFO01,Levi's Stadium,home,SF,KC,-2.5,-10.0,NFL,2024_07_KC_SF-SF,2.5,47.5,archived_reference_line
2024_07_LAC_ARI,2024,REG,7,2024-10-21,Monday,21:00,LAC,15.0,ARI,17.0,Home,2.0,32.0,0,2024102101,59614,,202410210crd,,401671699,6555,8,8,-122,102,-1.0,-115,-105,44.0,-108,-112,0,closed,grass,,,00-0036355,00-0035228,Justin Herbert,Kyler Murray,Jim Harbaugh,Jonathan Gannon,Clete Blakeman,PHO00,State Farm Stadium,away,LAC,ARI,-1.0,-2.0,NFL,2024_07_LAC_ARI-LAC,-1.0,44.0,archived_reference_line
2024_07_LAC_ARI,2024,REG,7,2024-10-21,Monday,21:00,LAC,15.0,ARI,17.0,Home,2.0,32.0,0,2024102101,59614,,202410210crd,,401671699,6555,8,8,-122,102,-1.0,-115,-105,44.0,-108,-112,0,closed,grass,,,00-0036355,00-0035228,Justin Herbert,Kyler Murray,Jim Harbaugh,Jonathan Gannon,Clete Blakeman,PHO00,State Farm Stadium,home,ARI,LAC,1.0,2.0,NFL,2024_07_LAC_ARI-ARI,-1.0,44.0,archived_reference_line
2024_07_LV_LA,2024,REG,7,2024-10-20,Sunday,16:05,LV,15.0,LA,20.0,Home,5.0,35.0,0,2024102008,59609,,202410200ram,,401671663,6550,7,14,280,-355,7.0,-105,-115,43.0,-105,-115,0,dome,matrixturf,,,00-0038579,00-0026498,Aidan O'Connell,Matthew Stafford,Antonio Pierce,Sean McVay,Shawn Hochuli,LAX01,SoFi Stadium,away,LV,LA,7.0,-5.0,NFL,2024_07_LV_LA-LV,7.0,43.0,archived_reference_line
2024_07_LV_LA,2024,REG,7,2024-10-20,Sunday,16:05,LV,15.0,LA,20.0,Home,5.0,35.0,0,2024102008,59609,,202410200ram,,401671663,6550,7,14,280,-355,7.0,-105,-115,43.0,-105,-115,0,dome,matrixturf,,,00-0038579,00-0026498,Aidan O'Connell,Matthew Stafford,Antonio Pierce,Sean McVay,Shawn Hochuli,LAX01,SoFi Stadium,home,LA,LV,-7.0,5.0,NFL,2024_07_LV_LA-LA,7.0,43.0,archived_reference_line
2024_07_MIA_IND,2024,REG,7,2024-10-20,Sunday,13:00,MIA,10.0,IND,16.0,Home,6.0,26.0,0,2024102005,59606,,202410200clt,,401671864,6547,14,7,130,-155,3.0,-120,100,44.0,-108,-112,0,closed,fieldturf,,,00-0034177,00-0039164,Tim Boyle,Anthony Richardson,Mike McDaniel,Shane Steichen,Craig Wrolstad,IND00,Lucas Oil Stadium,away,MIA,IND,3.0,-6.0,NFL,2024_07_MIA_IND-MIA,3.0,44.0,archived_reference_line
2024_07_MIA_IND,2024,REG,7,2024-10-20,Sunday,13:00,MIA,10.0,IND,16.0,Home,6.0,26.0,0,2024102005,59606,,202410200clt,,401671864,6547,14,7,130,-155,3.0,-120,100,44.0,-108,-112,0,closed,fieldturf,,,00-0034177,00-0039164,Tim Boyle,Anthony Richardson,Mike McDaniel,Shane Steichen,Craig Wrolstad,IND00,Lucas Oil Stadium,home,IND,MIA,-3.0,6.0,NFL,2024_07_MIA_IND-IND,3.0,44.0,archived_reference_line
2024_07_NE_JAX,2024,REG,7,2024-10-20,Sunday,09:30,NE,16.0,JAX,32.0,Neutral,16.0,48.0,0,2024102000,59601,,202410200jax,,401671801,6542,7,7,240,-298,6.5,-105,-115,42.0,-108,-112,0,outdoors,grass,63,12,00-0039851,00-0036971,Drake Maye,Trevor Lawrence,Jerod Mayo,Doug Pederson,Brad Rogers,LON00,Wembley Stadium,away,NE,JAX,6.5,-16.0,NFL,2024_07_NE_JAX-NE,6.5,42.0,archived_reference_line
2024_07_NE_JAX,2024,REG,7,2024-10-20,Sunday,09:30,NE,16.0,JAX,32.0,Neutral,16.0,48.0,0,2024102000,59601,,202410200jax,,401671801,6542,7,7,240,-298,6.5,-105,-115,42.0,-108,-112,0,outdoors,grass,63,12,00-0039851,00-0036971,Drake Maye,Trevor Lawrence,Jerod Mayo,Doug Pederson,Brad Rogers,LON00,Wembley Stadium,home,JAX,NE,-6.5,16.0,NFL,2024_07_NE_JAX-JAX,6.5,42.0,archived_reference_line
2024_07_NYJ_PIT,2024,REG,7,2024-10-20,Sunday,20:20,NYJ,15.0,PIT,37.0,Home,22.0,52.0,0,2024102011,59612,,202410200pit,,401671785,6553,6,7,-166,140,-3.0,-108,-112,40.0,-110,-110,0,outdoors,grass,60,4,00-0023459,00-0029263,Aaron Rodgers,Russell Wilson,Robert Saleh,Mike Tomlin,Shawn Smith,PIT00,Acrisure Stadium,away,NYJ,PIT,-3.0,-22.0,NFL,2024_07_NYJ_PIT-NYJ,-3.0,40.0,archived_reference_line
2024_07_NYJ_PIT,2024,REG,7,2024-10-20,Sunday,20:20,NYJ,15.0,PIT,37.0,Home,22.0,52.0,0,2024102011,59612,,202410200pit,,401671785,6553,6,7,-166,140,-3.0,-108,-112,40.0,-110,-110,0,outdoors,grass,60,4,00-0023459,00-0029263,Aaron Rodgers,Russell Wilson,Robert Saleh,Mike Tomlin,Shawn Smith,PIT00,Acrisure Stadium,home,PIT,NYJ,3.0,22.0,NFL,2024_07_NYJ_PIT-PIT,-3.0,40.0,archived_reference_line
2024_07_PHI_NYG,2024,REG,7,2024-10-20,Sunday,13:00,PHI,28.0,NYG,3.0,Home,-25.0,31.0,0,2024102007,59608,,202410200nyg,,401671710,6549,7,7,-166,140,-3.0,-120,100,42.0,-110,-110,1,outdoors,fieldturf,71,4,00-0036389,00-0035710,Jalen Hurts,Daniel Jones,Nick Sirianni,Brian Daboll,Tra Blake,NYC01,MetLife Stadium,away,PHI,NYG,-3.0,25.0,NFL,2024_07_PHI_NYG-PHI,-3.0,42.0,archived_reference_line
2024_07_PHI_NYG,2024,REG,7,2024-10-20,Sunday,13:00,PHI,28.0,NYG,3.0,Home,-25.0,31.0,0,2024102007,59608,,202410200nyg,,401671710,6549,7,7,-166,140,-3.0,-120,100,42.0,-110,-110,1,outdoors,fieldturf,71,4,00-0036389,00-0035710,Jalen Hurts,Daniel Jones,Nick Sirianni,Brian Daboll,Tra Blake,NYC01,MetLife Stadium,home,NYG,PHI,3.0,-25.0,NFL,2024_07_PHI_NYG-NYG,-3.0,42.0,archived_reference_line
2024_07_SEA_ATL,2024,REG,7,2024-10-20,Sunday,13:00,SEA,34.0,ATL,14.0,Home,-20.0,48.0,0,2024102001,59602,,202410200atl,,401671730,6543,10,7,136,-162,3.0,-115,-105,51.5,-110,-110,0,closed,fieldturf,,,00-0030565,00-0029604,Geno Smith,Kirk Cousins,Mike Macdonald,Raheem Morris,Bill Vinovich,ATL97,Mercedes-Benz Stadium,away,SEA,ATL,3.0,20.0,NFL,2024_07_SEA_ATL-SEA,3.0,51.5,archived_reference_line
2024_07_SEA_ATL,2024,REG,7,2024-10-20,Sunday,13:00,SEA,34.0,ATL,14.0,Home,-20.0,48.0,0,2024102001,59602,,202410200atl,,401671730,6543,10,7,136,-162,3.0,-115,-105,51.5,-110,-110,0,closed,fieldturf,,,00-0030565,00-0029604,Geno Smith,Kirk Cousins,Mike Macdonald,Raheem Morris,Bill Vinovich,ATL97,Mercedes-Benz Stadium,home,ATL,SEA,-3.0,-20.0,NFL,2024_07_SEA_ATL-ATL,3.0,51.5,archived_reference_line
2024_07_TEN_BUF,2024,REG,7,2024-10-20,Sunday,13:00,TEN,10.0,BUF,34.0,Home,24.0,44.0,0,2024102002,59603,,202410200buf,,401671616,6544,7,6,400,-535,9.5,-110,-110,41.0,-108,-112,0,outdoors,a_turf,66,12,00-0034771,00-0034857,Mason Rudolph,Josh Allen,Brian Callahan,Sean McDermott,John Hussey,BUF00,New Era Field,away,TEN,BUF,9.5,-24.0,NFL,2024_07_TEN_BUF-TEN,9.5,41.0,archived_reference_line
2024_07_TEN_BUF,2024,REG,7,2024-10-20,Sunday,13:00,TEN,10.0,BUF,34.0,Home,24.0,44.0,0,2024102002,59603,,202410200buf,,401671616,6544,7,6,400,-535,9.5,-110,-110,41.0,-108,-112,0,outdoors,a_turf,66,12,00-0034771,00-0034857,Mason Rudolph,Josh Allen,Brian Callahan,Sean McDermott,John Hussey,BUF00,New Era Field,home,BUF,TEN,-9.5,24.0,NFL,2024_07_TEN_BUF-BUF,9.5,41.0,archived_reference_line
2024_08_ARI_MIA,2024,REG,8,2024-10-27,Sunday,13:00,ARI,28.0,MIA,27.0,Home,-1.0,55.0,0,2024102704,59620,,202410270mia,,401671850,6561,6,7,164,-198,4.0,-108,-112,46.5,-110,-110,0,outdoors,grass,82,14,00-0035228,00-0034177,Kyler Murray,Tim Boyle,Jonathan Gannon,Mike McDaniel,Clay Martin,MIA00,Hard Rock Stadium,away,ARI,MIA,4.0,1.0,NFL,2024_08_ARI_MIA-ARI,4.0,46.5,archived_reference_line
2024_08_ARI_MIA,2024,REG,8,2024-10-27,Sunday,13:00,ARI,28.0,MIA,27.0,Home,-1.0,55.0,0,2024102704,59620,,202410270mia,,401671850,6561,6,7,164,-198,4.0,-108,-112,46.5,-110,-110,0,outdoors,grass,82,14,00-0035228,00-0034177,Kyler Murray,Tim Boyle,Jonathan Gannon,Mike McDaniel,Clay Martin,MIA00,Hard Rock Stadium,home,MIA,ARI,-4.0,-1.0,NFL,2024_08_ARI_MIA-MIA,4.0,46.5,archived_reference_line
2024_08_ATL_TB,2024,REG,8,2024-10-27,Sunday,13:00,ATL,31.0,TB,26.0,Home,-5.0,57.0,0,2024102706,59622,,202410270tam,,401671739,6563,7,6,-122,102,-1.5,-110,-110,47.0,-108,-112,1,outdoors,grass,79,6,00-0029604,00-0034855,Kirk Cousins,Baker Mayfield,Raheem Morris,Todd Bowles,Shawn Hochuli,TAM00,Raymond James Stadium,away,ATL,TB,-1.5,5.0,NFL,2024_08_ATL_TB-ATL,-1.5,47.0,archived_reference_line
2024_08_ATL_TB,2024,REG,8,2024-10-27,Sunday,13:00,ATL,31.0,TB,26.0,Home,-5.0,57.0,0,2024102706,59622,,202410270tam,,401671739,6563,7,6,-122,102,-1.5,-110,-110,47.0,-108,-112,1,outdoors,grass,79,6,00-0029604,00-0034855,Kirk Cousins,Baker Mayfield,Raheem Morris,Todd Bowles,Shawn Hochuli,TAM00,Raymond James Stadium,home,TB,ATL,1.5,-5.0,NFL,2024_08_ATL_TB-TB,-1.5,47.0,archived_reference_line
2024_08_BAL_CLE,2024,REG,8,2024-10-27,Sunday,13:00,BAL,24.0,CLE,29.0,Home,5.0,53.0,0,2024102700,59616,,202410270cle,,401671852,6557,6,7,-380,300,-7.5,-110,-110,44.5,-105,-115,1,outdoors,grass,52,4,00-0034796,00-0031503,Lamar Jackson,Jameis Winston,John Harbaugh,Kevin Stefanski,Shawn Smith,CLE00,FirstEnergy Stadium,away,BAL,CLE,-7.5,-5.0,NFL,2024_08_BAL_CLE-BAL,-7.5,44.5,archived_reference_line
2024_08_BAL_CLE,2024,REG,8,2024-10-27,Sunday,13:00,BAL,24.0,CLE,29.0,Home,5.0,53.0,0,2024102700,59616,,202410270cle,,401671852,6557,6,7,-380,300,-7.5,-110,-110,44.5,-105,-115,1,outdoors,grass,52,4,00-0034796,00-0031503,Lamar Jackson,Jameis Winston,John Harbaugh,Kevin Stefanski,Shawn Smith,CLE00,FirstEnergy Stadium,home,CLE,BAL,7.5,5.0,NFL,2024_08_BAL_CLE-CLE,-7.5,44.5,archived_reference_line
2024_08_BUF_SEA,2024,REG,8,2024-10-27,Sunday,16:05,BUF,31.0,SEA,10.0,Home,-21.0,41.0,0,2024102709,59625,,202410270sea,,401671760,6566,7,7,-170,142,-3.0,-120,100,45.5,-105,-115,0,outdoors,fieldturf,55,14,00-0034857,00-0030565,Josh Allen,Geno Smith,Sean McDermott,Mike Macdonald,Ron Torbert,SEA00,Lumen Field,away,BUF,SEA,-3.0,21.0,NFL,2024_08_BUF_SEA-BUF,-3.0,45.5,archived_reference_line
2024_08_BUF_SEA,2024,REG,8,2024-10-27,Sunday,16:05,BUF,31.0,SEA,10.0,Home,-21.0,41.0,0,2024102709,59625,,202410270sea,,401671760,6566,7,7,-170,142,-3.0,-120,100,45.5,-105,-115,0,outdoors,fieldturf,55,14,00-0034857,00-0030565,Josh Allen,Geno Smith,Sean McDermott,Mike Macdonald,Ron Torbert,SEA00,Lumen Field,home,SEA,BUF,3.0,-21.0,NFL,2024_08_BUF_SEA-SEA,-3.0,45.5,archived_reference_line
2024_08_CAR_DEN,2024,REG,8,2024-10-27,Sunday,16:25,CAR,14.0,DEN,28.0,Home,14.0,42.0,0,2024102711,59627,,202410270den,,401671600,6568,7,10,525,-750,13.0,-110,-110,40.5,-112,-108,0,outdoors,grass,76,4,00-0039150,00-0039732,Bryce Young,Bo Nix,Dave Canales,Sean Payton,Alex Kemp,DEN00,Empower Field at Mile High,away,CAR,DEN,13.0,-14.0,NFL,2024_08_CAR_DEN-CAR,13.0,40.5,archived_reference_line
2024_08_CAR_DEN,2024,REG,8,2024-10-27,Sunday,16:25,CAR,14.0,DEN,28.0,Home,14.0,42.0,0,2024102711,59627,,202410270den,,401671600,6568,7,10,525,-750,13.0,-110,-110,40.5,-112,-108,0,outdoors,grass,76,4,00-0039150,00-0039732,Bryce Young,Bo Nix,Dave Canales,Sean Payton,Alex Kemp,DEN00,Empower Field at Mile High,home,DEN,CAR,-13.0,14.0,NFL,2024_08_CAR_DEN-DEN,13.0,40.5,archived_reference_line
2024_08_CHI_WAS,2024,REG,8,2024-10-27,Sunday,16:25,CHI,15.0,WAS,18.0,Home,3.0,33.0,0,2024102707,59623,,202410270was,,401671599,6564,14,7,102,-122,1.5,-110,-110,46.5,-108,-112,0,outdoors,grass,58,2,00-0039918,00-0039910,Caleb Williams,Jayden Daniels,Matt Eberflus,Dan Quinn,Clete Blakeman,WAS00,FedExField,away,CHI,WAS,1.5,-3.0,NFL,2024_08_CHI_WAS-CHI,1.5,46.5,archived_reference_line
2024_08_CHI_WAS,2024,REG,8,2024-10-27,Sunday,16:25,CHI,15.0,WAS,18.0,Home,3.0,33.0,0,2024102707,59623,,202410270was,,401671599,6564,14,7,102,-122,1.5,-110,-110,46.5,-108,-112,0,outdoors,grass,58,2,00-0039918,00-0039910,Caleb Williams,Jayden Daniels,Matt Eberflus,Dan Quinn,Clete Blakeman,WAS00,FedExField,home,WAS,CHI,-1.5,3.0,NFL,2024_08_CHI_WAS-WAS,1.5,46.5,archived_reference_line
2024_08_DAL_SF,2024,REG,8,2024-10-27,Sunday,20:20,DAL,24.0,SF,30.0,Home,6.0,54.0,0,2024102713,59629,,202410270sfo,,401671795,6570,14,7,195,-238,5.5,-105,-115,48.0,-110,-110,0,outdoors,grass,69,9,00-0033077,00-0037834,Dak Prescott,Brock Purdy,Mike McCarthy,Kyle Shanahan,Bill Vinovich,SFO01,Levi's Stadium,away,DAL,SF,5.5,-6.0,NFL,2024_08_DAL_SF-DAL,5.5,48.0,archived_reference_line
2024_08_DAL_SF,2024,REG,8,2024-10-27,Sunday,20:20,DAL,24.0,SF,30.0,Home,6.0,54.0,0,2024102713,59629,,202410270sfo,,401671795,6570,14,7,195,-238,5.5,-105,-115,48.0,-110,-110,0,outdoors,grass,69,9,00-0033077,00-0037834,Dak Prescott,Brock Purdy,Mike McCarthy,Kyle Shanahan,Bill Vinovich,SFO01,Levi's Stadium,home,SF,DAL,-5.5,6.0,NFL,2024_08_DAL_SF-SF,5.5,48.0,archived_reference_line
2024_08_GB_JAX,2024,REG,8,2024-10-27,Sunday,13:00,GB,30.0,JAX,27.0,Home,-3.0,57.0,0,2024102703,59619,,202410270jax,,401671707,6560,7,7,-192,160,-3.5,-115,-105,49.0,-112,-108,0,outdoors,grass,84,4,00-0036264,00-0036971,Jordan Love,Trevor Lawrence,Matt LaFleur,Doug Pederson,Land Clark,JAX00,TIAA Bank Stadium,away,GB,JAX,-3.5,3.0,NFL,2024_08_GB_JAX-GB,-3.5,49.0,archived_reference_line
2024_08_GB_JAX,2024,REG,8,2024-10-27,Sunday,13:00,GB,30.0,JAX,27.0,Home,-3.0,57.0,0,2024102703,59619,,202410270jax,,401671707,6560,7,7,-192,160,-3.5,-115,-105,49.0,-112,-108,0,outdoors,grass,84,4,00-0036264,00-0036971,Jordan Love,Trevor Lawrence,Matt LaFleur,Doug Pederson,Land Clark,JAX00,TIAA Bank Stadium,home,JAX,GB,3.5,-3.0,NFL,2024_08_GB_JAX-JAX,-3.5,49.0,archived_reference_line
2024_08_IND_HOU,2024,REG,8,2024-10-27,Sunday,13:00,IND,20.0,HOU,23.0,Home,3.0,43.0,0,2024102702,59618,,202410270htx,,401671856,6559,7,7,185,-225,5.0,-112,-108,45.0,-108,-112,1,closed,astroturf,,,00-0026158,00-0039163,Joe Flacco,C.J. Stroud,Shane Steichen,DeMeco Ryans,Brad Allen,HOU00,NRG Stadium,away,IND,HOU,5.0,-3.0,NFL,2024_08_IND_HOU-IND,5.0,45.0,archived_reference_line
2024_08_IND_HOU,2024,REG,8,2024-10-27,Sunday,13:00,IND,20.0,HOU,23.0,Home,3.0,43.0,0,2024102702,59618,,202410270htx,,401671856,6559,7,7,185,-225,5.0,-112,-108,45.0,-108,-112,1,closed,astroturf,,,00-0026158,00-0039163,Joe Flacco,C.J. Stroud,Shane Steichen,DeMeco Ryans,Brad Allen,HOU00,NRG Stadium,home,HOU,IND,-5.0,3.0,NFL,2024_08_IND_HOU-HOU,5.0,45.0,archived_reference_line
2024_08_KC_LV,2024,REG,8,2024-10-27,Sunday,16:25,KC,27.0,LV,20.0,Home,-7.0,47.0,0,2024102712,59628,,202410270rai,,401671671,6569,7,7,-440,340,-9.0,-112,-108,42.0,-108,-112,1,dome,grass,,,00-0033873,00-0038579,Patrick Mahomes,Aidan O'Connell,Andy Reid,Antonio Pierce,Adrian Hill,VEG00,Allegiant Stadium,away,KC,LV,-9.0,7.0,NFL,2024_08_KC_LV-KC,-9.0,42.0,archived_reference_line
2024_08_KC_LV,2024,REG,8,2024-10-27,Sunday,16:25,KC,27.0,LV,20.0,Home,-7.0,47.0,0,2024102712,59628,,202410270rai,,401671671,6569,7,7,-440,340,-9.0,-112,-108,42.0,-108,-112,1,dome,grass,,,00-0033873,00-0038579,Patrick Mahomes,Aidan O'Connell,Andy Reid,Antonio Pierce,Adrian Hill,VEG00,Allegiant Stadium,home,LV,KC,9.0,-7.0,NFL,2024_08_KC_LV-LV,-9.0,42.0,archived_reference_line
2024_08_MIN_LA,2024,REG,8,2024-10-24,Thursday,20:15,MIN,20.0,LA,30.0,Home,10.0,50.0,0,2024102400,59615,,202410240ram,,401671817,6556,4,4,-155,130,-3.0,-105,-115,47.5,-110,-110,0,dome,matrixturf,,,00-0034869,00-0026498,Sam Darnold,Matthew Stafford,Kevin O'Connell,Sean McVay,Tra Blake,LAX01,SoFi Stadium,away,MIN,LA,-3.0,-10.0,NFL,2024_08_MIN_LA-MIN,-3.0,47.5,archived_reference_line
2024_08_MIN_LA,2024,REG,8,2024-10-24,Thursday,20:15,MIN,20.0,LA,30.0,Home,10.0,50.0,0,2024102400,59615,,202410240ram,,401671817,6556,4,4,-155,130,-3.0,-105,-115,47.5,-110,-110,0,dome,matrixturf,,,00-0034869,00-0026498,Sam Darnold,Matthew Stafford,Kevin O'Connell,Sean McVay,Tra Blake,LAX01,SoFi Stadium,home,LA,MIN,3.0,10.0,NFL,2024_08_MIN_LA-LA,-3.0,47.5,archived_reference_line
2024_08_NO_LAC,2024,REG,8,2024-10-27,Sunday,16:05,NO,8.0,LAC,26.0,Home,18.0,34.0,0,2024102708,59624,,202410270sdg,,401671750,6565,10,6,250,-310,7.0,-110,-110,41.5,-108,-112,0,dome,matrixturf,,,00-0039376,00-0036355,Spencer Rattler,Justin Herbert,Dennis Allen,Jim Harbaugh,Alan Eck,LAX01,SoFi Stadium,away,NO,LAC,7.0,-18.0,NFL,2024_08_NO_LAC-NO,7.0,41.5,archived_reference_line
2024_08_NO_LAC,2024,REG,8,2024-10-27,Sunday,16:05,NO,8.0,LAC,26.0,Home,18.0,34.0,0,2024102708,59624,,202410270sdg,,401671750,6565,10,6,250,-310,7.0,-110,-110,41.5,-108,-112,0,dome,matrixturf,,,00-0039376,00-0036355,Spencer Rattler,Justin Herbert,Dennis Allen,Jim Harbaugh,Alan Eck,LAX01,SoFi Stadium,home,LAC,NO,-7.0,18.0,NFL,2024_08_NO_LAC-LAC,7.0,41.5,archived_reference_line
2024_08_NYG_PIT,2024,REG,8,2024-10-28,Monday,20:15,NYG,18.0,PIT,26.0,Home,8.0,44.0,0,2024102800,59630,,202410280pit,,401671685,6571,8,8,220,-270,6.0,-105,-115,37.5,-110,-110,0,outdoors,grass,54,7,00-0035710,00-0029263,Daniel Jones,Russell Wilson,Brian Daboll,Mike Tomlin,Scott Novak,PIT00,Acrisure Stadium,away,NYG,PIT,6.0,-8.0,NFL,2024_08_NYG_PIT-NYG,6.0,37.5,archived_reference_line
2024_08_NYG_PIT,2024,REG,8,2024-10-28,Monday,20:15,NYG,18.0,PIT,26.0,Home,8.0,44.0,0,2024102800,59630,,202410280pit,,401671685,6571,8,8,220,-270,6.0,-105,-115,37.5,-110,-110,0,outdoors,grass,54,7,00-0035710,00-0029263,Daniel Jones,Russell Wilson,Brian Daboll,Mike Tomlin,Scott Novak,PIT00,Acrisure Stadium,home,PIT,NYG,-6.0,8.0,NFL,2024_08_NYG_PIT-PIT,6.0,37.5,archived_reference_line
2024_08_NYJ_NE,2024,REG,8,2024-10-27,Sunday,13:00,NYJ,22.0,NE,25.0,Home,3.0,47.0,0,2024102705,59621,,202410270nwe,,401671618,6562,7,7,-305,245,-7.0,-110,-110,41.0,-110,-110,1,outdoors,fieldturf,53,8,00-0023459,00-0039851,Aaron Rodgers,Drake Maye,Robert Saleh,Jerod Mayo,Craig Wrolstad,BOS00,Gillette Stadium,away,NYJ,NE,-7.0,-3.0,NFL,2024_08_NYJ_NE-NYJ,-7.0,41.0,archived_reference_line
2024_08_NYJ_NE,2024,REG,8,2024-10-27,Sunday,13:00,NYJ,22.0,NE,25.0,Home,3.0,47.0,0,2024102705,59621,,202410270nwe,,401671618,6562,7,7,-305,245,-7.0,-110,-110,41.0,-110,-110,1,outdoors,fieldturf,53,8,00-0023459,00-0039851,Aaron Rodgers,Drake Maye,Robert Saleh,Jerod Mayo,Craig Wrolstad,BOS00,Gillette Stadium,home,NE,NYJ,7.0,3.0,NFL,2024_08_NYJ_NE-NE,-7.0,41.0,archived_reference_line
2024_08_PHI_CIN,2024,REG,8,2024-10-27,Sunday,13:00,PHI,37.0,CIN,17.0,Home,-20.0,54.0,0,2024102710,59626,,202410270cin,,401671667,6567,7,7,124,-148,2.5,100,-120,47.5,-108,-112,0,outdoors,fieldturf,59,6,00-0036389,00-0036442,Jalen Hurts,Joe Burrow,Nick Sirianni,Zac Taylor,John Hussey,CIN00,Paycor Stadium,away,PHI,CIN,2.5,20.0,NFL,2024_08_PHI_CIN-PHI,2.5,47.5,archived_reference_line
2024_08_PHI_CIN,2024,REG,8,2024-10-27,Sunday,13:00,PHI,37.0,CIN,17.0,Home,-20.0,54.0,0,2024102710,59626,,202410270cin,,401671667,6567,7,7,124,-148,2.5,100,-120,47.5,-108,-112,0,outdoors,fieldturf,59,6,00-0036389,00-0036442,Jalen Hurts,Joe Burrow,Nick Sirianni,Zac Taylor,John Hussey,CIN00,Paycor Stadium,home,CIN,PHI,-2.5,-20.0,NFL,2024_08_PHI_CIN-CIN,2.5,47.5,archived_reference_line
2024_08_TEN_DET,2024,REG,8,2024-10-27,Sunday,13:00,TEN,14.0,DET,52.0,Home,38.0,66.0,0,2024102701,59617,,202410270det,,401671720,6558,7,7,550,-800,12.5,-105,-115,45.0,-108,-112,0,dome,fieldturf,,,00-0034771,00-0033106,Mason Rudolph,Jared Goff,Brian Callahan,Dan Campbell,Carl Cheffers,DET00,Ford Field,away,TEN,DET,12.5,-38.0,NFL,2024_08_TEN_DET-TEN,12.5,45.0,archived_reference_line
2024_08_TEN_DET,2024,REG,8,2024-10-27,Sunday,13:00,TEN,14.0,DET,52.0,Home,38.0,66.0,0,2024102701,59617,,202410270det,,401671720,6558,7,7,550,-800,12.5,-105,-115,45.0,-108,-112,0,dome,fieldturf,,,00-0034771,00-0033106,Mason Rudolph,Jared Goff,Brian Callahan,Dan Campbell,Carl Cheffers,DET00,Ford Field,home,DET,TEN,-12.5,38.0,NFL,2024_08_TEN_DET-DET,12.5,45.0,archived_reference_line
2024_09_CHI_ARI,2024,REG,9,2024-11-03,Sunday,16:05,CHI,9.0,ARI,29.0,Home,20.0,38.0,0,2024110309,59641,,202411030crd,,401671661,6582,7,7,100,-120,1.5,-110,-110,44.5,-110,-110,0,closed,grass,,,00-0039918,00-0035228,Caleb Williams,Kyler Murray,Matt Eberflus,Jonathan Gannon,Carl Cheffers,PHO00,State Farm Stadium,away,CHI,ARI,1.5,-20.0,NFL,2024_09_CHI_ARI-CHI,1.5,44.5,archived_reference_line
2024_09_CHI_ARI,2024,REG,9,2024-11-03,Sunday,16:05,CHI,9.0,ARI,29.0,Home,20.0,38.0,0,2024110309,59641,,202411030crd,,401671661,6582,7,7,100,-120,1.5,-110,-110,44.5,-110,-110,0,closed,grass,,,00-0039918,00-0035228,Caleb Williams,Kyler Murray,Matt Eberflus,Jonathan Gannon,Carl Cheffers,PHO00,State Farm Stadium,home,ARI,CHI,-1.5,20.0,NFL,2024_09_CHI_ARI-ARI,1.5,44.5,archived_reference_line
2024_09_DAL_ATL,2024,REG,9,2024-11-03,Sunday,13:00,DAL,21.0,ATL,27.0,Home,6.0,48.0,0,2024110300,59632,,202411030atl,,401671728,6573,7,7,140,-166,3.0,-105,-115,52.0,-112,-108,0,closed,fieldturf,,,00-0033077,00-0029604,Dak Prescott,Kirk Cousins,Mike McCarthy,Raheem Morris,Scott Novak,ATL97,Mercedes-Benz Stadium,away,DAL,ATL,3.0,-6.0,NFL,2024_09_DAL_ATL-DAL,3.0,52.0,archived_reference_line
2024_09_DAL_ATL,2024,REG,9,2024-11-03,Sunday,13:00,DAL,21.0,ATL,27.0,Home,6.0,48.0,0,2024110300,59632,,202411030atl,,401671728,6573,7,7,140,-166,3.0,-105,-115,52.0,-112,-108,0,closed,fieldturf,,,00-0033077,00-0029604,Dak Prescott,Kirk Cousins,Mike McCarthy,Raheem Morris,Scott Novak,ATL97,Mercedes-Benz Stadium,home,ATL,DAL,-3.0,6.0,NFL,2024_09_DAL_ATL-ATL,3.0,52.0,archived_reference_line
2024_09_DEN_BAL,2024,REG,9,2024-11-03,Sunday,13:00,DEN,10.0,BAL,41.0,Home,31.0,51.0,0,2024110301,59633,,202411030rav,,401671623,6574,7,7,330,-440,9.0,-115,-105,46.5,-110,-110,0,outdoors,grass,57,3,00-0039732,00-0034796,Bo Nix,Lamar Jackson,Sean Payton,John Harbaugh,Adrian Hill,BAL00,M&T Bank Stadium,away,DEN,BAL,9.0,-31.0,NFL,2024_09_DEN_BAL-DEN,9.0,46.5,archived_reference_line
2024_09_DEN_BAL,2024,REG,9,2024-11-03,Sunday,13:00,DEN,10.0,BAL,41.0,Home,31.0,51.0,0,2024110301,59633,,202411030rav,,401671623,6574,7,7,330,-440,9.0,-115,-105,46.5,-110,-110,0,outdoors,grass,57,3,00-0039732,00-0034796,Bo Nix,Lamar Jackson,Sean Payton,John Harbaugh,Adrian Hill,BAL00,M&T Bank Stadium,home,BAL,DEN,-9.0,31.0,NFL,2024_09_DEN_BAL-BAL,9.0,46.5,archived_reference_line
2024_09_DET_GB,2024,REG,9,2024-11-03,Sunday,16:25,DET,24.0,GB,14.0,Home,-10.0,38.0,0,2024110310,59642,,202411030gnb,,401671767,6583,7,7,-155,130,-2.5,-120,100,47.5,-108,-112,1,outdoors,grass,50,15,00-0033106,00-0036264,Jared Goff,Jordan Love,Dan Campbell,Matt LaFleur,Clete Blakeman,GNB00,Lambeau Field,away,DET,GB,-2.5,10.0,NFL,2024_09_DET_GB-DET,-2.5,47.5,archived_reference_line
2024_09_DET_GB,2024,REG,9,2024-11-03,Sunday,16:25,DET,24.0,GB,14.0,Home,-10.0,38.0,0,2024110310,59642,,202411030gnb,,401671767,6583,7,7,-155,130,-2.5,-120,100,47.5,-108,-112,1,outdoors,grass,50,15,00-0033106,00-0036264,Jared Goff,Jordan Love,Dan Campbell,Matt LaFleur,Clete Blakeman,GNB00,Lambeau Field,home,GB,DET,2.5,-10.0,NFL,2024_09_DET_GB-GB,-2.5,47.5,archived_reference_line
2024_09_HOU_NYJ,2024,REG,9,2024-10-31,Thursday,20:15,HOU,13.0,NYJ,21.0,Home,8.0,34.0,0,2024103100,59631,,202410310nyj,,401671809,6572,4,4,124,-148,2.5,100,-120,43.5,-105,-115,0,outdoors,fieldturf,71,8,00-0039163,00-0023459,C.J. Stroud,Aaron Rodgers,DeMeco Ryans,Robert Saleh,Shawn Hochuli,NYC01,MetLife Stadium,away,HOU,NYJ,2.5,-8.0,NFL,2024_09_HOU_NYJ-HOU,2.5,43.5,archived_reference_line
2024_09_HOU_NYJ,2024,REG,9,2024-10-31,Thursday,20:15,HOU,13.0,NYJ,21.0,Home,8.0,34.0,0,2024103100,59631,,202410310nyj,,401671809,6572,4,4,124,-148,2.5,100,-120,43.5,-105,-115,0,outdoors,fieldturf,71,8,00-0039163,00-0023459,C.J. Stroud,Aaron Rodgers,DeMeco Ryans,Robert Saleh,Shawn Hochuli,NYC01,MetLife Stadium,home,NYJ,HOU,-2.5,8.0,NFL,2024_09_HOU_NYJ-NYJ,2.5,43.5,archived_reference_line
2024_09_IND_MIN,2024,REG,9,2024-11-03,Sunday,20:20,IND,13.0,MIN,21.0,Home,8.0,34.0,0,2024110306,59638,,202411030min,,401671647,6579,7,10,240,-298,6.5,-110,-110,47.0,-110,-110,0,dome,sportturf,,,00-0026158,00-0034869,Joe Flacco,Sam Darnold,Shane Steichen,Kevin O'Connell,Shawn Smith,MIN01,U.S. Bank Stadium,away,IND,MIN,6.5,-8.0,NFL,2024_09_IND_MIN-IND,6.5,47.0,archived_reference_line
2024_09_IND_MIN,2024,REG,9,2024-11-03,Sunday,20:20,IND,13.0,MIN,21.0,Home,8.0,34.0,0,2024110306,59638,,202411030min,,401671647,6579,7,10,240,-298,6.5,-110,-110,47.0,-110,-110,0,dome,sportturf,,,00-0026158,00-0034869,Joe Flacco,Sam Darnold,Shane Steichen,Kevin O'Connell,Shawn Smith,MIN01,U.S. Bank Stadium,home,MIN,IND,-6.5,8.0,NFL,2024_09_IND_MIN-MIN,6.5,47.0,archived_reference_line
2024_09_JAX_PHI,2024,REG,9,2024-11-03,Sunday,16:05,JAX,23.0,PHI,28.0,Home,5.0,51.0,0,2024110312,59644,,202411030phi,,401671797,6585,7,7,270,-340,7.5,-112,-108,46.0,-110,-110,0,outdoors,grass,57,6,00-0036971,00-0036389,Trevor Lawrence,Jalen Hurts,Doug Pederson,Nick Sirianni,Alan Eck,PHI00,Lincoln Financial Field,away,JAX,PHI,7.5,-5.0,NFL,2024_09_JAX_PHI-JAX,7.5,46.0,archived_reference_line
2024_09_JAX_PHI,2024,REG,9,2024-11-03,Sunday,16:05,JAX,23.0,PHI,28.0,Home,5.0,51.0,0,2024110312,59644,,202411030phi,,401671797,6585,7,7,270,-340,7.5,-112,-108,46.0,-110,-110,0,outdoors,grass,57,6,00-0036971,00-0036389,Trevor Lawrence,Jalen Hurts,Doug Pederson,Nick Sirianni,Alan Eck,PHI00,Lincoln Financial Field,home,PHI,JAX,-7.5,5.0,NFL,2024_09_JAX_PHI-PHI,7.5,46.0,archived_reference_line
2024_09_LAC_CLE,2024,REG,9,2024-11-03,Sunday,13:00,LAC,27.0,CLE,10.0,Home,-17.0,37.0,0,2024110305,59637,,202411030cle,,401671629,6578,7,7,-130,110,-2.0,-110,-110,42.5,-108,-112,0,outdoors,grass,57,10,00-0036355,00-0031503,Justin Herbert,Jameis Winston,Jim Harbaugh,Kevin Stefanski,Bill Vinovich,CLE00,FirstEnergy Stadium,away,LAC,CLE,-2.0,17.0,NFL,2024_09_LAC_CLE-LAC,-2.0,42.5,archived_reference_line
2024_09_LAC_CLE,2024,REG,9,2024-11-03,Sunday,13:00,LAC,27.0,CLE,10.0,Home,-17.0,37.0,0,2024110305,59637,,202411030cle,,401671629,6578,7,7,-130,110,-2.0,-110,-110,42.5,-108,-112,0,outdoors,grass,57,10,00-0036355,00-0031503,Justin Herbert,Jameis Winston,Jim Harbaugh,Kevin Stefanski,Bill Vinovich,CLE00,FirstEnergy Stadium,home,CLE,LAC,2.0,-17.0,NFL,2024_09_LAC_CLE-CLE,-2.0,42.5,archived_reference_line
2024_09_LA_SEA,2024,REG,9,2024-11-03,Sunday,16:25,LA,26.0,SEA,20.0,Home,-6.0,46.0,1,2024110311,59643,,202411030sea,,401671776,6584,10,7,-125,105,-1.5,-112,-108,48.5,-110,-110,1,outdoors,fieldturf,52,4,00-0026498,00-0030565,Matthew Stafford,Geno Smith,Sean McVay,Mike Macdonald,Clay Martin,SEA00,Lumen Field,away,LA,SEA,-1.5,6.0,NFL,2024_09_LA_SEA-LA,-1.5,48.5,archived_reference_line
2024_09_LA_SEA,2024,REG,9,2024-11-03,Sunday,16:25,LA,26.0,SEA,20.0,Home,-6.0,46.0,1,2024110311,59643,,202411030sea,,401671776,6584,10,7,-125,105,-1.5,-112,-108,48.5,-110,-110,1,outdoors,fieldturf,52,4,00-0026498,00-0030565,Matthew Stafford,Geno Smith,Sean McVay,Mike Macdonald,Clay Martin,SEA00,Lumen Field,home,SEA,LA,1.5,-6.0,NFL,2024_09_LA_SEA-SEA,-1.5,48.5,archived_reference_line
2024_09_LV_CIN,2024,REG,9,2024-11-03,Sunday,13:00,LV,24.0,CIN,41.0,Home,17.0,65.0,0,2024110304,59636,,202411030cin,,401671704,6577,7,7,320,-410,8.0,-110,-110,45.0,-108,-112,0,outdoors,fieldturf,67,7,00-0035289,00-0036442,Gardner Minshew,Joe Burrow,Antonio Pierce,Zac Taylor,Brad Rogers,CIN00,Paycor Stadium,away,LV,CIN,8.0,-17.0,NFL,2024_09_LV_CIN-LV,8.0,45.0,archived_reference_line
2024_09_LV_CIN,2024,REG,9,2024-11-03,Sunday,13:00,LV,24.0,CIN,41.0,Home,17.0,65.0,0,2024110304,59636,,202411030cin,,401671704,6577,7,7,320,-410,8.0,-110,-110,45.0,-108,-112,0,outdoors,fieldturf,67,7,00-0035289,00-0036442,Gardner Minshew,Joe Burrow,Antonio Pierce,Zac Taylor,Brad Rogers,CIN00,Paycor Stadium,home,CIN,LV,-8.0,17.0,NFL,2024_09_LV_CIN-CIN,8.0,45.0,archived_reference_line
2024_09_MIA_BUF,2024,REG,9,2024-11-03,Sunday,13:00,MIA,27.0,BUF,30.0,Home,3.0,57.0,0,2024110302,59634,,202411030buf,,401671493,6575,7,7,230,-285,6.5,-110,-110,49.0,-108,-112,1,outdoors,a_turf,54,9,00-0036212,00-0034857,Tua Tagovailoa,Josh Allen,Mike McDaniel,Sean McDermott,Tra Blake,BUF00,New Era Field,away,MIA,BUF,6.5,-3.0,NFL,2024_09_MIA_BUF-MIA,6.5,49.0,archived_reference_line
2024_09_MIA_BUF,2024,REG,9,2024-11-03,Sunday,13:00,MIA,27.0,BUF,30.0,Home,3.0,57.0,0,2024110302,59634,,202411030buf,,401671493,6575,7,7,230,-285,6.5,-110,-110,49.0,-108,-112,1,outdoors,a_turf,54,9,00-0036212,00-0034857,Tua Tagovailoa,Josh Allen,Mike McDaniel,Sean McDermott,Tra Blake,BUF00,New Era Field,home,BUF,MIA,-6.5,3.0,NFL,2024_09_MIA_BUF-BUF,6.5,49.0,archived_reference_line
2024_09_NE_TEN,2024,REG,9,2024-11-03,Sunday,13:00,NE,17.0,TEN,20.0,Home,3.0,37.0,1,2024110308,59640,,202411030oti,,401671822,6581,7,7,136,-162,3.0,-105,-115,38.5,-110,-110,0,outdoors,grass,75,10,00-0039851,00-0034771,Drake Maye,Mason Rudolph,Jerod Mayo,Brian Callahan,Alex Kemp,NAS00,Nissan Stadium,away,NE,TEN,3.0,-3.0,NFL,2024_09_NE_TEN-NE,3.0,38.5,archived_reference_line
2024_09_NE_TEN,2024,REG,9,2024-11-03,Sunday,13:00,NE,17.0,TEN,20.0,Home,3.0,37.0,1,2024110308,59640,,202411030oti,,401671822,6581,7,7,136,-162,3.0,-105,-115,38.5,-110,-110,0,outdoors,grass,75,10,00-0039851,00-0034771,Drake Maye,Mason Rudolph,Jerod Mayo,Brian Callahan,Alex Kemp,NAS00,Nissan Stadium,home,TEN,NE,-3.0,3.0,NFL,2024_09_NE_TEN-TEN,3.0,38.5,archived_reference_line
2024_09_NO_CAR,2024,REG,9,2024-11-03,Sunday,13:00,NO,22.0,CAR,23.0,Home,1.0,45.0,0,2024110303,59635,,202411030car,,401671650,6576,7,7,-345,275,-7.0,-118,-102,43.5,-108,-112,1,outdoors,grass,66,7,00-0031280,00-0039150,Derek Carr,Bryce Young,Dennis Allen,Dave Canales,Ron Torbert,CAR00,Bank of America Stadium,away,NO,CAR,-7.0,-1.0,NFL,2024_09_NO_CAR-NO,-7.0,43.5,archived_reference_line
2024_09_NO_CAR,2024,REG,9,2024-11-03,Sunday,13:00,NO,22.0,CAR,23.0,Home,1.0,45.0,0,2024110303,59635,,202411030car,,401671650,6576,7,7,-345,275,-7.0,-118,-102,43.5,-108,-112,1,outdoors,grass,66,7,00-0031280,00-0039150,Derek Carr,Bryce Young,Dennis Allen,Dave Canales,Ron Torbert,CAR00,Bank of America Stadium,home,CAR,NO,7.0,1.0,NFL,2024_09_NO_CAR-CAR,-7.0,43.5,archived_reference_line
2024_09_TB_KC,2024,REG,9,2024-11-04,Monday,20:15,TB,24.0,KC,30.0,Home,6.0,54.0,1,2024110400,59645,,202411040kan,,401671688,6586,8,8,330,-425,9.0,-110,-110,45.5,-108,-112,0,outdoors,grass,63,6,00-0034855,00-0033873,Baker Mayfield,Patrick Mahomes,Todd Bowles,Andy Reid,John Hussey,KAN00,GEHA Field at Arrowhead Stadium,away,TB,KC,9.0,-6.0,NFL,2024_09_TB_KC-TB,9.0,45.5,archived_reference_line
2024_09_TB_KC,2024,REG,9,2024-11-04,Monday,20:15,TB,24.0,KC,30.0,Home,6.0,54.0,1,2024110400,59645,,202411040kan,,401671688,6586,8,8,330,-425,9.0,-110,-110,45.5,-108,-112,0,outdoors,grass,63,6,00-0034855,00-0033873,Baker Mayfield,Patrick Mahomes,Todd Bowles,Andy Reid,John Hussey,KAN00,GEHA Field at Arrowhead Stadium,home,KC,TB,-9.0,6.0,NFL,2024_09_TB_KC-KC,9.0,45.5,archived_reference_line
2024_09_WAS_NYG,2024,REG,9,2024-11-03,Sunday,13:00,WAS,27.0,NYG,22.0,Home,-5.0,49.0,0,2024110307,59639,,202411030nyg,,401671711,6580,7,6,-218,180,-4.5,-108,-112,44.5,-110,-110,1,outdoors,fieldturf,52,6,00-0032268,00-0035710,Marcus Mariota,Daniel Jones,Dan Quinn,Brian Daboll,Brad Allen,NYC01,MetLife Stadium,away,WAS,NYG,-4.5,5.0,NFL,2024_09_WAS_NYG-WAS,-4.5,44.5,archived_reference_line
2024_09_WAS_NYG,2024,REG,9,2024-11-03,Sunday,13:00,WAS,27.0,NYG,22.0,Home,-5.0,49.0,0,2024110307,59639,,202411030nyg,,401671711,6580,7,6,-218,180,-4.5,-108,-112,44.5,-110,-110,1,outdoors,fieldturf,52,6,00-0032268,00-0035710,Marcus Mariota,Daniel Jones,Dan Quinn,Brian Daboll,Brad Allen,NYC01,MetLife Stadium,home,NYG,WAS,4.5,-5.0,NFL,2024_09_WAS_NYG-NYG,-4.5,44.5,archived_reference_line
2024_10_ATL_NO,2024,REG,10,2024-11-10,Sunday,13:00,ATL,17.0,NO,20.0,Home,3.0,37.0,0,2024111005,59652,,202411100nor,,401671733,6593,7,7,-192,160,-3.5,-112,-108,46.5,-112,-108,1,dome,sportturf,,,00-0029604,00-0031280,Kirk Cousins,Derek Carr,Raheem Morris,Dennis Allen,Carl Cheffers,NOR00,Mercedes-Benz Superdome,away,ATL,NO,-3.5,-3.0,NFL,2024_10_ATL_NO-ATL,-3.5,46.5,archived_reference_line
2024_10_ATL_NO,2024,REG,10,2024-11-10,Sunday,13:00,ATL,17.0,NO,20.0,Home,3.0,37.0,0,2024111005,59652,,202411100nor,,401671733,6593,7,7,-192,160,-3.5,-112,-108,46.5,-112,-108,1,dome,sportturf,,,00-0029604,00-0031280,Kirk Cousins,Derek Carr,Raheem Morris,Dennis Allen,Carl Cheffers,NOR00,Mercedes-Benz Superdome,home,NO,ATL,3.5,3.0,NFL,2024_10_ATL_NO-NO,-3.5,46.5,archived_reference_line
2024_10_BUF_IND,2024,REG,10,2024-11-10,Sunday,13:00,BUF,30.0,IND,20.0,Home,-10.0,50.0,0,2024111002,59649,,202411100clt,,401671863,6590,7,7,-230,190,-4.5,-115,-105,46.5,-108,-112,0,closed,fieldturf,,,00-0034857,00-0026158,Josh Allen,Joe Flacco,Sean McDermott,Shane Steichen,Scott Novak,IND00,Lucas Oil Stadium,away,BUF,IND,-4.5,10.0,NFL,2024_10_BUF_IND-BUF,-4.5,46.5,archived_reference_line
2024_10_BUF_IND,2024,REG,10,2024-11-10,Sunday,13:00,BUF,30.0,IND,20.0,Home,-10.0,50.0,0,2024111002,59649,,202411100clt,,401671863,6590,7,7,-230,190,-4.5,-115,-105,46.5,-108,-112,0,closed,fieldturf,,,00-0034857,00-0026158,Josh Allen,Joe Flacco,Sean McDermott,Shane Steichen,Scott Novak,IND00,Lucas Oil Stadium,home,IND,BUF,4.5,-10.0,NFL,2024_10_BUF_IND-IND,-4.5,46.5,archived_reference_line
2024_10_CIN_BAL,2024,REG,10,2024-11-07,Thursday,20:15,CIN,34.0,BAL,35.0,Home,1.0,69.0,0,2024110700,59646,,202411070rav,,401671810,6587,4,4,220,-270,6.0,-108,-112,53.0,-108,-112,1,outdoors,grass,69,6,00-0036442,00-0034796,Joe Burrow,Lamar Jackson,Zac Taylor,John Harbaugh,Clete Blakeman,BAL00,M&T Bank Stadium,away,CIN,BAL,6.0,-1.0,NFL,2024_10_CIN_BAL-CIN,6.0,53.0,archived_reference_line
2024_10_CIN_BAL,2024,REG,10,2024-11-07,Thursday,20:15,CIN,34.0,BAL,35.0,Home,1.0,69.0,0,2024110700,59646,,202411070rav,,401671810,6587,4,4,220,-270,6.0,-108,-112,53.0,-108,-112,1,outdoors,grass,69,6,00-0036442,00-0034796,Joe Burrow,Lamar Jackson,Zac Taylor,John Harbaugh,Clete Blakeman,BAL00,M&T Bank Stadium,home,BAL,CIN,-6.0,1.0,NFL,2024_10_CIN_BAL-BAL,6.0,53.0,archived_reference_line
2024_10_DEN_KC,2024,REG,10,2024-11-10,Sunday,13:00,DEN,14.0,KC,16.0,Home,2.0,30.0,0,2024111004,59651,,202411100kan,,401671637,6592,7,6,300,-380,7.5,-115,-105,42.5,-110,-110,1,outdoors,grass,57,12,00-0039732,00-0033873,Bo Nix,Patrick Mahomes,Sean Payton,Andy Reid,Brad Allen,KAN00,GEHA Field at Arrowhead Stadium,away,DEN,KC,7.5,-2.0,NFL,2024_10_DEN_KC-DEN,7.5,42.5,archived_reference_line
2024_10_DEN_KC,2024,REG,10,2024-11-10,Sunday,13:00,DEN,14.0,KC,16.0,Home,2.0,30.0,0,2024111004,59651,,202411100kan,,401671637,6592,7,6,300,-380,7.5,-115,-105,42.5,-110,-110,1,outdoors,grass,57,12,00-0039732,00-0033873,Bo Nix,Patrick Mahomes,Sean Payton,Andy Reid,Brad Allen,KAN00,GEHA Field at Arrowhead Stadium,home,KC,DEN,-7.5,2.0,NFL,2024_10_DEN_KC-KC,7.5,42.5,archived_reference_line
2024_10_DET_HOU,2024,REG,10,2024-11-10,Sunday,20:20,DET,26.0,HOU,23.0,Home,-3.0,49.0,0,2024111011,59658,,202411100htx,,401671787,6599,7,10,-230,190,-4.5,-110,-110,49.0,-110,-112,0,closed,astroturf,,,00-0033106,00-0039163,Jared Goff,C.J. Stroud,Dan Campbell,DeMeco Ryans,Bill Vinovich,HOU00,NRG Stadium,away,DET,HOU,-4.5,3.0,NFL,2024_10_DET_HOU-DET,-4.5,49.0,archived_reference_line
2024_10_DET_HOU,2024,REG,10,2024-11-10,Sunday,20:20,DET,26.0,HOU,23.0,Home,-3.0,49.0,0,2024111011,59658,,202411100htx,,401671787,6599,7,10,-230,190,-4.5,-110,-110,49.0,-110,-112,0,closed,astroturf,,,00-0033106,00-0039163,Jared Goff,C.J. Stroud,Dan Campbell,DeMeco Ryans,Bill Vinovich,HOU00,NRG Stadium,home,HOU,DET,4.5,-3.0,NFL,2024_10_DET_HOU-HOU,-4.5,49.0,archived_reference_line
2024_10_MIA_LA,2024,REG,10,2024-11-11,Monday,20:15,MIA,23.0,LA,15.0,Home,-8.0,38.0,0,2024111100,59659,,202411110ram,,401671693,6600,8,8,120,-142,2.5,-102,-118,49.5,-108,-112,0,dome,matrixturf,,,00-0036212,00-0026498,Tua Tagovailoa,Matthew Stafford,Mike McDaniel,Sean McVay,Ron Torbert,LAX01,SoFi Stadium,away,MIA,LA,2.5,8.0,NFL,2024_10_MIA_LA-MIA,2.5,49.5,archived_reference_line
2024_10_MIA_LA,2024,REG,10,2024-11-11,Monday,20:15,MIA,23.0,LA,15.0,Home,-8.0,38.0,0,2024111100,59659,,202411110ram,,401671693,6600,8,8,120,-142,2.5,-102,-118,49.5,-108,-112,0,dome,matrixturf,,,00-0036212,00-0026498,Tua Tagovailoa,Matthew Stafford,Mike McDaniel,Sean McVay,Ron Torbert,LAX01,SoFi Stadium,home,LA,MIA,-2.5,-8.0,NFL,2024_10_MIA_LA-LA,2.5,49.5,archived_reference_line
2024_10_MIN_JAX,2024,REG,10,2024-11-10,Sunday,13:00,MIN,12.0,JAX,7.0,Home,-5.0,19.0,0,2024111003,59650,,202411100jax,,401671708,6591,7,7,-345,280,-7.0,-120,100,42.5,-108,-112,0,outdoors,grass,79,7,00-0034869,00-0036972,Sam Darnold,Mac Jones,Kevin O'Connell,Doug Pederson,Adrian Hill,JAX00,TIAA Bank Stadium,away,MIN,JAX,-7.0,5.0,NFL,2024_10_MIN_JAX-MIN,-7.0,42.5,archived_reference_line
2024_10_MIN_JAX,2024,REG,10,2024-11-10,Sunday,13:00,MIN,12.0,JAX,7.0,Home,-5.0,19.0,0,2024111003,59650,,202411100jax,,401671708,6591,7,7,-345,280,-7.0,-120,100,42.5,-108,-112,0,outdoors,grass,79,7,00-0034869,00-0036972,Sam Darnold,Mac Jones,Kevin O'Connell,Doug Pederson,Adrian Hill,JAX00,TIAA Bank Stadium,home,JAX,MIN,7.0,-5.0,NFL,2024_10_MIN_JAX-JAX,-7.0,42.5,archived_reference_line
2024_10_NE_CHI,2024,REG,10,2024-11-10,Sunday,13:00,NE,19.0,CHI,3.0,Home,-16.0,22.0,0,2024111001,59648,,202411100chi,,401671873,6589,7,7,260,-325,6.5,-110,-110,37.5,-112,-108,0,outdoors,grass,60,6,00-0039851,00-0039918,Drake Maye,Caleb Williams,Jerod Mayo,Matt Eberflus,Land Clark,CHI98,Soldier Field,away,NE,CHI,6.5,16.0,NFL,2024_10_NE_CHI-NE,6.5,37.5,archived_reference_line
2024_10_NE_CHI,2024,REG,10,2024-11-10,Sunday,13:00,NE,19.0,CHI,3.0,Home,-16.0,22.0,0,2024111001,59648,,202411100chi,,401671873,6589,7,7,260,-325,6.5,-110,-110,37.5,-112,-108,0,outdoors,grass,60,6,00-0039851,00-0039918,Drake Maye,Caleb Williams,Jerod Mayo,Matt Eberflus,Land Clark,CHI98,Soldier Field,home,CHI,NE,-6.5,-16.0,NFL,2024_10_NE_CHI-CHI,6.5,37.5,archived_reference_line
2024_10_NYG_CAR,2024,REG,10,2024-11-10,Sunday,09:30,NYG,17.0,CAR,20.0,Neutral,3.0,37.0,1,2024111000,59647,,202411100car,,401671803,6588,7,7,-298,240,-6.5,-118,-102,40.5,-115,-105,0,outdoors,,,,00-0035710,00-0027973,Daniel Jones,Andy Dalton,Brian Daboll,Dave Canales,Shawn Hochuli,GER00,Allianz Arena,away,NYG,CAR,-6.5,-3.0,NFL,2024_10_NYG_CAR-NYG,-6.5,40.5,archived_reference_line
2024_10_NYG_CAR,2024,REG,10,2024-11-10,Sunday,09:30,NYG,17.0,CAR,20.0,Neutral,3.0,37.0,1,2024111000,59647,,202411100car,,401671803,6588,7,7,-298,240,-6.5,-118,-102,40.5,-115,-105,0,outdoors,,,,00-0035710,00-0027973,Daniel Jones,Andy Dalton,Brian Daboll,Dave Canales,Shawn Hochuli,GER00,Allianz Arena,home,CAR,NYG,6.5,3.0,NFL,2024_10_NYG_CAR-CAR,-6.5,40.5,archived_reference_line
2024_10_NYJ_ARI,2024,REG,10,2024-11-10,Sunday,16:25,NYJ,6.0,ARI,31.0,Home,25.0,37.0,0,2024111009,59656,,202411100crd,,401671678,6597,10,7,-130,110,-2.0,-110,-110,45.5,-108,-112,0,closed,grass,,,00-0023459,00-0035228,Aaron Rodgers,Kyler Murray,Robert Saleh,Jonathan Gannon,John Hussey,PHO00,State Farm Stadium,away,NYJ,ARI,-2.0,-25.0,NFL,2024_10_NYJ_ARI-NYJ,-2.0,45.5,archived_reference_line
2024_10_NYJ_ARI,2024,REG,10,2024-11-10,Sunday,16:25,NYJ,6.0,ARI,31.0,Home,25.0,37.0,0,2024111009,59656,,202411100crd,,401671678,6597,10,7,-130,110,-2.0,-110,-110,45.5,-108,-112,0,closed,grass,,,00-0023459,00-0035228,Aaron Rodgers,Kyler Murray,Robert Saleh,Jonathan Gannon,John Hussey,PHO00,State Farm Stadium,home,ARI,NYJ,2.0,25.0,NFL,2024_10_NYJ_ARI-ARI,-2.0,45.5,archived_reference_line
2024_10_PHI_DAL,2024,REG,10,2024-11-10,Sunday,16:25,PHI,34.0,DAL,6.0,Home,-28.0,40.0,0,2024111010,59657,,202411100dal,,401671676,6598,7,7,-360,285,-7.5,-108,-112,44.5,-110,-110,1,closed,matrixturf,,,00-0036389,00-0033662,Jalen Hurts,Cooper Rush,Nick Sirianni,Mike McCarthy,Alex Kemp,DAL00,AT&T Stadium,away,PHI,DAL,-7.5,28.0,NFL,2024_10_PHI_DAL-PHI,-7.5,44.5,archived_reference_line
2024_10_PHI_DAL,2024,REG,10,2024-11-10,Sunday,16:25,PHI,34.0,DAL,6.0,Home,-28.0,40.0,0,2024111010,59657,,202411100dal,,401671676,6598,7,7,-360,285,-7.5,-108,-112,44.5,-110,-110,1,closed,matrixturf,,,00-0036389,00-0033662,Jalen Hurts,Cooper Rush,Nick Sirianni,Mike McCarthy,Alex Kemp,DAL00,AT&T Stadium,home,DAL,PHI,7.5,-28.0,NFL,2024_10_PHI_DAL-DAL,-7.5,44.5,archived_reference_line
2024_10_PIT_WAS,2024,REG,10,2024-11-10,Sunday,13:00,PIT,28.0,WAS,27.0,Home,-1.0,55.0,0,2024111007,59654,,202411100was,,401671641,6595,13,7,102,-122,1.5,-110,-110,45.0,-108,-112,0,outdoors,grass,57,9,00-0029263,00-0032268,Russell Wilson,Marcus Mariota,Mike Tomlin,Dan Quinn,Brad Rogers,WAS00,FedExField,away,PIT,WAS,1.5,1.0,NFL,2024_10_PIT_WAS-PIT,1.5,45.0,archived_reference_line
2024_10_PIT_WAS,2024,REG,10,2024-11-10,Sunday,13:00,PIT,28.0,WAS,27.0,Home,-1.0,55.0,0,2024111007,59654,,202411100was,,401671641,6595,13,7,102,-122,1.5,-110,-110,45.0,-108,-112,0,outdoors,grass,57,9,00-0029263,00-0032268,Russell Wilson,Marcus Mariota,Mike Tomlin,Dan Quinn,Brad Rogers,WAS00,FedExField,home,WAS,PIT,-1.5,-1.0,NFL,2024_10_PIT_WAS-WAS,1.5,45.0,archived_reference_line
2024_10_SF_TB,2024,REG,10,2024-11-10,Sunday,13:00,SF,23.0,TB,20.0,Home,-3.0,43.0,0,2024111006,59653,,202411100tam,,401671742,6594,14,6,-298,240,-6.5,-118,-102,50.5,-112,-108,0,outdoors,grass,85,9,00-0037834,00-0034855,Brock Purdy,Baker Mayfield,Kyle Shanahan,Todd Bowles,Shawn Smith,TAM00,Raymond James Stadium,away,SF,TB,-6.5,3.0,NFL,2024_10_SF_TB-SF,-6.5,50.5,archived_reference_line
2024_10_SF_TB,2024,REG,10,2024-11-10,Sunday,13:00,SF,23.0,TB,20.0,Home,-3.0,43.0,0,2024111006,59653,,202411100tam,,401671742,6594,14,6,-298,240,-6.5,-118,-102,50.5,-112,-108,0,outdoors,grass,85,9,00-0037834,00-0034855,Brock Purdy,Baker Mayfield,Kyle Shanahan,Todd Bowles,Shawn Smith,TAM00,Raymond James Stadium,home,TB,SF,6.5,-3.0,NFL,2024_10_SF_TB-TB,-6.5,50.5,archived_reference_line
2024_10_TEN_LAC,2024,REG,10,2024-11-10,Sunday,16:05,TEN,17.0,LAC,27.0,Home,10.0,44.0,0,2024111008,59655,,202411100sdg,,401671751,6596,7,7,300,-380,8.0,-108,-112,40.0,-110,-110,0,dome,matrixturf,,,00-0034771,00-0036355,Mason Rudolph,Justin Herbert,Brian Callahan,Jim Harbaugh,Craig Wrolstad,LAX01,SoFi Stadium,away,TEN,LAC,8.0,-10.0,NFL,2024_10_TEN_LAC-TEN,8.0,40.0,archived_reference_line
2024_10_TEN_LAC,2024,REG,10,2024-11-10,Sunday,16:05,TEN,17.0,LAC,27.0,Home,10.0,44.0,0,2024111008,59655,,202411100sdg,,401671751,6596,7,7,300,-380,8.0,-108,-112,40.0,-110,-110,0,dome,matrixturf,,,00-0034771,00-0036355,Mason Rudolph,Justin Herbert,Brian Callahan,Jim Harbaugh,Craig Wrolstad,LAX01,SoFi Stadium,home,LAC,TEN,-8.0,10.0,NFL,2024_10_TEN_LAC-LAC,8.0,40.0,archived_reference_line
2024_11_ATL_DEN,2024,REG,11,2024-11-17,Sunday,16:05,ATL,6.0,DEN,38.0,Home,32.0,44.0,0,2024111707,59668,,202411170den,,401671748,6609,7,7,114,-135,2.0,-108,-112,44.5,-112,-108,0,outdoors,grass,55,9,00-0029604,00-0039732,Kirk Cousins,Bo Nix,Raheem Morris,Sean Payton,Alan Eck,DEN00,Empower Field at Mile High,away,ATL,DEN,2.0,-32.0,NFL,2024_11_ATL_DEN-ATL,2.0,44.5,archived_reference_line
2024_11_ATL_DEN,2024,REG,11,2024-11-17,Sunday,16:05,ATL,6.0,DEN,38.0,Home,32.0,44.0,0,2024111707,59668,,202411170den,,401671748,6609,7,7,114,-135,2.0,-108,-112,44.5,-112,-108,0,outdoors,grass,55,9,00-0029604,00-0039732,Kirk Cousins,Bo Nix,Raheem Morris,Sean Payton,Alan Eck,DEN00,Empower Field at Mile High,home,DEN,ATL,-2.0,32.0,NFL,2024_11_ATL_DEN-DEN,2.0,44.5,archived_reference_line
2024_11_BAL_PIT,2024,REG,11,2024-11-17,Sunday,13:00,BAL,16.0,PIT,18.0,Home,2.0,34.0,0,2024111705,59666,,202411170pit,,401671630,6607,10,7,-175,145,-3.0,-120,100,48.0,-108,-112,1,outdoors,grass,52,5,00-0034796,00-0029263,Lamar Jackson,Russell Wilson,John Harbaugh,Mike Tomlin,Clay Martin,PIT00,Acrisure Stadium,away,BAL,PIT,-3.0,-2.0,NFL,2024_11_BAL_PIT-BAL,-3.0,48.0,archived_reference_line
2024_11_BAL_PIT,2024,REG,11,2024-11-17,Sunday,13:00,BAL,16.0,PIT,18.0,Home,2.0,34.0,0,2024111705,59666,,202411170pit,,401671630,6607,10,7,-175,145,-3.0,-120,100,48.0,-108,-112,1,outdoors,grass,52,5,00-0034796,00-0029263,Lamar Jackson,Russell Wilson,John Harbaugh,Mike Tomlin,Clay Martin,PIT00,Acrisure Stadium,home,PIT,BAL,3.0,2.0,NFL,2024_11_BAL_PIT-PIT,-3.0,48.0,archived_reference_line
2024_11_CIN_LAC,2024,REG,11,2024-11-17,Sunday,20:20,CIN,27.0,LAC,34.0,Home,7.0,61.0,0,2024111710,59671,,202411170sdg,,401671675,6612,10,7,-110,-110,1.0,-118,-102,48.0,-105,-115,0,dome,matrixturf,,,00-0036442,00-0036355,Joe Burrow,Justin Herbert,Zac Taylor,Jim Harbaugh,Brad Allen,LAX01,SoFi Stadium,away,CIN,LAC,1.0,-7.0,NFL,2024_11_CIN_LAC-CIN,1.0,48.0,archived_reference_line
2024_11_CIN_LAC,2024,REG,11,2024-11-17,Sunday,20:20,CIN,27.0,LAC,34.0,Home,7.0,61.0,0,2024111710,59671,,202411170sdg,,401671675,6612,10,7,-110,-110,1.0,-118,-102,48.0,-105,-115,0,dome,matrixturf,,,00-0036442,00-0036355,Joe Burrow,Justin Herbert,Zac Taylor,Jim Harbaugh,Brad Allen,LAX01,SoFi Stadium,home,LAC,CIN,-1.0,7.0,NFL,2024_11_CIN_LAC-LAC,1.0,48.0,archived_reference_line
2024_11_CLE_NO,2024,REG,11,2024-11-17,Sunday,13:00,CLE,14.0,NO,35.0,Home,21.0,49.0,0,2024111704,59665,,202411170nor,,401671746,6606,14,7,-115,-105,-1.0,-110,-110,44.0,-110,-110,0,dome,sportturf,,,00-0031503,00-0031280,Jameis Winston,Derek Carr,Kevin Stefanski,Dennis Allen,Alex Kemp,NOR00,Mercedes-Benz Superdome,away,CLE,NO,-1.0,-21.0,NFL,2024_11_CLE_NO-CLE,-1.0,44.0,archived_reference_line
2024_11_CLE_NO,2024,REG,11,2024-11-17,Sunday,13:00,CLE,14.0,NO,35.0,Home,21.0,49.0,0,2024111704,59665,,202411170nor,,401671746,6606,14,7,-115,-105,-1.0,-110,-110,44.0,-110,-110,0,dome,sportturf,,,00-0031503,00-0031280,Jameis Winston,Derek Carr,Kevin Stefanski,Dennis Allen,Alex Kemp,NOR00,Mercedes-Benz Superdome,home,NO,CLE,1.0,21.0,NFL,2024_11_CLE_NO-NO,-1.0,44.0,archived_reference_line
2024_11_GB_CHI,2024,REG,11,2024-11-17,Sunday,13:00,GB,20.0,CHI,19.0,Home,-1.0,39.0,0,2024111700,59661,,202411170chi,,401671869,6602,14,7,-265,215,-6.0,-115,-105,41.0,-108,-112,1,outdoors,grass,54,5,00-0036264,00-0039918,Jordan Love,Caleb Williams,Matt LaFleur,Matt Eberflus,Bill Vinovich,CHI98,Soldier Field,away,GB,CHI,-6.0,1.0,NFL,2024_11_GB_CHI-GB,-6.0,41.0,archived_reference_line
2024_11_GB_CHI,2024,REG,11,2024-11-17,Sunday,13:00,GB,20.0,CHI,19.0,Home,-1.0,39.0,0,2024111700,59661,,202411170chi,,401671869,6602,14,7,-265,215,-6.0,-115,-105,41.0,-108,-112,1,outdoors,grass,54,5,00-0036264,00-0039918,Jordan Love,Caleb Williams,Matt LaFleur,Matt Eberflus,Bill Vinovich,CHI98,Soldier Field,home,CHI,GB,6.0,-1.0,NFL,2024_11_GB_CHI-CHI,-6.0,41.0,archived_reference_line
2024_11_HOU_DAL,2024,REG,11,2024-11-18,Monday,20:15,HOU,34.0,DAL,10.0,Home,-24.0,44.0,0,2024111800,59673,,202411180dal,,401671694,6614,8,8,-360,285,-7.5,100,-120,41.5,-105,-115,0,closed,matrixturf,,,00-0039163,00-0033662,C.J. Stroud,Cooper Rush,DeMeco Ryans,Mike McCarthy,Craig Wrolstad,DAL00,AT&T Stadium,away,HOU,DAL,-7.5,24.0,NFL,2024_11_HOU_DAL-HOU,-7.5,41.5,archived_reference_line
2024_11_HOU_DAL,2024,REG,11,2024-11-18,Monday,20:15,HOU,34.0,DAL,10.0,Home,-24.0,44.0,0,2024111800,59673,,202411180dal,,401671694,6614,8,8,-360,285,-7.5,100,-120,41.5,-105,-115,0,closed,matrixturf,,,00-0039163,00-0033662,C.J. Stroud,Cooper Rush,DeMeco Ryans,Mike McCarthy,Craig Wrolstad,DAL00,AT&T Stadium,home,DAL,HOU,7.5,-24.0,NFL,2024_11_HOU_DAL-DAL,-7.5,41.5,archived_reference_line
2024_11_IND_NYJ,2024,REG,11,2024-11-17,Sunday,13:00,IND,28.0,NYJ,27.0,Home,-1.0,55.0,0,2024111711,59672,,202411170nyj,,401671782,6613,7,7,170,-205,4.0,-110,-110,43.0,-110,-110,0,outdoors,fieldturf,62,4,00-0026158,00-0023459,Joe Flacco,Aaron Rodgers,Shane Steichen,Robert Saleh,Tra Blake,NYC01,MetLife Stadium,away,IND,NYJ,4.0,1.0,NFL,2024_11_IND_NYJ-IND,4.0,43.0,archived_reference_line
2024_11_IND_NYJ,2024,REG,11,2024-11-17,Sunday,13:00,IND,28.0,NYJ,27.0,Home,-1.0,55.0,0,2024111711,59672,,202411170nyj,,401671782,6613,7,7,170,-205,4.0,-110,-110,43.0,-110,-110,0,outdoors,fieldturf,62,4,00-0026158,00-0023459,Joe Flacco,Aaron Rodgers,Shane Steichen,Robert Saleh,Tra Blake,NYC01,MetLife Stadium,home,NYJ,IND,-4.0,-1.0,NFL,2024_11_IND_NYJ-NYJ,4.0,43.0,archived_reference_line
2024_11_JAX_DET,2024,REG,11,2024-11-17,Sunday,13:00,JAX,6.0,DET,52.0,Home,46.0,58.0,0,2024111701,59662,,202411170det,,401671642,6603,7,7,650,-1000,14.0,-105,-115,47.5,-110,-110,0,dome,fieldturf,,,00-0036972,00-0033106,Mac Jones,Jared Goff,Doug Pederson,Dan Campbell,Scott Novak,DET00,Ford Field,away,JAX,DET,14.0,-46.0,NFL,2024_11_JAX_DET-JAX,14.0,47.5,archived_reference_line
2024_11_JAX_DET,2024,REG,11,2024-11-17,Sunday,13:00,JAX,6.0,DET,52.0,Home,46.0,58.0,0,2024111701,59662,,202411170det,,401671642,6603,7,7,650,-1000,14.0,-105,-115,47.5,-110,-110,0,dome,fieldturf,,,00-0036972,00-0033106,Mac Jones,Jared Goff,Doug Pederson,Dan Campbell,Scott Novak,DET00,Ford Field,home,DET,JAX,-14.0,46.0,NFL,2024_11_JAX_DET-DET,14.0,47.5,archived_reference_line
2024_11_KC_BUF,2024,REG,11,2024-11-17,Sunday,16:25,KC,21.0,BUF,30.0,Home,9.0,51.0,0,2024111709,59670,,202411170buf,,401671665,6611,7,7,120,-142,2.5,-108,-112,46.5,-108,-112,0,outdoors,a_turf,50,3,00-0033873,00-0034857,Patrick Mahomes,Josh Allen,Andy Reid,Sean McDermott,Land Clark,BUF00,New Era Field,away,KC,BUF,2.5,-9.0,NFL,2024_11_KC_BUF-KC,2.5,46.5,archived_reference_line
2024_11_KC_BUF,2024,REG,11,2024-11-17,Sunday,16:25,KC,21.0,BUF,30.0,Home,9.0,51.0,0,2024111709,59670,,202411170buf,,401671665,6611,7,7,120,-142,2.5,-108,-112,46.5,-108,-112,0,outdoors,a_turf,50,3,00-0033873,00-0034857,Patrick Mahomes,Josh Allen,Andy Reid,Sean McDermott,Land Clark,BUF00,New Era Field,home,BUF,KC,-2.5,9.0,NFL,2024_11_KC_BUF-BUF,2.5,46.5,archived_reference_line
2024_11_LA_NE,2024,REG,11,2024-11-17,Sunday,13:00,LA,28.0,NE,22.0,Home,-6.0,50.0,0,2024111703,59664,,202411170nwe,,401671701,6605,6,7,-198,164,-4.0,-108,-112,42.5,-112,-108,0,outdoors,fieldturf,59,9,00-0026498,00-0039851,Matthew Stafford,Drake Maye,Sean McVay,Jerod Mayo,Shawn Smith,BOS00,Gillette Stadium,away,LA,NE,-4.0,6.0,NFL,2024_11_LA_NE-LA,-4.0,42.5,archived_reference_line
2024_11_LA_NE,2024,REG,11,2024-11-17,Sunday,13:00,LA,28.0,NE,22.0,Home,-6.0,50.0,0,2024111703,59664,,202411170nwe,,401671701,6605,6,7,-198,164,-4.0,-108,-112,42.5,-112,-108,0,outdoors,fieldturf,59,9,00-0026498,00-0039851,Matthew Stafford,Drake Maye,Sean McVay,Jerod Mayo,Shawn Smith,BOS00,Gillette Stadium,home,NE,LA,4.0,-6.0,NFL,2024_11_LA_NE-NE,-4.0,42.5,archived_reference_line
2024_11_LV_MIA,2024,REG,11,2024-11-17,Sunday,13:00,LV,19.0,MIA,34.0,Home,15.0,53.0,0,2024111702,59663,,202411170mia,,401671851,6604,14,6,330,-425,8.0,-105,-115,43.5,-112,-108,0,outdoors,grass,80,16,00-0035289,00-0036212,Gardner Minshew,Tua Tagovailoa,Antonio Pierce,Mike McDaniel,John Hussey,MIA00,Hard Rock Stadium,away,LV,MIA,8.0,-15.0,NFL,2024_11_LV_MIA-LV,8.0,43.5,archived_reference_line
2024_11_LV_MIA,2024,REG,11,2024-11-17,Sunday,13:00,LV,19.0,MIA,34.0,Home,15.0,53.0,0,2024111702,59663,,202411170mia,,401671851,6604,14,6,330,-425,8.0,-105,-115,43.5,-112,-108,0,outdoors,grass,80,16,00-0035289,00-0036212,Gardner Minshew,Tua Tagovailoa,Antonio Pierce,Mike McDaniel,John Hussey,MIA00,Hard Rock Stadium,home,MIA,LV,-8.0,15.0,NFL,2024_11_LV_MIA-MIA,8.0,43.5,archived_reference_line
2024_11_MIN_TEN,2024,REG,11,2024-11-17,Sunday,13:00,MIN,23.0,TEN,13.0,Home,-10.0,36.0,0,2024111706,59667,,202411170oti,,401671824,6608,7,7,-290,235,-6.0,-118,-102,40.0,-110,-110,0,outdoors,grass,66,7,00-0034869,00-0034771,Sam Darnold,Mason Rudolph,Kevin O'Connell,Brian Callahan,Clete Blakeman,NAS00,Nissan Stadium,away,MIN,TEN,-6.0,10.0,NFL,2024_11_MIN_TEN-MIN,-6.0,40.0,archived_reference_line
2024_11_MIN_TEN,2024,REG,11,2024-11-17,Sunday,13:00,MIN,23.0,TEN,13.0,Home,-10.0,36.0,0,2024111706,59667,,202411170oti,,401671824,6608,7,7,-290,235,-6.0,-118,-102,40.0,-110,-110,0,outdoors,grass,66,7,00-0034869,00-0034771,Sam Darnold,Mason Rudolph,Kevin O'Connell,Brian Callahan,Clete Blakeman,NAS00,Nissan Stadium,home,TEN,MIN,6.0,-10.0,NFL,2024_11_MIN_TEN-TEN,-6.0,40.0,archived_reference_line
2024_11_SEA_SF,2024,REG,11,2024-11-17,Sunday,16:05,SEA,20.0,SF,17.0,Home,-3.0,37.0,0,2024111708,59669,,202411170sfo,,401671757,6610,14,7,215,-265,6.0,-110,-110,49.0,-112,-108,1,outdoors,grass,59,4,00-0030565,00-0037834,Geno Smith,Brock Purdy,Mike Macdonald,Kyle Shanahan,Brad Rogers,SFO01,Levi's Stadium,away,SEA,SF,6.0,3.0,NFL,2024_11_SEA_SF-SEA,6.0,49.0,archived_reference_line
2024_11_SEA_SF,2024,REG,11,2024-11-17,Sunday,16:05,SEA,20.0,SF,17.0,Home,-3.0,37.0,0,2024111708,59669,,202411170sfo,,401671757,6610,14,7,215,-265,6.0,-110,-110,49.0,-112,-108,1,outdoors,grass,59,4,00-0030565,00-0037834,Geno Smith,Brock Purdy,Mike Macdonald,Kyle Shanahan,Brad Rogers,SFO01,Levi's Stadium,home,SF,SEA,-6.0,-3.0,NFL,2024_11_SEA_SF-SF,6.0,49.0,archived_reference_line
2024_11_WAS_PHI,2024,REG,11,2024-11-14,Thursday,20:15,WAS,18.0,PHI,26.0,Home,8.0,44.0,0,2024111400,59660,,202411140phi,,401671813,6601,4,4,190,-230,4.5,-110,-110,49.5,-110,-110,1,outdoors,grass,46,9,00-0032268,00-0036389,Marcus Mariota,Jalen Hurts,Dan Quinn,Nick Sirianni,Adrian Hill,PHI00,Lincoln Financial Field,away,WAS,PHI,4.5,-8.0,NFL,2024_11_WAS_PHI-WAS,4.5,49.5,archived_reference_line
2024_11_WAS_PHI,2024,REG,11,2024-11-14,Thursday,20:15,WAS,18.0,PHI,26.0,Home,8.0,44.0,0,2024111400,59660,,202411140phi,,401671813,6601,4,4,190,-230,4.5,-110,-110,49.5,-110,-110,1,outdoors,grass,46,9,00-0032268,00-0036389,Marcus Mariota,Jalen Hurts,Dan Quinn,Nick Sirianni,Adrian Hill,PHI00,Lincoln Financial Field,home,PHI,WAS,-4.5,8.0,NFL,2024_11_WAS_PHI-PHI,4.5,49.5,archived_reference_line
2024_12_ARI_SEA,2024,REG,12,2024-11-24,Sunday,16:25,ARI,6.0,SEA,16.0,Home,10.0,22.0,0,2024112409,59684,,202411240sea,,401671775,6625,14,7,-115,-105,-1.0,-110,-110,46.5,-108,-112,1,outdoors,fieldturf,45,5,00-0035228,00-0030565,Kyler Murray,Geno Smith,Jonathan Gannon,Mike Macdonald,Scott Novak,SEA00,Lumen Field,away,ARI,SEA,-1.0,-10.0,NFL,2024_12_ARI_SEA-ARI,-1.0,46.5,archived_reference_line
2024_12_ARI_SEA,2024,REG,12,2024-11-24,Sunday,16:25,ARI,6.0,SEA,16.0,Home,10.0,22.0,0,2024112409,59684,,202411240sea,,401671775,6625,14,7,-115,-105,-1.0,-110,-110,46.5,-108,-112,1,outdoors,fieldturf,45,5,00-0035228,00-0030565,Kyler Murray,Geno Smith,Jonathan Gannon,Mike Macdonald,Scott Novak,SEA00,Lumen Field,home,SEA,ARI,1.0,10.0,NFL,2024_12_ARI_SEA-SEA,-1.0,46.5,archived_reference_line
2024_12_BAL_LAC,2024,REG,12,2024-11-25,Monday,20:15,BAL,30.0,LAC,23.0,Home,-7.0,53.0,0,2024112500,59686,,202411250sdg,,401671689,6627,8,8,-166,140,-3.0,-110,-110,51.0,-112,-108,0,dome,matrixturf,,,00-0034796,00-0036355,Lamar Jackson,Justin Herbert,John Harbaugh,Jim Harbaugh,Craig Wrolstad,LAX01,SoFi Stadium,away,BAL,LAC,-3.0,7.0,NFL,2024_12_BAL_LAC-BAL,-3.0,51.0,archived_reference_line
2024_12_BAL_LAC,2024,REG,12,2024-11-25,Monday,20:15,BAL,30.0,LAC,23.0,Home,-7.0,53.0,0,2024112500,59686,,202411250sdg,,401671689,6627,8,8,-166,140,-3.0,-110,-110,51.0,-112,-108,0,dome,matrixturf,,,00-0034796,00-0036355,Lamar Jackson,Justin Herbert,John Harbaugh,Jim Harbaugh,Craig Wrolstad,LAX01,SoFi Stadium,home,LAC,BAL,3.0,-7.0,NFL,2024_12_BAL_LAC-LAC,-3.0,51.0,archived_reference_line
2024_12_DAL_WAS,2024,REG,12,2024-11-24,Sunday,13:00,DAL,34.0,WAS,26.0,Home,-8.0,60.0,0,2024112406,59681,,202411240was,,401671715,6622,6,10,455,-625,10.5,-112,-108,45.0,-110,-110,1,outdoors,grass,55,5,00-0033662,00-0032268,Cooper Rush,Marcus Mariota,Mike McCarthy,Dan Quinn,Tra Blake,WAS00,FedExField,away,DAL,WAS,10.5,8.0,NFL,2024_12_DAL_WAS-DAL,10.5,45.0,archived_reference_line
2024_12_DAL_WAS,2024,REG,12,2024-11-24,Sunday,13:00,DAL,34.0,WAS,26.0,Home,-8.0,60.0,0,2024112406,59681,,202411240was,,401671715,6622,6,10,455,-625,10.5,-112,-108,45.0,-110,-110,1,outdoors,grass,55,5,00-0033662,00-0032268,Cooper Rush,Marcus Mariota,Mike McCarthy,Dan Quinn,Tra Blake,WAS00,FedExField,home,WAS,DAL,-10.5,-8.0,NFL,2024_12_DAL_WAS-WAS,10.5,45.0,archived_reference_line
2024_12_DEN_LV,2024,REG,12,2024-11-24,Sunday,16:05,DEN,29.0,LV,19.0,Home,-10.0,48.0,0,2024112407,59682,,202411240rai,,401671656,6623,7,7,-278,225,-6.5,-105,-115,41.5,-108,-112,1,dome,grass,,,00-0039732,00-0035289,Bo Nix,Gardner Minshew,Sean Payton,Antonio Pierce,Ron Torbert,VEG00,Allegiant Stadium,away,DEN,LV,-6.5,10.0,NFL,2024_12_DEN_LV-DEN,-6.5,41.5,archived_reference_line
2024_12_DEN_LV,2024,REG,12,2024-11-24,Sunday,16:05,DEN,29.0,LV,19.0,Home,-10.0,48.0,0,2024112407,59682,,202411240rai,,401671656,6623,7,7,-278,225,-6.5,-105,-115,41.5,-108,-112,1,dome,grass,,,00-0039732,00-0035289,Bo Nix,Gardner Minshew,Sean Payton,Antonio Pierce,Ron Torbert,VEG00,Allegiant Stadium,home,LV,DEN,6.5,-10.0,NFL,2024_12_DEN_LV-LV,-6.5,41.5,archived_reference_line
2024_12_DET_IND,2024,REG,12,2024-11-24,Sunday,13:00,DET,24.0,IND,6.0,Home,-18.0,30.0,0,2024112403,59678,,202411240clt,,401671866,6619,7,7,-375,295,-7.0,-122,102,50.5,-110,-110,0,closed,fieldturf,,,00-0033106,00-0026158,Jared Goff,Joe Flacco,Dan Campbell,Shane Steichen,Shawn Hochuli,IND00,Lucas Oil Stadium,away,DET,IND,-7.0,18.0,NFL,2024_12_DET_IND-DET,-7.0,50.5,archived_reference_line
2024_12_DET_IND,2024,REG,12,2024-11-24,Sunday,13:00,DET,24.0,IND,6.0,Home,-18.0,30.0,0,2024112403,59678,,202411240clt,,401671866,6619,7,7,-375,295,-7.0,-122,102,50.5,-110,-110,0,closed,fieldturf,,,00-0033106,00-0026158,Jared Goff,Joe Flacco,Dan Campbell,Shane Steichen,Shawn Hochuli,IND00,Lucas Oil Stadium,home,IND,DET,7.0,-18.0,NFL,2024_12_DET_IND-IND,-7.0,50.5,archived_reference_line
2024_12_KC_CAR,2024,REG,12,2024-11-24,Sunday,13:00,KC,30.0,CAR,27.0,Home,-3.0,57.0,0,2024112400,59675,,202411240car,,401671651,6616,7,14,-700,500,-11.0,-112,-108,43.0,-110,-110,0,outdoors,grass,61,5,00-0033873,00-0027973,Patrick Mahomes,Andy Dalton,Andy Reid,Dave Canales,Shawn Smith,CAR00,Bank of America Stadium,away,KC,CAR,-11.0,3.0,NFL,2024_12_KC_CAR-KC,-11.0,43.0,archived_reference_line
2024_12_KC_CAR,2024,REG,12,2024-11-24,Sunday,13:00,KC,30.0,CAR,27.0,Home,-3.0,57.0,0,2024112400,59675,,202411240car,,401671651,6616,7,14,-700,500,-11.0,-112,-108,43.0,-110,-110,0,outdoors,grass,61,5,00-0033873,00-0027973,Patrick Mahomes,Andy Dalton,Andy Reid,Dave Canales,Shawn Smith,CAR00,Bank of America Stadium,home,CAR,KC,11.0,-3.0,NFL,2024_12_KC_CAR-CAR,-11.0,43.0,archived_reference_line
2024_12_MIN_CHI,2024,REG,12,2024-11-24,Sunday,13:00,MIN,30.0,CHI,27.0,Home,-3.0,57.0,1,2024112401,59676,,202411240chi,,401671870,6617,7,7,-175,145,-3.0,-120,100,39.5,-108,-112,1,outdoors,grass,47,5,00-0034869,00-0039918,Sam Darnold,Caleb Williams,Kevin O'Connell,Matt Eberflus,Clay Martin,CHI98,Soldier Field,away,MIN,CHI,-3.0,3.0,NFL,2024_12_MIN_CHI-MIN,-3.0,39.5,archived_reference_line
2024_12_MIN_CHI,2024,REG,12,2024-11-24,Sunday,13:00,MIN,30.0,CHI,27.0,Home,-3.0,57.0,1,2024112401,59676,,202411240chi,,401671870,6617,7,7,-175,145,-3.0,-120,100,39.5,-108,-112,1,outdoors,grass,47,5,00-0034869,00-0039918,Sam Darnold,Caleb Williams,Kevin O'Connell,Matt Eberflus,Clay Martin,CHI98,Soldier Field,home,CHI,MIN,3.0,-3.0,NFL,2024_12_MIN_CHI-CHI,-3.0,39.5,archived_reference_line
2024_12_NE_MIA,2024,REG,12,2024-11-24,Sunday,13:00,NE,15.0,MIA,34.0,Home,19.0,49.0,0,2024112404,59679,,202411240mia,,401671847,6620,7,7,285,-360,7.5,-115,-105,46.0,-108,-112,1,outdoors,grass,77,6,00-0039851,00-0036212,Drake Maye,Tua Tagovailoa,Jerod Mayo,Mike McDaniel,Alan Eck,MIA00,Hard Rock Stadium,away,NE,MIA,7.5,-19.0,NFL,2024_12_NE_MIA-NE,7.5,46.0,archived_reference_line
2024_12_NE_MIA,2024,REG,12,2024-11-24,Sunday,13:00,NE,15.0,MIA,34.0,Home,19.0,49.0,0,2024112404,59679,,202411240mia,,401671847,6620,7,7,285,-360,7.5,-115,-105,46.0,-108,-112,1,outdoors,grass,77,6,00-0039851,00-0036212,Drake Maye,Tua Tagovailoa,Jerod Mayo,Mike McDaniel,Alan Eck,MIA00,Hard Rock Stadium,home,MIA,NE,-7.5,19.0,NFL,2024_12_NE_MIA-MIA,7.5,46.0,archived_reference_line
2024_12_PHI_LA,2024,REG,12,2024-11-24,Sunday,20:20,PHI,37.0,LA,20.0,Home,-17.0,57.0,0,2024112410,59685,,202411240ram,,401671794,6626,10,7,-170,142,-3.0,-112,-108,49.0,-108,-112,0,dome,matrixturf,,,00-0036389,00-0026498,Jalen Hurts,Matthew Stafford,Nick Sirianni,Sean McVay,Land Clark,LAX01,SoFi Stadium,away,PHI,LA,-3.0,17.0,NFL,2024_12_PHI_LA-PHI,-3.0,49.0,archived_reference_line
2024_12_PHI_LA,2024,REG,12,2024-11-24,Sunday,20:20,PHI,37.0,LA,20.0,Home,-17.0,57.0,0,2024112410,59685,,202411240ram,,401671794,6626,10,7,-170,142,-3.0,-112,-108,49.0,-108,-112,0,dome,matrixturf,,,00-0036389,00-0026498,Jalen Hurts,Matthew Stafford,Nick Sirianni,Sean McVay,Land Clark,LAX01,SoFi Stadium,home,LA,PHI,3.0,-17.0,NFL,2024_12_PHI_LA-LA,-3.0,49.0,archived_reference_line
2024_12_PIT_CLE,2024,REG,12,2024-11-21,Thursday,20:15,PIT,19.0,CLE,24.0,Home,5.0,43.0,0,2024112100,59674,,202411210cle,,401671875,6615,4,4,-205,170,-3.5,-115,-105,36.5,-108,-112,1,outdoors,grass,36,13,00-0029263,00-0031503,Russell Wilson,Jameis Winston,Mike Tomlin,Kevin Stefanski,Brad Allen,CLE00,FirstEnergy Stadium,away,PIT,CLE,-3.5,-5.0,NFL,2024_12_PIT_CLE-PIT,-3.5,36.5,archived_reference_line
2024_12_PIT_CLE,2024,REG,12,2024-11-21,Thursday,20:15,PIT,19.0,CLE,24.0,Home,5.0,43.0,0,2024112100,59674,,202411210cle,,401671875,6615,4,4,-205,170,-3.5,-115,-105,36.5,-108,-112,1,outdoors,grass,36,13,00-0029263,00-0031503,Russell Wilson,Jameis Winston,Mike Tomlin,Kevin Stefanski,Brad Allen,CLE00,FirstEnergy Stadium,home,CLE,PIT,3.5,5.0,NFL,2024_12_PIT_CLE-CLE,-3.5,36.5,archived_reference_line
2024_12_SF_GB,2024,REG,12,2024-11-24,Sunday,16:25,SF,10.0,GB,38.0,Home,28.0,48.0,0,2024112408,59683,,202411240gnb,,401671768,6624,7,7,235,-290,6.5,-112,-108,44.5,-108,-112,0,outdoors,grass,43,11,00-0032434,00-0036264,Brandon Allen,Jordan Love,Kyle Shanahan,Matt LaFleur,Craig Wrolstad,GNB00,Lambeau Field,away,SF,GB,6.5,-28.0,NFL,2024_12_SF_GB-SF,6.5,44.5,archived_reference_line
2024_12_SF_GB,2024,REG,12,2024-11-24,Sunday,16:25,SF,10.0,GB,38.0,Home,28.0,48.0,0,2024112408,59683,,202411240gnb,,401671768,6624,7,7,235,-290,6.5,-112,-108,44.5,-108,-112,0,outdoors,grass,43,11,00-0032434,00-0036264,Brandon Allen,Jordan Love,Kyle Shanahan,Matt LaFleur,Craig Wrolstad,GNB00,Lambeau Field,home,GB,SF,-6.5,28.0,NFL,2024_12_SF_GB-GB,6.5,44.5,archived_reference_line
2024_12_TB_NYG,2024,REG,12,2024-11-24,Sunday,13:00,TB,30.0,NYG,7.0,Home,-23.0,37.0,0,2024112405,59680,,202411240nyg,,401671638,6621,14,14,-298,240,-6.5,-108,-112,40.5,-110,-110,0,outdoors,fieldturf,50,13,00-0034855,00-0038476,Baker Mayfield,Tommy DeVito,Todd Bowles,Brian Daboll,Adrian Hill,NYC01,MetLife Stadium,away,TB,NYG,-6.5,23.0,NFL,2024_12_TB_NYG-TB,-6.5,40.5,archived_reference_line
2024_12_TB_NYG,2024,REG,12,2024-11-24,Sunday,13:00,TB,30.0,NYG,7.0,Home,-23.0,37.0,0,2024112405,59680,,202411240nyg,,401671638,6621,14,14,-298,240,-6.5,-108,-112,40.5,-110,-110,0,outdoors,fieldturf,50,13,00-0034855,00-0038476,Baker Mayfield,Tommy DeVito,Todd Bowles,Brian Daboll,Adrian Hill,NYC01,MetLife Stadium,home,NYG,TB,6.5,-23.0,NFL,2024_12_TB_NYG-NYG,-6.5,40.5,archived_reference_line
2024_12_TEN_HOU,2024,REG,12,2024-11-24,Sunday,13:00,TEN,32.0,HOU,27.0,Home,-5.0,59.0,0,2024112402,59677,,202411240htx,,401671858,6618,7,6,295,-375,8.0,-112,-108,40.5,-112,-108,1,closed,astroturf,,,00-0034771,00-0039163,Mason Rudolph,C.J. Stroud,Brian Callahan,DeMeco Ryans,Brad Rogers,HOU00,NRG Stadium,away,TEN,HOU,8.0,5.0,NFL,2024_12_TEN_HOU-TEN,8.0,40.5,archived_reference_line
2024_12_TEN_HOU,2024,REG,12,2024-11-24,Sunday,13:00,TEN,32.0,HOU,27.0,Home,-5.0,59.0,0,2024112402,59677,,202411240htx,,401671858,6618,7,6,295,-375,8.0,-112,-108,40.5,-112,-108,1,closed,astroturf,,,00-0034771,00-0039163,Mason Rudolph,C.J. Stroud,Brian Callahan,DeMeco Ryans,Brad Rogers,HOU00,NRG Stadium,home,HOU,TEN,-8.0,-5.0,NFL,2024_12_TEN_HOU-HOU,8.0,40.5,archived_reference_line
2024_13_ARI_MIN,2024,REG,13,2024-12-01,Sunday,13:00,ARI,22.0,MIN,23.0,Home,1.0,45.0,0,2024120103,59694,,202412010min,,401671726,6635,7,7,154,-185,3.5,-110,-110,45.5,-112,-108,0,dome,sportturf,,,00-0035228,00-0034869,Kyler Murray,Sam Darnold,Jonathan Gannon,Kevin O'Connell,Bill Vinovich,MIN01,U.S. Bank Stadium,away,ARI,MIN,3.5,-1.0,NFL,2024_13_ARI_MIN-ARI,3.5,45.5,archived_reference_line
2024_13_ARI_MIN,2024,REG,13,2024-12-01,Sunday,13:00,ARI,22.0,MIN,23.0,Home,1.0,45.0,0,2024120103,59694,,202412010min,,401671726,6635,7,7,154,-185,3.5,-110,-110,45.5,-112,-108,0,dome,sportturf,,,00-0035228,00-0034869,Kyler Murray,Sam Darnold,Jonathan Gannon,Kevin O'Connell,Bill Vinovich,MIN01,U.S. Bank Stadium,home,MIN,ARI,-3.5,1.0,NFL,2024_13_ARI_MIN-MIN,3.5,45.5,archived_reference_line
2024_13_CHI_DET,2024,REG,13,2024-11-28,Thursday,12:30,CHI,20.0,DET,23.0,Home,3.0,43.0,0,2024112800,59687,,202411280det,,401671492,6628,4,4,390,-520,9.5,-102,-118,47.5,100,-120,1,dome,fieldturf,,,00-0039918,00-0033106,Caleb Williams,Jared Goff,Matt Eberflus,Dan Campbell,Alan Eck,DET00,Ford Field,away,CHI,DET,9.5,-3.0,NFL,2024_13_CHI_DET-CHI,9.5,47.5,archived_reference_line
2024_13_CHI_DET,2024,REG,13,2024-11-28,Thursday,12:30,CHI,20.0,DET,23.0,Home,3.0,43.0,0,2024112800,59687,,202411280det,,401671492,6628,4,4,390,-520,9.5,-102,-118,47.5,100,-120,1,dome,fieldturf,,,00-0039918,00-0033106,Caleb Williams,Jared Goff,Matt Eberflus,Dan Campbell,Alan Eck,DET00,Ford Field,home,DET,CHI,-9.5,3.0,NFL,2024_13_CHI_DET-DET,9.5,47.5,archived_reference_line
2024_13_CLE_DEN,2024,REG,13,2024-12-02,Monday,20:15,CLE,32.0,DEN,41.0,Home,9.0,73.0,0,2024120200,59702,,202412020den,,401671686,6643,11,8,235,-290,6.5,-108,-112,41.5,-110,-110,0,outdoors,grass,48,4,00-0031503,00-0039732,Jameis Winston,Bo Nix,Kevin Stefanski,Sean Payton,John Hussey,DEN00,Empower Field at Mile High,away,CLE,DEN,6.5,-9.0,NFL,2024_13_CLE_DEN-CLE,6.5,41.5,archived_reference_line
2024_13_CLE_DEN,2024,REG,13,2024-12-02,Monday,20:15,CLE,32.0,DEN,41.0,Home,9.0,73.0,0,2024120200,59702,,202412020den,,401671686,6643,11,8,235,-290,6.5,-108,-112,41.5,-110,-110,0,outdoors,grass,48,4,00-0031503,00-0039732,Jameis Winston,Bo Nix,Kevin Stefanski,Sean Payton,John Hussey,DEN00,Empower Field at Mile High,home,DEN,CLE,-6.5,9.0,NFL,2024_13_CLE_DEN-DEN,6.5,41.5,archived_reference_line
2024_13_HOU_JAX,2024,REG,13,2024-12-01,Sunday,13:00,HOU,23.0,JAX,20.0,Home,-3.0,43.0,0,2024120102,59693,,202412010jax,,401671705,6634,7,14,-192,160,-3.5,-110,-110,44.5,-108,-112,1,outdoors,grass,,,00-0039163,00-0036971,C.J. Stroud,Trevor Lawrence,DeMeco Ryans,Doug Pederson,Land Clark,JAX00,TIAA Bank Stadium,away,HOU,JAX,-3.5,3.0,NFL,2024_13_HOU_JAX-HOU,-3.5,44.5,archived_reference_line
2024_13_HOU_JAX,2024,REG,13,2024-12-01,Sunday,13:00,HOU,23.0,JAX,20.0,Home,-3.0,43.0,0,2024120102,59693,,202412010jax,,401671705,6634,7,14,-192,160,-3.5,-110,-110,44.5,-108,-112,1,outdoors,grass,,,00-0039163,00-0036971,C.J. Stroud,Trevor Lawrence,DeMeco Ryans,Doug Pederson,Land Clark,JAX00,TIAA Bank Stadium,home,JAX,HOU,3.5,-3.0,NFL,2024_13_HOU_JAX-JAX,-3.5,44.5,archived_reference_line
2024_13_IND_NE,2024,REG,13,2024-12-01,Sunday,13:00,IND,25.0,NE,24.0,Home,-1.0,49.0,0,2024120104,59695,,202412010nwe,,401671620,6636,7,7,-135,114,-2.5,-115,-105,41.5,-110,-110,0,outdoors,fieldturf,36,9,00-0026158,00-0039851,Joe Flacco,Drake Maye,Shane Steichen,Jerod Mayo,Adrian Hill,BOS00,Gillette Stadium,away,IND,NE,-2.5,1.0,NFL,2024_13_IND_NE-IND,-2.5,41.5,archived_reference_line
2024_13_IND_NE,2024,REG,13,2024-12-01,Sunday,13:00,IND,25.0,NE,24.0,Home,-1.0,49.0,0,2024120104,59695,,202412010nwe,,401671620,6636,7,7,-135,114,-2.5,-115,-105,41.5,-110,-110,0,outdoors,fieldturf,36,9,00-0026158,00-0039851,Joe Flacco,Drake Maye,Shane Steichen,Jerod Mayo,Adrian Hill,BOS00,Gillette Stadium,home,NE,IND,2.5,-1.0,NFL,2024_13_IND_NE-NE,-2.5,41.5,archived_reference_line
2024_13_LAC_ATL,2024,REG,13,2024-12-01,Sunday,13:00,LAC,17.0,ATL,13.0,Home,-4.0,30.0,0,2024120100,59691,,202412010atl,,401671649,6632,6,14,-118,-102,-1.0,-108,-112,47.0,-110,-110,0,closed,fieldturf,,,00-0036355,00-0029604,Justin Herbert,Kirk Cousins,Jim Harbaugh,Raheem Morris,Clete Blakeman,ATL97,Mercedes-Benz Stadium,away,LAC,ATL,-1.0,4.0,NFL,2024_13_LAC_ATL-LAC,-1.0,47.0,archived_reference_line
2024_13_LAC_ATL,2024,REG,13,2024-12-01,Sunday,13:00,LAC,17.0,ATL,13.0,Home,-4.0,30.0,0,2024120100,59691,,202412010atl,,401671649,6632,6,14,-118,-102,-1.0,-108,-112,47.0,-110,-110,0,closed,fieldturf,,,00-0036355,00-0029604,Justin Herbert,Kirk Cousins,Jim Harbaugh,Raheem Morris,Clete Blakeman,ATL97,Mercedes-Benz Stadium,home,ATL,LAC,1.0,-4.0,NFL,2024_13_LAC_ATL-ATL,-1.0,47.0,archived_reference_line
2024_13_LA_NO,2024,REG,13,2024-12-01,Sunday,16:05,LA,21.0,NO,14.0,Home,-7.0,35.0,0,2024120108,59699,,202412010nor,,401671753,6640,7,14,-142,120,-2.5,-115,-105,48.5,-108,-112,0,dome,sportturf,,,00-0026498,00-0031280,Matthew Stafford,Derek Carr,Sean McVay,Dennis Allen,Brad Allen,NOR00,Mercedes-Benz Superdome,away,LA,NO,-2.5,7.0,NFL,2024_13_LA_NO-LA,-2.5,48.5,archived_reference_line
2024_13_LA_NO,2024,REG,13,2024-12-01,Sunday,16:05,LA,21.0,NO,14.0,Home,-7.0,35.0,0,2024120108,59699,,202412010nor,,401671753,6640,7,14,-142,120,-2.5,-115,-105,48.5,-108,-112,0,dome,sportturf,,,00-0026498,00-0031280,Matthew Stafford,Derek Carr,Sean McVay,Dennis Allen,Brad Allen,NOR00,Mercedes-Benz Superdome,home,NO,LA,2.5,-7.0,NFL,2024_13_LA_NO-NO,-2.5,48.5,archived_reference_line
2024_13_LV_KC,2024,REG,13,2024-11-29,Friday,15:00,LV,17.0,KC,19.0,Home,2.0,36.0,0,2024112900,59690,,202411290kan,,401671806,6631,5,5,550,-800,13.5,-108,-112,42.0,-108,-112,1,outdoors,grass,37,5,00-0035289,00-0033873,Gardner Minshew,Patrick Mahomes,Antonio Pierce,Andy Reid,Clay Martin,KAN00,GEHA Field at Arrowhead Stadium,away,LV,KC,13.5,-2.0,NFL,2024_13_LV_KC-LV,13.5,42.0,archived_reference_line
2024_13_LV_KC,2024,REG,13,2024-11-29,Friday,15:00,LV,17.0,KC,19.0,Home,2.0,36.0,0,2024112900,59690,,202411290kan,,401671806,6631,5,5,550,-800,13.5,-108,-112,42.0,-108,-112,1,outdoors,grass,37,5,00-0035289,00-0033873,Gardner Minshew,Patrick Mahomes,Antonio Pierce,Andy Reid,Clay Martin,KAN00,GEHA Field at Arrowhead Stadium,home,KC,LV,-13.5,2.0,NFL,2024_13_LV_KC-KC,13.5,42.0,archived_reference_line
2024_13_MIA_GB,2024,REG,13,2024-11-28,Thursday,20:20,MIA,17.0,GB,30.0,Home,13.0,47.0,0,2024112802,59689,,202411280gnb,,401671798,6630,4,4,145,-175,3.5,-115,-105,47.5,-110,-110,0,outdoors,grass,27,10,00-0036212,00-0036264,Tua Tagovailoa,Jordan Love,Mike McDaniel,Matt LaFleur,Shawn Smith,GNB00,Lambeau Field,away,MIA,GB,3.5,-13.0,NFL,2024_13_MIA_GB-MIA,3.5,47.5,archived_reference_line
2024_13_MIA_GB,2024,REG,13,2024-11-28,Thursday,20:20,MIA,17.0,GB,30.0,Home,13.0,47.0,0,2024112802,59689,,202411280gnb,,401671798,6630,4,4,145,-175,3.5,-115,-105,47.5,-110,-110,0,outdoors,grass,27,10,00-0036212,00-0036264,Tua Tagovailoa,Jordan Love,Mike McDaniel,Matt LaFleur,Shawn Smith,GNB00,Lambeau Field,home,GB,MIA,-3.5,13.0,NFL,2024_13_MIA_GB-GB,3.5,47.5,archived_reference_line
2024_13_NYG_DAL,2024,REG,13,2024-11-28,Thursday,16:30,NYG,20.0,DAL,27.0,Home,7.0,47.0,0,2024112801,59688,,202411280dal,,401671779,6629,4,4,185,-218,4.5,-110,-110,39.0,-110,-110,1,closed,matrixturf,,,00-0035704,00-0033662,Drew Lock,Cooper Rush,Brian Daboll,Mike McCarthy,Brad Rogers,DAL00,AT&T Stadium,away,NYG,DAL,4.5,-7.0,NFL,2024_13_NYG_DAL-NYG,4.5,39.0,archived_reference_line
2024_13_NYG_DAL,2024,REG,13,2024-11-28,Thursday,16:30,NYG,20.0,DAL,27.0,Home,7.0,47.0,0,2024112801,59688,,202411280dal,,401671779,6629,4,4,185,-218,4.5,-110,-110,39.0,-110,-110,1,closed,matrixturf,,,00-0035704,00-0033662,Drew Lock,Cooper Rush,Brian Daboll,Mike McCarthy,Brad Rogers,DAL00,AT&T Stadium,home,DAL,NYG,-4.5,7.0,NFL,2024_13_NYG_DAL-DAL,4.5,39.0,archived_reference_line
2024_13_PHI_BAL,2024,REG,13,2024-12-01,Sunday,16:25,PHI,24.0,BAL,19.0,Home,-5.0,43.0,0,2024120109,59700,,202412010rav,,401671666,6641,7,6,136,-162,3.0,-110,-110,50.0,-110,-110,0,outdoors,grass,41,7,00-0036389,00-0034796,Jalen Hurts,Lamar Jackson,Nick Sirianni,John Harbaugh,Craig Wrolstad,BAL00,M&T Bank Stadium,away,PHI,BAL,3.0,5.0,NFL,2024_13_PHI_BAL-PHI,3.0,50.0,archived_reference_line
2024_13_PHI_BAL,2024,REG,13,2024-12-01,Sunday,16:25,PHI,24.0,BAL,19.0,Home,-5.0,43.0,0,2024120109,59700,,202412010rav,,401671666,6641,7,6,136,-162,3.0,-110,-110,50.0,-110,-110,0,outdoors,grass,41,7,00-0036389,00-0034796,Jalen Hurts,Lamar Jackson,Nick Sirianni,John Harbaugh,Craig Wrolstad,BAL00,M&T Bank Stadium,home,BAL,PHI,-3.0,-5.0,NFL,2024_13_PHI_BAL-BAL,3.0,50.0,archived_reference_line
2024_13_PIT_CIN,2024,REG,13,2024-12-01,Sunday,13:00,PIT,44.0,CIN,38.0,Home,-6.0,82.0,0,2024120101,59692,,202412010cin,,401671627,6633,10,14,130,-155,3.0,-110,-110,46.0,-108,-112,1,outdoors,fieldturf,32,9,00-0029263,00-0036442,Russell Wilson,Joe Burrow,Mike Tomlin,Zac Taylor,Shawn Hochuli,CIN00,Paycor Stadium,away,PIT,CIN,3.0,6.0,NFL,2024_13_PIT_CIN-PIT,3.0,46.0,archived_reference_line
2024_13_PIT_CIN,2024,REG,13,2024-12-01,Sunday,13:00,PIT,44.0,CIN,38.0,Home,-6.0,82.0,0,2024120101,59692,,202412010cin,,401671627,6633,10,14,130,-155,3.0,-110,-110,46.0,-108,-112,1,outdoors,fieldturf,32,9,00-0029263,00-0036442,Russell Wilson,Joe Burrow,Mike Tomlin,Zac Taylor,Shawn Hochuli,CIN00,Paycor Stadium,home,CIN,PIT,-3.0,-6.0,NFL,2024_13_PIT_CIN-CIN,3.0,46.0,archived_reference_line
2024_13_SEA_NYJ,2024,REG,13,2024-12-01,Sunday,13:00,SEA,26.0,NYJ,21.0,Home,-5.0,47.0,0,2024120105,59696,,202412010nyj,,401671703,6637,7,14,-105,-115,1.0,-110,-110,41.5,-110,-110,0,outdoors,fieldturf,37,12,00-0030565,00-0023459,Geno Smith,Aaron Rodgers,Mike Macdonald,Robert Saleh,Carl Cheffers,NYC01,MetLife Stadium,away,SEA,NYJ,1.0,5.0,NFL,2024_13_SEA_NYJ-SEA,1.0,41.5,archived_reference_line
2024_13_SEA_NYJ,2024,REG,13,2024-12-01,Sunday,13:00,SEA,26.0,NYJ,21.0,Home,-5.0,47.0,0,2024120105,59696,,202412010nyj,,401671703,6637,7,14,-105,-115,1.0,-110,-110,41.5,-110,-110,0,outdoors,fieldturf,37,12,00-0030565,00-0023459,Geno Smith,Aaron Rodgers,Mike Macdonald,Robert Saleh,Carl Cheffers,NYC01,MetLife Stadium,home,NYJ,SEA,-1.0,-5.0,NFL,2024_13_SEA_NYJ-NYJ,1.0,41.5,archived_reference_line
2024_13_SF_BUF,2024,REG,13,2024-12-01,Sunday,20:20,SF,10.0,BUF,35.0,Home,25.0,45.0,0,2024120110,59701,,202412010buf,,401671781,6642,7,14,270,-340,6.5,-102,-118,45.0,-110,-110,0,outdoors,a_turf,28,11,00-0037834,00-0034857,Brock Purdy,Josh Allen,Kyle Shanahan,Sean McDermott,Alex Kemp,BUF00,New Era Field,away,SF,BUF,6.5,-25.0,NFL,2024_13_SF_BUF-SF,6.5,45.0,archived_reference_line
2024_13_SF_BUF,2024,REG,13,2024-12-01,Sunday,20:20,SF,10.0,BUF,35.0,Home,25.0,45.0,0,2024120110,59701,,202412010buf,,401671781,6642,7,14,270,-340,6.5,-102,-118,45.0,-110,-110,0,outdoors,a_turf,28,11,00-0037834,00-0034857,Brock Purdy,Josh Allen,Kyle Shanahan,Sean McDermott,Alex Kemp,BUF00,New Era Field,home,BUF,SF,-6.5,25.0,NFL,2024_13_SF_BUF-BUF,6.5,45.0,archived_reference_line
2024_13_TB_CAR,2024,REG,13,2024-12-01,Sunday,16:05,TB,26.0,CAR,23.0,Home,-3.0,49.0,1,2024120107,59698,,202412010car,,401671752,6639,7,7,-290,235,-6.5,-115,-105,46.0,-110,-110,1,outdoors,grass,51,7,00-0034855,00-0027973,Baker Mayfield,Andy Dalton,Todd Bowles,Dave Canales,Tra Blake,CAR00,Bank of America Stadium,away,TB,CAR,-6.5,3.0,NFL,2024_13_TB_CAR-TB,-6.5,46.0,archived_reference_line
2024_13_TB_CAR,2024,REG,13,2024-12-01,Sunday,16:05,TB,26.0,CAR,23.0,Home,-3.0,49.0,1,2024120107,59698,,202412010car,,401671752,6639,7,7,-290,235,-6.5,-115,-105,46.0,-110,-110,1,outdoors,grass,51,7,00-0034855,00-0027973,Baker Mayfield,Andy Dalton,Todd Bowles,Dave Canales,Tra Blake,CAR00,Bank of America Stadium,home,CAR,TB,6.5,-3.0,NFL,2024_13_TB_CAR-CAR,-6.5,46.0,archived_reference_line
2024_13_TEN_WAS,2024,REG,13,2024-12-01,Sunday,13:00,TEN,19.0,WAS,42.0,Home,23.0,61.0,0,2024120106,59697,,202412010was,,401671743,6638,7,7,205,-250,6.0,-112,-108,45.0,-108,-112,0,outdoors,grass,42,6,00-0034771,00-0032268,Mason Rudolph,Marcus Mariota,Brian Callahan,Dan Quinn,Ron Torbert,WAS00,FedExField,away,TEN,WAS,6.0,-23.0,NFL,2024_13_TEN_WAS-TEN,6.0,45.0,archived_reference_line
2024_13_TEN_WAS,2024,REG,13,2024-12-01,Sunday,13:00,TEN,19.0,WAS,42.0,Home,23.0,61.0,0,2024120106,59697,,202412010was,,401671743,6638,7,7,205,-250,6.0,-112,-108,45.0,-108,-112,0,outdoors,grass,42,6,00-0034771,00-0032268,Mason Rudolph,Marcus Mariota,Brian Callahan,Dan Quinn,Ron Torbert,WAS00,FedExField,home,WAS,TEN,-6.0,23.0,NFL,2024_13_TEN_WAS-WAS,6.0,45.0,archived_reference_line
2024_14_ATL_MIN,2024,REG,14,2024-12-08,Sunday,13:00,ATL,21.0,MIN,42.0,Home,21.0,63.0,0,2024120801,59705,,202412080min,,401671648,6646,7,7,205,-250,6.0,-110,-110,46.5,-108,-112,0,dome,sportturf,,,00-0029604,00-0034869,Kirk Cousins,Sam Darnold,Raheem Morris,Kevin O'Connell,Alex Kemp,MIN01,U.S. Bank Stadium,away,ATL,MIN,6.0,-21.0,NFL,2024_14_ATL_MIN-ATL,6.0,46.5,archived_reference_line
2024_14_ATL_MIN,2024,REG,14,2024-12-08,Sunday,13:00,ATL,21.0,MIN,42.0,Home,21.0,63.0,0,2024120801,59705,,202412080min,,401671648,6646,7,7,205,-250,6.0,-110,-110,46.5,-108,-112,0,dome,sportturf,,,00-0029604,00-0034869,Kirk Cousins,Sam Darnold,Raheem Morris,Kevin O'Connell,Alex Kemp,MIN01,U.S. Bank Stadium,home,MIN,ATL,-6.0,21.0,NFL,2024_14_ATL_MIN-MIN,6.0,46.5,archived_reference_line
2024_14_BUF_LA,2024,REG,14,2024-12-08,Sunday,16:25,BUF,42.0,LA,44.0,Home,2.0,86.0,0,2024120808,59712,,202412080ram,,401671773,6653,7,7,-192,160,-3.5,-118,-102,49.5,-108,-112,0,dome,matrixturf,,,00-0034857,00-0026498,Josh Allen,Matthew Stafford,Sean McDermott,Sean McVay,Craig Wrolstad,LAX01,SoFi Stadium,away,BUF,LA,-3.5,-2.0,NFL,2024_14_BUF_LA-BUF,-3.5,49.5,archived_reference_line
2024_14_BUF_LA,2024,REG,14,2024-12-08,Sunday,16:25,BUF,42.0,LA,44.0,Home,2.0,86.0,0,2024120808,59712,,202412080ram,,401671773,6653,7,7,-192,160,-3.5,-118,-102,49.5,-108,-112,0,dome,matrixturf,,,00-0034857,00-0026498,Josh Allen,Matthew Stafford,Sean McDermott,Sean McVay,Craig Wrolstad,LAX01,SoFi Stadium,home,LA,BUF,3.5,2.0,NFL,2024_14_BUF_LA-LA,-3.5,49.5,archived_reference_line
2024_14_CAR_PHI,2024,REG,14,2024-12-08,Sunday,13:00,CAR,16.0,PHI,22.0,Home,6.0,38.0,0,2024120803,59707,,202412080phi,,401671713,6648,7,7,625,-950,14.0,-112,-108,44.5,-112,-108,0,outdoors,grass,55,16,00-0027973,00-0036389,Andy Dalton,Jalen Hurts,Dave Canales,Nick Sirianni,Carl Cheffers,PHI00,Lincoln Financial Field,away,CAR,PHI,14.0,-6.0,NFL,2024_14_CAR_PHI-CAR,14.0,44.5,archived_reference_line
2024_14_CAR_PHI,2024,REG,14,2024-12-08,Sunday,13:00,CAR,16.0,PHI,22.0,Home,6.0,38.0,0,2024120803,59707,,202412080phi,,401671713,6648,7,7,625,-950,14.0,-112,-108,44.5,-112,-108,0,outdoors,grass,55,16,00-0027973,00-0036389,Andy Dalton,Jalen Hurts,Dave Canales,Nick Sirianni,Carl Cheffers,PHI00,Lincoln Financial Field,home,PHI,CAR,-14.0,6.0,NFL,2024_14_CAR_PHI-PHI,14.0,44.5,archived_reference_line
2024_14_CHI_SF,2024,REG,14,2024-12-08,Sunday,16:25,CHI,13.0,SF,38.0,Home,25.0,51.0,0,2024120809,59713,,202412080sfo,,401671774,6654,10,7,136,-162,3.0,-110,-110,43.5,-108,-112,0,outdoors,grass,65,4,00-0039918,00-0037834,Caleb Williams,Brock Purdy,Matt Eberflus,Kyle Shanahan,Ron Torbert,SFO01,Levi's Stadium,away,CHI,SF,3.0,-25.0,NFL,2024_14_CHI_SF-CHI,3.0,43.5,archived_reference_line
2024_14_CHI_SF,2024,REG,14,2024-12-08,Sunday,16:25,CHI,13.0,SF,38.0,Home,25.0,51.0,0,2024120809,59713,,202412080sfo,,401671774,6654,10,7,136,-162,3.0,-110,-110,43.5,-108,-112,0,outdoors,grass,65,4,00-0039918,00-0037834,Caleb Williams,Brock Purdy,Matt Eberflus,Kyle Shanahan,Ron Torbert,SFO01,Levi's Stadium,home,SF,CHI,-3.0,25.0,NFL,2024_14_CHI_SF-SF,3.0,43.5,archived_reference_line
2024_14_CIN_DAL,2024,REG,14,2024-12-09,Monday,20:15,CIN,27.0,DAL,20.0,Home,-7.0,47.0,0,2024120900,59715,,202412090dal,,401671690,6656,8,11,-230,190,-5.0,-110,-110,51.0,-112,-108,0,closed,matrixturf,,,00-0036442,00-0033662,Joe Burrow,Cooper Rush,Zac Taylor,Mike McCarthy,Scott Novak,DAL00,AT&T Stadium,away,CIN,DAL,-5.0,7.0,NFL,2024_14_CIN_DAL-CIN,-5.0,51.0,archived_reference_line
2024_14_CIN_DAL,2024,REG,14,2024-12-09,Monday,20:15,CIN,27.0,DAL,20.0,Home,-7.0,47.0,0,2024120900,59715,,202412090dal,,401671690,6656,8,11,-230,190,-5.0,-110,-110,51.0,-112,-108,0,closed,matrixturf,,,00-0036442,00-0033662,Joe Burrow,Cooper Rush,Zac Taylor,Mike McCarthy,Scott Novak,DAL00,AT&T Stadium,home,DAL,CIN,5.0,-7.0,NFL,2024_14_CIN_DAL-DAL,-5.0,51.0,archived_reference_line
2024_14_CLE_PIT,2024,REG,14,2024-12-08,Sunday,13:00,CLE,14.0,PIT,27.0,Home,13.0,41.0,0,2024120804,59708,,202412080pit,,401671631,6649,6,7,210,-258,6.0,-112,-108,43.0,-110,-110,1,outdoors,grass,49,12,00-0031503,00-0029263,Jameis Winston,Russell Wilson,Kevin Stefanski,Mike Tomlin,Land Clark,PIT00,Acrisure Stadium,away,CLE,PIT,6.0,-13.0,NFL,2024_14_CLE_PIT-CLE,6.0,43.0,archived_reference_line
2024_14_CLE_PIT,2024,REG,14,2024-12-08,Sunday,13:00,CLE,14.0,PIT,27.0,Home,13.0,41.0,0,2024120804,59708,,202412080pit,,401671631,6649,6,7,210,-258,6.0,-112,-108,43.0,-110,-110,1,outdoors,grass,49,12,00-0031503,00-0029263,Jameis Winston,Russell Wilson,Kevin Stefanski,Mike Tomlin,Land Clark,PIT00,Acrisure Stadium,home,PIT,CLE,-6.0,13.0,NFL,2024_14_CLE_PIT-PIT,6.0,43.0,archived_reference_line
2024_14_GB_DET,2024,REG,14,2024-12-05,Thursday,20:15,GB,31.0,DET,34.0,Home,3.0,65.0,0,2024120500,59703,,202412050det,,401671814,6644,7,7,142,-170,3.0,100,-120,53.0,-110,-110,1,dome,fieldturf,,,00-0036264,00-0033106,Jordan Love,Jared Goff,Matt LaFleur,Dan Campbell,John Hussey,DET00,Ford Field,away,GB,DET,3.0,-3.0,NFL,2024_14_GB_DET-GB,3.0,53.0,archived_reference_line
2024_14_GB_DET,2024,REG,14,2024-12-05,Thursday,20:15,GB,31.0,DET,34.0,Home,3.0,65.0,0,2024120500,59703,,202412050det,,401671814,6644,7,7,142,-170,3.0,100,-120,53.0,-110,-110,1,dome,fieldturf,,,00-0036264,00-0033106,Jordan Love,Jared Goff,Matt LaFleur,Dan Campbell,John Hussey,DET00,Ford Field,home,DET,GB,-3.0,3.0,NFL,2024_14_GB_DET-DET,3.0,53.0,archived_reference_line
2024_14_JAX_TEN,2024,REG,14,2024-12-08,Sunday,13:00,JAX,10.0,TEN,6.0,Home,-4.0,16.0,0,2024120806,59710,,202412080oti,,401671821,6651,7,7,142,-170,3.0,-105,-115,40.0,-108,-112,1,outdoors,grass,53,9,00-0036972,00-0034771,Mac Jones,Mason Rudolph,Doug Pederson,Brian Callahan,Tra Blake,NAS00,Nissan Stadium,away,JAX,TEN,3.0,4.0,NFL,2024_14_JAX_TEN-JAX,3.0,40.0,archived_reference_line
2024_14_JAX_TEN,2024,REG,14,2024-12-08,Sunday,13:00,JAX,10.0,TEN,6.0,Home,-4.0,16.0,0,2024120806,59710,,202412080oti,,401671821,6651,7,7,142,-170,3.0,-105,-115,40.0,-108,-112,1,outdoors,grass,53,9,00-0036972,00-0034771,Mac Jones,Mason Rudolph,Doug Pederson,Brian Callahan,Tra Blake,NAS00,Nissan Stadium,home,TEN,JAX,-3.0,-4.0,NFL,2024_14_JAX_TEN-TEN,3.0,40.0,archived_reference_line
2024_14_LAC_KC,2024,REG,14,2024-12-08,Sunday,20:20,LAC,17.0,KC,19.0,Home,2.0,36.0,0,2024120810,59714,,202412080kan,,401671788,6655,7,9,195,-238,5.0,-115,-105,43.5,-110,-110,1,outdoors,grass,50,10,00-0036355,00-0033873,Justin Herbert,Patrick Mahomes,Jim Harbaugh,Andy Reid,Bill Vinovich,KAN00,GEHA Field at Arrowhead Stadium,away,LAC,KC,5.0,-2.0,NFL,2024_14_LAC_KC-LAC,5.0,43.5,archived_reference_line
2024_14_LAC_KC,2024,REG,14,2024-12-08,Sunday,20:20,LAC,17.0,KC,19.0,Home,2.0,36.0,0,2024120810,59714,,202412080kan,,401671788,6655,7,9,195,-238,5.0,-115,-105,43.5,-110,-110,1,outdoors,grass,50,10,00-0036355,00-0033873,Justin Herbert,Patrick Mahomes,Jim Harbaugh,Andy Reid,Bill Vinovich,KAN00,GEHA Field at Arrowhead Stadium,home,KC,LAC,-5.0,2.0,NFL,2024_14_LAC_KC-KC,5.0,43.5,archived_reference_line
2024_14_LV_TB,2024,REG,14,2024-12-08,Sunday,13:00,LV,13.0,TB,28.0,Home,15.0,41.0,0,2024120805,59709,,202412080tam,,401671654,6650,9,7,260,-325,7.0,-115,-105,47.0,-112,-108,0,outdoors,grass,71,4,00-0035289,00-0034855,Gardner Minshew,Baker Mayfield,Antonio Pierce,Todd Bowles,Alan Eck,TAM00,Raymond James Stadium,away,LV,TB,7.0,-15.0,NFL,2024_14_LV_TB-LV,7.0,47.0,archived_reference_line
2024_14_LV_TB,2024,REG,14,2024-12-08,Sunday,13:00,LV,13.0,TB,28.0,Home,15.0,41.0,0,2024120805,59709,,202412080tam,,401671654,6650,9,7,260,-325,7.0,-115,-105,47.0,-112,-108,0,outdoors,grass,71,4,00-0035289,00-0034855,Gardner Minshew,Baker Mayfield,Antonio Pierce,Todd Bowles,Alan Eck,TAM00,Raymond James Stadium,home,TB,LV,-7.0,15.0,NFL,2024_14_LV_TB-TB,7.0,47.0,archived_reference_line
2024_14_NO_NYG,2024,REG,14,2024-12-08,Sunday,13:00,NO,14.0,NYG,11.0,Home,-3.0,25.0,0,2024120802,59706,,202412080nyg,,401671601,6647,7,10,-245,200,-5.5,-115,-105,41.0,-110,-110,0,outdoors,fieldturf,54,13,00-0031280,00-0038476,Derek Carr,Tommy DeVito,Dennis Allen,Brian Daboll,Clete Blakeman,NYC01,MetLife Stadium,away,NO,NYG,-5.5,3.0,NFL,2024_14_NO_NYG-NO,-5.5,41.0,archived_reference_line
2024_14_NO_NYG,2024,REG,14,2024-12-08,Sunday,13:00,NO,14.0,NYG,11.0,Home,-3.0,25.0,0,2024120802,59706,,202412080nyg,,401671601,6647,7,10,-245,200,-5.5,-115,-105,41.0,-110,-110,0,outdoors,fieldturf,54,13,00-0031280,00-0038476,Derek Carr,Tommy DeVito,Dennis Allen,Brian Daboll,Clete Blakeman,NYC01,MetLife Stadium,home,NYG,NO,5.5,-3.0,NFL,2024_14_NO_NYG-NYG,-5.5,41.0,archived_reference_line
2024_14_NYJ_MIA,2024,REG,14,2024-12-08,Sunday,13:00,NYJ,26.0,MIA,32.0,Home,6.0,58.0,1,2024120800,59704,,202412080mia,,401671848,6645,7,10,240,-298,6.5,-108,-112,45.0,-112,-108,1,outdoors,grass,77,12,00-0023459,00-0036212,Aaron Rodgers,Tua Tagovailoa,Robert Saleh,Mike McDaniel,Shawn Hochuli,MIA00,Hard Rock Stadium,away,NYJ,MIA,6.5,-6.0,NFL,2024_14_NYJ_MIA-NYJ,6.5,45.0,archived_reference_line
2024_14_NYJ_MIA,2024,REG,14,2024-12-08,Sunday,13:00,NYJ,26.0,MIA,32.0,Home,6.0,58.0,1,2024120800,59704,,202412080mia,,401671848,6645,7,10,240,-298,6.5,-108,-112,45.0,-112,-108,1,outdoors,grass,77,12,00-0023459,00-0036212,Aaron Rodgers,Tua Tagovailoa,Robert Saleh,Mike McDaniel,Shawn Hochuli,MIA00,Hard Rock Stadium,home,MIA,NYJ,-6.5,6.0,NFL,2024_14_NYJ_MIA-MIA,6.5,45.0,archived_reference_line
2024_14_SEA_ARI,2024,REG,14,2024-12-08,Sunday,16:05,SEA,30.0,ARI,18.0,Home,-12.0,48.0,0,2024120807,59711,,202412080crd,,401671660,6652,7,7,145,-175,3.0,-105,-115,45.5,-110,-110,1,closed,grass,,,00-0030565,00-0035228,Geno Smith,Kyler Murray,Mike Macdonald,Jonathan Gannon,Clay Martin,PHO00,State Farm Stadium,away,SEA,ARI,3.0,12.0,NFL,2024_14_SEA_ARI-SEA,3.0,45.5,archived_reference_line
2024_14_SEA_ARI,2024,REG,14,2024-12-08,Sunday,16:05,SEA,30.0,ARI,18.0,Home,-12.0,48.0,0,2024120807,59711,,202412080crd,,401671660,6652,7,7,145,-175,3.0,-105,-115,45.5,-110,-110,1,closed,grass,,,00-0030565,00-0035228,Geno Smith,Kyler Murray,Mike Macdonald,Jonathan Gannon,Clay Martin,PHO00,State Farm Stadium,home,ARI,SEA,-3.0,-12.0,NFL,2024_14_SEA_ARI-ARI,3.0,45.5,archived_reference_line
2024_15_ATL_LV,2024,REG,15,2024-12-16,Monday,20:30,ATL,15.0,LV,9.0,Home,-6.0,24.0,0,2024121601,59731,,202412160rai,,401671697,6672,8,8,-345,275,-6.5,-110,-110,44.5,-110,-110,0,dome,grass,,,00-0029604,00-0038579,Kirk Cousins,Aidan O'Connell,Raheem Morris,Antonio Pierce,Shawn Smith,VEG00,Allegiant Stadium,away,ATL,LV,-6.5,6.0,NFL,2024_15_ATL_LV-ATL,-6.5,44.5,archived_reference_line
2024_15_ATL_LV,2024,REG,15,2024-12-16,Monday,20:30,ATL,15.0,LV,9.0,Home,-6.0,24.0,0,2024121601,59731,,202412160rai,,401671697,6672,8,8,-345,275,-6.5,-110,-110,44.5,-110,-110,0,dome,grass,,,00-0029604,00-0038579,Kirk Cousins,Aidan O'Connell,Raheem Morris,Antonio Pierce,Shawn Smith,VEG00,Allegiant Stadium,home,LV,ATL,6.5,-6.0,NFL,2024_15_ATL_LV-LV,-6.5,44.5,archived_reference_line
2024_15_BAL_NYG,2024,REG,15,2024-12-15,Sunday,13:00,BAL,35.0,NYG,14.0,Home,-21.0,49.0,0,2024121505,59722,,202412150nyg,,401671639,6663,14,7,-1800,1000,-16.5,-112,-108,43.5,-112,-108,0,outdoors,fieldturf,36,6,00-0034796,00-0038476,Lamar Jackson,Tommy DeVito,John Harbaugh,Brian Daboll,Brad Allen,NYC01,MetLife Stadium,away,BAL,NYG,-16.5,21.0,NFL,2024_15_BAL_NYG-BAL,-16.5,43.5,archived_reference_line
2024_15_BAL_NYG,2024,REG,15,2024-12-15,Sunday,13:00,BAL,35.0,NYG,14.0,Home,-21.0,49.0,0,2024121505,59722,,202412150nyg,,401671639,6663,14,7,-1800,1000,-16.5,-112,-108,43.5,-112,-108,0,outdoors,fieldturf,36,6,00-0034796,00-0038476,Lamar Jackson,Tommy DeVito,John Harbaugh,Brian Daboll,Brad Allen,NYC01,MetLife Stadium,home,NYG,BAL,16.5,-21.0,NFL,2024_15_BAL_NYG-NYG,-16.5,43.5,archived_reference_line
2024_15_BUF_DET,2024,REG,15,2024-12-15,Sunday,16:25,BUF,48.0,DET,42.0,Home,-6.0,90.0,0,2024121509,59726,,202412150det,,401671681,6667,7,10,110,-130,2.5,-110,-110,55.5,-110,-110,0,dome,fieldturf,,,00-0034857,00-0033106,Josh Allen,Jared Goff,Sean McDermott,Dan Campbell,Adrian Hill,DET00,Ford Field,away,BUF,DET,2.5,6.0,NFL,2024_15_BUF_DET-BUF,2.5,55.5,archived_reference_line
2024_15_BUF_DET,2024,REG,15,2024-12-15,Sunday,16:25,BUF,48.0,DET,42.0,Home,-6.0,90.0,0,2024121509,59726,,202412150det,,401671681,6667,7,10,110,-130,2.5,-110,-110,55.5,-110,-110,0,dome,fieldturf,,,00-0034857,00-0033106,Josh Allen,Jared Goff,Sean McDermott,Dan Campbell,Adrian Hill,DET00,Ford Field,home,DET,BUF,-2.5,-6.0,NFL,2024_15_BUF_DET-DET,2.5,55.5,archived_reference_line
2024_15_CHI_MIN,2024,REG,15,2024-12-16,Monday,20:00,CHI,12.0,MIN,30.0,Home,18.0,42.0,0,2024121600,59730,,202412160min,,401671489,6671,8,8,260,-325,7.0,-115,-105,43.5,-110,-110,1,dome,sportturf,,,00-0039918,00-0034869,Caleb Williams,Sam Darnold,Matt Eberflus,Kevin O'Connell,John Hussey,MIN01,U.S. Bank Stadium,away,CHI,MIN,7.0,-18.0,NFL,2024_15_CHI_MIN-CHI,7.0,43.5,archived_reference_line
2024_15_CHI_MIN,2024,REG,15,2024-12-16,Monday,20:00,CHI,12.0,MIN,30.0,Home,18.0,42.0,0,2024121600,59730,,202412160min,,401671489,6671,8,8,260,-325,7.0,-115,-105,43.5,-110,-110,1,dome,sportturf,,,00-0039918,00-0034869,Caleb Williams,Sam Darnold,Matt Eberflus,Kevin O'Connell,John Hussey,MIN01,U.S. Bank Stadium,home,MIN,CHI,-7.0,18.0,NFL,2024_15_CHI_MIN-MIN,7.0,43.5,archived_reference_line
2024_15_CIN_TEN,2024,REG,15,2024-12-15,Sunday,13:00,CIN,37.0,TEN,27.0,Home,-10.0,64.0,0,2024121506,59723,,202412150oti,,401671825,6664,6,7,-250,205,-6.0,-110,-110,46.5,-112,-108,0,outdoors,grass,52,12,00-0036442,00-0039152,Joe Burrow,Will Levis,Zac Taylor,Brian Callahan,Craig Wrolstad,NAS00,Nissan Stadium,away,CIN,TEN,-6.0,10.0,NFL,2024_15_CIN_TEN-CIN,-6.0,46.5,archived_reference_line
2024_15_CIN_TEN,2024,REG,15,2024-12-15,Sunday,13:00,CIN,37.0,TEN,27.0,Home,-10.0,64.0,0,2024121506,59723,,202412150oti,,401671825,6664,6,7,-250,205,-6.0,-110,-110,46.5,-112,-108,0,outdoors,grass,52,12,00-0036442,00-0039152,Joe Burrow,Will Levis,Zac Taylor,Brian Callahan,Craig Wrolstad,NAS00,Nissan Stadium,home,TEN,CIN,6.0,-10.0,NFL,2024_15_CIN_TEN-TEN,-6.0,46.5,archived_reference_line
2024_15_DAL_CAR,2024,REG,15,2024-12-15,Sunday,13:00,DAL,30.0,CAR,14.0,Home,-16.0,44.0,0,2024121500,59717,,202412150car,,401671731,6658,6,7,120,-142,2.5,100,-120,42.0,-112,-108,0,outdoors,grass,45,7,00-0033662,00-0039150,Cooper Rush,Bryce Young,Mike McCarthy,Dave Canales,Bill Vinovich,CAR00,Bank of America Stadium,away,DAL,CAR,2.5,16.0,NFL,2024_15_DAL_CAR-DAL,2.5,42.0,archived_reference_line
2024_15_DAL_CAR,2024,REG,15,2024-12-15,Sunday,13:00,DAL,30.0,CAR,14.0,Home,-16.0,44.0,0,2024121500,59717,,202412150car,,401671731,6658,6,7,120,-142,2.5,100,-120,42.0,-112,-108,0,outdoors,grass,45,7,00-0033662,00-0039150,Cooper Rush,Bryce Young,Mike McCarthy,Dave Canales,Bill Vinovich,CAR00,Bank of America Stadium,home,CAR,DAL,-2.5,-16.0,NFL,2024_15_DAL_CAR-CAR,2.5,42.0,archived_reference_line
2024_15_GB_SEA,2024,REG,15,2024-12-15,Sunday,20:20,GB,30.0,SEA,13.0,Home,-17.0,43.0,0,2024121512,59729,,202412150sea,,401671796,6670,10,7,-162,136,-3.0,-110,-110,48.0,-110,-110,0,outdoors,fieldturf,43,3,00-0036264,00-0030565,Jordan Love,Geno Smith,Matt LaFleur,Mike Macdonald,Clete Blakeman,SEA00,Lumen Field,away,GB,SEA,-3.0,17.0,NFL,2024_15_GB_SEA-GB,-3.0,48.0,archived_reference_line
2024_15_GB_SEA,2024,REG,15,2024-12-15,Sunday,20:20,GB,30.0,SEA,13.0,Home,-17.0,43.0,0,2024121512,59729,,202412150sea,,401671796,6670,10,7,-162,136,-3.0,-110,-110,48.0,-110,-110,0,outdoors,fieldturf,43,3,00-0036264,00-0030565,Jordan Love,Geno Smith,Matt LaFleur,Mike Macdonald,Clete Blakeman,SEA00,Lumen Field,home,SEA,GB,3.0,-17.0,NFL,2024_15_GB_SEA-SEA,-3.0,48.0,archived_reference_line
2024_15_IND_DEN,2024,REG,15,2024-12-15,Sunday,16:25,IND,13.0,DEN,31.0,Home,18.0,44.0,0,2024121508,59725,,202412150den,,401671669,6666,14,13,195,-238,4.5,-105,-115,43.5,-108,-112,0,outdoors,grass,55,15,00-0039164,00-0039732,Anthony Richardson,Bo Nix,Shane Steichen,Sean Payton,Carl Cheffers,DEN00,Empower Field at Mile High,away,IND,DEN,4.5,-18.0,NFL,2024_15_IND_DEN-IND,4.5,43.5,archived_reference_line
2024_15_IND_DEN,2024,REG,15,2024-12-15,Sunday,16:25,IND,13.0,DEN,31.0,Home,18.0,44.0,0,2024121508,59725,,202412150den,,401671669,6666,14,13,195,-238,4.5,-105,-115,43.5,-108,-112,0,outdoors,grass,55,15,00-0039164,00-0039732,Anthony Richardson,Bo Nix,Shane Steichen,Sean Payton,Carl Cheffers,DEN00,Empower Field at Mile High,home,DEN,IND,-4.5,18.0,NFL,2024_15_IND_DEN-DEN,4.5,43.5,archived_reference_line
2024_15_KC_CLE,2024,REG,15,2024-12-15,Sunday,13:00,KC,21.0,CLE,7.0,Home,-14.0,28.0,0,2024121501,59718,,202412150cle,,401671854,6659,7,7,-230,190,-4.5,-110,-110,41.5,-112,-108,0,outdoors,grass,40,18,00-0033873,00-0031503,Patrick Mahomes,Jameis Winston,Andy Reid,Kevin Stefanski,Tra Blake,CLE00,FirstEnergy Stadium,away,KC,CLE,-4.5,14.0,NFL,2024_15_KC_CLE-KC,-4.5,41.5,archived_reference_line
2024_15_KC_CLE,2024,REG,15,2024-12-15,Sunday,13:00,KC,21.0,CLE,7.0,Home,-14.0,28.0,0,2024121501,59718,,202412150cle,,401671854,6659,7,7,-230,190,-4.5,-110,-110,41.5,-112,-108,0,outdoors,grass,40,18,00-0033873,00-0031503,Patrick Mahomes,Jameis Winston,Andy Reid,Kevin Stefanski,Tra Blake,CLE00,FirstEnergy Stadium,home,CLE,KC,4.5,-14.0,NFL,2024_15_KC_CLE-CLE,-4.5,41.5,archived_reference_line
2024_15_LA_SF,2024,REG,15,2024-12-12,Thursday,20:15,LA,12.0,SF,6.0,Home,-6.0,18.0,0,2024121200,59716,,202412120sfo,,401671818,6657,4,4,130,-155,3.0,-118,-102,48.5,-110,-110,1,outdoors,grass,53,4,00-0026498,00-0037834,Matthew Stafford,Brock Purdy,Sean McVay,Kyle Shanahan,Clay Martin,SFO01,Levi's Stadium,away,LA,SF,3.0,6.0,NFL,2024_15_LA_SF-LA,3.0,48.5,archived_reference_line
2024_15_LA_SF,2024,REG,15,2024-12-12,Thursday,20:15,LA,12.0,SF,6.0,Home,-6.0,18.0,0,2024121200,59716,,202412120sfo,,401671818,6657,4,4,130,-155,3.0,-118,-102,48.5,-110,-110,1,outdoors,grass,53,4,00-0026498,00-0037834,Matthew Stafford,Brock Purdy,Sean McVay,Kyle Shanahan,Clay Martin,SFO01,Levi's Stadium,home,SF,LA,-3.0,-6.0,NFL,2024_15_LA_SF-SF,3.0,48.5,archived_reference_line
2024_15_MIA_HOU,2024,REG,15,2024-12-15,Sunday,13:00,MIA,12.0,HOU,20.0,Home,8.0,32.0,0,2024121502,59719,,202412150htx,,401671860,6660,7,14,130,-155,2.5,-105,-115,46.5,-112,-108,0,closed,astroturf,,,00-0036212,00-0039163,Tua Tagovailoa,C.J. Stroud,Mike McDaniel,DeMeco Ryans,Alex Kemp,HOU00,NRG Stadium,away,MIA,HOU,2.5,-8.0,NFL,2024_15_MIA_HOU-MIA,2.5,46.5,archived_reference_line
2024_15_MIA_HOU,2024,REG,15,2024-12-15,Sunday,13:00,MIA,12.0,HOU,20.0,Home,8.0,32.0,0,2024121502,59719,,202412150htx,,401671860,6660,7,14,130,-155,2.5,-105,-115,46.5,-112,-108,0,closed,astroturf,,,00-0036212,00-0039163,Tua Tagovailoa,C.J. Stroud,Mike McDaniel,DeMeco Ryans,Alex Kemp,HOU00,NRG Stadium,home,HOU,MIA,-2.5,8.0,NFL,2024_15_MIA_HOU-HOU,2.5,46.5,archived_reference_line
2024_15_NE_ARI,2024,REG,15,2024-12-15,Sunday,16:25,NE,17.0,ARI,30.0,Home,13.0,47.0,0,2024121507,59724,,202412150crd,,401671677,6665,14,7,210,-258,6.0,-108,-112,46.5,-110,-110,0,closed,grass,,,00-0039851,00-0035228,Drake Maye,Kyler Murray,Jerod Mayo,Jonathan Gannon,Ron Torbert,PHO00,State Farm Stadium,away,NE,ARI,6.0,-13.0,NFL,2024_15_NE_ARI-NE,6.0,46.5,archived_reference_line
2024_15_NE_ARI,2024,REG,15,2024-12-15,Sunday,16:25,NE,17.0,ARI,30.0,Home,13.0,47.0,0,2024121507,59724,,202412150crd,,401671677,6665,14,7,210,-258,6.0,-108,-112,46.5,-110,-110,0,closed,grass,,,00-0039851,00-0035228,Drake Maye,Kyler Murray,Jerod Mayo,Jonathan Gannon,Ron Torbert,PHO00,State Farm Stadium,home,ARI,NE,-6.0,13.0,NFL,2024_15_NE_ARI-ARI,6.0,46.5,archived_reference_line
2024_15_NYJ_JAX,2024,REG,15,2024-12-15,Sunday,13:00,NYJ,32.0,JAX,25.0,Home,-7.0,57.0,0,2024121503,59720,,202412150jax,,401671706,6661,7,7,-175,145,-3.5,-102,-118,41.5,-112,-108,0,outdoors,grass,,,00-0023459,00-0036972,Aaron Rodgers,Mac Jones,Robert Saleh,Doug Pederson,Brad Rogers,JAX00,TIAA Bank Stadium,away,NYJ,JAX,-3.5,7.0,NFL,2024_15_NYJ_JAX-NYJ,-3.5,41.5,archived_reference_line
2024_15_NYJ_JAX,2024,REG,15,2024-12-15,Sunday,13:00,NYJ,32.0,JAX,25.0,Home,-7.0,57.0,0,2024121503,59720,,202412150jax,,401671706,6661,7,7,-175,145,-3.5,-102,-118,41.5,-112,-108,0,outdoors,grass,,,00-0023459,00-0036972,Aaron Rodgers,Mac Jones,Robert Saleh,Doug Pederson,Brad Rogers,JAX00,TIAA Bank Stadium,home,JAX,NYJ,3.5,-7.0,NFL,2024_15_NYJ_JAX-JAX,-3.5,41.5,archived_reference_line
2024_15_PIT_PHI,2024,REG,15,2024-12-15,Sunday,16:25,PIT,13.0,PHI,27.0,Home,14.0,40.0,0,2024121511,59728,,202412150phi,,401671766,6669,7,7,215,-265,5.5,-110,-110,43.0,-110,-110,0,outdoors,grass,37,5,00-0029263,00-0036389,Russell Wilson,Jalen Hurts,Mike Tomlin,Nick Sirianni,Alan Eck,PHI00,Lincoln Financial Field,away,PIT,PHI,5.5,-14.0,NFL,2024_15_PIT_PHI-PIT,5.5,43.0,archived_reference_line
2024_15_PIT_PHI,2024,REG,15,2024-12-15,Sunday,16:25,PIT,13.0,PHI,27.0,Home,14.0,40.0,0,2024121511,59728,,202412150phi,,401671766,6669,7,7,215,-265,5.5,-110,-110,43.0,-110,-110,0,outdoors,grass,37,5,00-0029263,00-0036389,Russell Wilson,Jalen Hurts,Mike Tomlin,Nick Sirianni,Alan Eck,PHI00,Lincoln Financial Field,home,PHI,PIT,-5.5,14.0,NFL,2024_15_PIT_PHI-PHI,5.5,43.0,archived_reference_line
2024_15_TB_LAC,2024,REG,15,2024-12-15,Sunday,16:25,TB,40.0,LAC,17.0,Home,-23.0,57.0,0,2024121510,59727,,202412150sdg,,401671762,6668,7,7,136,-162,3.0,-105,-115,46.0,-108,-112,0,dome,matrixturf,,,00-0034855,00-0036355,Baker Mayfield,Justin Herbert,Todd Bowles,Jim Harbaugh,Scott Novak,LAX01,SoFi Stadium,away,TB,LAC,3.0,23.0,NFL,2024_15_TB_LAC-TB,3.0,46.0,archived_reference_line
2024_15_TB_LAC,2024,REG,15,2024-12-15,Sunday,16:25,TB,40.0,LAC,17.0,Home,-23.0,57.0,0,2024121510,59727,,202412150sdg,,401671762,6668,7,7,136,-162,3.0,-105,-115,46.0,-108,-112,0,dome,matrixturf,,,00-0034855,00-0036355,Baker Mayfield,Justin Herbert,Todd Bowles,Jim Harbaugh,Scott Novak,LAX01,SoFi Stadium,home,LAC,TB,-3.0,-23.0,NFL,2024_15_TB_LAC-LAC,3.0,46.0,archived_reference_line
2024_15_WAS_NO,2024,REG,15,2024-12-15,Sunday,13:00,WAS,20.0,NO,19.0,Home,-1.0,39.0,0,2024121504,59721,,202412150nor,,401671737,6662,14,7,-375,295,-7.5,-112,-108,44.5,-108,-112,0,dome,sportturf,,,00-0039910,00-0038998,Jayden Daniels,Jake Haener,Dan Quinn,Dennis Allen,Shawn Hochuli,NOR00,Mercedes-Benz Superdome,away,WAS,NO,-7.5,1.0,NFL,2024_15_WAS_NO-WAS,-7.5,44.5,archived_reference_line
2024_15_WAS_NO,2024,REG,15,2024-12-15,Sunday,13:00,WAS,20.0,NO,19.0,Home,-1.0,39.0,0,2024121504,59721,,202412150nor,,401671737,6662,14,7,-375,295,-7.5,-112,-108,44.5,-108,-112,0,dome,sportturf,,,00-0039910,00-0038998,Jayden Daniels,Jake Haener,Dan Quinn,Dennis Allen,Shawn Hochuli,NOR00,Mercedes-Benz Superdome,home,NO,WAS,7.5,-1.0,NFL,2024_15_WAS_NO-NO,-7.5,44.5,archived_reference_line
2024_16_ARI_CAR,2024,REG,16,2024-12-22,Sunday,13:00,ARI,30.0,CAR,36.0,Home,6.0,66.0,1,2024122204,59737,,202412220car,,401671732,6677,7,7,-245,200,-5.5,-110,-110,47.0,-110,-110,0,outdoors,grass,37,10,00-0035228,00-0039150,Kyler Murray,Bryce Young,Jonathan Gannon,Dave Canales,Adrian Hill,CAR00,Bank of America Stadium,away,ARI,CAR,-5.5,-6.0,NFL,2024_16_ARI_CAR-ARI,-5.5,47.0,archived_reference_line
2024_16_ARI_CAR,2024,REG,16,2024-12-22,Sunday,13:00,ARI,30.0,CAR,36.0,Home,6.0,66.0,1,2024122204,59737,,202412220car,,401671732,6677,7,7,-245,200,-5.5,-110,-110,47.0,-110,-110,0,outdoors,grass,37,10,00-0035228,00-0039150,Kyler Murray,Bryce Young,Jonathan Gannon,Dave Canales,Adrian Hill,CAR00,Bank of America Stadium,home,CAR,ARI,5.5,6.0,NFL,2024_16_ARI_CAR-CAR,-5.5,47.0,archived_reference_line
2024_16_CLE_CIN,2024,REG,16,2024-12-22,Sunday,13:00,CLE,6.0,CIN,24.0,Home,18.0,30.0,0,2024122214,59732,,202412220cin,,401671811,6679,7,7,425,-575,10.0,-108,-112,46.5,-112,-108,1,outdoors,fieldturf,33,6,00-0031503,00-0036442,Jameis Winston,Joe Burrow,Kevin Stefanski,Zac Taylor,Brad Rogers,CIN00,Paycor Stadium,away,CLE,CIN,10.0,-18.0,NFL,2024_16_CLE_CIN-CLE,10.0,46.5,archived_reference_line
2024_16_CLE_CIN,2024,REG,16,2024-12-22,Sunday,13:00,CLE,6.0,CIN,24.0,Home,18.0,30.0,0,2024122214,59732,,202412220cin,,401671811,6679,7,7,425,-575,10.0,-108,-112,46.5,-112,-108,1,outdoors,fieldturf,33,6,00-0031503,00-0036442,Jameis Winston,Joe Burrow,Kevin Stefanski,Zac Taylor,Brad Rogers,CIN00,Paycor Stadium,home,CIN,CLE,-10.0,18.0,NFL,2024_16_CLE_CIN-CIN,10.0,46.5,archived_reference_line
2024_16_DEN_LAC,2024,REG,16,2024-12-19,Thursday,20:15,DEN,27.0,LAC,34.0,Home,7.0,61.0,0,2024121901,59742,,202412190sdg,,401671749,6673,4,4,124,-148,3.0,-120,100,41.5,-110,-110,1,dome,matrixturf,,,00-0039732,00-0036355,Bo Nix,Justin Herbert,Sean Payton,Jim Harbaugh,Clay Martin,LAX01,SoFi Stadium,away,DEN,LAC,3.0,-7.0,NFL,2024_16_DEN_LAC-DEN,3.0,41.5,archived_reference_line
2024_16_DEN_LAC,2024,REG,16,2024-12-19,Thursday,20:15,DEN,27.0,LAC,34.0,Home,7.0,61.0,0,2024121901,59742,,202412190sdg,,401671749,6673,4,4,124,-148,3.0,-120,100,41.5,-110,-110,1,dome,matrixturf,,,00-0039732,00-0036355,Bo Nix,Justin Herbert,Sean Payton,Jim Harbaugh,Clay Martin,LAX01,SoFi Stadium,home,LAC,DEN,-3.0,7.0,NFL,2024_16_DEN_LAC-LAC,3.0,41.5,archived_reference_line
2024_16_DET_CHI,2024,REG,16,2024-12-22,Sunday,13:00,DET,34.0,CHI,17.0,Home,-17.0,51.0,0,2024122205,59738,,202412220chi,,401671868,6678,7,6,-340,270,-7.0,-110,-110,47.5,-110,-110,1,outdoors,grass,29,7,00-0033106,00-0039918,Jared Goff,Caleb Williams,Dan Campbell,Matt Eberflus,Clete Blakeman,CHI98,Soldier Field,away,DET,CHI,-7.0,17.0,NFL,2024_16_DET_CHI-DET,-7.0,47.5,archived_reference_line
2024_16_DET_CHI,2024,REG,16,2024-12-22,Sunday,13:00,DET,34.0,CHI,17.0,Home,-17.0,51.0,0,2024122205,59738,,202412220chi,,401671868,6678,7,6,-340,270,-7.0,-110,-110,47.5,-110,-110,1,outdoors,grass,29,7,00-0033106,00-0039918,Jared Goff,Caleb Williams,Dan Campbell,Matt Eberflus,Clete Blakeman,CHI98,Soldier Field,home,CHI,DET,7.0,-17.0,NFL,2024_16_DET_CHI-CHI,-7.0,47.5,archived_reference_line
2024_16_HOU_KC,2024,REG,16,2024-12-21,Saturday,13:00,HOU,19.0,KC,27.0,Home,8.0,46.0,0,2024122100,59733,,202412210kan,,401671780,6674,6,6,150,-180,3.5,-120,100,42.5,-108,-112,0,outdoors,grass,30,5,00-0039163,00-0033873,C.J. Stroud,Patrick Mahomes,DeMeco Ryans,Andy Reid,Carl Cheffers,KAN00,GEHA Field at Arrowhead Stadium,away,HOU,KC,3.5,-8.0,NFL,2024_16_HOU_KC-HOU,3.5,42.5,archived_reference_line
2024_16_HOU_KC,2024,REG,16,2024-12-21,Saturday,13:00,HOU,19.0,KC,27.0,Home,8.0,46.0,0,2024122100,59733,,202412210kan,,401671780,6674,6,6,150,-180,3.5,-120,100,42.5,-108,-112,0,outdoors,grass,30,5,00-0039163,00-0033873,C.J. Stroud,Patrick Mahomes,DeMeco Ryans,Andy Reid,Carl Cheffers,KAN00,GEHA Field at Arrowhead Stadium,home,KC,HOU,-3.5,8.0,NFL,2024_16_HOU_KC-KC,3.5,42.5,archived_reference_line
2024_16_JAX_LV,2024,REG,16,2024-12-22,Sunday,16:25,JAX,14.0,LV,19.0,Home,5.0,33.0,0,2024122211,59744,,202412220rai,,401671673,6685,7,6,110,-130,2.5,-110,-110,41.5,-112,-108,0,dome,grass,,,00-0036972,00-0038579,Mac Jones,Aidan O'Connell,Doug Pederson,Antonio Pierce,Shawn Hochuli,VEG00,Allegiant Stadium,away,JAX,LV,2.5,-5.0,NFL,2024_16_JAX_LV-JAX,2.5,41.5,archived_reference_line
2024_16_JAX_LV,2024,REG,16,2024-12-22,Sunday,16:25,JAX,14.0,LV,19.0,Home,5.0,33.0,0,2024122211,59744,,202412220rai,,401671673,6685,7,6,110,-130,2.5,-110,-110,41.5,-112,-108,0,dome,grass,,,00-0036972,00-0038579,Mac Jones,Aidan O'Connell,Doug Pederson,Antonio Pierce,Shawn Hochuli,VEG00,Allegiant Stadium,home,LV,JAX,-2.5,5.0,NFL,2024_16_JAX_LV-LV,2.5,41.5,archived_reference_line
2024_16_LA_NYJ,2024,REG,16,2024-12-22,Sunday,13:00,LA,19.0,NYJ,9.0,Home,-10.0,28.0,0,2024122207,59740,,202412220nyj,,401671621,6681,10,7,-162,136,-3.0,-105,-115,47.0,-110,-110,0,outdoors,fieldturf,23,8,00-0026498,00-0023459,Matthew Stafford,Aaron Rodgers,Sean McVay,Robert Saleh,Ron Torbert,NYC01,MetLife Stadium,away,LA,NYJ,-3.0,10.0,NFL,2024_16_LA_NYJ-LA,-3.0,47.0,archived_reference_line
2024_16_LA_NYJ,2024,REG,16,2024-12-22,Sunday,13:00,LA,19.0,NYJ,9.0,Home,-10.0,28.0,0,2024122207,59740,,202412220nyj,,401671621,6681,10,7,-162,136,-3.0,-105,-115,47.0,-110,-110,0,outdoors,fieldturf,23,8,00-0026498,00-0023459,Matthew Stafford,Aaron Rodgers,Sean McVay,Robert Saleh,Ron Torbert,NYC01,MetLife Stadium,home,NYJ,LA,3.0,-10.0,NFL,2024_16_LA_NYJ-NYJ,-3.0,47.0,archived_reference_line
2024_16_MIN_SEA,2024,REG,16,2024-12-22,Sunday,16:05,MIN,27.0,SEA,24.0,Home,-3.0,51.0,0,2024122210,59743,,202412220sea,,401671759,6683,6,7,-148,124,-2.5,-115,-105,43.0,-115,-105,0,outdoors,fieldturf,48,5,00-0034869,00-0030565,Sam Darnold,Geno Smith,Kevin O'Connell,Mike Macdonald,Craig Wrolstad,SEA00,Lumen Field,away,MIN,SEA,-2.5,3.0,NFL,2024_16_MIN_SEA-MIN,-2.5,43.0,archived_reference_line
2024_16_MIN_SEA,2024,REG,16,2024-12-22,Sunday,16:05,MIN,27.0,SEA,24.0,Home,-3.0,51.0,0,2024122210,59743,,202412220sea,,401671759,6683,6,7,-148,124,-2.5,-115,-105,43.0,-115,-105,0,outdoors,fieldturf,48,5,00-0034869,00-0030565,Sam Darnold,Geno Smith,Kevin O'Connell,Mike Macdonald,Craig Wrolstad,SEA00,Lumen Field,home,SEA,MIN,2.5,-3.0,NFL,2024_16_MIN_SEA-SEA,-2.5,43.0,archived_reference_line
2024_16_NE_BUF,2024,REG,16,2024-12-22,Sunday,16:25,NE,21.0,BUF,24.0,Home,3.0,45.0,0,2024122203,59736,,202412220buf,,401671494,6684,7,7,700,-1100,14.0,-110,-110,48.0,-110,-110,1,outdoors,a_turf,14,2,00-0039851,00-0034857,Drake Maye,Josh Allen,Jerod Mayo,Sean McDermott,Brad Allen,BUF00,New Era Field,away,NE,BUF,14.0,-3.0,NFL,2024_16_NE_BUF-NE,14.0,48.0,archived_reference_line
2024_16_NE_BUF,2024,REG,16,2024-12-22,Sunday,16:25,NE,21.0,BUF,24.0,Home,3.0,45.0,0,2024122203,59736,,202412220buf,,401671494,6684,7,7,700,-1100,14.0,-110,-110,48.0,-110,-110,1,outdoors,a_turf,14,2,00-0039851,00-0034857,Drake Maye,Josh Allen,Jerod Mayo,Sean McDermott,Brad Allen,BUF00,New Era Field,home,BUF,NE,-14.0,3.0,NFL,2024_16_NE_BUF-BUF,14.0,48.0,archived_reference_line
2024_16_NO_GB,2024,REG,16,2024-12-23,Monday,20:15,NO,0.0,GB,34.0,Home,34.0,34.0,0,2024122300,59747,,202412230gnb,,401671692,6688,8,8,625,-950,14.0,-105,-115,44.0,-110,-110,0,outdoors,grass,34,12,00-0038998,00-0036264,Jake Haener,Jordan Love,Dennis Allen,Matt LaFleur,Alex Kemp,GNB00,Lambeau Field,away,NO,GB,14.0,-34.0,NFL,2024_16_NO_GB-NO,14.0,44.0,archived_reference_line
2024_16_NO_GB,2024,REG,16,2024-12-23,Monday,20:15,NO,0.0,GB,34.0,Home,34.0,34.0,0,2024122300,59747,,202412230gnb,,401671692,6688,8,8,625,-950,14.0,-105,-115,44.0,-110,-110,0,outdoors,grass,34,12,00-0038998,00-0036264,Jake Haener,Jordan Love,Dennis Allen,Matt LaFleur,Alex Kemp,GNB00,Lambeau Field,home,GB,NO,-14.0,34.0,NFL,2024_16_NO_GB-GB,14.0,44.0,archived_reference_line
2024_16_NYG_ATL,2024,REG,16,2024-12-22,Sunday,13:00,NYG,7.0,ATL,34.0,Home,27.0,41.0,0,2024122202,59735,,202412220atl,,401671729,6676,7,6,410,-550,9.5,-110,-110,42.5,-110,-110,0,closed,fieldturf,,,00-0038476,00-0039917,Tommy DeVito,Michael Penix Jr.,Brian Daboll,Raheem Morris,Tra Blake,ATL97,Mercedes-Benz Stadium,away,NYG,ATL,9.5,-27.0,NFL,2024_16_NYG_ATL-NYG,9.5,42.5,archived_reference_line
2024_16_NYG_ATL,2024,REG,16,2024-12-22,Sunday,13:00,NYG,7.0,ATL,34.0,Home,27.0,41.0,0,2024122202,59735,,202412220atl,,401671729,6676,7,6,410,-550,9.5,-110,-110,42.5,-110,-110,0,closed,fieldturf,,,00-0038476,00-0039917,Tommy DeVito,Michael Penix Jr.,Brian Daboll,Raheem Morris,Tra Blake,ATL97,Mercedes-Benz Stadium,home,ATL,NYG,-9.5,27.0,NFL,2024_16_NYG_ATL-ATL,9.5,42.5,archived_reference_line
2024_16_PHI_WAS,2024,REG,16,2024-12-22,Sunday,13:00,PHI,33.0,WAS,36.0,Home,3.0,69.0,0,2024122208,59741,,202412220was,,401671717,6682,7,7,-218,180,-4.0,-115,-105,47.0,-110,-110,1,outdoors,grass,32,8,00-0036389,00-0039910,Jalen Hurts,Jayden Daniels,Nick Sirianni,Dan Quinn,Shawn Smith,WAS00,FedExField,away,PHI,WAS,-4.0,-3.0,NFL,2024_16_PHI_WAS-PHI,-4.0,47.0,archived_reference_line
2024_16_PHI_WAS,2024,REG,16,2024-12-22,Sunday,13:00,PHI,33.0,WAS,36.0,Home,3.0,69.0,0,2024122208,59741,,202412220was,,401671717,6682,7,7,-218,180,-4.0,-115,-105,47.0,-110,-110,1,outdoors,grass,32,8,00-0036389,00-0039910,Jalen Hurts,Jayden Daniels,Nick Sirianni,Dan Quinn,Shawn Smith,WAS00,FedExField,home,WAS,PHI,4.0,3.0,NFL,2024_16_PHI_WAS-WAS,-4.0,47.0,archived_reference_line
2024_16_PIT_BAL,2024,REG,16,2024-12-21,Saturday,16:30,PIT,17.0,BAL,34.0,Home,17.0,51.0,0,2024122101,59734,,202412210rav,,401671778,6675,6,6,275,-345,7.0,-115,-105,44.5,-112,-108,1,outdoors,grass,35,15,00-0029263,00-0034796,Russell Wilson,Lamar Jackson,Mike Tomlin,John Harbaugh,Bill Vinovich,BAL00,M&T Bank Stadium,away,PIT,BAL,7.0,-17.0,NFL,2024_16_PIT_BAL-PIT,7.0,44.5,archived_reference_line
2024_16_PIT_BAL,2024,REG,16,2024-12-21,Saturday,16:30,PIT,17.0,BAL,34.0,Home,17.0,51.0,0,2024122101,59734,,202412210rav,,401671778,6675,6,6,275,-345,7.0,-115,-105,44.5,-112,-108,1,outdoors,grass,35,15,00-0029263,00-0034796,Russell Wilson,Lamar Jackson,Mike Tomlin,John Harbaugh,Bill Vinovich,BAL00,M&T Bank Stadium,home,BAL,PIT,-7.0,17.0,NFL,2024_16_PIT_BAL-BAL,7.0,44.5,archived_reference_line
2024_16_SF_MIA,2024,REG,16,2024-12-22,Sunday,16:25,SF,17.0,MIA,29.0,Home,12.0,46.0,0,2024122212,59745,,202412220mia,,401671874,6686,10,7,-125,105,-2.0,-108,-112,44.0,-108,-112,0,outdoors,grass,73,12,00-0037834,00-0036212,Brock Purdy,Tua Tagovailoa,Kyle Shanahan,Mike McDaniel,Scott Novak,MIA00,Hard Rock Stadium,away,SF,MIA,-2.0,-12.0,NFL,2024_16_SF_MIA-SF,-2.0,44.0,archived_reference_line
2024_16_SF_MIA,2024,REG,16,2024-12-22,Sunday,16:25,SF,17.0,MIA,29.0,Home,12.0,46.0,0,2024122212,59745,,202412220mia,,401671874,6686,10,7,-125,105,-2.0,-108,-112,44.0,-108,-112,0,outdoors,grass,73,12,00-0037834,00-0036212,Brock Purdy,Tua Tagovailoa,Kyle Shanahan,Mike McDaniel,Scott Novak,MIA00,Hard Rock Stadium,home,MIA,SF,2.0,12.0,NFL,2024_16_SF_MIA-MIA,-2.0,44.0,archived_reference_line
2024_16_TB_DAL,2024,REG,16,2024-12-22,Sunday,20:20,TB,24.0,DAL,26.0,Home,2.0,50.0,0,2024122213,59746,,202412220dal,,401671790,6687,7,7,-218,180,-4.5,-105,-115,47.5,-110,-110,0,closed,matrixturf,,,00-0034855,00-0033662,Baker Mayfield,Cooper Rush,Todd Bowles,Mike McCarthy,Land Clark,DAL00,AT&T Stadium,away,TB,DAL,-4.5,-2.0,NFL,2024_16_TB_DAL-TB,-4.5,47.5,archived_reference_line
2024_16_TB_DAL,2024,REG,16,2024-12-22,Sunday,20:20,TB,24.0,DAL,26.0,Home,2.0,50.0,0,2024122213,59746,,202412220dal,,401671790,6687,7,7,-218,180,-4.5,-105,-115,47.5,-110,-110,0,closed,matrixturf,,,00-0034855,00-0033662,Baker Mayfield,Cooper Rush,Todd Bowles,Mike McCarthy,Land Clark,DAL00,AT&T Stadium,home,DAL,TB,4.5,2.0,NFL,2024_16_TB_DAL-DAL,-4.5,47.5,archived_reference_line
2024_16_TEN_IND,2024,REG,16,2024-12-22,Sunday,13:00,TEN,30.0,IND,38.0,Home,8.0,68.0,0,2024122206,59739,,202412220clt,,401671862,6680,7,7,164,-198,4.0,-112,-108,42.5,-108,-112,1,closed,fieldturf,,,00-0034771,00-0026158,Mason Rudolph,Joe Flacco,Brian Callahan,Shane Steichen,John Hussey,IND00,Lucas Oil Stadium,away,TEN,IND,4.0,-8.0,NFL,2024_16_TEN_IND-TEN,4.0,42.5,archived_reference_line
2024_16_TEN_IND,2024,REG,16,2024-12-22,Sunday,13:00,TEN,30.0,IND,38.0,Home,8.0,68.0,0,2024122206,59739,,202412220clt,,401671862,6680,7,7,164,-198,4.0,-112,-108,42.5,-108,-112,1,closed,fieldturf,,,00-0034771,00-0026158,Mason Rudolph,Joe Flacco,Brian Callahan,Shane Steichen,John Hussey,IND00,Lucas Oil Stadium,home,IND,TEN,-4.0,8.0,NFL,2024_16_TEN_IND-IND,4.0,42.5,archived_reference_line
2024_17_ARI_LA,2024,REG,17,2024-12-28,Saturday,20:15,ARI,9.0,LA,13.0,Home,4.0,22.0,0,2024122802,59752,,202412280ram,,401671829,6694,6,6,270,-340,6.5,100,-120,48.0,-112,-108,1,dome,matrixturf,,,00-0035228,00-0026498,Kyler Murray,Matthew Stafford,Jonathan Gannon,Sean McVay,Brad Rogers,LAX01,SoFi Stadium,away,ARI,LA,6.5,-4.0,NFL,2024_17_ARI_LA-ARI,6.5,48.0,archived_reference_line
2024_17_ARI_LA,2024,REG,17,2024-12-28,Saturday,20:15,ARI,9.0,LA,13.0,Home,4.0,22.0,0,2024122802,59752,,202412280ram,,401671829,6694,6,6,270,-340,6.5,100,-120,48.0,-112,-108,1,dome,matrixturf,,,00-0035228,00-0026498,Kyler Murray,Matthew Stafford,Jonathan Gannon,Sean McVay,Brad Rogers,LAX01,SoFi Stadium,home,LA,ARI,-6.5,4.0,NFL,2024_17_ARI_LA-LA,6.5,48.0,archived_reference_line
2024_17_ATL_WAS,2024,REG,17,2024-12-29,Sunday,20:20,ATL,24.0,WAS,30.0,Home,6.0,54.0,1,2024122904,59755,,202412290was,,401671842,6703,7,7,160,-192,3.5,-115,-105,46.5,-110,-110,0,outdoors,grass,58,10,00-0039917,00-0039910,Michael Penix Jr.,Jayden Daniels,Raheem Morris,Dan Quinn,Alex Kemp,WAS00,FedExField,away,ATL,WAS,3.5,-6.0,NFL,2024_17_ATL_WAS-ATL,3.5,46.5,archived_reference_line
2024_17_ATL_WAS,2024,REG,17,2024-12-29,Sunday,20:20,ATL,24.0,WAS,30.0,Home,6.0,54.0,1,2024122904,59755,,202412290was,,401671842,6703,7,7,160,-192,3.5,-115,-105,46.5,-110,-110,0,outdoors,grass,58,10,00-0039917,00-0039910,Michael Penix Jr.,Jayden Daniels,Raheem Morris,Dan Quinn,Alex Kemp,WAS00,FedExField,home,WAS,ATL,-3.5,6.0,NFL,2024_17_ATL_WAS-WAS,3.5,46.5,archived_reference_line
2024_17_BAL_HOU,2024,REG,17,2024-12-25,Wednesday,16:30,BAL,31.0,HOU,2.0,Home,-29.0,33.0,0,2024122501,59749,,202412250htx,,401671800,6690,4,4,-245,200,-5.5,-108,-112,46.5,-112,-108,0,closed,astroturf,,,00-0034796,00-0039163,Lamar Jackson,C.J. Stroud,John Harbaugh,DeMeco Ryans,Alan Eck,HOU00,NRG Stadium,away,BAL,HOU,-5.5,29.0,NFL,2024_17_BAL_HOU-BAL,-5.5,46.5,archived_reference_line
2024_17_BAL_HOU,2024,REG,17,2024-12-25,Wednesday,16:30,BAL,31.0,HOU,2.0,Home,-29.0,33.0,0,2024122501,59749,,202412250htx,,401671800,6690,4,4,-245,200,-5.5,-108,-112,46.5,-112,-108,0,closed,astroturf,,,00-0034796,00-0039163,Lamar Jackson,C.J. Stroud,John Harbaugh,DeMeco Ryans,Alan Eck,HOU00,NRG Stadium,home,HOU,BAL,5.5,-29.0,NFL,2024_17_BAL_HOU-HOU,-5.5,46.5,archived_reference_line
2024_17_CAR_TB,2024,REG,17,2024-12-29,Sunday,13:00,CAR,14.0,TB,48.0,Home,34.0,62.0,0,2024122909,59760,,202412290tam,,401671653,6700,7,7,380,-500,9.5,-105,-115,47.5,-108,-112,1,outdoors,grass,76,8,00-0039150,00-0034855,Bryce Young,Baker Mayfield,Dave Canales,Todd Bowles,Clay Martin,TAM00,Raymond James Stadium,away,CAR,TB,9.5,-34.0,NFL,2024_17_CAR_TB-CAR,9.5,47.5,archived_reference_line
2024_17_CAR_TB,2024,REG,17,2024-12-29,Sunday,13:00,CAR,14.0,TB,48.0,Home,34.0,62.0,0,2024122909,59760,,202412290tam,,401671653,6700,7,7,380,-500,9.5,-105,-115,47.5,-108,-112,1,outdoors,grass,76,8,00-0039150,00-0034855,Bryce Young,Baker Mayfield,Dave Canales,Todd Bowles,Clay Martin,TAM00,Raymond James Stadium,home,TB,CAR,-9.5,34.0,NFL,2024_17_CAR_TB-TB,9.5,47.5,archived_reference_line
2024_17_DAL_PHI,2024,REG,17,2024-12-29,Sunday,13:00,DAL,7.0,PHI,41.0,Home,34.0,48.0,0,2024122910,59761,,202412290phi,,401671765,6699,7,7,260,-325,7.5,-112,-108,37.5,-108,-112,1,outdoors,grass,62,10,00-0033662,00-0036389,Cooper Rush,Jalen Hurts,Mike McCarthy,Nick Sirianni,Brad Allen,PHI00,Lincoln Financial Field,away,DAL,PHI,7.5,-34.0,NFL,2024_17_DAL_PHI-DAL,7.5,37.5,archived_reference_line
2024_17_DAL_PHI,2024,REG,17,2024-12-29,Sunday,13:00,DAL,7.0,PHI,41.0,Home,34.0,48.0,0,2024122910,59761,,202412290phi,,401671765,6699,7,7,260,-325,7.5,-112,-108,37.5,-108,-112,1,outdoors,grass,62,10,00-0033662,00-0036389,Cooper Rush,Jalen Hurts,Mike McCarthy,Nick Sirianni,Brad Allen,PHI00,Lincoln Financial Field,home,PHI,DAL,-7.5,34.0,NFL,2024_17_DAL_PHI-PHI,7.5,37.5,archived_reference_line
2024_17_DEN_CIN,2024,REG,17,2024-12-28,Saturday,16:30,DEN,24.0,CIN,30.0,Home,6.0,54.0,1,2024122801,59751,,202412280cin,,401671835,6693,9,6,145,-175,3.5,-115,-105,50.5,-110,-110,0,outdoors,fieldturf,60,8,00-0039732,00-0036442,Bo Nix,Joe Burrow,Sean Payton,Zac Taylor,Adrian Hill,CIN00,Paycor Stadium,away,DEN,CIN,3.5,-6.0,NFL,2024_17_DEN_CIN-DEN,3.5,50.5,archived_reference_line
2024_17_DEN_CIN,2024,REG,17,2024-12-28,Saturday,16:30,DEN,24.0,CIN,30.0,Home,6.0,54.0,1,2024122801,59751,,202412280cin,,401671835,6693,9,6,145,-175,3.5,-115,-105,50.5,-110,-110,0,outdoors,fieldturf,60,8,00-0039732,00-0036442,Bo Nix,Joe Burrow,Sean Payton,Zac Taylor,Adrian Hill,CIN00,Paycor Stadium,home,CIN,DEN,-3.5,6.0,NFL,2024_17_DEN_CIN-CIN,3.5,50.5,archived_reference_line
2024_17_DET_SF,2024,REG,17,2024-12-30,Monday,20:15,DET,40.0,SF,34.0,Home,-6.0,74.0,0,2024123000,59763,,202412300sfo,,401671698,6704,8,8,-230,190,-4.0,-112,-108,50.5,-110,-110,0,outdoors,grass,,,00-0033106,00-0037834,Jared Goff,Brock Purdy,Dan Campbell,Kyle Shanahan,Shawn Hochuli,SFO01,Levi's Stadium,away,DET,SF,-4.0,6.0,NFL,2024_17_DET_SF-DET,-4.0,50.5,archived_reference_line
2024_17_DET_SF,2024,REG,17,2024-12-30,Monday,20:15,DET,40.0,SF,34.0,Home,-6.0,74.0,0,2024123000,59763,,202412300sfo,,401671698,6704,8,8,-230,190,-4.0,-112,-108,50.5,-110,-110,0,outdoors,grass,,,00-0033106,00-0037834,Jared Goff,Brock Purdy,Dan Campbell,Kyle Shanahan,Shawn Hochuli,SFO01,Levi's Stadium,home,SF,DET,4.0,-6.0,NFL,2024_17_DET_SF-SF,-4.0,50.5,archived_reference_line
2024_17_GB_MIN,2024,REG,17,2024-12-29,Sunday,16:25,GB,25.0,MIN,27.0,Home,2.0,52.0,0,2024122907,59758,,202412290min,,401671725,6702,6,7,-112,-108,-1.0,-105,-115,49.0,-110,-110,1,dome,sportturf,,,00-0036264,00-0034869,Jordan Love,Sam Darnold,Matt LaFleur,Kevin O'Connell,Carl Cheffers,MIN01,U.S. Bank Stadium,away,GB,MIN,-1.0,-2.0,NFL,2024_17_GB_MIN-GB,-1.0,49.0,archived_reference_line
2024_17_GB_MIN,2024,REG,17,2024-12-29,Sunday,16:25,GB,25.0,MIN,27.0,Home,2.0,52.0,0,2024122907,59758,,202412290min,,401671725,6702,6,7,-112,-108,-1.0,-105,-115,49.0,-110,-110,1,dome,sportturf,,,00-0036264,00-0034869,Jordan Love,Sam Darnold,Matt LaFleur,Kevin O'Connell,Carl Cheffers,MIN01,U.S. Bank Stadium,home,MIN,GB,1.0,2.0,NFL,2024_17_GB_MIN-MIN,-1.0,49.0,archived_reference_line
2024_17_IND_NYG,2024,REG,17,2024-12-29,Sunday,13:00,IND,33.0,NYG,45.0,Home,12.0,78.0,0,2024122903,59754,,202412290nyg,,401671846,6698,7,7,-410,320,-7.5,-112,-108,40.5,-112,-108,0,outdoors,fieldturf,54,0,00-0026158,00-0038476,Joe Flacco,Tommy DeVito,Shane Steichen,Brian Daboll,Bill Vinovich,NYC01,MetLife Stadium,away,IND,NYG,-7.5,-12.0,NFL,2024_17_IND_NYG-IND,-7.5,40.5,archived_reference_line
2024_17_IND_NYG,2024,REG,17,2024-12-29,Sunday,13:00,IND,33.0,NYG,45.0,Home,12.0,78.0,0,2024122903,59754,,202412290nyg,,401671846,6698,7,7,-410,320,-7.5,-112,-108,40.5,-112,-108,0,outdoors,fieldturf,54,0,00-0026158,00-0038476,Joe Flacco,Tommy DeVito,Shane Steichen,Brian Daboll,Bill Vinovich,NYC01,MetLife Stadium,home,NYG,IND,7.5,12.0,NFL,2024_17_IND_NYG-NYG,-7.5,40.5,archived_reference_line
2024_17_KC_PIT,2024,REG,17,2024-12-25,Wednesday,13:00,KC,29.0,PIT,10.0,Home,-19.0,39.0,0,2024122500,59748,,202412250pit,,401671799,6689,4,4,-162,136,-3.0,-105,-115,43.5,-110,-110,0,outdoors,grass,39,2,00-0033873,00-0029263,Patrick Mahomes,Russell Wilson,Andy Reid,Mike Tomlin,Craig Wrolstad,PIT00,Acrisure Stadium,away,KC,PIT,-3.0,19.0,NFL,2024_17_KC_PIT-KC,-3.0,43.5,archived_reference_line
2024_17_KC_PIT,2024,REG,17,2024-12-25,Wednesday,13:00,KC,29.0,PIT,10.0,Home,-19.0,39.0,0,2024122500,59748,,202412250pit,,401671799,6689,4,4,-162,136,-3.0,-105,-115,43.5,-110,-110,0,outdoors,grass,39,2,00-0033873,00-0029263,Patrick Mahomes,Russell Wilson,Andy Reid,Mike Tomlin,Craig Wrolstad,PIT00,Acrisure Stadium,home,PIT,KC,3.0,-19.0,NFL,2024_17_KC_PIT-PIT,-3.0,43.5,archived_reference_line
2024_17_LAC_NE,2024,REG,17,2024-12-28,Saturday,13:00,LAC,40.0,NE,7.0,Home,-33.0,47.0,0,2024122800,59753,,202412280nwe,,401671832,6692,9,6,-305,245,-6.0,-118,-102,42.0,-108,-112,0,outdoors,fieldturf,40,4,00-0036355,00-0039851,Justin Herbert,Drake Maye,Jim Harbaugh,Jerod Mayo,John Hussey,BOS00,Gillette Stadium,away,LAC,NE,-6.0,33.0,NFL,2024_17_LAC_NE-LAC,-6.0,42.0,archived_reference_line
2024_17_LAC_NE,2024,REG,17,2024-12-28,Saturday,13:00,LAC,40.0,NE,7.0,Home,-33.0,47.0,0,2024122800,59753,,202412280nwe,,401671832,6692,9,6,-305,245,-6.0,-118,-102,42.0,-108,-112,0,outdoors,fieldturf,40,4,00-0036355,00-0039851,Justin Herbert,Drake Maye,Jim Harbaugh,Jerod Mayo,John Hussey,BOS00,Gillette Stadium,home,NE,LAC,6.0,-33.0,NFL,2024_17_LAC_NE-NE,-6.0,42.0,archived_reference_line
2024_17_LV_NO,2024,REG,17,2024-12-29,Sunday,13:00,LV,25.0,NO,10.0,Home,-15.0,35.0,0,2024122908,59759,,202412290nor,,401671738,6697,7,6,-125,105,-2.0,-110,-110,37.5,-112,-108,0,dome,sportturf,,,00-0038579,00-0038998,Aidan O'Connell,Jake Haener,Antonio Pierce,Dennis Allen,Land Clark,NOR00,Mercedes-Benz Superdome,away,LV,NO,-2.0,15.0,NFL,2024_17_LV_NO-LV,-2.0,37.5,archived_reference_line
2024_17_LV_NO,2024,REG,17,2024-12-29,Sunday,13:00,LV,25.0,NO,10.0,Home,-15.0,35.0,0,2024122908,59759,,202412290nor,,401671738,6697,7,6,-125,105,-2.0,-110,-110,37.5,-112,-108,0,dome,sportturf,,,00-0038579,00-0038998,Aidan O'Connell,Jake Haener,Antonio Pierce,Dennis Allen,Land Clark,NOR00,Mercedes-Benz Superdome,home,NO,LV,2.0,-15.0,NFL,2024_17_LV_NO-NO,-2.0,37.5,archived_reference_line
2024_17_MIA_CLE,2024,REG,17,2024-12-29,Sunday,16:05,MIA,20.0,CLE,3.0,Home,-17.0,23.0,0,2024122911,59762,,202412290cle,,401671877,6701,7,7,-170,142,-3.0,-115,-105,32.5,-112,-108,0,outdoors,grass,54,15,00-0035993,00-0031503,Tyler Huntley,Jameis Winston,Mike McDaniel,Kevin Stefanski,Ron Torbert,CLE00,FirstEnergy Stadium,away,MIA,CLE,-3.0,17.0,NFL,2024_17_MIA_CLE-MIA,-3.0,32.5,archived_reference_line
2024_17_MIA_CLE,2024,REG,17,2024-12-29,Sunday,16:05,MIA,20.0,CLE,3.0,Home,-17.0,23.0,0,2024122911,59762,,202412290cle,,401671877,6701,7,7,-170,142,-3.0,-115,-105,32.5,-112,-108,0,outdoors,grass,54,15,00-0035993,00-0031503,Tyler Huntley,Jameis Winston,Mike McDaniel,Kevin Stefanski,Ron Torbert,CLE00,FirstEnergy Stadium,home,CLE,MIA,3.0,-17.0,NFL,2024_17_MIA_CLE-CLE,-3.0,32.5,archived_reference_line
2024_17_NYJ_BUF,2024,REG,17,2024-12-29,Sunday,13:00,NYJ,14.0,BUF,40.0,Home,26.0,54.0,0,2024122905,59756,,202412290buf,,401671495,6695,7,7,390,-520,10.0,-105,-115,44.5,-112,-108,1,outdoors,a_turf,54,15,00-0023459,00-0034857,Aaron Rodgers,Josh Allen,Robert Saleh,Sean McDermott,Clete Blakeman,BUF00,New Era Field,away,NYJ,BUF,10.0,-26.0,NFL,2024_17_NYJ_BUF-NYJ,10.0,44.5,archived_reference_line
2024_17_NYJ_BUF,2024,REG,17,2024-12-29,Sunday,13:00,NYJ,14.0,BUF,40.0,Home,26.0,54.0,0,2024122905,59756,,202412290buf,,401671495,6695,7,7,390,-520,10.0,-105,-115,44.5,-112,-108,1,outdoors,a_turf,54,15,00-0023459,00-0034857,Aaron Rodgers,Josh Allen,Robert Saleh,Sean McDermott,Clete Blakeman,BUF00,New Era Field,home,BUF,NYJ,-10.0,26.0,NFL,2024_17_NYJ_BUF-BUF,10.0,44.5,archived_reference_line
2024_17_SEA_CHI,2024,REG,17,2024-12-26,Thursday,20:15,SEA,6.0,CHI,3.0,Home,-3.0,9.0,0,2024122600,59750,,202412260chi,,401671876,6691,4,4,-192,160,-3.5,-118,-102,43.5,-112,-108,0,outdoors,grass,47,5,00-0030565,00-0039918,Geno Smith,Caleb Williams,Mike Macdonald,Matt Eberflus,Scott Novak,CHI98,Soldier Field,away,SEA,CHI,-3.5,3.0,NFL,2024_17_SEA_CHI-SEA,-3.5,43.5,archived_reference_line
2024_17_SEA_CHI,2024,REG,17,2024-12-26,Thursday,20:15,SEA,6.0,CHI,3.0,Home,-3.0,9.0,0,2024122600,59750,,202412260chi,,401671876,6691,4,4,-192,160,-3.5,-118,-102,43.5,-112,-108,0,outdoors,grass,47,5,00-0030565,00-0039918,Geno Smith,Caleb Williams,Mike Macdonald,Matt Eberflus,Scott Novak,CHI98,Soldier Field,home,CHI,SEA,3.5,-3.0,NFL,2024_17_SEA_CHI-CHI,-3.5,43.5,archived_reference_line
2024_17_TEN_JAX,2024,REG,17,2024-12-29,Sunday,13:00,TEN,13.0,JAX,20.0,Home,7.0,33.0,0,2024122906,59757,,202412290jax,,401671634,6696,7,7,-108,-112,-1.0,-105,-115,38.0,-110,-110,1,outdoors,grass,72,16,00-0034771,00-0036972,Mason Rudolph,Mac Jones,Brian Callahan,Doug Pederson,Shawn Smith,JAX00,TIAA Bank Stadium,away,TEN,JAX,-1.0,-7.0,NFL,2024_17_TEN_JAX-TEN,-1.0,38.0,archived_reference_line
2024_17_TEN_JAX,2024,REG,17,2024-12-29,Sunday,13:00,TEN,13.0,JAX,20.0,Home,7.0,33.0,0,2024122906,59757,,202412290jax,,401671634,6696,7,7,-108,-112,-1.0,-105,-115,38.0,-110,-110,1,outdoors,grass,72,16,00-0034771,00-0036972,Mason Rudolph,Mac Jones,Brian Callahan,Doug Pederson,Shawn Smith,JAX00,TIAA Bank Stadium,home,JAX,TEN,1.0,7.0,NFL,2024_17_TEN_JAX-JAX,-1.0,38.0,archived_reference_line
2024_18_BUF_NE,2024,REG,18,2025-01-05,Sunday,13:00,BUF,16.0,NE,23.0,Home,7.0,39.0,0,2025010510,59774,,202501050nwe,,401671831,6711,7,8,-166,140,-3.0,-112,-108,36.5,-108,-112,1,outdoors,fieldturf,33,14,00-0033869,00-0039398,Mitchell Trubisky,Joe Milton III,Sean McDermott,Jerod Mayo,Alan Eck,BOS00,Gillette Stadium,away,BUF,NE,-3.0,-7.0,NFL,2024_18_BUF_NE-BUF,-3.0,36.5,archived_reference_line
2024_18_BUF_NE,2024,REG,18,2025-01-05,Sunday,13:00,BUF,16.0,NE,23.0,Home,7.0,39.0,0,2025010510,59774,,202501050nwe,,401671831,6711,7,8,-166,140,-3.0,-112,-108,36.5,-108,-112,1,outdoors,fieldturf,33,14,00-0033869,00-0039398,Mitchell Trubisky,Joe Milton III,Sean McDermott,Jerod Mayo,Alan Eck,BOS00,Gillette Stadium,home,NE,BUF,3.0,7.0,NFL,2024_18_BUF_NE-NE,-3.0,36.5,archived_reference_line
2024_18_CAR_ATL,2024,REG,18,2025-01-05,Sunday,13:00,CAR,44.0,ATL,38.0,Home,-6.0,82.0,1,2025010501,59765,,202501050atl,,401671827,6707,7,7,300,-380,7.5,-105,-115,48.5,-108,-112,1,closed,fieldturf,,,00-0039150,00-0039917,Bryce Young,Michael Penix Jr.,Dave Canales,Raheem Morris,Land Clark,ATL97,Mercedes-Benz Stadium,away,CAR,ATL,7.5,6.0,NFL,2024_18_CAR_ATL-CAR,7.5,48.5,archived_reference_line
2024_18_CAR_ATL,2024,REG,18,2025-01-05,Sunday,13:00,CAR,44.0,ATL,38.0,Home,-6.0,82.0,1,2025010501,59765,,202501050atl,,401671827,6707,7,7,300,-380,7.5,-105,-115,48.5,-108,-112,1,closed,fieldturf,,,00-0039150,00-0039917,Bryce Young,Michael Penix Jr.,Dave Canales,Raheem Morris,Land Clark,ATL97,Mercedes-Benz Stadium,home,ATL,CAR,-7.5,-6.0,NFL,2024_18_CAR_ATL-ATL,7.5,48.5,archived_reference_line
2024_18_CHI_GB,2024,REG,18,2025-01-05,Sunday,13:00,CHI,24.0,GB,22.0,Home,-2.0,46.0,0,2025010506,59770,,202501050gnb,,401671844,6709,10,7,320,-410,10.0,-115,-105,41.5,-108,-112,1,outdoors,grass,16,13,00-0039918,00-0036264,Caleb Williams,Jordan Love,Matt Eberflus,Matt LaFleur,Clay Martin,GNB00,Lambeau Field,away,CHI,GB,10.0,2.0,NFL,2024_18_CHI_GB-CHI,10.0,41.5,archived_reference_line
2024_18_CHI_GB,2024,REG,18,2025-01-05,Sunday,13:00,CHI,24.0,GB,22.0,Home,-2.0,46.0,0,2025010506,59770,,202501050gnb,,401671844,6709,10,7,320,-410,10.0,-115,-105,41.5,-108,-112,1,outdoors,grass,16,13,00-0039918,00-0036264,Caleb Williams,Jordan Love,Matt Eberflus,Matt LaFleur,Clay Martin,GNB00,Lambeau Field,home,GB,CHI,-10.0,-2.0,NFL,2024_18_CHI_GB-GB,10.0,41.5,archived_reference_line
2024_18_CIN_PIT,2024,REG,18,2025-01-04,Saturday,20:00,CIN,19.0,PIT,17.0,Home,-2.0,36.0,0,2025010401,59777,,202501040pit,,401671836,6706,7,10,-148,124,-2.5,-118,-102,48.5,-112,-108,1,outdoors,grass,19,10,00-0036442,00-0029263,Joe Burrow,Russell Wilson,Zac Taylor,Mike Tomlin,John Hussey,PIT00,Acrisure Stadium,away,CIN,PIT,-2.5,2.0,NFL,2024_18_CIN_PIT-CIN,-2.5,48.5,archived_reference_line
2024_18_CIN_PIT,2024,REG,18,2025-01-04,Saturday,20:00,CIN,19.0,PIT,17.0,Home,-2.0,36.0,0,2025010401,59777,,202501040pit,,401671836,6706,7,10,-148,124,-2.5,-118,-102,48.5,-112,-108,1,outdoors,grass,19,10,00-0036442,00-0029263,Joe Burrow,Russell Wilson,Zac Taylor,Mike Tomlin,John Hussey,PIT00,Acrisure Stadium,home,PIT,CIN,2.5,-2.0,NFL,2024_18_CIN_PIT-PIT,-2.5,48.5,archived_reference_line
2024_18_CLE_BAL,2024,REG,18,2025-01-04,Saturday,16:30,CLE,10.0,BAL,35.0,Home,25.0,45.0,0,2025010400,59766,,202501040rav,,401671834,6705,6,10,1200,-2400,19.5,-105,-115,42.5,-108,-112,1,outdoors,grass,31,16,00-0038108,00-0034796,Bailey Zappe,Lamar Jackson,Kevin Stefanski,John Harbaugh,Scott Novak,BAL00,M&T Bank Stadium,away,CLE,BAL,19.5,-25.0,NFL,2024_18_CLE_BAL-CLE,19.5,42.5,archived_reference_line
2024_18_CLE_BAL,2024,REG,18,2025-01-04,Saturday,16:30,CLE,10.0,BAL,35.0,Home,25.0,45.0,0,2025010400,59766,,202501040rav,,401671834,6705,6,10,1200,-2400,19.5,-105,-115,42.5,-108,-112,1,outdoors,grass,31,16,00-0038108,00-0034796,Bailey Zappe,Lamar Jackson,Kevin Stefanski,John Harbaugh,Scott Novak,BAL00,M&T Bank Stadium,home,BAL,CLE,-19.5,25.0,NFL,2024_18_CLE_BAL-BAL,19.5,42.5,archived_reference_line
2024_18_HOU_TEN,2024,REG,18,2025-01-05,Sunday,13:00,HOU,23.0,TEN,14.0,Home,-9.0,37.0,0,2025010515,59779,,202501050oti,,401671826,6714,11,7,120,-142,2.5,-108,-112,36.5,-108,-112,1,outdoors,grass,35,10,00-0036898,00-0034771,Davis Mills,Mason Rudolph,DeMeco Ryans,Brian Callahan,Brad Allen,NAS00,Nissan Stadium,away,HOU,TEN,2.5,9.0,NFL,2024_18_HOU_TEN-HOU,2.5,36.5,archived_reference_line
2024_18_HOU_TEN,2024,REG,18,2025-01-05,Sunday,13:00,HOU,23.0,TEN,14.0,Home,-9.0,37.0,0,2025010515,59779,,202501050oti,,401671826,6714,11,7,120,-142,2.5,-108,-112,36.5,-108,-112,1,outdoors,grass,35,10,00-0036898,00-0034771,Davis Mills,Mason Rudolph,DeMeco Ryans,Brian Callahan,Brad Allen,NAS00,Nissan Stadium,home,TEN,HOU,-2.5,-9.0,NFL,2024_18_HOU_TEN-TEN,2.5,36.5,archived_reference_line
2024_18_JAX_IND,2024,REG,18,2025-01-05,Sunday,13:00,JAX,23.0,IND,26.0,Home,3.0,49.0,1,2025010507,59771,,202501050clt,,401671837,6710,7,7,150,-180,3.5,-110,-110,45.5,-105,-110,1,closed,fieldturf,,,00-0036972,00-0026158,Mac Jones,Joe Flacco,Doug Pederson,Shane Steichen,Alex Kemp,IND00,Lucas Oil Stadium,away,JAX,IND,3.5,-3.0,NFL,2024_18_JAX_IND-JAX,3.5,45.5,archived_reference_line
2024_18_JAX_IND,2024,REG,18,2025-01-05,Sunday,13:00,JAX,23.0,IND,26.0,Home,3.0,49.0,1,2025010507,59771,,202501050clt,,401671837,6710,7,7,150,-180,3.5,-110,-110,45.5,-105,-110,1,closed,fieldturf,,,00-0036972,00-0026158,Mac Jones,Joe Flacco,Doug Pederson,Shane Steichen,Alex Kemp,IND00,Lucas Oil Stadium,home,IND,JAX,-3.5,3.0,NFL,2024_18_JAX_IND-IND,3.5,45.5,archived_reference_line
2024_18_KC_DEN,2024,REG,18,2025-01-05,Sunday,16:25,KC,0.0,DEN,38.0,Home,38.0,38.0,0,2025010504,59768,,202501050den,,401671838,6716,11,8,370,-485,10.5,-115,-105,40.5,-115,-105,1,outdoors,grass,28,5,00-0032950,00-0039732,Carson Wentz,Bo Nix,Andy Reid,Sean Payton,Shawn Hochuli,DEN00,Empower Field at Mile High,away,KC,DEN,10.5,-38.0,NFL,2024_18_KC_DEN-KC,10.5,40.5,archived_reference_line
2024_18_KC_DEN,2024,REG,18,2025-01-05,Sunday,16:25,KC,0.0,DEN,38.0,Home,38.0,38.0,0,2025010504,59768,,202501050den,,401671838,6716,11,8,370,-485,10.5,-115,-105,40.5,-115,-105,1,outdoors,grass,28,5,00-0032950,00-0039732,Carson Wentz,Bo Nix,Andy Reid,Sean Payton,Shawn Hochuli,DEN00,Empower Field at Mile High,home,DEN,KC,-10.5,38.0,NFL,2024_18_KC_DEN-DEN,10.5,40.5,archived_reference_line
2024_18_LAC_LV,2024,REG,18,2025-01-05,Sunday,16:25,LAC,34.0,LV,20.0,Home,-14.0,54.0,0,2025010509,59773,,202501050rai,,401671839,6718,8,7,-345,275,-7.0,-118,-102,42.5,-112,-108,1,dome,grass,,,00-0036355,00-0038579,Justin Herbert,Aidan O'Connell,Jim Harbaugh,Antonio Pierce,Carl Cheffers,VEG00,Allegiant Stadium,away,LAC,LV,-7.0,14.0,NFL,2024_18_LAC_LV-LAC,-7.0,42.5,archived_reference_line
2024_18_LAC_LV,2024,REG,18,2025-01-05,Sunday,16:25,LAC,34.0,LV,20.0,Home,-14.0,54.0,0,2025010509,59773,,202501050rai,,401671839,6718,8,7,-345,275,-7.0,-118,-102,42.5,-112,-108,1,dome,grass,,,00-0036355,00-0038579,Justin Herbert,Aidan O'Connell,Jim Harbaugh,Antonio Pierce,Carl Cheffers,VEG00,Allegiant Stadium,home,LV,LAC,7.0,-14.0,NFL,2024_18_LAC_LV-LV,-7.0,42.5,archived_reference_line
2024_18_MIA_NYJ,2024,REG,18,2025-01-05,Sunday,16:25,MIA,20.0,NYJ,32.0,Home,12.0,52.0,0,2025010511,59775,,202501050nyj,,401671833,6719,7,7,102,-122,1.5,-110,-110,39.5,-112,-108,1,outdoors,fieldturf,34,10,00-0036212,00-0023459,Tua Tagovailoa,Aaron Rodgers,Mike McDaniel,Robert Saleh,Tra Blake,NYC01,MetLife Stadium,away,MIA,NYJ,1.5,-12.0,NFL,2024_18_MIA_NYJ-MIA,1.5,39.5,archived_reference_line
2024_18_MIA_NYJ,2024,REG,18,2025-01-05,Sunday,16:25,MIA,20.0,NYJ,32.0,Home,12.0,52.0,0,2025010511,59775,,202501050nyj,,401671833,6719,7,7,102,-122,1.5,-110,-110,39.5,-112,-108,1,outdoors,fieldturf,34,10,00-0036212,00-0023459,Tua Tagovailoa,Aaron Rodgers,Mike McDaniel,Robert Saleh,Tra Blake,NYC01,MetLife Stadium,home,NYJ,MIA,-1.5,12.0,NFL,2024_18_MIA_NYJ-NYJ,1.5,39.5,archived_reference_line
2024_18_MIN_DET,2024,REG,18,2025-01-05,Sunday,20:20,MIN,9.0,DET,31.0,Home,22.0,40.0,0,2025010505,59769,,202501050det,,401671843,6720,7,6,124,-148,3.0,-118,-102,56.5,-102,-118,1,dome,fieldturf,,,00-0034869,00-0033106,Sam Darnold,Jared Goff,Kevin O'Connell,Dan Campbell,Brad Rogers,DET00,Ford Field,away,MIN,DET,3.0,-22.0,NFL,2024_18_MIN_DET-MIN,3.0,56.5,archived_reference_line
2024_18_MIN_DET,2024,REG,18,2025-01-05,Sunday,20:20,MIN,9.0,DET,31.0,Home,22.0,40.0,0,2025010505,59769,,202501050det,,401671843,6720,7,6,124,-148,3.0,-118,-102,56.5,-102,-118,1,dome,fieldturf,,,00-0034869,00-0033106,Sam Darnold,Jared Goff,Kevin O'Connell,Dan Campbell,Brad Rogers,DET00,Ford Field,home,DET,MIN,-3.0,22.0,NFL,2024_18_MIN_DET-DET,3.0,56.5,archived_reference_line
2024_18_NO_TB,2024,REG,18,2025-01-05,Sunday,13:00,NO,19.0,TB,27.0,Home,8.0,46.0,0,2025010514,59778,,202501050tam,,401671828,6713,7,7,675,-1050,14.5,-102,-118,44.5,-112,-108,1,outdoors,grass,68,6,00-0039376,00-0034855,Spencer Rattler,Baker Mayfield,Dennis Allen,Todd Bowles,Adrian Hill,TAM00,Raymond James Stadium,away,NO,TB,14.5,-8.0,NFL,2024_18_NO_TB-NO,14.5,44.5,archived_reference_line
2024_18_NO_TB,2024,REG,18,2025-01-05,Sunday,13:00,NO,19.0,TB,27.0,Home,8.0,46.0,0,2025010514,59778,,202501050tam,,401671828,6713,7,7,675,-1050,14.5,-102,-118,44.5,-112,-108,1,outdoors,grass,68,6,00-0039376,00-0034855,Spencer Rattler,Baker Mayfield,Dennis Allen,Todd Bowles,Adrian Hill,TAM00,Raymond James Stadium,home,TB,NO,-14.5,8.0,NFL,2024_18_NO_TB-TB,14.5,44.5,archived_reference_line
2024_18_NYG_PHI,2024,REG,18,2025-01-05,Sunday,13:00,NYG,13.0,PHI,20.0,Home,7.0,33.0,0,2025010512,59776,,202501050phi,,401671841,6712,7,7,130,-155,3.0,-110,-110,36.5,-118,-102,1,outdoors,grass,31,19,00-0035704,00-0038400,Drew Lock,Tanner McKee,Brian Daboll,Nick Sirianni,Ron Torbert,PHI00,Lincoln Financial Field,away,NYG,PHI,3.0,-7.0,NFL,2024_18_NYG_PHI-NYG,3.0,36.5,archived_reference_line
2024_18_NYG_PHI,2024,REG,18,2025-01-05,Sunday,13:00,NYG,13.0,PHI,20.0,Home,7.0,33.0,0,2025010512,59776,,202501050phi,,401671841,6712,7,7,130,-155,3.0,-110,-110,36.5,-118,-102,1,outdoors,grass,31,19,00-0035704,00-0038400,Drew Lock,Tanner McKee,Brian Daboll,Nick Sirianni,Ron Torbert,PHI00,Lincoln Financial Field,home,PHI,NYG,-3.0,7.0,NFL,2024_18_NYG_PHI-PHI,3.0,36.5,archived_reference_line
2024_18_SEA_LA,2024,REG,18,2025-01-05,Sunday,16:25,SEA,30.0,LA,25.0,Home,-5.0,55.0,0,2025010508,59772,,202501050ram,,401671830,6717,10,8,-360,285,-7.5,-110,-110,38.5,-112,-108,1,dome,matrixturf,,,00-0030565,00-0031345,Geno Smith,Jimmy Garoppolo,Mike Macdonald,Sean McVay,Bill Vinovich,LAX01,SoFi Stadium,away,SEA,LA,-7.5,5.0,NFL,2024_18_SEA_LA-SEA,-7.5,38.5,archived_reference_line
2024_18_SEA_LA,2024,REG,18,2025-01-05,Sunday,16:25,SEA,30.0,LA,25.0,Home,-5.0,55.0,0,2025010508,59772,,202501050ram,,401671830,6717,10,8,-360,285,-7.5,-110,-110,38.5,-112,-108,1,dome,matrixturf,,,00-0030565,00-0031345,Geno Smith,Jimmy Garoppolo,Mike Macdonald,Sean McVay,Bill Vinovich,LAX01,SoFi Stadium,home,LA,SEA,7.5,-5.0,NFL,2024_18_SEA_LA-LA,-7.5,38.5,archived_reference_line
2024_18_SF_ARI,2024,REG,18,2025-01-05,Sunday,16:25,SF,24.0,ARI,47.0,Home,23.0,71.0,0,2025010500,59764,,202501050crd,,401671845,6715,6,8,160,-192,4.5,-110,-110,42.5,-110,-110,1,closed,grass,,,00-0033949,00-0035228,Joshua Dobbs,Kyler Murray,Kyle Shanahan,Jonathan Gannon,Shawn Smith,PHO00,State Farm Stadium,away,SF,ARI,4.5,-23.0,NFL,2024_18_SF_ARI-SF,4.5,42.5,archived_reference_line
2024_18_SF_ARI,2024,REG,18,2025-01-05,Sunday,16:25,SF,24.0,ARI,47.0,Home,23.0,71.0,0,2025010500,59764,,202501050crd,,401671845,6715,6,8,160,-192,4.5,-110,-110,42.5,-110,-110,1,closed,grass,,,00-0033949,00-0035228,Joshua Dobbs,Kyler Murray,Kyle Shanahan,Jonathan Gannon,Shawn Smith,PHO00,State Farm Stadium,home,ARI,SF,-4.5,23.0,NFL,2024_18_SF_ARI-ARI,4.5,42.5,archived_reference_line
2024_18_WAS_DAL,2024,REG,18,2025-01-05,Sunday,13:00,WAS,23.0,DAL,19.0,Home,-4.0,42.0,0,2025010503,59767,,202501050dal,,401671840,6708,7,7,-310,250,-7.0,-108,-112,43.5,-118,-102,1,closed,matrixturf,,,00-0039910,00-0037012,Jayden Daniels,Trey Lance,Dan Quinn,Mike McCarthy,Clete Blakeman,DAL00,AT&T Stadium,away,WAS,DAL,-7.0,4.0,NFL,2024_18_WAS_DAL-WAS,-7.0,43.5,archived_reference_line
2024_18_WAS_DAL,2024,REG,18,2025-01-05,Sunday,13:00,WAS,23.0,DAL,19.0,Home,-4.0,42.0,0,2025010503,59767,,202501050dal,,401671840,6708,7,7,-310,250,-7.0,-108,-112,43.5,-118,-102,1,closed,matrixturf,,,00-0039910,00-0037012,Jayden Daniels,Trey Lance,Dan Quinn,Mike McCarthy,Clete Blakeman,DAL00,AT&T Stadium,home,DAL,WAS,7.0,-4.0,NFL,2024_18_WAS_DAL-DAL,-7.0,43.5,archived_reference_line
2024_19_DEN_BUF,2024,WC,19,2025-01-12,Sunday,13:00,DEN,7.0,BUF,31.0,Home,24.0,38.0,0,2025011200,59831,,202501120buf,,401671881,6723,7,7,330,-425,7.5,100,-120,48.5,-102,-118,0,outdoors,a_turf,32,10,00-0039732,00-0034857,Bo Nix,Josh Allen,Sean Payton,Sean McDermott,Bill Vinovich,BUF00,New Era Field,away,DEN,BUF,7.5,-24.0,NFL,2024_19_DEN_BUF-DEN,7.5,48.5,archived_reference_line
2024_19_DEN_BUF,2024,WC,19,2025-01-12,Sunday,13:00,DEN,7.0,BUF,31.0,Home,24.0,38.0,0,2025011200,59831,,202501120buf,,401671881,6723,7,7,330,-425,7.5,100,-120,48.5,-102,-118,0,outdoors,a_turf,32,10,00-0039732,00-0034857,Bo Nix,Josh Allen,Sean Payton,Sean McDermott,Bill Vinovich,BUF00,New Era Field,home,BUF,DEN,-7.5,24.0,NFL,2024_19_DEN_BUF-BUF,7.5,48.5,archived_reference_line
2024_19_GB_PHI,2024,WC,19,2025-01-12,Sunday,16:30,GB,10.0,PHI,22.0,Home,12.0,32.0,0,2025011201,59832,,202501120phi,,401671880,6724,7,7,205,-250,5.5,-105,-115,45.5,-110,-110,0,outdoors,grass,40,6,00-0036264,00-0036389,Jordan Love,Jalen Hurts,Matt LaFleur,Nick Sirianni,Brad Allen,PHI00,Lincoln Financial Field,away,GB,PHI,5.5,-12.0,NFL,2024_19_GB_PHI-GB,5.5,45.5,archived_reference_line
2024_19_GB_PHI,2024,WC,19,2025-01-12,Sunday,16:30,GB,10.0,PHI,22.0,Home,12.0,32.0,0,2025011201,59832,,202501120phi,,401671880,6724,7,7,205,-250,5.5,-105,-115,45.5,-110,-110,0,outdoors,grass,40,6,00-0036264,00-0036389,Jordan Love,Jalen Hurts,Matt LaFleur,Nick Sirianni,Brad Allen,PHI00,Lincoln Financial Field,home,PHI,GB,-5.5,12.0,NFL,2024_19_GB_PHI-PHI,5.5,45.5,archived_reference_line
2024_19_LAC_HOU,2024,WC,19,2025-01-11,Saturday,16:30,LAC,12.0,HOU,32.0,Home,20.0,44.0,0,2025011100,59829,,202501110htx,,401671878,6721,6,6,-162,136,-3.0,-105,-115,41.5,-108,-112,0,closed,astroturf,,,00-0036355,00-0039163,Justin Herbert,C.J. Stroud,Jim Harbaugh,DeMeco Ryans,Land Clark,HOU00,NRG Stadium,away,LAC,HOU,-3.0,-20.0,NFL,2024_19_LAC_HOU-LAC,-3.0,41.5,archived_reference_line
2024_19_LAC_HOU,2024,WC,19,2025-01-11,Saturday,16:30,LAC,12.0,HOU,32.0,Home,20.0,44.0,0,2025011100,59829,,202501110htx,,401671878,6721,6,6,-162,136,-3.0,-105,-115,41.5,-108,-112,0,closed,astroturf,,,00-0036355,00-0039163,Justin Herbert,C.J. Stroud,Jim Harbaugh,DeMeco Ryans,Land Clark,HOU00,NRG Stadium,home,HOU,LAC,3.0,20.0,NFL,2024_19_LAC_HOU-HOU,-3.0,41.5,archived_reference_line
2024_19_MIN_LA,2024,WC,19,2025-01-13,Monday,20:00,MIN,9.0,LA,27.0,Neutral,18.0,36.0,0,2025011300,59834,,202501130ram,,401671882,6726,8,8,-142,120,-2.5,-118,-102,47.5,-108,-112,0,closed,grass,,,00-0034869,00-0026498,Sam Darnold,Matthew Stafford,Kevin O'Connell,Sean McVay,John Hussey,PHO00,State Farm Stadium,away,MIN,LA,-2.5,-18.0,NFL,2024_19_MIN_LA-MIN,-2.5,47.5,archived_reference_line
2024_19_MIN_LA,2024,WC,19,2025-01-13,Monday,20:00,MIN,9.0,LA,27.0,Neutral,18.0,36.0,0,2025011300,59834,,202501130ram,,401671882,6726,8,8,-142,120,-2.5,-118,-102,47.5,-108,-112,0,closed,grass,,,00-0034869,00-0026498,Sam Darnold,Matthew Stafford,Kevin O'Connell,Sean McVay,John Hussey,PHO00,State Farm Stadium,home,LA,MIN,2.5,18.0,NFL,2024_19_MIN_LA-LA,-2.5,47.5,archived_reference_line
2024_19_PIT_BAL,2024,WC,19,2025-01-11,Saturday,20:00,PIT,14.0,BAL,28.0,Home,14.0,42.0,0,2025011101,59830,,202501110rav,,401671879,6722,7,7,390,-520,9.5,-112,-108,44.5,-108,-112,1,outdoors,grass,32,12,00-0029263,00-0034796,Russell Wilson,Lamar Jackson,Mike Tomlin,John Harbaugh,Alex Kemp,BAL00,M&T Bank Stadium,away,PIT,BAL,9.5,-14.0,NFL,2024_19_PIT_BAL-PIT,9.5,44.5,archived_reference_line
2024_19_PIT_BAL,2024,WC,19,2025-01-11,Saturday,20:00,PIT,14.0,BAL,28.0,Home,14.0,42.0,0,2025011101,59830,,202501110rav,,401671879,6722,7,7,390,-520,9.5,-112,-108,44.5,-108,-112,1,outdoors,grass,32,12,00-0029263,00-0034796,Russell Wilson,Lamar Jackson,Mike Tomlin,John Harbaugh,Alex Kemp,BAL00,M&T Bank Stadium,home,BAL,PIT,-9.5,14.0,NFL,2024_19_PIT_BAL-BAL,9.5,44.5,archived_reference_line
2024_19_WAS_TB,2024,WC,19,2025-01-12,Sunday,20:00,WAS,23.0,TB,20.0,Home,-3.0,43.0,0,2025011202,59833,,202501120tam,,401671883,6725,7,7,136,-162,3.0,-110,-110,51.5,-105,-115,0,outdoors,grass,58,2,00-0039910,00-0034855,Jayden Daniels,Baker Mayfield,Dan Quinn,Todd Bowles,Craig Wrolstad,TAM00,Raymond James Stadium,away,WAS,TB,3.0,3.0,NFL,2024_19_WAS_TB-WAS,3.0,51.5,archived_reference_line
2024_19_WAS_TB,2024,WC,19,2025-01-12,Sunday,20:00,WAS,23.0,TB,20.0,Home,-3.0,43.0,0,2025011202,59833,,202501120tam,,401671883,6725,7,7,136,-162,3.0,-110,-110,51.5,-105,-115,0,outdoors,grass,58,2,00-0039910,00-0034855,Jayden Daniels,Baker Mayfield,Dan Quinn,Todd Bowles,Craig Wrolstad,TAM00,Raymond James Stadium,home,TB,WAS,-3.0,-3.0,NFL,2024_19_WAS_TB-TB,3.0,51.5,archived_reference_line
2024_20_BAL_BUF,2024,DIV,20,2025-01-19,Sunday,18:30,BAL,25.0,BUF,27.0,Home,2.0,52.0,0,2025011901,59838,,202501190buf,,401671886,6730,8,7,-118,-102,-1.5,-102,-118,51.5,-105,-115,0,outdoors,a_turf,19,4,00-0034796,00-0034857,Lamar Jackson,Josh Allen,John Harbaugh,Sean McDermott,Carl Cheffers,BUF00,New Era Field,away,BAL,BUF,-1.5,-2.0,NFL,2024_20_BAL_BUF-BAL,-1.5,51.5,archived_reference_line
2024_20_BAL_BUF,2024,DIV,20,2025-01-19,Sunday,18:30,BAL,25.0,BUF,27.0,Home,2.0,52.0,0,2025011901,59838,,202501190buf,,401671886,6730,8,7,-118,-102,-1.5,-102,-118,51.5,-105,-115,0,outdoors,a_turf,19,4,00-0034796,00-0034857,Lamar Jackson,Josh Allen,John Harbaugh,Sean McDermott,Carl Cheffers,BUF00,New Era Field,home,BUF,BAL,1.5,2.0,NFL,2024_20_BAL_BUF-BUF,-1.5,51.5,archived_reference_line
2024_20_HOU_KC,2024,DIV,20,2025-01-18,Saturday,16:30,HOU,14.0,KC,23.0,Home,9.0,37.0,0,2025011800,59835,,202501180kan,,401671884,6727,7,13,410,-550,9.5,-110,-110,41.5,-112,-108,0,outdoors,grass,23,17,00-0039163,00-0033873,C.J. Stroud,Patrick Mahomes,DeMeco Ryans,Andy Reid,Clay Martin,KAN00,GEHA Field at Arrowhead Stadium,away,HOU,KC,9.5,-9.0,NFL,2024_20_HOU_KC-HOU,9.5,41.5,archived_reference_line
2024_20_HOU_KC,2024,DIV,20,2025-01-18,Saturday,16:30,HOU,14.0,KC,23.0,Home,9.0,37.0,0,2025011800,59835,,202501180kan,,401671884,6727,7,13,410,-550,9.5,-110,-110,41.5,-112,-108,0,outdoors,grass,23,17,00-0039163,00-0033873,C.J. Stroud,Patrick Mahomes,DeMeco Ryans,Andy Reid,Clay Martin,KAN00,GEHA Field at Arrowhead Stadium,home,KC,HOU,-9.5,9.0,NFL,2024_20_HOU_KC-KC,9.5,41.5,archived_reference_line
2024_20_LA_PHI,2024,DIV,20,2025-01-19,Sunday,15:00,LA,22.0,PHI,28.0,Home,6.0,50.0,0,2025011900,59837,,202501190phi,,401671937,6729,6,7,260,-325,7.0,-112,-108,43.5,-110,-110,0,outdoors,grass,34,8,00-0026498,00-0036389,Matthew Stafford,Jalen Hurts,Sean McVay,Nick Sirianni,Shawn Smith,PHI00,Lincoln Financial Field,away,LA,PHI,7.0,-6.0,NFL,2024_20_LA_PHI-LA,7.0,43.5,archived_reference_line
2024_20_LA_PHI,2024,DIV,20,2025-01-19,Sunday,15:00,LA,22.0,PHI,28.0,Home,6.0,50.0,0,2025011900,59837,,202501190phi,,401671937,6729,6,7,260,-325,7.0,-112,-108,43.5,-110,-110,0,outdoors,grass,34,8,00-0026498,00-0036389,Matthew Stafford,Jalen Hurts,Sean McVay,Nick Sirianni,Shawn Smith,PHI00,Lincoln Financial Field,home,PHI,LA,-7.0,6.0,NFL,2024_20_LA_PHI-PHI,7.0,43.5,archived_reference_line
2024_20_WAS_DET,2024,DIV,20,2025-01-18,Saturday,20:00,WAS,45.0,DET,31.0,Home,-14.0,76.0,0,2025011801,59836,,202501180det,,401671885,6728,6,13,390,-520,8.5,-105,-115,55.5,-112,-108,0,dome,fieldturf,,,00-0039910,00-0033106,Jayden Daniels,Jared Goff,Dan Quinn,Dan Campbell,Ron Torbert,DET00,Ford Field,away,WAS,DET,8.5,14.0,NFL,2024_20_WAS_DET-WAS,8.5,55.5,archived_reference_line
2024_20_WAS_DET,2024,DIV,20,2025-01-18,Saturday,20:00,WAS,45.0,DET,31.0,Home,-14.0,76.0,0,2025011801,59836,,202501180det,,401671885,6728,6,13,390,-520,8.5,-105,-115,55.5,-112,-108,0,dome,fieldturf,,,00-0039910,00-0033106,Jayden Daniels,Jared Goff,Dan Quinn,Dan Campbell,Ron Torbert,DET00,Ford Field,home,DET,WAS,-8.5,-14.0,NFL,2024_20_WAS_DET-DET,8.5,55.5,archived_reference_line
2024_21_BUF_KC,2024,CON,21,2025-01-26,Sunday,18:30,BUF,29.0,KC,32.0,Home,3.0,61.0,0,2025012601,59840,,202501260kan,,401671887,6732,7,8,-102,-118,1.5,-115,-105,49.5,-115,-105,0,outdoors,grass,31,8,00-0034857,00-0033873,Josh Allen,Patrick Mahomes,Sean McDermott,Andy Reid,Clete Blakeman,KAN00,GEHA Field at Arrowhead Stadium,away,BUF,KC,1.5,-3.0,NFL,2024_21_BUF_KC-BUF,1.5,49.5,archived_reference_line
2024_21_BUF_KC,2024,CON,21,2025-01-26,Sunday,18:30,BUF,29.0,KC,32.0,Home,3.0,61.0,0,2025012601,59840,,202501260kan,,401671887,6732,7,8,-102,-118,1.5,-115,-105,49.5,-115,-105,0,outdoors,grass,31,8,00-0034857,00-0033873,Josh Allen,Patrick Mahomes,Sean McDermott,Andy Reid,Clete Blakeman,KAN00,GEHA Field at Arrowhead Stadium,home,KC,BUF,-1.5,3.0,NFL,2024_21_BUF_KC-KC,1.5,49.5,archived_reference_line
2024_21_WAS_PHI,2024,CON,21,2025-01-26,Sunday,15:00,WAS,23.0,PHI,55.0,Home,32.0,78.0,0,2025012600,59839,,202501260phi,,401671888,6731,8,7,205,-250,6.0,-110,-110,46.5,-105,-115,1,outdoors,grass,40,11,00-0039910,00-0036389,Jayden Daniels,Jalen Hurts,Dan Quinn,Nick Sirianni,Shawn Hochuli,PHI00,Lincoln Financial Field,away,WAS,PHI,6.0,-32.0,NFL,2024_21_WAS_PHI-WAS,6.0,46.5,archived_reference_line
2024_21_WAS_PHI,2024,CON,21,2025-01-26,Sunday,15:00,WAS,23.0,PHI,55.0,Home,32.0,78.0,0,2025012600,59839,,202501260phi,,401671888,6731,8,7,205,-250,6.0,-110,-110,46.5,-105,-115,1,outdoors,grass,40,11,00-0039910,00-0036389,Jayden Daniels,Jalen Hurts,Dan Quinn,Nick Sirianni,Shawn Hochuli,PHI00,Lincoln Financial Field,home,PHI,WAS,-6.0,32.0,NFL,2024_21_WAS_PHI-PHI,6.0,46.5,archived_reference_line
2024_22_KC_PHI,2024,SB,22,2025-02-09,Sunday,18:30,KC,22.0,PHI,40.0,Neutral,18.0,62.0,0,2025020900,59841,,202502090phi,,401671889,6733,14,14,-120,100,-1.5,-105,-115,48.5,-105,-115,0,dome,sportturf,,,00-0033873,00-0036389,Patrick Mahomes,Jalen Hurts,Andy Reid,Nick Sirianni,Ron Torbert,NOR00,Mercedes-Benz Superdome,away,KC,PHI,-1.5,-18.0,NFL,2024_22_KC_PHI-KC,-1.5,48.5,archived_reference_line
2024_22_KC_PHI,2024,SB,22,2025-02-09,Sunday,18:30,KC,22.0,PHI,40.0,Neutral,18.0,62.0,0,2025020900,59841,,202502090phi,,401671889,6733,14,14,-120,100,-1.5,-105,-115,48.5,-105,-115,0,dome,sportturf,,,00-0033873,00-0036389,Patrick Mahomes,Jalen Hurts,Andy Reid,Nick Sirianni,Ron Torbert,NOR00,Mercedes-Benz Superdome,home,PHI,KC,1.5,18.0,NFL,2024_22_KC_PHI-PHI,-1.5,48.5,archived_reference_line
2025_01_ARI_NO,2025,REG,1,2025-09-07,Sunday,13:00,ARI,20.0,NO,13.0,Home,-7.0,33.0,0,2025090705,59850,,202509070nor,28425,401772718,6741,7,7,-270,220,-6.0,-108,-112,44.5,-112,-108,0,dome,sportturf,,,00-0035228,00-0039376,Kyler Murray,Spencer Rattler,Jonathan Gannon,Kellen Moore,Scott Novak,NOR00,Mercedes-Benz Superdome,away,ARI,NO,-6.0,7.0,NFL,2025_01_ARI_NO-ARI,-6.0,44.5,archived_reference_line
2025_01_ARI_NO,2025,REG,1,2025-09-07,Sunday,13:00,ARI,20.0,NO,13.0,Home,-7.0,33.0,0,2025090705,59850,,202509070nor,28425,401772718,6741,7,7,-270,220,-6.0,-108,-112,44.5,-112,-108,0,dome,sportturf,,,00-0035228,00-0039376,Kyler Murray,Spencer Rattler,Jonathan Gannon,Kellen Moore,Scott Novak,NOR00,Mercedes-Benz Superdome,home,NO,ARI,6.0,-7.0,NFL,2025_01_ARI_NO-NO,-6.0,44.5,archived_reference_line
2025_01_BAL_BUF,2025,REG,1,2025-09-07,Sunday,20:20,BAL,40.0,BUF,41.0,Home,1.0,81.0,0,2025090712,59857,,202509070buf,28432,401772918,6748,7,7,-130,110,-1.5,-118,-102,50.5,-105,-115,0,outdoors,a_turf,58,8,00-0034796,00-0034857,Lamar Jackson,Josh Allen,John Harbaugh,Sean McDermott,John Hussey,BUF00,New Era Field,away,BAL,BUF,-1.5,-1.0,NFL,2025_01_BAL_BUF-BAL,-1.5,50.5,archived_reference_line
2025_01_BAL_BUF,2025,REG,1,2025-09-07,Sunday,20:20,BAL,40.0,BUF,41.0,Home,1.0,81.0,0,2025090712,59857,,202509070buf,28432,401772918,6748,7,7,-130,110,-1.5,-118,-102,50.5,-105,-115,0,outdoors,a_turf,58,8,00-0034796,00-0034857,Lamar Jackson,Josh Allen,John Harbaugh,Sean McDermott,John Hussey,BUF00,New Era Field,home,BUF,BAL,1.5,1.0,NFL,2025_01_BAL_BUF-BUF,-1.5,50.5,archived_reference_line
2025_01_CAR_JAX,2025,REG,1,2025-09-07,Sunday,13:00,CAR,10.0,JAX,26.0,Home,16.0,36.0,0,2025090703,59848,,202509070jax,28423,401772828,6739,7,7,170,-205,4.5,-110,-110,45.5,-108,-112,0,outdoors,grass,85,3,00-0039150,00-0036971,Bryce Young,Trevor Lawrence,Dave Canales,Liam Coen,Alex Moore,JAX00,TIAA Bank Stadium,away,CAR,JAX,4.5,-16.0,NFL,2025_01_CAR_JAX-CAR,4.5,45.5,archived_reference_line
2025_01_CAR_JAX,2025,REG,1,2025-09-07,Sunday,13:00,CAR,10.0,JAX,26.0,Home,16.0,36.0,0,2025090703,59848,,202509070jax,28423,401772828,6739,7,7,170,-205,4.5,-110,-110,45.5,-108,-112,0,outdoors,grass,85,3,00-0039150,00-0036971,Bryce Young,Trevor Lawrence,Dave Canales,Liam Coen,Alex Moore,JAX00,TIAA Bank Stadium,home,JAX,CAR,-4.5,16.0,NFL,2025_01_CAR_JAX-JAX,4.5,45.5,archived_reference_line
2025_01_CIN_CLE,2025,REG,1,2025-09-07,Sunday,13:00,CIN,17.0,CLE,16.0,Home,-1.0,33.0,0,2025090701,59846,,202509070cle,28421,401772829,6737,7,7,-238,195,-5.5,-105,-115,47.5,100,-120,1,outdoors,grass,63,10,00-0036442,00-0026158,Joe Burrow,Joe Flacco,Zac Taylor,Kevin Stefanski,Adrian Hill,CLE00,FirstEnergy Stadium,away,CIN,CLE,-5.5,1.0,NFL,2025_01_CIN_CLE-CIN,-5.5,47.5,archived_reference_line
2025_01_CIN_CLE,2025,REG,1,2025-09-07,Sunday,13:00,CIN,17.0,CLE,16.0,Home,-1.0,33.0,0,2025090701,59846,,202509070cle,28421,401772829,6737,7,7,-238,195,-5.5,-105,-115,47.5,100,-120,1,outdoors,grass,63,10,00-0036442,00-0026158,Joe Burrow,Joe Flacco,Zac Taylor,Kevin Stefanski,Adrian Hill,CLE00,FirstEnergy Stadium,home,CLE,CIN,5.5,-1.0,NFL,2025_01_CIN_CLE-CLE,-5.5,47.5,archived_reference_line
2025_01_DAL_PHI,2025,REG,1,2025-09-04,Thursday,20:20,DAL,20.0,PHI,24.0,Home,4.0,44.0,0,2025090400,59843,,202509040phi,28418,401772510,6734,7,7,330,-425,8.5,-110,-110,47.5,-110,-110,1,outdoors,grass,75,11,00-0033077,00-0036389,Dak Prescott,Jalen Hurts,Brian Schottenheimer,Nick Sirianni,Shawn Smith,PHI00,Lincoln Financial Field,away,DAL,PHI,8.5,-4.0,NFL,2025_01_DAL_PHI-DAL,8.5,47.5,archived_reference_line
2025_01_DAL_PHI,2025,REG,1,2025-09-04,Thursday,20:20,DAL,20.0,PHI,24.0,Home,4.0,44.0,0,2025090400,59843,,202509040phi,28418,401772510,6734,7,7,330,-425,8.5,-110,-110,47.5,-110,-110,1,outdoors,grass,75,11,00-0033077,00-0036389,Dak Prescott,Jalen Hurts,Brian Schottenheimer,Nick Sirianni,Shawn Smith,PHI00,Lincoln Financial Field,home,PHI,DAL,-8.5,4.0,NFL,2025_01_DAL_PHI-PHI,8.5,47.5,archived_reference_line
2025_01_DET_GB,2025,REG,1,2025-09-07,Sunday,16:25,DET,13.0,GB,27.0,Home,14.0,40.0,0,2025090710,59855,,202509070gnb,28430,401772722,6746,7,7,100,-120,1.5,-115,-105,48.5,-115,-105,1,outdoors,grass,60,5,00-0033106,00-0036264,Jared Goff,Jordan Love,Dan Campbell,Matt LaFleur,Clete Blakeman,GNB00,Lambeau Field,away,DET,GB,1.5,-14.0,NFL,2025_01_DET_GB-DET,1.5,48.5,archived_reference_line
2025_01_DET_GB,2025,REG,1,2025-09-07,Sunday,16:25,DET,13.0,GB,27.0,Home,14.0,40.0,0,2025090710,59855,,202509070gnb,28430,401772722,6746,7,7,100,-120,1.5,-115,-105,48.5,-115,-105,1,outdoors,grass,60,5,00-0033106,00-0036264,Jared Goff,Jordan Love,Dan Campbell,Matt LaFleur,Clete Blakeman,GNB00,Lambeau Field,home,GB,DET,-1.5,14.0,NFL,2025_01_DET_GB-GB,1.5,48.5,archived_reference_line
2025_01_HOU_LA,2025,REG,1,2025-09-07,Sunday,16:25,HOU,9.0,LA,14.0,Home,5.0,23.0,0,2025090711,59856,,202509070ram,28431,401772723,6747,7,7,140,-166,3.5,-118,-102,43.5,-115,-105,0,dome,matrixturf,,,00-0039163,00-0026498,C.J. Stroud,Matthew Stafford,DeMeco Ryans,Sean McVay,Craig Wrolstad,LAX01,SoFi Stadium,away,HOU,LA,3.5,-5.0,NFL,2025_01_HOU_LA-HOU,3.5,43.5,archived_reference_line
2025_01_HOU_LA,2025,REG,1,2025-09-07,Sunday,16:25,HOU,9.0,LA,14.0,Home,5.0,23.0,0,2025090711,59856,,202509070ram,28431,401772723,6747,7,7,140,-166,3.5,-118,-102,43.5,-115,-105,0,dome,matrixturf,,,00-0039163,00-0026498,C.J. Stroud,Matthew Stafford,DeMeco Ryans,Sean McVay,Craig Wrolstad,LAX01,SoFi Stadium,home,LA,HOU,-3.5,5.0,NFL,2025_01_HOU_LA-LA,3.5,43.5,archived_reference_line
2025_01_KC_LAC,2025,REG,1,2025-09-05,Friday,20:00,KC,21.0,LAC,27.0,Neutral,6.0,48.0,0,2025090500,59844,,202509050sdg,28419,401772714,6735,7,7,-175,145,-3.0,-120,100,47.5,-110,-110,1,dome,,,,00-0033873,00-0036355,Patrick Mahomes,Justin Herbert,Andy Reid,Jim Harbaugh,Carl Cheffers,LAX01,SoFi Stadium,away,KC,LAC,-3.0,-6.0,NFL,2025_01_KC_LAC-KC,-3.0,47.5,archived_reference_line
2025_01_KC_LAC,2025,REG,1,2025-09-05,Friday,20:00,KC,21.0,LAC,27.0,Neutral,6.0,48.0,0,2025090500,59844,,202509050sdg,28419,401772714,6735,7,7,-175,145,-3.0,-120,100,47.5,-110,-110,1,dome,,,,00-0033873,00-0036355,Patrick Mahomes,Justin Herbert,Andy Reid,Jim Harbaugh,Carl Cheffers,LAX01,SoFi Stadium,home,LAC,KC,3.0,6.0,NFL,2025_01_KC_LAC-LAC,-3.0,47.5,archived_reference_line
2025_01_LV_NE,2025,REG,1,2025-09-07,Sunday,13:00,LV,20.0,NE,13.0,Home,-7.0,33.0,0,2025090704,59849,,202509070nwe,28424,401772720,6740,7,7,130,-155,2.5,100,-120,44.5,-115,-105,0,outdoors,fieldturf,62,4,00-0030565,00-0039851,Geno Smith,Drake Maye,Pete Carroll,Mike Vrabel,Ron Torbert,BOS00,Gillette Stadium,away,LV,NE,2.5,7.0,NFL,2025_01_LV_NE-LV,2.5,44.5,archived_reference_line
2025_01_LV_NE,2025,REG,1,2025-09-07,Sunday,13:00,LV,20.0,NE,13.0,Home,-7.0,33.0,0,2025090704,59849,,202509070nwe,28424,401772720,6740,7,7,130,-155,2.5,100,-120,44.5,-115,-105,0,outdoors,fieldturf,62,4,00-0030565,00-0039851,Geno Smith,Drake Maye,Pete Carroll,Mike Vrabel,Ron Torbert,BOS00,Gillette Stadium,home,NE,LV,-2.5,-7.0,NFL,2025_01_LV_NE-NE,2.5,44.5,archived_reference_line
2025_01_MIA_IND,2025,REG,1,2025-09-07,Sunday,13:00,MIA,8.0,IND,33.0,Home,25.0,41.0,0,2025090702,59847,,202509070clt,28422,401772719,6738,7,7,-108,-112,1.5,-118,-102,47.5,-120,100,0,closed,fieldturf,,,00-0036212,00-0035710,Tua Tagovailoa,Daniel Jones,Mike McDaniel,Shane Steichen,Brad Allen,IND00,Lucas Oil Stadium,away,MIA,IND,1.5,-25.0,NFL,2025_01_MIA_IND-MIA,1.5,47.5,archived_reference_line
2025_01_MIA_IND,2025,REG,1,2025-09-07,Sunday,13:00,MIA,8.0,IND,33.0,Home,25.0,41.0,0,2025090702,59847,,202509070clt,28422,401772719,6738,7,7,-108,-112,1.5,-118,-102,47.5,-120,100,0,closed,fieldturf,,,00-0036212,00-0035710,Tua Tagovailoa,Daniel Jones,Mike McDaniel,Shane Steichen,Brad Allen,IND00,Lucas Oil Stadium,home,IND,MIA,-1.5,25.0,NFL,2025_01_MIA_IND-IND,1.5,47.5,archived_reference_line
2025_01_MIN_CHI,2025,REG,1,2025-09-08,Monday,20:15,MIN,27.0,CHI,24.0,Home,-3.0,51.0,0,2025090800,59858,,202509080chi,28433,401772810,6749,7,7,-112,-108,-1.5,100,-120,43.5,-112,-108,1,outdoors,grass,68,6,00-0039923,00-0039918,J.J. McCarthy,Caleb Williams,Kevin O'Connell,Ben Johnson,Alan Eck,CHI98,Soldier Field,away,MIN,CHI,-1.5,3.0,NFL,2025_01_MIN_CHI-MIN,-1.5,43.5,archived_reference_line
2025_01_MIN_CHI,2025,REG,1,2025-09-08,Monday,20:15,MIN,27.0,CHI,24.0,Home,-3.0,51.0,0,2025090800,59858,,202509080chi,28433,401772810,6749,7,7,-112,-108,-1.5,100,-120,43.5,-112,-108,1,outdoors,grass,68,6,00-0039923,00-0039918,J.J. McCarthy,Caleb Williams,Kevin O'Connell,Ben Johnson,Alan Eck,CHI98,Soldier Field,home,CHI,MIN,1.5,-3.0,NFL,2025_01_MIN_CHI-CHI,-1.5,43.5,archived_reference_line
2025_01_NYG_WAS,2025,REG,1,2025-09-07,Sunday,13:00,NYG,6.0,WAS,21.0,Home,15.0,27.0,0,2025090707,59852,,202509070was,28427,401772827,6743,7,7,240,-298,6.0,-108,-112,45.5,-110,-110,1,outdoors,grass,68,5,00-0029263,00-0039910,Russell Wilson,Jayden Daniels,Brian Daboll,Dan Quinn,Clay Martin,WAS00,FedExField,away,NYG,WAS,6.0,-15.0,NFL,2025_01_NYG_WAS-NYG,6.0,45.5,archived_reference_line
2025_01_NYG_WAS,2025,REG,1,2025-09-07,Sunday,13:00,NYG,6.0,WAS,21.0,Home,15.0,27.0,0,2025090707,59852,,202509070was,28427,401772827,6743,7,7,240,-298,6.0,-108,-112,45.5,-110,-110,1,outdoors,grass,68,5,00-0029263,00-0039910,Russell Wilson,Jayden Daniels,Brian Daboll,Dan Quinn,Clay Martin,WAS00,FedExField,home,WAS,NYG,-6.0,15.0,NFL,2025_01_NYG_WAS-WAS,6.0,45.5,archived_reference_line
2025_01_PIT_NYJ,2025,REG,1,2025-09-07,Sunday,13:00,PIT,34.0,NYJ,32.0,Home,-2.0,66.0,0,2025090706,59851,,202509070nyj,28426,401772721,6742,7,7,-155,130,-3.0,-110,-110,37.5,-108,-112,0,outdoors,fieldturf,67,3,00-0023459,00-0036945,Aaron Rodgers,Justin Fields,Mike Tomlin,Aaron Glenn,Bill Vinovich,NYC01,MetLife Stadium,away,PIT,NYJ,-3.0,2.0,NFL,2025_01_PIT_NYJ-PIT,-3.0,37.5,archived_reference_line
2025_01_PIT_NYJ,2025,REG,1,2025-09-07,Sunday,13:00,PIT,34.0,NYJ,32.0,Home,-2.0,66.0,0,2025090706,59851,,202509070nyj,28426,401772721,6742,7,7,-155,130,-3.0,-110,-110,37.5,-108,-112,0,outdoors,fieldturf,67,3,00-0023459,00-0036945,Aaron Rodgers,Justin Fields,Mike Tomlin,Aaron Glenn,Bill Vinovich,NYC01,MetLife Stadium,home,NYJ,PIT,3.0,-2.0,NFL,2025_01_PIT_NYJ-NYJ,-3.0,37.5,archived_reference_line
2025_01_SF_SEA,2025,REG,1,2025-09-07,Sunday,16:05,SF,17.0,SEA,13.0,Home,-4.0,30.0,0,2025090709,59854,,202509070sea,28429,401772831,6745,7,7,-135,114,-2.5,-105,-115,43.5,-112,-108,1,outdoors,fieldturf,67,6,00-0037834,00-0034869,Brock Purdy,Sam Darnold,Kyle Shanahan,Mike Macdonald,Shawn Hochuli,SEA00,Lumen Field,away,SF,SEA,-2.5,4.0,NFL,2025_01_SF_SEA-SF,-2.5,43.5,archived_reference_line
2025_01_SF_SEA,2025,REG,1,2025-09-07,Sunday,16:05,SF,17.0,SEA,13.0,Home,-4.0,30.0,0,2025090709,59854,,202509070sea,28429,401772831,6745,7,7,-135,114,-2.5,-105,-115,43.5,-112,-108,1,outdoors,fieldturf,67,6,00-0037834,00-0034869,Brock Purdy,Sam Darnold,Kyle Shanahan,Mike Macdonald,Shawn Hochuli,SEA00,Lumen Field,home,SEA,SF,2.5,-4.0,NFL,2025_01_SF_SEA-SEA,-2.5,43.5,archived_reference_line
2025_01_TB_ATL,2025,REG,1,2025-09-07,Sunday,13:00,TB,23.0,ATL,20.0,Home,-3.0,43.0,0,2025090700,59845,,202509070atl,28420,401772830,6736,7,7,-115,-105,-1.5,-102,-118,47.5,-105,-115,1,closed,fieldturf,,,00-0034855,00-0039917,Baker Mayfield,Michael Penix,Todd Bowles,Raheem Morris,Land Clark,ATL97,Mercedes-Benz Stadium,away,TB,ATL,-1.5,3.0,NFL,2025_01_TB_ATL-TB,-1.5,47.5,archived_reference_line
2025_01_TB_ATL,2025,REG,1,2025-09-07,Sunday,13:00,TB,23.0,ATL,20.0,Home,-3.0,43.0,0,2025090700,59845,,202509070atl,28420,401772830,6736,7,7,-115,-105,-1.5,-102,-118,47.5,-105,-115,1,closed,fieldturf,,,00-0034855,00-0039917,Baker Mayfield,Michael Penix,Todd Bowles,Raheem Morris,Land Clark,ATL97,Mercedes-Benz Stadium,home,ATL,TB,1.5,-3.0,NFL,2025_01_TB_ATL-ATL,-1.5,47.5,archived_reference_line
2025_01_TEN_DEN,2025,REG,1,2025-09-07,Sunday,16:05,TEN,12.0,DEN,20.0,Home,8.0,32.0,0,2025090708,59853,,202509070den,28428,401772832,6744,7,7,350,-455,8.5,-105,-115,42.5,-108,-112,0,outdoors,grass,84,6,00-0040676,00-0039732,Cam Ward,Bo Nix,Brian Callahan,Sean Payton,Alex Kemp,DEN00,Empower Field at Mile High,away,TEN,DEN,8.5,-8.0,NFL,2025_01_TEN_DEN-TEN,8.5,42.5,archived_reference_line
2025_01_TEN_DEN,2025,REG,1,2025-09-07,Sunday,16:05,TEN,12.0,DEN,20.0,Home,8.0,32.0,0,2025090708,59853,,202509070den,28428,401772832,6744,7,7,350,-455,8.5,-105,-115,42.5,-108,-112,0,outdoors,grass,84,6,00-0040676,00-0039732,Cam Ward,Bo Nix,Brian Callahan,Sean Payton,Alex Kemp,DEN00,Empower Field at Mile High,home,DEN,TEN,-8.5,8.0,NFL,2025_01_TEN_DEN-DEN,8.5,42.5,archived_reference_line
2025_02_ATL_MIN,2025,REG,2,2025-09-14,Sunday,20:20,ATL,22.0,MIN,6.0,Home,-16.0,28.0,0,2025091412,59872,,202509140min,28447,401772919,6763,7,6,150,-180,3.5,-115,-105,44.5,-110,-110,0,dome,sportturf,,,00-0039917,00-0039923,Michael Penix,J.J. McCarthy,Raheem Morris,Kevin O'Connell,Adrian Hill,MIN01,U.S. Bank Stadium,away,ATL,MIN,3.5,16.0,NFL,2025_02_ATL_MIN-ATL,3.5,44.5,archived_reference_line
2025_02_ATL_MIN,2025,REG,2,2025-09-14,Sunday,20:20,ATL,22.0,MIN,6.0,Home,-16.0,28.0,0,2025091412,59872,,202509140min,28447,401772919,6763,7,6,150,-180,3.5,-115,-105,44.5,-110,-110,0,dome,sportturf,,,00-0039917,00-0039923,Michael Penix,J.J. McCarthy,Raheem Morris,Kevin O'Connell,Adrian Hill,MIN01,U.S. Bank Stadium,home,MIN,ATL,-3.5,-16.0,NFL,2025_02_ATL_MIN-MIN,3.5,44.5,archived_reference_line
2025_02_BUF_NYJ,2025,REG,2,2025-09-14,Sunday,13:00,BUF,30.0,NYJ,10.0,Home,-20.0,40.0,0,2025091406,59866,,202509140nyj,28441,401772727,6757,7,7,-290,235,-6.0,-112,-108,47.5,-110,-110,1,outdoors,fieldturf,80,3,00-0034857,00-0036945,Josh Allen,Justin Fields,Sean McDermott,Aaron Glenn,Clete Blakeman,NYC01,MetLife Stadium,away,BUF,NYJ,-6.0,20.0,NFL,2025_02_BUF_NYJ-BUF,-6.0,47.5,archived_reference_line
2025_02_BUF_NYJ,2025,REG,2,2025-09-14,Sunday,13:00,BUF,30.0,NYJ,10.0,Home,-20.0,40.0,0,2025091406,59866,,202509140nyj,28441,401772727,6757,7,7,-290,235,-6.0,-112,-108,47.5,-110,-110,1,outdoors,fieldturf,80,3,00-0034857,00-0036945,Josh Allen,Justin Fields,Sean McDermott,Aaron Glenn,Clete Blakeman,NYC01,MetLife Stadium,home,NYJ,BUF,6.0,-20.0,NFL,2025_02_BUF_NYJ-NYJ,-6.0,47.5,archived_reference_line
2025_02_CAR_ARI,2025,REG,2,2025-09-14,Sunday,16:05,CAR,22.0,ARI,27.0,Home,5.0,49.0,0,2025091409,59869,,202509140crd,28445,401772730,6760,7,7,250,-310,7.0,-110,-110,45.5,-110,-110,0,closed,grass,,,00-0039150,00-0035228,Bryce Young,Kyler Murray,Dave Canales,Jonathan Gannon,Ron Torbert,PHO00,State Farm Stadium,away,CAR,ARI,7.0,-5.0,NFL,2025_02_CAR_ARI-CAR,7.0,45.5,archived_reference_line
2025_02_CAR_ARI,2025,REG,2,2025-09-14,Sunday,16:05,CAR,22.0,ARI,27.0,Home,5.0,49.0,0,2025091409,59869,,202509140crd,28445,401772730,6760,7,7,250,-310,7.0,-110,-110,45.5,-110,-110,0,closed,grass,,,00-0039150,00-0035228,Bryce Young,Kyler Murray,Dave Canales,Jonathan Gannon,Ron Torbert,PHO00,State Farm Stadium,home,ARI,CAR,-7.0,5.0,NFL,2025_02_CAR_ARI-ARI,7.0,45.5,archived_reference_line
2025_02_CHI_DET,2025,REG,2,2025-09-14,Sunday,13:00,CHI,21.0,DET,52.0,Home,31.0,73.0,0,2025091403,59863,,202509140det,28438,401772835,6754,6,7,220,-270,6.0,-110,-110,46.5,-112,-108,1,dome,fieldturf,,,00-0039918,00-0033106,Caleb Williams,Jared Goff,Ben Johnson,Dan Campbell,Land Clark,DET00,Ford Field,away,CHI,DET,6.0,-31.0,NFL,2025_02_CHI_DET-CHI,6.0,46.5,archived_reference_line
2025_02_CHI_DET,2025,REG,2,2025-09-14,Sunday,13:00,CHI,21.0,DET,52.0,Home,31.0,73.0,0,2025091403,59863,,202509140det,28438,401772835,6754,6,7,220,-270,6.0,-110,-110,46.5,-112,-108,1,dome,fieldturf,,,00-0039918,00-0033106,Caleb Williams,Jared Goff,Ben Johnson,Dan Campbell,Land Clark,DET00,Ford Field,home,DET,CHI,-6.0,31.0,NFL,2025_02_CHI_DET-DET,6.0,46.5,archived_reference_line
2025_02_CLE_BAL,2025,REG,2,2025-09-14,Sunday,13:00,CLE,17.0,BAL,41.0,Home,24.0,58.0,0,2025091400,59860,,202509140rav,28435,401772726,6751,7,7,600,-900,12.5,-105,-115,46.5,-110,-110,1,outdoors,grass,82,3,00-0026158,00-0034796,Joe Flacco,Lamar Jackson,Kevin Stefanski,John Harbaugh,Brad Allen,BAL00,M&T Bank Stadium,away,CLE,BAL,12.5,-24.0,NFL,2025_02_CLE_BAL-CLE,12.5,46.5,archived_reference_line
2025_02_CLE_BAL,2025,REG,2,2025-09-14,Sunday,13:00,CLE,17.0,BAL,41.0,Home,24.0,58.0,0,2025091400,59860,,202509140rav,28435,401772726,6751,7,7,600,-900,12.5,-105,-115,46.5,-110,-110,1,outdoors,grass,82,3,00-0026158,00-0034796,Joe Flacco,Lamar Jackson,Kevin Stefanski,John Harbaugh,Brad Allen,BAL00,M&T Bank Stadium,home,BAL,CLE,-12.5,24.0,NFL,2025_02_CLE_BAL-BAL,12.5,46.5,archived_reference_line
2025_02_DEN_IND,2025,REG,2,2025-09-14,Sunday,16:05,DEN,28.0,IND,29.0,Home,1.0,57.0,0,2025091410,59870,,202509140clt,28444,401772729,6761,7,7,-130,110,-2.5,-105,-115,43.5,-112,-108,0,closed,fieldturf,,,00-0039732,00-0035710,Bo Nix,Daniel Jones,Sean Payton,Shane Steichen,Craig Wrolstad,IND00,Lucas Oil Stadium,away,DEN,IND,-2.5,-1.0,NFL,2025_02_DEN_IND-DEN,-2.5,43.5,archived_reference_line
2025_02_DEN_IND,2025,REG,2,2025-09-14,Sunday,16:05,DEN,28.0,IND,29.0,Home,1.0,57.0,0,2025091410,59870,,202509140clt,28444,401772729,6761,7,7,-130,110,-2.5,-105,-115,43.5,-112,-108,0,closed,fieldturf,,,00-0039732,00-0035710,Bo Nix,Daniel Jones,Sean Payton,Shane Steichen,Craig Wrolstad,IND00,Lucas Oil Stadium,home,IND,DEN,2.5,1.0,NFL,2025_02_DEN_IND-IND,-2.5,43.5,archived_reference_line
2025_02_JAX_CIN,2025,REG,2,2025-09-14,Sunday,13:00,JAX,27.0,CIN,31.0,Home,4.0,58.0,0,2025091401,59861,,202509140cin,28436,401772725,6752,7,7,160,-192,3.5,-115,-105,49.5,-115,-105,0,outdoors,fieldturf,85,3,00-0036971,00-0036442,Trevor Lawrence,Joe Burrow,Liam Coen,Zac Taylor,Alan Eck,CIN00,Paycor Stadium,away,JAX,CIN,3.5,-4.0,NFL,2025_02_JAX_CIN-JAX,3.5,49.5,archived_reference_line
2025_02_JAX_CIN,2025,REG,2,2025-09-14,Sunday,13:00,JAX,27.0,CIN,31.0,Home,4.0,58.0,0,2025091401,59861,,202509140cin,28436,401772725,6752,7,7,160,-192,3.5,-115,-105,49.5,-115,-105,0,outdoors,fieldturf,85,3,00-0036971,00-0036442,Trevor Lawrence,Joe Burrow,Liam Coen,Zac Taylor,Alan Eck,CIN00,Paycor Stadium,home,CIN,JAX,-3.5,4.0,NFL,2025_02_JAX_CIN-CIN,3.5,49.5,archived_reference_line
2025_02_LAC_LV,2025,REG,2,2025-09-15,Monday,22:00,LAC,20.0,LV,9.0,Home,-11.0,29.0,0,2025091501,59874,,202509150rai,28449,401772811,6764,10,8,-198,164,-3.5,-105,-115,46.5,-102,-118,1,dome,grass,,,00-0036355,00-0030565,Justin Herbert,Geno Smith,Jim Harbaugh,Pete Carroll,Clay Martin,VEG00,Allegiant Stadium,away,LAC,LV,-3.5,11.0,NFL,2025_02_LAC_LV-LAC,-3.5,46.5,archived_reference_line
2025_02_LAC_LV,2025,REG,2,2025-09-15,Monday,22:00,LAC,20.0,LV,9.0,Home,-11.0,29.0,0,2025091501,59874,,202509150rai,28449,401772811,6764,10,8,-198,164,-3.5,-105,-115,46.5,-102,-118,1,dome,grass,,,00-0036355,00-0030565,Justin Herbert,Geno Smith,Jim Harbaugh,Pete Carroll,Clay Martin,VEG00,Allegiant Stadium,home,LV,LAC,3.5,-11.0,NFL,2025_02_LAC_LV-LV,-3.5,46.5,archived_reference_line
2025_02_LA_TEN,2025,REG,2,2025-09-14,Sunday,13:00,LA,33.0,TEN,19.0,Home,-14.0,52.0,0,2025091408,59868,,202509140oti,28443,401772724,6759,7,7,-250,205,-5.5,-108,-112,41.5,-112,-108,0,outdoors,grass,83,3,00-0026498,00-0040676,Matthew Stafford,Cam Ward,Sean McVay,Brian Callahan,John Hussey,NAS00,Nissan Stadium,away,LA,TEN,-5.5,14.0,NFL,2025_02_LA_TEN-LA,-5.5,41.5,archived_reference_line
2025_02_LA_TEN,2025,REG,2,2025-09-14,Sunday,13:00,LA,33.0,TEN,19.0,Home,-14.0,52.0,0,2025091408,59868,,202509140oti,28443,401772724,6759,7,7,-250,205,-5.5,-108,-112,41.5,-112,-108,0,outdoors,grass,83,3,00-0026498,00-0040676,Matthew Stafford,Cam Ward,Sean McVay,Brian Callahan,John Hussey,NAS00,Nissan Stadium,home,TEN,LA,5.5,-14.0,NFL,2025_02_LA_TEN-TEN,-5.5,41.5,archived_reference_line
2025_02_NE_MIA,2025,REG,2,2025-09-14,Sunday,13:00,NE,33.0,MIA,27.0,Home,-6.0,60.0,0,2025091404,59864,,202509140mia,28439,401772728,6755,7,7,105,-125,1.5,-110,-110,43.5,-115,-105,1,outdoors,grass,89,4,00-0039851,00-0036212,Drake Maye,Tua Tagovailoa,Mike Vrabel,Mike McDaniel,Alex Moore,MIA00,Hard Rock Stadium,away,NE,MIA,1.5,6.0,NFL,2025_02_NE_MIA-NE,1.5,43.5,archived_reference_line
2025_02_NE_MIA,2025,REG,2,2025-09-14,Sunday,13:00,NE,33.0,MIA,27.0,Home,-6.0,60.0,0,2025091404,59864,,202509140mia,28439,401772728,6755,7,7,105,-125,1.5,-110,-110,43.5,-115,-105,1,outdoors,grass,89,4,00-0039851,00-0036212,Drake Maye,Tua Tagovailoa,Mike Vrabel,Mike McDaniel,Alex Moore,MIA00,Hard Rock Stadium,home,MIA,NE,-1.5,-6.0,NFL,2025_02_NE_MIA-MIA,1.5,43.5,archived_reference_line
2025_02_NYG_DAL,2025,REG,2,2025-09-14,Sunday,13:00,NYG,37.0,DAL,40.0,Home,3.0,77.0,1,2025091402,59862,,202509140dal,28437,401772834,6753,7,10,195,-238,4.5,100,-120,44.5,-110,-110,1,closed,matrixturf,,,00-0029263,00-0033077,Russell Wilson,Dak Prescott,Brian Daboll,Brian Schottenheimer,Bill Vinovich,DAL00,AT&T Stadium,away,NYG,DAL,4.5,-3.0,NFL,2025_02_NYG_DAL-NYG,4.5,44.5,archived_reference_line
2025_02_NYG_DAL,2025,REG,2,2025-09-14,Sunday,13:00,NYG,37.0,DAL,40.0,Home,3.0,77.0,1,2025091402,59862,,202509140dal,28437,401772834,6753,7,10,195,-238,4.5,100,-120,44.5,-110,-110,1,closed,matrixturf,,,00-0029263,00-0033077,Russell Wilson,Dak Prescott,Brian Daboll,Brian Schottenheimer,Bill Vinovich,DAL00,AT&T Stadium,home,DAL,NYG,-4.5,3.0,NFL,2025_02_NYG_DAL-DAL,4.5,44.5,archived_reference_line
2025_02_PHI_KC,2025,REG,2,2025-09-14,Sunday,16:25,PHI,20.0,KC,17.0,Home,-3.0,37.0,0,2025091411,59871,,202509140kan,28446,401772837,6762,10,9,-122,102,-1.5,-110,-110,46.5,-102,-118,0,outdoors,grass,88,12,00-0036389,00-0033873,Jalen Hurts,Patrick Mahomes,Nick Sirianni,Andy Reid,Alex Kemp,KAN00,GEHA Field at Arrowhead Stadium,away,PHI,KC,-1.5,3.0,NFL,2025_02_PHI_KC-PHI,-1.5,46.5,archived_reference_line
2025_02_PHI_KC,2025,REG,2,2025-09-14,Sunday,16:25,PHI,20.0,KC,17.0,Home,-3.0,37.0,0,2025091411,59871,,202509140kan,28446,401772837,6762,10,9,-122,102,-1.5,-110,-110,46.5,-102,-118,0,outdoors,grass,88,12,00-0036389,00-0033873,Jalen Hurts,Patrick Mahomes,Nick Sirianni,Andy Reid,Alex Kemp,KAN00,GEHA Field at Arrowhead Stadium,home,KC,PHI,1.5,-3.0,NFL,2025_02_PHI_KC-KC,-1.5,46.5,archived_reference_line
2025_02_SEA_PIT,2025,REG,2,2025-09-14,Sunday,13:00,SEA,31.0,PIT,17.0,Home,-14.0,48.0,0,2025091407,59867,,202509140pit,28442,401772836,6758,7,7,160,-192,3.5,-110,-110,40.5,-108,-112,0,outdoors,grass,79,5,00-0034869,00-0023459,Sam Darnold,Aaron Rodgers,Mike Macdonald,Mike Tomlin,Scott Novak,PIT00,Acrisure Stadium,away,SEA,PIT,3.5,14.0,NFL,2025_02_SEA_PIT-SEA,3.5,40.5,archived_reference_line
2025_02_SEA_PIT,2025,REG,2,2025-09-14,Sunday,13:00,SEA,31.0,PIT,17.0,Home,-14.0,48.0,0,2025091407,59867,,202509140pit,28442,401772836,6758,7,7,160,-192,3.5,-110,-110,40.5,-108,-112,0,outdoors,grass,79,5,00-0034869,00-0023459,Sam Darnold,Aaron Rodgers,Mike Macdonald,Mike Tomlin,Scott Novak,PIT00,Acrisure Stadium,home,PIT,SEA,-3.5,-14.0,NFL,2025_02_SEA_PIT-PIT,3.5,40.5,archived_reference_line
2025_02_SF_NO,2025,REG,2,2025-09-14,Sunday,13:00,SF,26.0,NO,21.0,Home,-5.0,47.0,0,2025091405,59865,,202509140nor,28440,401772833,6756,7,7,-166,140,-3.0,-110,-110,40.5,-105,-115,0,dome,sportturf,,,00-0036972,00-0039376,Mac Jones,Spencer Rattler,Kyle Shanahan,Kellen Moore,Shawn Smith,NOR00,Mercedes-Benz Superdome,away,SF,NO,-3.0,5.0,NFL,2025_02_SF_NO-SF,-3.0,40.5,archived_reference_line
2025_02_SF_NO,2025,REG,2,2025-09-14,Sunday,13:00,SF,26.0,NO,21.0,Home,-5.0,47.0,0,2025091405,59865,,202509140nor,28440,401772833,6756,7,7,-166,140,-3.0,-110,-110,40.5,-105,-115,0,dome,sportturf,,,00-0036972,00-0039376,Mac Jones,Spencer Rattler,Kyle Shanahan,Kellen Moore,Shawn Smith,NOR00,Mercedes-Benz Superdome,home,NO,SF,3.0,-5.0,NFL,2025_02_SF_NO-NO,-3.0,40.5,archived_reference_line
2025_02_TB_HOU,2025,REG,2,2025-09-15,Monday,19:00,TB,20.0,HOU,19.0,Home,-1.0,39.0,0,2025091500,59873,,202509150htx,28448,401772715,6765,8,8,114,-135,2.5,-110,-110,42.5,-110,-110,0,closed,astroturf,,,00-0034855,00-0039163,Baker Mayfield,C.J. Stroud,Todd Bowles,DeMeco Ryans,Shawn Hochuli,HOU00,NRG Stadium,away,TB,HOU,2.5,1.0,NFL,2025_02_TB_HOU-TB,2.5,42.5,archived_reference_line
2025_02_TB_HOU,2025,REG,2,2025-09-15,Monday,19:00,TB,20.0,HOU,19.0,Home,-1.0,39.0,0,2025091500,59873,,202509150htx,28448,401772715,6765,8,8,114,-135,2.5,-110,-110,42.5,-110,-110,0,closed,astroturf,,,00-0034855,00-0039163,Baker Mayfield,C.J. Stroud,Todd Bowles,DeMeco Ryans,Shawn Hochuli,HOU00,NRG Stadium,home,HOU,TB,-2.5,-1.0,NFL,2025_02_TB_HOU-HOU,2.5,42.5,archived_reference_line
2025_02_WAS_GB,2025,REG,2,2025-09-11,Thursday,20:15,WAS,18.0,GB,27.0,Home,9.0,45.0,0,2025091100,59859,,202509110gnb,28434,401772936,6750,4,4,154,-185,3.5,-118,-102,48.5,-105,-115,0,outdoors,grass,65,7,00-0039910,00-0036264,Jayden Daniels,Jordan Love,Dan Quinn,Matt LaFleur,Brad Rogers,GNB00,Lambeau Field,away,WAS,GB,3.5,-9.0,NFL,2025_02_WAS_GB-WAS,3.5,48.5,archived_reference_line
2025_02_WAS_GB,2025,REG,2,2025-09-11,Thursday,20:15,WAS,18.0,GB,27.0,Home,9.0,45.0,0,2025091100,59859,,202509110gnb,28434,401772936,6750,4,4,154,-185,3.5,-118,-102,48.5,-105,-115,0,outdoors,grass,65,7,00-0039910,00-0036264,Jayden Daniels,Jordan Love,Dan Quinn,Matt LaFleur,Brad Rogers,GNB00,Lambeau Field,home,GB,WAS,-3.5,9.0,NFL,2025_02_WAS_GB-GB,3.5,48.5,archived_reference_line
2025_03_ARI_SF,2025,REG,3,2025-09-21,Sunday,16:25,ARI,15.0,SF,16.0,Home,1.0,31.0,0,2025092112,59888,,202509210sfo,28464,401772843,6779,7,7,105,-125,1.5,-112,-108,44.5,-112,-108,1,outdoors,grass,72,7,00-0035228,00-0036972,Kyler Murray,Mac Jones,Jonathan Gannon,Kyle Shanahan,John Hussey,SFO01,Levi's Stadium,away,ARI,SF,1.5,-1.0,NFL,2025_03_ARI_SF-ARI,1.5,44.5,archived_reference_line
2025_03_ARI_SF,2025,REG,3,2025-09-21,Sunday,16:25,ARI,15.0,SF,16.0,Home,1.0,31.0,0,2025092112,59888,,202509210sfo,28464,401772843,6779,7,7,105,-125,1.5,-112,-108,44.5,-112,-108,1,outdoors,grass,72,7,00-0035228,00-0036972,Kyler Murray,Mac Jones,Jonathan Gannon,Kyle Shanahan,John Hussey,SFO01,Levi's Stadium,home,SF,ARI,-1.5,1.0,NFL,2025_03_ARI_SF-SF,1.5,44.5,archived_reference_line
2025_03_ATL_CAR,2025,REG,3,2025-09-21,Sunday,13:00,ATL,0.0,CAR,30.0,Home,30.0,30.0,0,2025092100,59876,,202509210car,28452,401772838,6767,7,7,-225,185,-5.5,-105,-115,44.5,-115,-105,1,outdoors,grass,83,5,00-0039917,00-0039150,Michael Penix,Bryce Young,Raheem Morris,Dave Canales,Craig Wrolstad,CAR00,Bank of America Stadium,away,ATL,CAR,-5.5,-30.0,NFL,2025_03_ATL_CAR-ATL,-5.5,44.5,archived_reference_line
2025_03_ATL_CAR,2025,REG,3,2025-09-21,Sunday,13:00,ATL,0.0,CAR,30.0,Home,30.0,30.0,0,2025092100,59876,,202509210car,28452,401772838,6767,7,7,-225,185,-5.5,-105,-115,44.5,-115,-105,1,outdoors,grass,83,5,00-0039917,00-0039150,Michael Penix,Bryce Young,Raheem Morris,Dave Canales,Craig Wrolstad,CAR00,Bank of America Stadium,home,CAR,ATL,5.5,30.0,NFL,2025_03_ATL_CAR-CAR,-5.5,44.5,archived_reference_line
2025_03_CIN_MIN,2025,REG,3,2025-09-21,Sunday,13:00,CIN,10.0,MIN,48.0,Home,38.0,58.0,0,2025092103,59879,,202509210min,28455,401772731,6770,7,7,136,-162,3.0,-110,-110,41.5,-105,-115,0,dome,sportturf,,,00-0035100,00-0032950,Jake Browning,Carson Wentz,Zac Taylor,Kevin O'Connell,Ron Torbert,MIN01,U.S. Bank Stadium,away,CIN,MIN,3.0,-38.0,NFL,2025_03_CIN_MIN-CIN,3.0,41.5,archived_reference_line
2025_03_CIN_MIN,2025,REG,3,2025-09-21,Sunday,13:00,CIN,10.0,MIN,48.0,Home,38.0,58.0,0,2025092103,59879,,202509210min,28455,401772731,6770,7,7,136,-162,3.0,-110,-110,41.5,-105,-115,0,dome,sportturf,,,00-0035100,00-0032950,Jake Browning,Carson Wentz,Zac Taylor,Kevin O'Connell,Ron Torbert,MIN01,U.S. Bank Stadium,home,MIN,CIN,-3.0,38.0,NFL,2025_03_CIN_MIN-MIN,3.0,41.5,archived_reference_line
2025_03_DAL_CHI,2025,REG,3,2025-09-21,Sunday,16:25,DAL,14.0,CHI,31.0,Home,17.0,45.0,0,2025092111,59887,,202509210chi,28463,401772844,6778,7,7,-125,105,-1.5,-115,-105,49.5,100,-120,0,outdoors,grass,82,4,00-0033077,00-0039918,Dak Prescott,Caleb Williams,Brian Schottenheimer,Ben Johnson,Clay Martin,CHI98,Soldier Field,away,DAL,CHI,-1.5,-17.0,NFL,2025_03_DAL_CHI-DAL,-1.5,49.5,archived_reference_line
2025_03_DAL_CHI,2025,REG,3,2025-09-21,Sunday,16:25,DAL,14.0,CHI,31.0,Home,17.0,45.0,0,2025092111,59887,,202509210chi,28463,401772844,6778,7,7,-125,105,-1.5,-115,-105,49.5,100,-120,0,outdoors,grass,82,4,00-0033077,00-0039918,Dak Prescott,Caleb Williams,Brian Schottenheimer,Ben Johnson,Clay Martin,CHI98,Soldier Field,home,CHI,DAL,1.5,17.0,NFL,2025_03_DAL_CHI-CHI,-1.5,49.5,archived_reference_line
2025_03_DEN_LAC,2025,REG,3,2025-09-21,Sunday,16:05,DEN,20.0,LAC,23.0,Home,3.0,43.0,0,2025092109,59885,,202509210sdg,28461,401772735,6776,7,6,130,-155,2.5,100,-120,45.5,-110,-110,1,dome,matrixturf,,,00-0039732,00-0036355,Bo Nix,Justin Herbert,Sean Payton,Jim Harbaugh,Shawn Smith,LAX01,SoFi Stadium,away,DEN,LAC,2.5,-3.0,NFL,2025_03_DEN_LAC-DEN,2.5,45.5,archived_reference_line
2025_03_DEN_LAC,2025,REG,3,2025-09-21,Sunday,16:05,DEN,20.0,LAC,23.0,Home,3.0,43.0,0,2025092109,59885,,202509210sdg,28461,401772735,6776,7,6,130,-155,2.5,100,-120,45.5,-110,-110,1,dome,matrixturf,,,00-0039732,00-0036355,Bo Nix,Justin Herbert,Sean Payton,Jim Harbaugh,Shawn Smith,LAX01,SoFi Stadium,home,LAC,DEN,-2.5,3.0,NFL,2025_03_DEN_LAC-LAC,2.5,45.5,archived_reference_line
2025_03_DET_BAL,2025,REG,3,2025-09-22,Monday,20:15,DET,38.0,BAL,30.0,Home,-8.0,68.0,0,2025092200,59890,,202509220rav,28451,401772812,6781,8,8,200,-245,4.5,-105,-115,53.5,-105,-115,0,outdoors,grass,74,7,00-0033106,00-0034796,Jared Goff,Lamar Jackson,Dan Campbell,John Harbaugh,Bill Vinovich,BAL00,M&T Bank Stadium,away,DET,BAL,4.5,8.0,NFL,2025_03_DET_BAL-DET,4.5,53.5,archived_reference_line
2025_03_DET_BAL,2025,REG,3,2025-09-22,Monday,20:15,DET,38.0,BAL,30.0,Home,-8.0,68.0,0,2025092200,59890,,202509220rav,28451,401772812,6781,8,8,200,-245,4.5,-105,-115,53.5,-105,-115,0,outdoors,grass,74,7,00-0033106,00-0034796,Jared Goff,Lamar Jackson,Dan Campbell,John Harbaugh,Bill Vinovich,BAL00,M&T Bank Stadium,home,BAL,DET,-4.5,-8.0,NFL,2025_03_DET_BAL-BAL,4.5,53.5,archived_reference_line
2025_03_GB_CLE,2025,REG,3,2025-09-21,Sunday,13:00,GB,10.0,CLE,13.0,Home,3.0,23.0,0,2025092101,59877,,202509210cle,28453,401772842,6768,10,7,-470,360,-8.5,-102,-118,41.5,-115,-105,0,outdoors,grass,79,10,00-0036264,00-0026158,Jordan Love,Joe Flacco,Matt LaFleur,Kevin Stefanski,Carl Cheffers,CLE00,FirstEnergy Stadium,away,GB,CLE,-8.5,-3.0,NFL,2025_03_GB_CLE-GB,-8.5,41.5,archived_reference_line
2025_03_GB_CLE,2025,REG,3,2025-09-21,Sunday,13:00,GB,10.0,CLE,13.0,Home,3.0,23.0,0,2025092101,59877,,202509210cle,28453,401772842,6768,10,7,-470,360,-8.5,-102,-118,41.5,-115,-105,0,outdoors,grass,79,10,00-0036264,00-0026158,Jordan Love,Joe Flacco,Matt LaFleur,Kevin Stefanski,Carl Cheffers,CLE00,FirstEnergy Stadium,home,CLE,GB,8.5,3.0,NFL,2025_03_GB_CLE-CLE,-8.5,41.5,archived_reference_line
2025_03_HOU_JAX,2025,REG,3,2025-09-21,Sunday,13:00,HOU,10.0,JAX,17.0,Home,7.0,27.0,0,2025092102,59878,,202509210jax,28454,401772734,6769,6,7,105,-125,1.5,-108,-112,43.5,-115,-105,1,outdoors,grass,85,11,00-0039163,00-0036971,C.J. Stroud,Trevor Lawrence,DeMeco Ryans,Liam Coen,Alex Kemp,JAX00,TIAA Bank Stadium,away,HOU,JAX,1.5,-7.0,NFL,2025_03_HOU_JAX-HOU,1.5,43.5,archived_reference_line
2025_03_HOU_JAX,2025,REG,3,2025-09-21,Sunday,13:00,HOU,10.0,JAX,17.0,Home,7.0,27.0,0,2025092102,59878,,202509210jax,28454,401772734,6769,6,7,105,-125,1.5,-108,-112,43.5,-115,-105,1,outdoors,grass,85,11,00-0039163,00-0036971,C.J. Stroud,Trevor Lawrence,DeMeco Ryans,Liam Coen,Alex Kemp,JAX00,TIAA Bank Stadium,home,JAX,HOU,-1.5,7.0,NFL,2025_03_HOU_JAX-JAX,1.5,43.5,archived_reference_line
2025_03_IND_TEN,2025,REG,3,2025-09-21,Sunday,13:00,IND,41.0,TEN,20.0,Home,-21.0,61.0,0,2025092107,59883,,202509210oti,28459,401772733,6774,7,7,-245,200,-6.0,-108,-112,43.5,-115,-105,1,outdoors,grass,84,8,00-0035710,00-0040676,Daniel Jones,Cam Ward,Shane Steichen,Brian Callahan,Scott Novak,NAS00,Nissan Stadium,away,IND,TEN,-6.0,21.0,NFL,2025_03_IND_TEN-IND,-6.0,43.5,archived_reference_line
2025_03_IND_TEN,2025,REG,3,2025-09-21,Sunday,13:00,IND,41.0,TEN,20.0,Home,-21.0,61.0,0,2025092107,59883,,202509210oti,28459,401772733,6774,7,7,-245,200,-6.0,-108,-112,43.5,-115,-105,1,outdoors,grass,84,8,00-0035710,00-0040676,Daniel Jones,Cam Ward,Shane Steichen,Brian Callahan,Scott Novak,NAS00,Nissan Stadium,home,TEN,IND,6.0,-21.0,NFL,2025_03_IND_TEN-TEN,-6.0,43.5,archived_reference_line
2025_03_KC_NYG,2025,REG,3,2025-09-21,Sunday,20:20,KC,22.0,NYG,9.0,Home,-13.0,31.0,0,2025092113,59889,,202509210nyg,28465,401772920,6780,7,7,-325,260,-6.0,-115,-105,44.5,-105,-115,0,outdoors,fieldturf,65,5,00-0033873,00-0029263,Patrick Mahomes,Russell Wilson,Andy Reid,Brian Daboll,Land Clark,NYC01,MetLife Stadium,away,KC,NYG,-6.0,13.0,NFL,2025_03_KC_NYG-KC,-6.0,44.5,archived_reference_line
2025_03_KC_NYG,2025,REG,3,2025-09-21,Sunday,20:20,KC,22.0,NYG,9.0,Home,-13.0,31.0,0,2025092113,59889,,202509210nyg,28465,401772920,6780,7,7,-325,260,-6.0,-115,-105,44.5,-105,-115,0,outdoors,fieldturf,65,5,00-0033873,00-0029263,Patrick Mahomes,Russell Wilson,Andy Reid,Brian Daboll,Land Clark,NYC01,MetLife Stadium,home,NYG,KC,6.0,-13.0,NFL,2025_03_KC_NYG-NYG,-6.0,44.5,archived_reference_line
2025_03_LA_PHI,2025,REG,3,2025-09-21,Sunday,13:00,LA,26.0,PHI,33.0,Home,7.0,59.0,0,2025092105,59881,,202509210phi,28457,401772839,6772,7,7,164,-198,3.5,-108,-112,45.5,-108,-112,0,outdoors,grass,73,9,00-0026498,00-0036389,Matthew Stafford,Jalen Hurts,Sean McVay,Nick Sirianni,Brad Rogers,PHI00,Lincoln Financial Field,away,LA,PHI,3.5,-7.0,NFL,2025_03_LA_PHI-LA,3.5,45.5,archived_reference_line
2025_03_LA_PHI,2025,REG,3,2025-09-21,Sunday,13:00,LA,26.0,PHI,33.0,Home,7.0,59.0,0,2025092105,59881,,202509210phi,28457,401772839,6772,7,7,164,-198,3.5,-108,-112,45.5,-108,-112,0,outdoors,grass,73,9,00-0026498,00-0036389,Matthew Stafford,Jalen Hurts,Sean McVay,Nick Sirianni,Brad Rogers,PHI00,Lincoln Financial Field,home,PHI,LA,-3.5,7.0,NFL,2025_03_LA_PHI-PHI,3.5,45.5,archived_reference_line
2025_03_LV_WAS,2025,REG,3,2025-09-21,Sunday,13:00,LV,24.0,WAS,41.0,Home,17.0,65.0,0,2025092108,59884,,202509210was,28460,401772841,6775,6,10,130,-155,2.5,100,-120,43.5,-110,-110,0,outdoors,grass,72,6,00-0030565,00-0032268,Geno Smith,Marcus Mariota,Pete Carroll,Dan Quinn,Shawn Hochuli,WAS00,FedExField,away,LV,WAS,2.5,-17.0,NFL,2025_03_LV_WAS-LV,2.5,43.5,archived_reference_line
2025_03_LV_WAS,2025,REG,3,2025-09-21,Sunday,13:00,LV,24.0,WAS,41.0,Home,17.0,65.0,0,2025092108,59884,,202509210was,28460,401772841,6775,6,10,130,-155,2.5,100,-120,43.5,-110,-110,0,outdoors,grass,72,6,00-0030565,00-0032268,Geno Smith,Marcus Mariota,Pete Carroll,Dan Quinn,Shawn Hochuli,WAS00,FedExField,home,WAS,LV,-2.5,17.0,NFL,2025_03_LV_WAS-WAS,2.5,43.5,archived_reference_line
2025_03_MIA_BUF,2025,REG,3,2025-09-18,Thursday,20:15,MIA,21.0,BUF,31.0,Home,10.0,52.0,0,2025091800,59875,,202509180buf,28450,401772937,6766,4,4,550,-800,12.5,-110,-110,50.5,-112,-108,1,outdoors,a_turf,68,7,00-0036212,00-0034857,Tua Tagovailoa,Josh Allen,Mike McDaniel,Sean McDermott,Alan Eck,BUF00,New Era Field,away,MIA,BUF,12.5,-10.0,NFL,2025_03_MIA_BUF-MIA,12.5,50.5,archived_reference_line
2025_03_MIA_BUF,2025,REG,3,2025-09-18,Thursday,20:15,MIA,21.0,BUF,31.0,Home,10.0,52.0,0,2025091800,59875,,202509180buf,28450,401772937,6766,4,4,550,-800,12.5,-110,-110,50.5,-112,-108,1,outdoors,a_turf,68,7,00-0036212,00-0034857,Tua Tagovailoa,Josh Allen,Mike McDaniel,Sean McDermott,Alan Eck,BUF00,New Era Field,home,BUF,MIA,-12.5,10.0,NFL,2025_03_MIA_BUF-BUF,12.5,50.5,archived_reference_line
2025_03_NO_SEA,2025,REG,3,2025-09-21,Sunday,16:05,NO,13.0,SEA,44.0,Home,31.0,57.0,0,2025092110,59886,,202509210sea,28462,401772736,6777,7,7,295,-375,7.5,-115,-105,41.5,-108,-112,0,outdoors,fieldturf,63,3,00-0039376,00-0034869,Spencer Rattler,Sam Darnold,Kellen Moore,Mike Macdonald,Alex Moore,SEA00,Lumen Field,away,NO,SEA,7.5,-31.0,NFL,2025_03_NO_SEA-NO,7.5,41.5,archived_reference_line
2025_03_NO_SEA,2025,REG,3,2025-09-21,Sunday,16:05,NO,13.0,SEA,44.0,Home,31.0,57.0,0,2025092110,59886,,202509210sea,28462,401772736,6777,7,7,295,-375,7.5,-115,-105,41.5,-108,-112,0,outdoors,fieldturf,63,3,00-0039376,00-0034869,Spencer Rattler,Sam Darnold,Kellen Moore,Mike Macdonald,Alex Moore,SEA00,Lumen Field,home,SEA,NO,-7.5,31.0,NFL,2025_03_NO_SEA-SEA,7.5,41.5,archived_reference_line
2025_03_NYJ_TB,2025,REG,3,2025-09-21,Sunday,13:00,NYJ,27.0,TB,29.0,Home,2.0,56.0,0,2025092106,59882,,202509210tam,28458,401772840,6773,7,6,275,-345,6.5,-105,-115,43.5,-115,-105,0,outdoors,grass,88,5,00-0028118,00-0034855,Tyrod Taylor,Baker Mayfield,Aaron Glenn,Todd Bowles,Adrian Hill,TAM00,Raymond James Stadium,away,NYJ,TB,6.5,-2.0,NFL,2025_03_NYJ_TB-NYJ,6.5,43.5,archived_reference_line
2025_03_NYJ_TB,2025,REG,3,2025-09-21,Sunday,13:00,NYJ,27.0,TB,29.0,Home,2.0,56.0,0,2025092106,59882,,202509210tam,28458,401772840,6773,7,6,275,-345,6.5,-105,-115,43.5,-115,-105,0,outdoors,grass,88,5,00-0028118,00-0034855,Tyrod Taylor,Baker Mayfield,Aaron Glenn,Todd Bowles,Adrian Hill,TAM00,Raymond James Stadium,home,TB,NYJ,-6.5,2.0,NFL,2025_03_NYJ_TB-TB,6.5,43.5,archived_reference_line
2025_03_PIT_NE,2025,REG,3,2025-09-21,Sunday,13:00,PIT,21.0,NE,14.0,Home,-7.0,35.0,0,2025092104,59880,,202509210nwe,28456,401772732,6771,7,7,-120,100,-1.5,-105,-115,44.5,-112,-108,0,outdoors,fieldturf,66,5,00-0023459,00-0039851,Aaron Rodgers,Drake Maye,Mike Tomlin,Mike Vrabel,Clete Blakeman,BOS00,Gillette Stadium,away,PIT,NE,-1.5,7.0,NFL,2025_03_PIT_NE-PIT,-1.5,44.5,archived_reference_line
2025_03_PIT_NE,2025,REG,3,2025-09-21,Sunday,13:00,PIT,21.0,NE,14.0,Home,-7.0,35.0,0,2025092104,59880,,202509210nwe,28456,401772732,6771,7,7,-120,100,-1.5,-105,-115,44.5,-112,-108,0,outdoors,fieldturf,66,5,00-0023459,00-0039851,Aaron Rodgers,Drake Maye,Mike Tomlin,Mike Vrabel,Clete Blakeman,BOS00,Gillette Stadium,home,NE,PIT,1.5,-7.0,NFL,2025_03_PIT_NE-NE,-1.5,44.5,archived_reference_line
2025_04_BAL_KC,2025,REG,4,2025-09-28,Sunday,16:25,BAL,20.0,KC,37.0,Home,17.0,57.0,0,2025092810,59902,,202509280kan,28478,401772741,6793,6,7,-148,124,-2.5,-120,100,48.5,100,-120,0,outdoors,grass,89,10,00-0034796,00-0033873,Lamar Jackson,Patrick Mahomes,John Harbaugh,Andy Reid,Clay Martin,KAN00,GEHA Field at Arrowhead Stadium,away,BAL,KC,-2.5,-17.0,NFL,2025_04_BAL_KC-BAL,-2.5,48.5,archived_reference_line
2025_04_BAL_KC,2025,REG,4,2025-09-28,Sunday,16:25,BAL,20.0,KC,37.0,Home,17.0,57.0,0,2025092810,59902,,202509280kan,28478,401772741,6793,6,7,-148,124,-2.5,-120,100,48.5,100,-120,0,outdoors,grass,89,10,00-0034796,00-0033873,Lamar Jackson,Patrick Mahomes,John Harbaugh,Andy Reid,Clay Martin,KAN00,GEHA Field at Arrowhead Stadium,home,KC,BAL,2.5,17.0,NFL,2025_04_BAL_KC-KC,-2.5,48.5,archived_reference_line
2025_04_CAR_NE,2025,REG,4,2025-09-28,Sunday,13:00,CAR,13.0,NE,42.0,Home,29.0,55.0,0,2025092805,59897,,202509280nwe,28472,401772847,6788,7,7,215,-265,5.5,-108,-112,42.5,-108,-112,0,outdoors,fieldturf,76,7,00-0039150,00-0039851,Bryce Young,Drake Maye,Dave Canales,Mike Vrabel,Bill Vinovich,BOS00,Gillette Stadium,away,CAR,NE,5.5,-29.0,NFL,2025_04_CAR_NE-CAR,5.5,42.5,archived_reference_line
2025_04_CAR_NE,2025,REG,4,2025-09-28,Sunday,13:00,CAR,13.0,NE,42.0,Home,29.0,55.0,0,2025092805,59897,,202509280nwe,28472,401772847,6788,7,7,215,-265,5.5,-108,-112,42.5,-108,-112,0,outdoors,fieldturf,76,7,00-0039150,00-0039851,Bryce Young,Drake Maye,Dave Canales,Mike Vrabel,Bill Vinovich,BOS00,Gillette Stadium,home,NE,CAR,-5.5,29.0,NFL,2025_04_CAR_NE-NE,5.5,42.5,archived_reference_line
2025_04_CHI_LV,2025,REG,4,2025-09-28,Sunday,16:25,CHI,25.0,LV,24.0,Home,-1.0,49.0,0,2025092811,59903,,202509280rai,28477,401772742,6794,7,7,105,-125,1.5,-110,-110,47.5,-105,-115,0,dome,grass,,,00-0039918,00-0030565,Caleb Williams,Geno Smith,Ben Johnson,Pete Carroll,Adrian Hill,VEG00,Allegiant Stadium,away,CHI,LV,1.5,1.0,NFL,2025_04_CHI_LV-CHI,1.5,47.5,archived_reference_line
2025_04_CHI_LV,2025,REG,4,2025-09-28,Sunday,16:25,CHI,25.0,LV,24.0,Home,-1.0,49.0,0,2025092811,59903,,202509280rai,28477,401772742,6794,7,7,105,-125,1.5,-110,-110,47.5,-105,-115,0,dome,grass,,,00-0039918,00-0030565,Caleb Williams,Geno Smith,Ben Johnson,Pete Carroll,Adrian Hill,VEG00,Allegiant Stadium,home,LV,CHI,-1.5,-1.0,NFL,2025_04_CHI_LV-LV,1.5,47.5,archived_reference_line
2025_04_CIN_DEN,2025,REG,4,2025-09-29,Monday,20:15,CIN,3.0,DEN,28.0,Home,25.0,31.0,0,2025092901,59906,,202509290den,28480,401772716,6797,8,8,360,-470,7.5,-115,-105,44.5,-115,-105,0,outdoors,grass,66,12,00-0035100,00-0039732,Jake Browning,Bo Nix,Zac Taylor,Sean Payton,Alex Moore,DEN00,Empower Field at Mile High,away,CIN,DEN,7.5,-25.0,NFL,2025_04_CIN_DEN-CIN,7.5,44.5,archived_reference_line
2025_04_CIN_DEN,2025,REG,4,2025-09-29,Monday,20:15,CIN,3.0,DEN,28.0,Home,25.0,31.0,0,2025092901,59906,,202509290den,28480,401772716,6797,8,8,360,-470,7.5,-115,-105,44.5,-115,-105,0,outdoors,grass,66,12,00-0035100,00-0039732,Jake Browning,Bo Nix,Zac Taylor,Sean Payton,Alex Moore,DEN00,Empower Field at Mile High,home,DEN,CIN,-7.5,25.0,NFL,2025_04_CIN_DEN-DEN,7.5,44.5,archived_reference_line
2025_04_CLE_DET,2025,REG,4,2025-09-28,Sunday,13:00,CLE,10.0,DET,34.0,Home,24.0,44.0,0,2025092803,59895,,202509280det,28470,401772846,6786,7,6,410,-550,10.0,-108,-112,44.5,-115,-105,0,dome,fieldturf,,,00-0026158,00-0033106,Joe Flacco,Jared Goff,Kevin Stefanski,Dan Campbell,Shawn Smith,DET00,Ford Field,away,CLE,DET,10.0,-24.0,NFL,2025_04_CLE_DET-CLE,10.0,44.5,archived_reference_line
2025_04_CLE_DET,2025,REG,4,2025-09-28,Sunday,13:00,CLE,10.0,DET,34.0,Home,24.0,44.0,0,2025092803,59895,,202509280det,28470,401772846,6786,7,6,410,-550,10.0,-108,-112,44.5,-115,-105,0,dome,fieldturf,,,00-0026158,00-0033106,Joe Flacco,Jared Goff,Kevin Stefanski,Dan Campbell,Shawn Smith,DET00,Ford Field,home,DET,CLE,-10.0,24.0,NFL,2025_04_CLE_DET-DET,10.0,44.5,archived_reference_line
2025_04_GB_DAL,2025,REG,4,2025-09-28,Sunday,20:20,GB,40.0,DAL,40.0,Home,0.0,80.0,1,2025092812,59904,,202509280dal,28479,401772921,6795,7,7,-345,275,-7.0,-105,-115,47.5,-115,-105,0,closed,matrixturf,,,00-0036264,00-0033077,Jordan Love,Dak Prescott,Matt LaFleur,Brian Schottenheimer,Ron Torbert,DAL00,AT&T Stadium,away,GB,DAL,-7.0,0.0,NFL,2025_04_GB_DAL-GB,-7.0,47.5,archived_reference_line
2025_04_GB_DAL,2025,REG,4,2025-09-28,Sunday,20:20,GB,40.0,DAL,40.0,Home,0.0,80.0,1,2025092812,59904,,202509280dal,28479,401772921,6795,7,7,-345,275,-7.0,-105,-115,47.5,-115,-105,0,closed,matrixturf,,,00-0036264,00-0033077,Jordan Love,Dak Prescott,Matt LaFleur,Brian Schottenheimer,Ron Torbert,DAL00,AT&T Stadium,home,DAL,GB,7.0,0.0,NFL,2025_04_GB_DAL-DAL,-7.0,47.5,archived_reference_line
2025_04_IND_LA,2025,REG,4,2025-09-28,Sunday,16:05,IND,20.0,LA,27.0,Home,7.0,47.0,0,2025092808,59900,,202509280ram,28475,401772849,6791,7,7,154,-185,3.5,-105,-115,49.5,-105,-115,0,dome,matrixturf,,,00-0035710,00-0026498,Daniel Jones,Matthew Stafford,Shane Steichen,Sean McVay,Carl Cheffers,LAX01,SoFi Stadium,away,IND,LA,3.5,-7.0,NFL,2025_04_IND_LA-IND,3.5,49.5,archived_reference_line
2025_04_IND_LA,2025,REG,4,2025-09-28,Sunday,16:05,IND,20.0,LA,27.0,Home,7.0,47.0,0,2025092808,59900,,202509280ram,28475,401772849,6791,7,7,154,-185,3.5,-105,-115,49.5,-105,-115,0,dome,matrixturf,,,00-0035710,00-0026498,Daniel Jones,Matthew Stafford,Shane Steichen,Sean McVay,Carl Cheffers,LAX01,SoFi Stadium,home,LA,IND,-3.5,7.0,NFL,2025_04_IND_LA-LA,3.5,49.5,archived_reference_line
2025_04_JAX_SF,2025,REG,4,2025-09-28,Sunday,16:05,JAX,26.0,SF,21.0,Home,-5.0,47.0,0,2025092809,59901,,202509280sfo,28476,401772848,6792,7,7,150,-180,3.5,-120,100,45.5,-108,-112,0,outdoors,grass,72,7,00-0036971,00-0037834,Trevor Lawrence,Brock Purdy,Liam Coen,Kyle Shanahan,Clete Blakeman,SFO01,Levi's Stadium,away,JAX,SF,3.5,5.0,NFL,2025_04_JAX_SF-JAX,3.5,45.5,archived_reference_line
2025_04_JAX_SF,2025,REG,4,2025-09-28,Sunday,16:05,JAX,26.0,SF,21.0,Home,-5.0,47.0,0,2025092809,59901,,202509280sfo,28476,401772848,6792,7,7,150,-180,3.5,-120,100,45.5,-108,-112,0,outdoors,grass,72,7,00-0036971,00-0037834,Trevor Lawrence,Brock Purdy,Liam Coen,Kyle Shanahan,Clete Blakeman,SFO01,Levi's Stadium,home,SF,JAX,-3.5,-5.0,NFL,2025_04_JAX_SF-SF,3.5,45.5,archived_reference_line
2025_04_LAC_NYG,2025,REG,4,2025-09-28,Sunday,13:00,LAC,18.0,NYG,21.0,Home,3.0,39.0,0,2025092806,59898,,202509280nyg,28473,401772737,6789,7,7,-285,230,-6.0,-112,-108,43.5,-115,-105,0,outdoors,fieldturf,81,4,00-0036355,00-0040691,Justin Herbert,Jaxson Dart,Jim Harbaugh,Brian Daboll,Shawn Hochuli,NYC01,MetLife Stadium,away,LAC,NYG,-6.0,-3.0,NFL,2025_04_LAC_NYG-LAC,-6.0,43.5,archived_reference_line
2025_04_LAC_NYG,2025,REG,4,2025-09-28,Sunday,13:00,LAC,18.0,NYG,21.0,Home,3.0,39.0,0,2025092806,59898,,202509280nyg,28473,401772737,6789,7,7,-285,230,-6.0,-112,-108,43.5,-115,-105,0,outdoors,fieldturf,81,4,00-0036355,00-0040691,Justin Herbert,Jaxson Dart,Jim Harbaugh,Brian Daboll,Shawn Hochuli,NYC01,MetLife Stadium,home,NYG,LAC,6.0,3.0,NFL,2025_04_LAC_NYG-NYG,-6.0,43.5,archived_reference_line
2025_04_MIN_PIT,2025,REG,4,2025-09-28,Sunday,09:30,MIN,21.0,PIT,24.0,Neutral,3.0,45.0,0,2025092800,59892,,202509280pit,28467,401772632,6783,7,7,-148,124,-2.5,-125,105,41.5,-115,-105,0,outdoors,grass,61,5,00-0032950,00-0023459,Carson Wentz,Aaron Rodgers,Kevin O'Connell,Mike Tomlin,Brad Allen,PIT00,Acrisure Stadium,away,MIN,PIT,-2.5,-3.0,NFL,2025_04_MIN_PIT-MIN,-2.5,41.5,archived_reference_line
2025_04_MIN_PIT,2025,REG,4,2025-09-28,Sunday,09:30,MIN,21.0,PIT,24.0,Neutral,3.0,45.0,0,2025092800,59892,,202509280pit,28467,401772632,6783,7,7,-148,124,-2.5,-125,105,41.5,-115,-105,0,outdoors,grass,61,5,00-0032950,00-0023459,Carson Wentz,Aaron Rodgers,Kevin O'Connell,Mike Tomlin,Brad Allen,PIT00,Acrisure Stadium,home,PIT,MIN,2.5,3.0,NFL,2025_04_MIN_PIT-PIT,-2.5,41.5,archived_reference_line
2025_04_NO_BUF,2025,REG,4,2025-09-28,Sunday,13:00,NO,19.0,BUF,31.0,Home,12.0,50.0,0,2025092802,59894,,202509280buf,28469,401772740,6785,7,10,800,-1350,15.5,-115,-105,48.5,-115,-105,0,outdoors,a_turf,73,7,00-0039376,00-0034857,Spencer Rattler,Josh Allen,Kellen Moore,Sean McDermott,Land Clark,BUF00,New Era Field,away,NO,BUF,15.5,-12.0,NFL,2025_04_NO_BUF-NO,15.5,48.5,archived_reference_line
2025_04_NO_BUF,2025,REG,4,2025-09-28,Sunday,13:00,NO,19.0,BUF,31.0,Home,12.0,50.0,0,2025092802,59894,,202509280buf,28469,401772740,6785,7,10,800,-1350,15.5,-115,-105,48.5,-115,-105,0,outdoors,a_turf,73,7,00-0039376,00-0034857,Spencer Rattler,Josh Allen,Kellen Moore,Sean McDermott,Land Clark,BUF00,New Era Field,home,BUF,NO,-15.5,12.0,NFL,2025_04_NO_BUF-BUF,15.5,48.5,archived_reference_line
2025_04_NYJ_MIA,2025,REG,4,2025-09-29,Monday,19:15,NYJ,21.0,MIA,27.0,Home,6.0,48.0,0,2025092900,59905,,202509290mia,28481,401772813,6796,8,11,124,-148,2.5,-105,-115,44.5,-120,100,1,outdoors,grass,88,17,00-0036945,00-0036212,Justin Fields,Tua Tagovailoa,Aaron Glenn,Mike McDaniel,Craig Wrolstad,MIA00,Hard Rock Stadium,away,NYJ,MIA,2.5,-6.0,NFL,2025_04_NYJ_MIA-NYJ,2.5,44.5,archived_reference_line
2025_04_NYJ_MIA,2025,REG,4,2025-09-29,Monday,19:15,NYJ,21.0,MIA,27.0,Home,6.0,48.0,0,2025092900,59905,,202509290mia,28481,401772813,6796,8,11,124,-148,2.5,-105,-115,44.5,-120,100,1,outdoors,grass,88,17,00-0036945,00-0036212,Justin Fields,Tua Tagovailoa,Aaron Glenn,Mike McDaniel,Craig Wrolstad,MIA00,Hard Rock Stadium,home,MIA,NYJ,-2.5,6.0,NFL,2025_04_NYJ_MIA-MIA,2.5,44.5,archived_reference_line
2025_04_PHI_TB,2025,REG,4,2025-09-28,Sunday,13:00,PHI,31.0,TB,25.0,Home,-6.0,56.0,0,2025092807,59899,,202509280tam,28474,401772845,6790,7,7,-185,154,-3.5,-102,-118,44.5,-118,-102,0,outdoors,grass,88,6,00-0036389,00-0034855,Jalen Hurts,Baker Mayfield,Nick Sirianni,Todd Bowles,Alan Eck,TAM00,Raymond James Stadium,away,PHI,TB,-3.5,6.0,NFL,2025_04_PHI_TB-PHI,-3.5,44.5,archived_reference_line
2025_04_PHI_TB,2025,REG,4,2025-09-28,Sunday,13:00,PHI,31.0,TB,25.0,Home,-6.0,56.0,0,2025092807,59899,,202509280tam,28474,401772845,6790,7,7,-185,154,-3.5,-102,-118,44.5,-118,-102,0,outdoors,grass,88,6,00-0036389,00-0034855,Jalen Hurts,Baker Mayfield,Nick Sirianni,Todd Bowles,Alan Eck,TAM00,Raymond James Stadium,home,TB,PHI,3.5,-6.0,NFL,2025_04_PHI_TB-TB,-3.5,44.5,archived_reference_line
2025_04_SEA_ARI,2025,REG,4,2025-09-25,Thursday,20:15,SEA,23.0,ARI,20.0,Home,-3.0,43.0,0,2025092500,59891,,202509250crd,28466,401772938,6782,4,4,-125,105,-1.5,-110,-110,43.5,-108,-112,1,closed,grass,,,00-0034869,00-0035228,Sam Darnold,Kyler Murray,Mike Macdonald,Jonathan Gannon,Alex Kemp,PHO00,State Farm Stadium,away,SEA,ARI,-1.5,3.0,NFL,2025_04_SEA_ARI-SEA,-1.5,43.5,archived_reference_line
2025_04_SEA_ARI,2025,REG,4,2025-09-25,Thursday,20:15,SEA,23.0,ARI,20.0,Home,-3.0,43.0,0,2025092500,59891,,202509250crd,28466,401772938,6782,4,4,-125,105,-1.5,-110,-110,43.5,-108,-112,1,closed,grass,,,00-0034869,00-0035228,Sam Darnold,Kyler Murray,Mike Macdonald,Jonathan Gannon,Alex Kemp,PHO00,State Farm Stadium,home,ARI,SEA,1.5,-3.0,NFL,2025_04_SEA_ARI-ARI,-1.5,43.5,archived_reference_line
2025_04_TEN_HOU,2025,REG,4,2025-09-28,Sunday,13:00,TEN,0.0,HOU,26.0,Home,26.0,26.0,0,2025092804,59896,,202509280htx,28471,401772738,6787,7,7,340,-440,7.5,-115,-105,39.5,-105,-115,1,closed,astroturf,,,00-0040676,00-0039163,Cam Ward,C.J. Stroud,Brian Callahan,DeMeco Ryans,Brad Rogers,HOU00,NRG Stadium,away,TEN,HOU,7.5,-26.0,NFL,2025_04_TEN_HOU-TEN,7.5,39.5,archived_reference_line
2025_04_TEN_HOU,2025,REG,4,2025-09-28,Sunday,13:00,TEN,0.0,HOU,26.0,Home,26.0,26.0,0,2025092804,59896,,202509280htx,28471,401772738,6787,7,7,340,-440,7.5,-115,-105,39.5,-105,-115,1,closed,astroturf,,,00-0040676,00-0039163,Cam Ward,C.J. Stroud,Brian Callahan,DeMeco Ryans,Brad Rogers,HOU00,NRG Stadium,home,HOU,TEN,-7.5,26.0,NFL,2025_04_TEN_HOU-HOU,7.5,39.5,archived_reference_line
2025_04_WAS_ATL,2025,REG,4,2025-09-28,Sunday,13:00,WAS,27.0,ATL,34.0,Home,7.0,61.0,0,2025092801,59893,,202509280atl,28468,401772739,6784,7,7,120,-142,2.5,-110,-110,43.5,-112,-108,0,closed,fieldturf,,,00-0039910,00-0039917,Jayden Daniels,Michael Penix,Dan Quinn,Raheem Morris,Scott Novak,ATL97,Mercedes-Benz Stadium,away,WAS,ATL,2.5,-7.0,NFL,2025_04_WAS_ATL-WAS,2.5,43.5,archived_reference_line
2025_04_WAS_ATL,2025,REG,4,2025-09-28,Sunday,13:00,WAS,27.0,ATL,34.0,Home,7.0,61.0,0,2025092801,59893,,202509280atl,28468,401772739,6784,7,7,120,-142,2.5,-110,-110,43.5,-112,-108,0,closed,fieldturf,,,00-0039910,00-0039917,Jayden Daniels,Michael Penix,Dan Quinn,Raheem Morris,Scott Novak,ATL97,Mercedes-Benz Stadium,home,ATL,WAS,-2.5,7.0,NFL,2025_04_WAS_ATL-ATL,2.5,43.5,archived_reference_line
2025_05_DAL_NYJ,2025,REG,5,2025-10-05,Sunday,13:00,DAL,37.0,NYJ,22.0,Home,-15.0,59.0,0,2025100505,59913,,202510050nyj,28488,401772850,6804,7,6,-105,-115,1.5,-120,100,48.5,-110,-110,0,outdoors,fieldturf,82,3,00-0033077,00-0036945,Dak Prescott,Justin Fields,Brian Schottenheimer,Aaron Glenn,Alex Moore,NYC01,MetLife Stadium,away,DAL,NYJ,1.5,15.0,NFL,2025_05_DAL_NYJ-DAL,1.5,48.5,archived_reference_line
2025_05_DAL_NYJ,2025,REG,5,2025-10-05,Sunday,13:00,DAL,37.0,NYJ,22.0,Home,-15.0,59.0,0,2025100505,59913,,202510050nyj,28488,401772850,6804,7,6,-105,-115,1.5,-120,100,48.5,-110,-110,0,outdoors,fieldturf,82,3,00-0033077,00-0036945,Dak Prescott,Justin Fields,Brian Schottenheimer,Aaron Glenn,Alex Moore,NYC01,MetLife Stadium,home,NYJ,DAL,-1.5,-15.0,NFL,2025_05_DAL_NYJ-NYJ,1.5,48.5,archived_reference_line
2025_05_DEN_PHI,2025,REG,5,2025-10-05,Sunday,13:00,DEN,21.0,PHI,17.0,Home,-4.0,38.0,0,2025100506,59914,,202510050phi,28489,401772745,6805,6,7,180,-218,3.5,-105,-115,44.5,-115,-105,0,outdoors,grass,80,6,00-0039732,00-0036389,Bo Nix,Jalen Hurts,Sean Payton,Nick Sirianni,Adrian Hill,PHI00,Lincoln Financial Field,away,DEN,PHI,3.5,4.0,NFL,2025_05_DEN_PHI-DEN,3.5,44.5,archived_reference_line
2025_05_DEN_PHI,2025,REG,5,2025-10-05,Sunday,13:00,DEN,21.0,PHI,17.0,Home,-4.0,38.0,0,2025100506,59914,,202510050phi,28489,401772745,6805,6,7,180,-218,3.5,-105,-115,44.5,-115,-105,0,outdoors,grass,80,6,00-0039732,00-0036389,Bo Nix,Jalen Hurts,Sean Payton,Nick Sirianni,Adrian Hill,PHI00,Lincoln Financial Field,home,PHI,DEN,-3.5,-4.0,NFL,2025_05_DEN_PHI-PHI,3.5,44.5,archived_reference_line
2025_05_DET_CIN,2025,REG,5,2025-10-05,Sunday,16:25,DET,37.0,CIN,24.0,Home,-13.0,61.0,0,2025100509,59917,,202510050cin,28492,401772854,6808,7,6,-575,425,-10.5,-102,-118,49.5,-112,-108,0,outdoors,fieldturf,84,7,00-0033106,00-0035100,Jared Goff,Jake Browning,Dan Campbell,Zac Taylor,Carl Cheffers,CIN00,Paycor Stadium,away,DET,CIN,-10.5,13.0,NFL,2025_05_DET_CIN-DET,-10.5,49.5,archived_reference_line
2025_05_DET_CIN,2025,REG,5,2025-10-05,Sunday,16:25,DET,37.0,CIN,24.0,Home,-13.0,61.0,0,2025100509,59917,,202510050cin,28492,401772854,6808,7,6,-575,425,-10.5,-102,-118,49.5,-112,-108,0,outdoors,fieldturf,84,7,00-0033106,00-0035100,Jared Goff,Jake Browning,Dan Campbell,Zac Taylor,Carl Cheffers,CIN00,Paycor Stadium,home,CIN,DET,10.5,-13.0,NFL,2025_05_DET_CIN-CIN,-10.5,49.5,archived_reference_line
2025_05_HOU_BAL,2025,REG,5,2025-10-05,Sunday,13:00,HOU,44.0,BAL,10.0,Home,-34.0,54.0,0,2025100501,59909,,202510050rav,28484,401772743,6800,7,7,-148,124,-2.5,-118,-102,41.5,-115,-105,0,outdoors,grass,78,2,00-0039163,00-0033662,C.J. Stroud,Cooper Rush,DeMeco Ryans,John Harbaugh,Land Clark,BAL00,M&T Bank Stadium,away,HOU,BAL,-2.5,34.0,NFL,2025_05_HOU_BAL-HOU,-2.5,41.5,archived_reference_line
2025_05_HOU_BAL,2025,REG,5,2025-10-05,Sunday,13:00,HOU,44.0,BAL,10.0,Home,-34.0,54.0,0,2025100501,59909,,202510050rav,28484,401772743,6800,7,7,-148,124,-2.5,-118,-102,41.5,-115,-105,0,outdoors,grass,78,2,00-0039163,00-0033662,C.J. Stroud,Cooper Rush,DeMeco Ryans,John Harbaugh,Land Clark,BAL00,M&T Bank Stadium,home,BAL,HOU,2.5,-34.0,NFL,2025_05_HOU_BAL-BAL,-2.5,41.5,archived_reference_line
2025_05_KC_JAX,2025,REG,5,2025-10-06,Monday,20:15,KC,28.0,JAX,31.0,Home,3.0,59.0,0,2025100600,59920,,202510060jax,28495,401772814,6811,8,8,-198,164,-3.5,-110,-110,45.5,-108,-112,0,outdoors,grass,80,12,00-0033873,00-0036971,Patrick Mahomes,Trevor Lawrence,Andy Reid,Liam Coen,Brad Rogers,JAX00,TIAA Bank Stadium,away,KC,JAX,-3.5,-3.0,NFL,2025_05_KC_JAX-KC,-3.5,45.5,archived_reference_line
2025_05_KC_JAX,2025,REG,5,2025-10-06,Monday,20:15,KC,28.0,JAX,31.0,Home,3.0,59.0,0,2025100600,59920,,202510060jax,28495,401772814,6811,8,8,-198,164,-3.5,-110,-110,45.5,-108,-112,0,outdoors,grass,80,12,00-0033873,00-0036971,Patrick Mahomes,Trevor Lawrence,Andy Reid,Liam Coen,Brad Rogers,JAX00,TIAA Bank Stadium,home,JAX,KC,3.5,3.0,NFL,2025_05_KC_JAX-JAX,-3.5,45.5,archived_reference_line
2025_05_LV_IND,2025,REG,5,2025-10-05,Sunday,13:00,LV,6.0,IND,40.0,Home,34.0,46.0,0,2025100503,59911,,202510050clt,28486,401772851,6802,7,7,285,-360,7.0,100,-120,46.5,-108,-112,0,closed,fieldturf,,,00-0030565,00-0035710,Geno Smith,Daniel Jones,Pete Carroll,Shane Steichen,Alex Kemp,IND00,Lucas Oil Stadium,away,LV,IND,7.0,-34.0,NFL,2025_05_LV_IND-LV,7.0,46.5,archived_reference_line
2025_05_LV_IND,2025,REG,5,2025-10-05,Sunday,13:00,LV,6.0,IND,40.0,Home,34.0,46.0,0,2025100503,59911,,202510050clt,28486,401772851,6802,7,7,285,-360,7.0,100,-120,46.5,-108,-112,0,closed,fieldturf,,,00-0030565,00-0035710,Geno Smith,Daniel Jones,Pete Carroll,Shane Steichen,Alex Kemp,IND00,Lucas Oil Stadium,home,IND,LV,-7.0,34.0,NFL,2025_05_LV_IND-IND,7.0,46.5,archived_reference_line
2025_05_MIA_CAR,2025,REG,5,2025-10-05,Sunday,13:00,MIA,24.0,CAR,27.0,Home,3.0,51.0,0,2025100502,59910,,202510050car,28485,401772852,6801,6,7,-120,100,-1.5,-105,-115,44.5,-105,-115,0,outdoors,grass,77,8,00-0036212,00-0039150,Tua Tagovailoa,Bryce Young,Mike McDaniel,Dave Canales,Clay Martin,CAR00,Bank of America Stadium,away,MIA,CAR,-1.5,-3.0,NFL,2025_05_MIA_CAR-MIA,-1.5,44.5,archived_reference_line
2025_05_MIA_CAR,2025,REG,5,2025-10-05,Sunday,13:00,MIA,24.0,CAR,27.0,Home,3.0,51.0,0,2025100502,59910,,202510050car,28485,401772852,6801,6,7,-120,100,-1.5,-105,-115,44.5,-105,-115,0,outdoors,grass,77,8,00-0036212,00-0039150,Tua Tagovailoa,Bryce Young,Mike McDaniel,Dave Canales,Clay Martin,CAR00,Bank of America Stadium,home,CAR,MIA,1.5,3.0,NFL,2025_05_MIA_CAR-CAR,-1.5,44.5,archived_reference_line
2025_05_MIN_CLE,2025,REG,5,2025-10-05,Sunday,09:30,MIN,21.0,CLE,17.0,Neutral,-4.0,38.0,0,2025100500,59908,,202510050cle,28483,401772633,6799,7,7,-198,164,-3.5,-110,-110,35.5,-112,-108,0,outdoors,grass,61,14,00-0032950,00-0040704,Carson Wentz,Dillon Gabriel,Kevin O'Connell,Kevin Stefanski,Scott Novak,CLE00,FirstEnergy Stadium,away,MIN,CLE,-3.5,4.0,NFL,2025_05_MIN_CLE-MIN,-3.5,35.5,archived_reference_line
2025_05_MIN_CLE,2025,REG,5,2025-10-05,Sunday,09:30,MIN,21.0,CLE,17.0,Neutral,-4.0,38.0,0,2025100500,59908,,202510050cle,28483,401772633,6799,7,7,-198,164,-3.5,-110,-110,35.5,-112,-108,0,outdoors,grass,61,14,00-0032950,00-0040704,Carson Wentz,Dillon Gabriel,Kevin O'Connell,Kevin Stefanski,Scott Novak,CLE00,FirstEnergy Stadium,home,CLE,MIN,3.5,-4.0,NFL,2025_05_MIN_CLE-CLE,-3.5,35.5,archived_reference_line
2025_05_NE_BUF,2025,REG,5,2025-10-05,Sunday,20:20,NE,23.0,BUF,20.0,Home,-3.0,43.0,0,2025100511,59919,,202510050buf,28494,401772922,6810,7,7,310,-395,7.5,-105,-115,49.5,-108,-112,1,outdoors,a_turf,66,3,00-0039851,00-0034857,Drake Maye,Josh Allen,Mike Vrabel,Sean McDermott,Shawn Hochuli,BUF00,New Era Field,away,NE,BUF,7.5,3.0,NFL,2025_05_NE_BUF-NE,7.5,49.5,archived_reference_line
2025_05_NE_BUF,2025,REG,5,2025-10-05,Sunday,20:20,NE,23.0,BUF,20.0,Home,-3.0,43.0,0,2025100511,59919,,202510050buf,28494,401772922,6810,7,7,310,-395,7.5,-105,-115,49.5,-108,-112,1,outdoors,a_turf,66,3,00-0039851,00-0034857,Drake Maye,Josh Allen,Mike Vrabel,Sean McDermott,Shawn Hochuli,BUF00,New Era Field,home,BUF,NE,-7.5,-3.0,NFL,2025_05_NE_BUF-BUF,7.5,49.5,archived_reference_line
2025_05_NYG_NO,2025,REG,5,2025-10-05,Sunday,13:00,NYG,14.0,NO,26.0,Home,12.0,40.0,0,2025100504,59912,,202510050nor,28487,401772744,6803,7,7,100,-120,1.5,-115,-105,41.5,-105,-115,0,dome,sportturf,,,00-0040691,00-0039376,Jaxson Dart,Spencer Rattler,Brian Daboll,Kellen Moore,Alan Eck,NOR00,Mercedes-Benz Superdome,away,NYG,NO,1.5,-12.0,NFL,2025_05_NYG_NO-NYG,1.5,41.5,archived_reference_line
2025_05_NYG_NO,2025,REG,5,2025-10-05,Sunday,13:00,NYG,14.0,NO,26.0,Home,12.0,40.0,0,2025100504,59912,,202510050nor,28487,401772744,6803,7,7,100,-120,1.5,-115,-105,41.5,-105,-115,0,dome,sportturf,,,00-0040691,00-0039376,Jaxson Dart,Spencer Rattler,Brian Daboll,Kellen Moore,Alan Eck,NOR00,Mercedes-Benz Superdome,home,NO,NYG,-1.5,12.0,NFL,2025_05_NYG_NO-NO,1.5,41.5,archived_reference_line
2025_05_SF_LA,2025,REG,5,2025-10-02,Thursday,20:15,SF,26.0,LA,23.0,Home,-3.0,49.0,1,2025100200,59907,,202510020ram,28482,401772939,6798,4,4,340,-440,8.5,-110,-110,43.5,-108,-112,1,dome,matrixturf,,,00-0036972,00-0026498,Mac Jones,Matthew Stafford,Kyle Shanahan,Sean McVay,Bill Vinovich,LAX01,SoFi Stadium,away,SF,LA,8.5,3.0,NFL,2025_05_SF_LA-SF,8.5,43.5,archived_reference_line
2025_05_SF_LA,2025,REG,5,2025-10-02,Thursday,20:15,SF,26.0,LA,23.0,Home,-3.0,49.0,1,2025100200,59907,,202510020ram,28482,401772939,6798,4,4,340,-440,8.5,-110,-110,43.5,-108,-112,1,dome,matrixturf,,,00-0036972,00-0026498,Mac Jones,Matthew Stafford,Kyle Shanahan,Sean McVay,Bill Vinovich,LAX01,SoFi Stadium,home,LA,SF,-8.5,-3.0,NFL,2025_05_SF_LA-LA,8.5,43.5,archived_reference_line
2025_05_TB_SEA,2025,REG,5,2025-10-05,Sunday,16:05,TB,38.0,SEA,35.0,Home,-3.0,73.0,0,2025100508,59916,,202510050sea,28490,401772746,6807,7,10,150,-180,3.5,-115,-105,44.5,-110,-110,0,outdoors,fieldturf,61,8,00-0034855,00-0034869,Baker Mayfield,Sam Darnold,Todd Bowles,Mike Macdonald,Craig Wrolstad,SEA00,Lumen Field,away,TB,SEA,3.5,3.0,NFL,2025_05_TB_SEA-TB,3.5,44.5,archived_reference_line
2025_05_TB_SEA,2025,REG,5,2025-10-05,Sunday,16:05,TB,38.0,SEA,35.0,Home,-3.0,73.0,0,2025100508,59916,,202510050sea,28490,401772746,6807,7,10,150,-180,3.5,-115,-105,44.5,-110,-110,0,outdoors,fieldturf,61,8,00-0034855,00-0034869,Baker Mayfield,Sam Darnold,Todd Bowles,Mike Macdonald,Craig Wrolstad,SEA00,Lumen Field,home,SEA,TB,-3.5,-3.0,NFL,2025_05_TB_SEA-SEA,3.5,44.5,archived_reference_line
2025_05_TEN_ARI,2025,REG,5,2025-10-05,Sunday,16:05,TEN,22.0,ARI,21.0,Home,-1.0,43.0,0,2025100507,59915,,202510050crd,28491,401772747,6806,7,10,330,-425,7.5,-108,-112,41.5,-110,-110,0,closed,grass,,,00-0040676,00-0035228,Cam Ward,Kyler Murray,Brian Callahan,Jonathan Gannon,Shawn Smith,PHO00,State Farm Stadium,away,TEN,ARI,7.5,1.0,NFL,2025_05_TEN_ARI-TEN,7.5,41.5,archived_reference_line
2025_05_TEN_ARI,2025,REG,5,2025-10-05,Sunday,16:05,TEN,22.0,ARI,21.0,Home,-1.0,43.0,0,2025100507,59915,,202510050crd,28491,401772747,6806,7,10,330,-425,7.5,-108,-112,41.5,-110,-110,0,closed,grass,,,00-0040676,00-0035228,Cam Ward,Kyler Murray,Brian Callahan,Jonathan Gannon,Shawn Smith,PHO00,State Farm Stadium,home,ARI,TEN,-7.5,-1.0,NFL,2025_05_TEN_ARI-ARI,7.5,41.5,archived_reference_line
2025_05_WAS_LAC,2025,REG,5,2025-10-05,Sunday,16:25,WAS,27.0,LAC,10.0,Home,-17.0,37.0,0,2025100510,59918,,202510050sdg,28493,401772853,6809,7,7,130,-155,2.5,100,-120,47.5,-115,-105,0,dome,matrixturf,,,00-0039910,00-0036355,Jayden Daniels,Justin Herbert,Dan Quinn,Jim Harbaugh,John Hussey,LAX01,SoFi Stadium,away,WAS,LAC,2.5,17.0,NFL,2025_05_WAS_LAC-WAS,2.5,47.5,archived_reference_line
2025_05_WAS_LAC,2025,REG,5,2025-10-05,Sunday,16:25,WAS,27.0,LAC,10.0,Home,-17.0,37.0,0,2025100510,59918,,202510050sdg,28493,401772853,6809,7,7,130,-155,2.5,100,-120,47.5,-115,-105,0,dome,matrixturf,,,00-0039910,00-0036355,Jayden Daniels,Justin Herbert,Dan Quinn,Jim Harbaugh,John Hussey,LAX01,SoFi Stadium,home,LAC,WAS,-2.5,-17.0,NFL,2025_05_WAS_LAC-LAC,2.5,47.5,archived_reference_line
2025_06_ARI_IND,2025,REG,6,2025-10-12,Sunday,13:00,ARI,27.0,IND,31.0,Home,4.0,58.0,0,2025101203,59925,,202510120clt,28500,401772856,6816,7,7,360,-470,8.5,-110,-110,46.5,-122,102,0,closed,fieldturf,,,00-0033119,00-0035710,Jacoby Brissett,Daniel Jones,Jonathan Gannon,Shane Steichen,Shawn Hochuli,IND00,Lucas Oil Stadium,away,ARI,IND,8.5,-4.0,NFL,2025_06_ARI_IND-ARI,8.5,46.5,archived_reference_line
2025_06_ARI_IND,2025,REG,6,2025-10-12,Sunday,13:00,ARI,27.0,IND,31.0,Home,4.0,58.0,0,2025101203,59925,,202510120clt,28500,401772856,6816,7,7,360,-470,8.5,-110,-110,46.5,-122,102,0,closed,fieldturf,,,00-0033119,00-0035710,Jacoby Brissett,Daniel Jones,Jonathan Gannon,Shane Steichen,Shawn Hochuli,IND00,Lucas Oil Stadium,home,IND,ARI,-8.5,4.0,NFL,2025_06_ARI_IND-IND,8.5,46.5,archived_reference_line
2025_06_BUF_ATL,2025,REG,6,2025-10-13,Monday,19:15,BUF,14.0,ATL,24.0,Home,10.0,38.0,0,2025101300,59934,,202510130atl,28509,401772815,6825,8,15,-205,170,-3.5,-120,100,49.5,-102,-118,0,closed,fieldturf,,,00-0034857,00-0039917,Josh Allen,Michael Penix,Sean McDermott,Raheem Morris,Shawn Smith,ATL97,Mercedes-Benz Stadium,away,BUF,ATL,-3.5,-10.0,NFL,2025_06_BUF_ATL-BUF,-3.5,49.5,archived_reference_line
2025_06_BUF_ATL,2025,REG,6,2025-10-13,Monday,19:15,BUF,14.0,ATL,24.0,Home,10.0,38.0,0,2025101300,59934,,202510130atl,28509,401772815,6825,8,15,-205,170,-3.5,-120,100,49.5,-102,-118,0,closed,fieldturf,,,00-0034857,00-0039917,Josh Allen,Michael Penix,Sean McDermott,Raheem Morris,Shawn Smith,ATL97,Mercedes-Benz Stadium,home,ATL,BUF,3.5,10.0,NFL,2025_06_BUF_ATL-ATL,-3.5,49.5,archived_reference_line
2025_06_CHI_WAS,2025,REG,6,2025-10-13,Monday,20:15,CHI,25.0,WAS,24.0,Home,-1.0,49.0,0,2025101301,59935,,202510130was,28510,401772717,6826,15,8,210,-258,5.5,-108,-112,49.5,-105,-115,0,outdoors,grass,59,12,00-0039918,00-0039910,Caleb Williams,Jayden Daniels,Ben Johnson,Dan Quinn,Alex Moore,WAS00,FedExField,away,CHI,WAS,5.5,1.0,NFL,2025_06_CHI_WAS-CHI,5.5,49.5,archived_reference_line
2025_06_CHI_WAS,2025,REG,6,2025-10-13,Monday,20:15,CHI,25.0,WAS,24.0,Home,-1.0,49.0,0,2025101301,59935,,202510130was,28510,401772717,6826,15,8,210,-258,5.5,-108,-112,49.5,-105,-115,0,outdoors,grass,59,12,00-0039918,00-0039910,Caleb Williams,Jayden Daniels,Ben Johnson,Dan Quinn,Alex Moore,WAS00,FedExField,home,WAS,CHI,-5.5,-1.0,NFL,2025_06_CHI_WAS-WAS,5.5,49.5,archived_reference_line
2025_06_CIN_GB,2025,REG,6,2025-10-12,Sunday,16:25,CIN,18.0,GB,27.0,Home,9.0,45.0,0,2025101209,59931,,202510120gnb,28506,401772752,6822,7,14,650,-1000,14.0,-110,-110,44.5,-110,-110,0,outdoors,grass,64,14,00-0026158,00-0036264,Joe Flacco,Jordan Love,Zac Taylor,Matt LaFleur,Brad Allen,GNB00,Lambeau Field,away,CIN,GB,14.0,-9.0,NFL,2025_06_CIN_GB-CIN,14.0,44.5,archived_reference_line
2025_06_CIN_GB,2025,REG,6,2025-10-12,Sunday,16:25,CIN,18.0,GB,27.0,Home,9.0,45.0,0,2025101209,59931,,202510120gnb,28506,401772752,6822,7,14,650,-1000,14.0,-110,-110,44.5,-110,-110,0,outdoors,grass,64,14,00-0026158,00-0036264,Joe Flacco,Jordan Love,Zac Taylor,Matt LaFleur,Brad Allen,GNB00,Lambeau Field,home,GB,CIN,-14.0,9.0,NFL,2025_06_CIN_GB-GB,14.0,44.5,archived_reference_line
2025_06_CLE_PIT,2025,REG,6,2025-10-12,Sunday,13:00,CLE,9.0,PIT,23.0,Home,14.0,32.0,0,2025101206,59928,,202510120pit,28503,401772748,6819,7,14,225,-278,5.5,100,-120,37.5,100,-120,1,outdoors,grass,64,8,00-0040704,00-0023459,Dillon Gabriel,Aaron Rodgers,Kevin Stefanski,Mike Tomlin,Ron Torbert,PIT00,Acrisure Stadium,away,CLE,PIT,5.5,-14.0,NFL,2025_06_CLE_PIT-CLE,5.5,37.5,archived_reference_line
2025_06_CLE_PIT,2025,REG,6,2025-10-12,Sunday,13:00,CLE,9.0,PIT,23.0,Home,14.0,32.0,0,2025101206,59928,,202510120pit,28503,401772748,6819,7,14,225,-278,5.5,100,-120,37.5,100,-120,1,outdoors,grass,64,8,00-0040704,00-0023459,Dillon Gabriel,Aaron Rodgers,Kevin Stefanski,Mike Tomlin,Ron Torbert,PIT00,Acrisure Stadium,home,PIT,CLE,-5.5,14.0,NFL,2025_06_CLE_PIT-PIT,5.5,37.5,archived_reference_line
2025_06_DAL_CAR,2025,REG,6,2025-10-12,Sunday,13:00,DAL,27.0,CAR,30.0,Home,3.0,57.0,0,2025101202,59924,,202510120car,28499,401772858,6815,7,7,-175,145,-3.0,-118,-102,47.5,-105,-115,0,outdoors,grass,68,15,00-0033077,00-0039150,Dak Prescott,Bryce Young,Brian Schottenheimer,Dave Canales,John Hussey,CAR00,Bank of America Stadium,away,DAL,CAR,-3.0,-3.0,NFL,2025_06_DAL_CAR-DAL,-3.0,47.5,archived_reference_line
2025_06_DAL_CAR,2025,REG,6,2025-10-12,Sunday,13:00,DAL,27.0,CAR,30.0,Home,3.0,57.0,0,2025101202,59924,,202510120car,28499,401772858,6815,7,7,-175,145,-3.0,-118,-102,47.5,-105,-115,0,outdoors,grass,68,15,00-0033077,00-0039150,Dak Prescott,Bryce Young,Brian Schottenheimer,Dave Canales,John Hussey,CAR00,Bank of America Stadium,home,CAR,DAL,3.0,3.0,NFL,2025_06_DAL_CAR-CAR,-3.0,47.5,archived_reference_line
2025_06_DEN_NYJ,2025,REG,6,2025-10-12,Sunday,09:30,DEN,13.0,NYJ,11.0,Neutral,-2.0,24.0,0,2025101200,59922,,202510120nyj,28497,401772634,6813,7,7,-395,310,-7.5,100,-120,43.5,-112,-108,0,outdoors,grass,59,6,00-0039732,00-0036945,Bo Nix,Justin Fields,Sean Payton,Aaron Glenn,Land Clark,NYC01,MetLife Stadium,away,DEN,NYJ,-7.5,2.0,NFL,2025_06_DEN_NYJ-DEN,-7.5,43.5,archived_reference_line
2025_06_DEN_NYJ,2025,REG,6,2025-10-12,Sunday,09:30,DEN,13.0,NYJ,11.0,Neutral,-2.0,24.0,0,2025101200,59922,,202510120nyj,28497,401772634,6813,7,7,-395,310,-7.5,100,-120,43.5,-112,-108,0,outdoors,grass,59,6,00-0039732,00-0036945,Bo Nix,Justin Fields,Sean Payton,Aaron Glenn,Land Clark,NYC01,MetLife Stadium,home,NYJ,DEN,7.5,-2.0,NFL,2025_06_DEN_NYJ-NYJ,-7.5,43.5,archived_reference_line
2025_06_DET_KC,2025,REG,6,2025-10-12,Sunday,20:20,DET,17.0,KC,30.0,Home,13.0,47.0,0,2025101211,59933,,202510120kan,28508,401772923,6824,7,6,120,-142,2.5,-105,-115,51.5,-105,-115,0,outdoors,grass,85,13,00-0033106,00-0033873,Jared Goff,Patrick Mahomes,Dan Campbell,Andy Reid,Craig Wrolstad,KAN00,GEHA Field at Arrowhead Stadium,away,DET,KC,2.5,-13.0,NFL,2025_06_DET_KC-DET,2.5,51.5,archived_reference_line
2025_06_DET_KC,2025,REG,6,2025-10-12,Sunday,20:20,DET,17.0,KC,30.0,Home,13.0,47.0,0,2025101211,59933,,202510120kan,28508,401772923,6824,7,6,120,-142,2.5,-105,-115,51.5,-105,-115,0,outdoors,grass,85,13,00-0033106,00-0033873,Jared Goff,Patrick Mahomes,Dan Campbell,Andy Reid,Craig Wrolstad,KAN00,GEHA Field at Arrowhead Stadium,home,KC,DET,-2.5,13.0,NFL,2025_06_DET_KC-KC,2.5,51.5,archived_reference_line
2025_06_LAC_MIA,2025,REG,6,2025-10-12,Sunday,13:00,LAC,29.0,MIA,27.0,Home,-2.0,56.0,0,2025101205,59927,,202510120mia,28502,401772750,6818,7,7,-205,170,-3.5,-115,-105,45.5,-115,-105,0,outdoors,grass,85,4,00-0036355,00-0036212,Justin Herbert,Tua Tagovailoa,Jim Harbaugh,Mike McDaniel,Bill Vinovich,MIA00,Hard Rock Stadium,away,LAC,MIA,-3.5,2.0,NFL,2025_06_LAC_MIA-LAC,-3.5,45.5,archived_reference_line
2025_06_LAC_MIA,2025,REG,6,2025-10-12,Sunday,13:00,LAC,29.0,MIA,27.0,Home,-2.0,56.0,0,2025101205,59927,,202510120mia,28502,401772750,6818,7,7,-205,170,-3.5,-115,-105,45.5,-115,-105,0,outdoors,grass,85,4,00-0036355,00-0036212,Justin Herbert,Tua Tagovailoa,Jim Harbaugh,Mike McDaniel,Bill Vinovich,MIA00,Hard Rock Stadium,home,MIA,LAC,3.5,-2.0,NFL,2025_06_LAC_MIA-MIA,-3.5,45.5,archived_reference_line
2025_06_LA_BAL,2025,REG,6,2025-10-12,Sunday,13:00,LA,17.0,BAL,3.0,Home,-14.0,20.0,0,2025101201,59923,,202510120rav,28498,401772855,6814,10,7,-355,280,-7.0,-105,-115,43.5,-108,-112,0,outdoors,grass,64,15,00-0026498,00-0033662,Matthew Stafford,Cooper Rush,Sean McVay,John Harbaugh,Alex Kemp,BAL00,M&T Bank Stadium,away,LA,BAL,-7.0,14.0,NFL,2025_06_LA_BAL-LA,-7.0,43.5,archived_reference_line
2025_06_LA_BAL,2025,REG,6,2025-10-12,Sunday,13:00,LA,17.0,BAL,3.0,Home,-14.0,20.0,0,2025101201,59923,,202510120rav,28498,401772855,6814,10,7,-355,280,-7.0,-105,-115,43.5,-108,-112,0,outdoors,grass,64,15,00-0026498,00-0033662,Matthew Stafford,Cooper Rush,Sean McVay,John Harbaugh,Alex Kemp,BAL00,M&T Bank Stadium,home,BAL,LA,7.0,-14.0,NFL,2025_06_LA_BAL-BAL,-7.0,43.5,archived_reference_line
2025_06_NE_NO,2025,REG,6,2025-10-12,Sunday,13:00,NE,25.0,NO,19.0,Home,-6.0,44.0,0,2025101210,59932,,202510120nor,28507,401772751,6823,7,7,-192,160,-3.5,-105,-115,46.5,-115,-105,0,dome,sportturf,,,00-0039851,00-0039376,Drake Maye,Spencer Rattler,Mike Vrabel,Kellen Moore,Adrian Hill,NOR00,Mercedes-Benz Superdome,away,NE,NO,-3.5,6.0,NFL,2025_06_NE_NO-NE,-3.5,46.5,archived_reference_line
2025_06_NE_NO,2025,REG,6,2025-10-12,Sunday,13:00,NE,25.0,NO,19.0,Home,-6.0,44.0,0,2025101210,59932,,202510120nor,28507,401772751,6823,7,7,-192,160,-3.5,-105,-115,46.5,-115,-105,0,dome,sportturf,,,00-0039851,00-0039376,Drake Maye,Spencer Rattler,Mike Vrabel,Kellen Moore,Adrian Hill,NOR00,Mercedes-Benz Superdome,home,NO,NE,3.5,-6.0,NFL,2025_06_NE_NO-NO,-3.5,46.5,archived_reference_line
2025_06_PHI_NYG,2025,REG,6,2025-10-09,Thursday,20:15,PHI,17.0,NYG,34.0,Home,17.0,51.0,0,2025100900,59921,,202510090nyg,28496,401772940,6812,4,4,-395,310,-7.0,-120,100,40.5,-105,-115,1,outdoors,fieldturf,53,3,00-0036389,00-0040691,Jalen Hurts,Jaxson Dart,Nick Sirianni,Brian Daboll,Clete Blakeman,NYC01,MetLife Stadium,away,PHI,NYG,-7.0,-17.0,NFL,2025_06_PHI_NYG-PHI,-7.0,40.5,archived_reference_line
2025_06_PHI_NYG,2025,REG,6,2025-10-09,Thursday,20:15,PHI,17.0,NYG,34.0,Home,17.0,51.0,0,2025100900,59921,,202510090nyg,28496,401772940,6812,4,4,-395,310,-7.0,-120,100,40.5,-105,-115,1,outdoors,fieldturf,53,3,00-0036389,00-0040691,Jalen Hurts,Jaxson Dart,Nick Sirianni,Brian Daboll,Clete Blakeman,NYC01,MetLife Stadium,home,NYG,PHI,7.0,17.0,NFL,2025_06_PHI_NYG-NYG,-7.0,40.5,archived_reference_line
2025_06_SEA_JAX,2025,REG,6,2025-10-12,Sunday,13:00,SEA,20.0,JAX,12.0,Home,-8.0,32.0,0,2025101204,59926,,202510120jax,28501,401772857,6817,7,6,-115,-105,-1.5,100,-120,47.5,-115,-105,0,outdoors,grass,76,8,00-0034869,00-0036971,Sam Darnold,Trevor Lawrence,Mike Macdonald,Liam Coen,Clay Martin,JAX00,TIAA Bank Stadium,away,SEA,JAX,-1.5,8.0,NFL,2025_06_SEA_JAX-SEA,-1.5,47.5,archived_reference_line
2025_06_SEA_JAX,2025,REG,6,2025-10-12,Sunday,13:00,SEA,20.0,JAX,12.0,Home,-8.0,32.0,0,2025101204,59926,,202510120jax,28501,401772857,6817,7,6,-115,-105,-1.5,100,-120,47.5,-115,-105,0,outdoors,grass,76,8,00-0034869,00-0036971,Sam Darnold,Trevor Lawrence,Mike Macdonald,Liam Coen,Clay Martin,JAX00,TIAA Bank Stadium,home,JAX,SEA,1.5,-8.0,NFL,2025_06_SEA_JAX-JAX,-1.5,47.5,archived_reference_line
2025_06_SF_TB,2025,REG,6,2025-10-12,Sunday,16:25,SF,19.0,TB,30.0,Home,11.0,49.0,0,2025101207,59929,,202510120tam,28504,401772749,6820,10,7,160,-192,3.5,-105,-115,46.5,-105,-115,0,outdoors,grass,82,10,00-0036972,00-0034855,Mac Jones,Baker Mayfield,Kyle Shanahan,Todd Bowles,Brad Rogers,TAM00,Raymond James Stadium,away,SF,TB,3.5,-11.0,NFL,2025_06_SF_TB-SF,3.5,46.5,archived_reference_line
2025_06_SF_TB,2025,REG,6,2025-10-12,Sunday,16:25,SF,19.0,TB,30.0,Home,11.0,49.0,0,2025101207,59929,,202510120tam,28504,401772749,6820,10,7,160,-192,3.5,-105,-115,46.5,-105,-115,0,outdoors,grass,82,10,00-0036972,00-0034855,Mac Jones,Baker Mayfield,Kyle Shanahan,Todd Bowles,Brad Rogers,TAM00,Raymond James Stadium,home,TB,SF,-3.5,11.0,NFL,2025_06_SF_TB-TB,3.5,46.5,archived_reference_line
2025_06_TEN_LV,2025,REG,6,2025-10-12,Sunday,16:05,TEN,10.0,LV,20.0,Home,10.0,30.0,0,2025101208,59930,,202510120rai,28505,401772859,6821,7,7,154,-185,3.5,-110,-110,41.5,-105,-115,0,dome,grass,,,00-0040676,00-0030565,Cam Ward,Geno Smith,Brian Callahan,Pete Carroll,Carl Cheffers,VEG00,Allegiant Stadium,away,TEN,LV,3.5,-10.0,NFL,2025_06_TEN_LV-TEN,3.5,41.5,archived_reference_line
2025_06_TEN_LV,2025,REG,6,2025-10-12,Sunday,16:05,TEN,10.0,LV,20.0,Home,10.0,30.0,0,2025101208,59930,,202510120rai,28505,401772859,6821,7,7,154,-185,3.5,-110,-110,41.5,-105,-115,0,dome,grass,,,00-0040676,00-0030565,Cam Ward,Geno Smith,Brian Callahan,Pete Carroll,Carl Cheffers,VEG00,Allegiant Stadium,home,LV,TEN,-3.5,10.0,NFL,2025_06_TEN_LV-LV,3.5,41.5,archived_reference_line
2025_07_ATL_SF,2025,REG,7,2025-10-19,Sunday,20:20,ATL,10.0,SF,20.0,Home,10.0,30.0,0,2025101911,59948,,202510190sfo,28523,401772924,6839,6,7,-105,-115,1.5,-120,100,46.5,-112,-108,0,outdoors,grass,74,5,00-0039917,00-0036972,Michael Penix,Mac Jones,Raheem Morris,Kyle Shanahan,Ron Torbert,SFO01,Levi's Stadium,away,ATL,SF,1.5,-10.0,NFL,2025_07_ATL_SF-ATL,1.5,46.5,archived_reference_line
2025_07_ATL_SF,2025,REG,7,2025-10-19,Sunday,20:20,ATL,10.0,SF,20.0,Home,10.0,30.0,0,2025101911,59948,,202510190sfo,28523,401772924,6839,6,7,-105,-115,1.5,-120,100,46.5,-112,-108,0,outdoors,grass,74,5,00-0039917,00-0036972,Michael Penix,Mac Jones,Raheem Morris,Kyle Shanahan,Ron Torbert,SFO01,Levi's Stadium,home,SF,ATL,-1.5,10.0,NFL,2025_07_ATL_SF-SF,1.5,46.5,archived_reference_line
2025_07_CAR_NYJ,2025,REG,7,2025-10-19,Sunday,13:00,CAR,13.0,NYJ,6.0,Home,-7.0,19.0,0,2025101905,59942,,202510190nyj,28517,401772860,6833,7,7,-108,-112,1.5,-125,105,39.5,-102,-118,0,outdoors,fieldturf,71,13,00-0039150,00-0036945,Bryce Young,Justin Fields,Dave Canales,Aaron Glenn,Brad Rogers,NYC01,MetLife Stadium,away,CAR,NYJ,1.5,7.0,NFL,2025_07_CAR_NYJ-CAR,1.5,39.5,archived_reference_line
2025_07_CAR_NYJ,2025,REG,7,2025-10-19,Sunday,13:00,CAR,13.0,NYJ,6.0,Home,-7.0,19.0,0,2025101905,59942,,202510190nyj,28517,401772860,6833,7,7,-108,-112,1.5,-125,105,39.5,-102,-118,0,outdoors,fieldturf,71,13,00-0039150,00-0036945,Bryce Young,Justin Fields,Dave Canales,Aaron Glenn,Brad Rogers,NYC01,MetLife Stadium,home,NYJ,CAR,-1.5,-7.0,NFL,2025_07_CAR_NYJ-NYJ,1.5,39.5,archived_reference_line
2025_07_GB_ARI,2025,REG,7,2025-10-19,Sunday,16:25,GB,27.0,ARI,23.0,Home,-4.0,50.0,0,2025101909,59946,,202510190crd,28521,401772863,6837,7,7,-395,310,-7.0,-115,-105,44.5,-110,-110,0,closed,grass,,,00-0036264,00-0033119,Jordan Love,Jacoby Brissett,Matt LaFleur,Jonathan Gannon,Alex Moore,PHO00,State Farm Stadium,away,GB,ARI,-7.0,4.0,NFL,2025_07_GB_ARI-GB,-7.0,44.5,archived_reference_line
2025_07_GB_ARI,2025,REG,7,2025-10-19,Sunday,16:25,GB,27.0,ARI,23.0,Home,-4.0,50.0,0,2025101909,59946,,202510190crd,28521,401772863,6837,7,7,-395,310,-7.0,-115,-105,44.5,-110,-110,0,closed,grass,,,00-0036264,00-0033119,Jordan Love,Jacoby Brissett,Matt LaFleur,Jonathan Gannon,Alex Moore,PHO00,State Farm Stadium,home,ARI,GB,7.0,-4.0,NFL,2025_07_GB_ARI-ARI,-7.0,44.5,archived_reference_line
2025_07_HOU_SEA,2025,REG,7,2025-10-20,Monday,22:00,HOU,19.0,SEA,27.0,Home,8.0,46.0,0,2025102001,59950,,202510200sea,28525,401772826,6840,15,8,140,-166,3.0,-110,-110,41.5,-110,-110,0,outdoors,fieldturf,56,5,00-0039163,00-0034869,C.J. Stroud,Sam Darnold,DeMeco Ryans,Mike Macdonald,Carl Cheffers,SEA00,Lumen Field,away,HOU,SEA,3.0,-8.0,NFL,2025_07_HOU_SEA-HOU,3.0,41.5,archived_reference_line
2025_07_HOU_SEA,2025,REG,7,2025-10-20,Monday,22:00,HOU,19.0,SEA,27.0,Home,8.0,46.0,0,2025102001,59950,,202510200sea,28525,401772826,6840,15,8,140,-166,3.0,-110,-110,41.5,-110,-110,0,outdoors,fieldturf,56,5,00-0039163,00-0034869,C.J. Stroud,Sam Darnold,DeMeco Ryans,Mike Macdonald,Carl Cheffers,SEA00,Lumen Field,home,SEA,HOU,-3.0,8.0,NFL,2025_07_HOU_SEA-SEA,3.0,41.5,archived_reference_line
2025_07_IND_LAC,2025,REG,7,2025-10-19,Sunday,16:05,IND,38.0,LAC,24.0,Home,-14.0,62.0,0,2025101908,59945,,202510190sdg,28520,401772756,6836,7,7,114,-135,2.5,-108,-112,48.5,-110,-110,0,dome,matrixturf,,,00-0035710,00-0036355,Daniel Jones,Justin Herbert,Shane Steichen,Jim Harbaugh,Alan Eck,LAX01,SoFi Stadium,away,IND,LAC,2.5,14.0,NFL,2025_07_IND_LAC-IND,2.5,48.5,archived_reference_line
2025_07_IND_LAC,2025,REG,7,2025-10-19,Sunday,16:05,IND,38.0,LAC,24.0,Home,-14.0,62.0,0,2025101908,59945,,202510190sdg,28520,401772756,6836,7,7,114,-135,2.5,-108,-112,48.5,-110,-110,0,dome,matrixturf,,,00-0035710,00-0036355,Daniel Jones,Justin Herbert,Shane Steichen,Jim Harbaugh,Alan Eck,LAX01,SoFi Stadium,home,LAC,IND,-2.5,-14.0,NFL,2025_07_IND_LAC-LAC,2.5,48.5,archived_reference_line
2025_07_LA_JAX,2025,REG,7,2025-10-19,Sunday,09:30,LA,35.0,JAX,7.0,Neutral,-28.0,42.0,0,2025101900,59937,,202510190jax,28512,401772635,6828,7,7,-166,140,-3.0,-115,-105,44.5,-105,-115,0,outdoors,grass,59,9,00-0026498,00-0036971,Matthew Stafford,Trevor Lawrence,Sean McVay,Liam Coen,Adrian Hill,JAX00,TIAA Bank Stadium,away,LA,JAX,-3.0,28.0,NFL,2025_07_LA_JAX-LA,-3.0,44.5,archived_reference_line
2025_07_LA_JAX,2025,REG,7,2025-10-19,Sunday,09:30,LA,35.0,JAX,7.0,Neutral,-28.0,42.0,0,2025101900,59937,,202510190jax,28512,401772635,6828,7,7,-166,140,-3.0,-115,-105,44.5,-105,-115,0,outdoors,grass,59,9,00-0026498,00-0036971,Matthew Stafford,Trevor Lawrence,Sean McVay,Liam Coen,Adrian Hill,JAX00,TIAA Bank Stadium,home,JAX,LA,3.0,-28.0,NFL,2025_07_LA_JAX-JAX,-3.0,44.5,archived_reference_line
2025_07_LV_KC,2025,REG,7,2025-10-19,Sunday,13:00,LV,0.0,KC,31.0,Home,31.0,31.0,0,2025101903,59940,,202510190kan,28515,401772753,6831,7,7,625,-950,13.5,-115,-105,44.5,-115,-105,1,outdoors,grass,57,9,00-0030565,00-0033873,Geno Smith,Patrick Mahomes,Pete Carroll,Andy Reid,Clete Blakeman,KAN00,GEHA Field at Arrowhead Stadium,away,LV,KC,13.5,-31.0,NFL,2025_07_LV_KC-LV,13.5,44.5,archived_reference_line
2025_07_LV_KC,2025,REG,7,2025-10-19,Sunday,13:00,LV,0.0,KC,31.0,Home,31.0,31.0,0,2025101903,59940,,202510190kan,28515,401772753,6831,7,7,625,-950,13.5,-115,-105,44.5,-115,-105,1,outdoors,grass,57,9,00-0030565,00-0033873,Geno Smith,Patrick Mahomes,Pete Carroll,Andy Reid,Clete Blakeman,KAN00,GEHA Field at Arrowhead Stadium,home,KC,LV,-13.5,31.0,NFL,2025_07_LV_KC-KC,13.5,44.5,archived_reference_line
2025_07_MIA_CLE,2025,REG,7,2025-10-19,Sunday,13:00,MIA,6.0,CLE,31.0,Home,25.0,37.0,0,2025101902,59939,,202510190cle,28514,401772754,6830,7,7,124,-148,2.5,-102,-118,34.5,-112,-108,0,outdoors,grass,65,17,00-0036212,00-0040704,Tua Tagovailoa,Dillon Gabriel,Mike McDaniel,Kevin Stefanski,Shawn Hochuli,CLE00,FirstEnergy Stadium,away,MIA,CLE,2.5,-25.0,NFL,2025_07_MIA_CLE-MIA,2.5,34.5,archived_reference_line
2025_07_MIA_CLE,2025,REG,7,2025-10-19,Sunday,13:00,MIA,6.0,CLE,31.0,Home,25.0,37.0,0,2025101902,59939,,202510190cle,28514,401772754,6830,7,7,124,-148,2.5,-102,-118,34.5,-112,-108,0,outdoors,grass,65,17,00-0036212,00-0040704,Tua Tagovailoa,Dillon Gabriel,Mike McDaniel,Kevin Stefanski,Shawn Hochuli,CLE00,FirstEnergy Stadium,home,CLE,MIA,-2.5,25.0,NFL,2025_07_MIA_CLE-CLE,2.5,34.5,archived_reference_line
2025_07_NE_TEN,2025,REG,7,2025-10-19,Sunday,13:00,NE,31.0,TEN,13.0,Home,-18.0,44.0,0,2025101906,59943,,202510190oti,28518,401772755,6834,7,7,-290,235,-6.5,-108,-112,40.5,-108,-112,0,outdoors,grass,60,18,00-0039851,00-0040676,Drake Maye,Cam Ward,Mike Vrabel,Brian Callahan,Craig Wrolstad,NAS00,Nissan Stadium,away,NE,TEN,-6.5,18.0,NFL,2025_07_NE_TEN-NE,-6.5,40.5,archived_reference_line
2025_07_NE_TEN,2025,REG,7,2025-10-19,Sunday,13:00,NE,31.0,TEN,13.0,Home,-18.0,44.0,0,2025101906,59943,,202510190oti,28518,401772755,6834,7,7,-290,235,-6.5,-108,-112,40.5,-108,-112,0,outdoors,grass,60,18,00-0039851,00-0040676,Drake Maye,Cam Ward,Mike Vrabel,Brian Callahan,Craig Wrolstad,NAS00,Nissan Stadium,home,TEN,NE,6.5,-18.0,NFL,2025_07_NE_TEN-TEN,-6.5,40.5,archived_reference_line
2025_07_NO_CHI,2025,REG,7,2025-10-19,Sunday,13:00,NO,14.0,CHI,26.0,Home,12.0,40.0,0,2025101901,59938,,202510190chi,28513,401772861,6829,7,6,185,-225,4.5,-120,100,43.5,-110,-110,0,outdoors,grass,49,8,00-0039376,00-0039918,Spencer Rattler,Caleb Williams,Kellen Moore,Ben Johnson,Scott Novak,CHI98,Soldier Field,away,NO,CHI,4.5,-12.0,NFL,2025_07_NO_CHI-NO,4.5,43.5,archived_reference_line
2025_07_NO_CHI,2025,REG,7,2025-10-19,Sunday,13:00,NO,14.0,CHI,26.0,Home,12.0,40.0,0,2025101901,59938,,202510190chi,28513,401772861,6829,7,6,185,-225,4.5,-120,100,43.5,-110,-110,0,outdoors,grass,49,8,00-0039376,00-0039918,Spencer Rattler,Caleb Williams,Kellen Moore,Ben Johnson,Scott Novak,CHI98,Soldier Field,home,CHI,NO,-4.5,12.0,NFL,2025_07_NO_CHI-CHI,4.5,43.5,archived_reference_line
2025_07_NYG_DEN,2025,REG,7,2025-10-19,Sunday,16:05,NYG,32.0,DEN,33.0,Home,1.0,65.0,0,2025101907,59944,,202510190den,28519,401772757,6835,10,7,330,-425,7.5,-105,-115,39.5,-105,-115,0,outdoors,grass,72,3,00-0040691,00-0039732,Jaxson Dart,Bo Nix,Brian Daboll,Sean Payton,Brad Allen,DEN00,Empower Field at Mile High,away,NYG,DEN,7.5,-1.0,NFL,2025_07_NYG_DEN-NYG,7.5,39.5,archived_reference_line
2025_07_NYG_DEN,2025,REG,7,2025-10-19,Sunday,16:05,NYG,32.0,DEN,33.0,Home,1.0,65.0,0,2025101907,59944,,202510190den,28519,401772757,6835,10,7,330,-425,7.5,-105,-115,39.5,-105,-115,0,outdoors,grass,72,3,00-0040691,00-0039732,Jaxson Dart,Bo Nix,Brian Daboll,Sean Payton,Brad Allen,DEN00,Empower Field at Mile High,home,DEN,NYG,-7.5,1.0,NFL,2025_07_NYG_DEN-DEN,7.5,39.5,archived_reference_line
2025_07_PHI_MIN,2025,REG,7,2025-10-19,Sunday,13:00,PHI,28.0,MIN,22.0,Home,-6.0,50.0,0,2025101904,59941,,202510190min,28516,401772862,6832,10,14,-148,124,-2.5,-110,-110,43.5,-105,-115,0,dome,sportturf,,,00-0036389,00-0032950,Jalen Hurts,Carson Wentz,Nick Sirianni,Kevin O'Connell,Bill Vinovich,MIN01,U.S. Bank Stadium,away,PHI,MIN,-2.5,6.0,NFL,2025_07_PHI_MIN-PHI,-2.5,43.5,archived_reference_line
2025_07_PHI_MIN,2025,REG,7,2025-10-19,Sunday,13:00,PHI,28.0,MIN,22.0,Home,-6.0,50.0,0,2025101904,59941,,202510190min,28516,401772862,6832,10,14,-148,124,-2.5,-110,-110,43.5,-105,-115,0,dome,sportturf,,,00-0036389,00-0032950,Jalen Hurts,Carson Wentz,Nick Sirianni,Kevin O'Connell,Bill Vinovich,MIN01,U.S. Bank Stadium,home,MIN,PHI,2.5,-6.0,NFL,2025_07_PHI_MIN-MIN,-2.5,43.5,archived_reference_line
2025_07_PIT_CIN,2025,REG,7,2025-10-16,Thursday,20:15,PIT,31.0,CIN,33.0,Home,2.0,64.0,0,2025101600,59936,,202510160cin,28511,401772941,6827,4,4,-245,200,-5.5,-105,-115,45.5,-115,-105,1,outdoors,fieldturf,60,5,00-0023459,00-0026158,Aaron Rodgers,Joe Flacco,Mike Tomlin,Zac Taylor,Clay Martin,CIN00,Paycor Stadium,away,PIT,CIN,-5.5,-2.0,NFL,2025_07_PIT_CIN-PIT,-5.5,45.5,archived_reference_line
2025_07_PIT_CIN,2025,REG,7,2025-10-16,Thursday,20:15,PIT,31.0,CIN,33.0,Home,2.0,64.0,0,2025101600,59936,,202510160cin,28511,401772941,6827,4,4,-245,200,-5.5,-105,-115,45.5,-115,-105,1,outdoors,fieldturf,60,5,00-0023459,00-0026158,Aaron Rodgers,Joe Flacco,Mike Tomlin,Zac Taylor,Clay Martin,CIN00,Paycor Stadium,home,CIN,PIT,5.5,2.0,NFL,2025_07_PIT_CIN-CIN,-5.5,45.5,archived_reference_line
2025_07_TB_DET,2025,REG,7,2025-10-20,Monday,19:00,TB,9.0,DET,24.0,Home,15.0,33.0,0,2025102000,59949,,202510200det,28524,401772816,6841,8,8,225,-278,6.0,-112,-108,54.5,-115,-105,0,dome,fieldturf,,,00-0034855,00-0033106,Baker Mayfield,Jared Goff,Todd Bowles,Dan Campbell,John Hussey,DET00,Ford Field,away,TB,DET,6.0,-15.0,NFL,2025_07_TB_DET-TB,6.0,54.5,archived_reference_line
2025_07_TB_DET,2025,REG,7,2025-10-20,Monday,19:00,TB,9.0,DET,24.0,Home,15.0,33.0,0,2025102000,59949,,202510200det,28524,401772816,6841,8,8,225,-278,6.0,-112,-108,54.5,-115,-105,0,dome,fieldturf,,,00-0034855,00-0033106,Baker Mayfield,Jared Goff,Todd Bowles,Dan Campbell,John Hussey,DET00,Ford Field,home,DET,TB,-6.0,15.0,NFL,2025_07_TB_DET-DET,6.0,54.5,archived_reference_line
2025_07_WAS_DAL,2025,REG,7,2025-10-19,Sunday,16:25,WAS,22.0,DAL,44.0,Home,22.0,66.0,0,2025101910,59947,,202510190dal,28522,401772864,6838,6,7,105,-125,1.5,-108,-112,54.5,-108,-112,1,closed,matrixturf,,,00-0039910,00-0033077,Jayden Daniels,Dak Prescott,Dan Quinn,Brian Schottenheimer,Alex Kemp,DAL00,AT&T Stadium,away,WAS,DAL,1.5,-22.0,NFL,2025_07_WAS_DAL-WAS,1.5,54.5,archived_reference_line
2025_07_WAS_DAL,2025,REG,7,2025-10-19,Sunday,16:25,WAS,22.0,DAL,44.0,Home,22.0,66.0,0,2025101910,59947,,202510190dal,28522,401772864,6838,6,7,105,-125,1.5,-108,-112,54.5,-108,-112,1,closed,matrixturf,,,00-0039910,00-0033077,Jayden Daniels,Dak Prescott,Dan Quinn,Brian Schottenheimer,Alex Kemp,DAL00,AT&T Stadium,home,DAL,WAS,-1.5,22.0,NFL,2025_07_WAS_DAL-DAL,1.5,54.5,archived_reference_line
2025_08_BUF_CAR,2025,REG,8,2025-10-26,Sunday,13:00,BUF,40.0,CAR,9.0,Home,-31.0,49.0,0,2025102602,59954,,202510260car,28529,401772865,6845,13,7,-395,310,-7.0,-115,-105,47.5,-108,-112,0,outdoors,grass,63,9,00-0034857,00-0039150,Josh Allen,Bryce Young,Sean McDermott,Dave Canales,Craig Wrolstad,CAR00,Bank of America Stadium,away,BUF,CAR,-7.0,31.0,NFL,2025_08_BUF_CAR-BUF,-7.0,47.5,archived_reference_line
2025_08_BUF_CAR,2025,REG,8,2025-10-26,Sunday,13:00,BUF,40.0,CAR,9.0,Home,-31.0,49.0,0,2025102602,59954,,202510260car,28529,401772865,6845,13,7,-395,310,-7.0,-115,-105,47.5,-108,-112,0,outdoors,grass,63,9,00-0034857,00-0039150,Josh Allen,Bryce Young,Sean McDermott,Dave Canales,Craig Wrolstad,CAR00,Bank of America Stadium,home,CAR,BUF,7.0,-31.0,NFL,2025_08_BUF_CAR-CAR,-7.0,47.5,archived_reference_line
2025_08_CHI_BAL,2025,REG,8,2025-10-26,Sunday,13:00,CHI,16.0,BAL,30.0,Home,14.0,46.0,0,2025102601,59953,,202510260rav,28528,401772759,6844,7,14,124,-148,2.5,-102,-118,45.5,-112,-108,0,outdoors,grass,60,2,00-0039918,00-0035993,Caleb Williams,Tyler Huntley,Ben Johnson,John Harbaugh,Shawn Smith,BAL00,M&T Bank Stadium,away,CHI,BAL,2.5,-14.0,NFL,2025_08_CHI_BAL-CHI,2.5,45.5,archived_reference_line
2025_08_CHI_BAL,2025,REG,8,2025-10-26,Sunday,13:00,CHI,16.0,BAL,30.0,Home,14.0,46.0,0,2025102601,59953,,202510260rav,28528,401772759,6844,7,14,124,-148,2.5,-102,-118,45.5,-112,-108,0,outdoors,grass,60,2,00-0039918,00-0035993,Caleb Williams,Tyler Huntley,Ben Johnson,John Harbaugh,Shawn Smith,BAL00,M&T Bank Stadium,home,BAL,CHI,-2.5,14.0,NFL,2025_08_CHI_BAL-BAL,2.5,45.5,archived_reference_line
2025_08_CLE_NE,2025,REG,8,2025-10-26,Sunday,13:00,CLE,13.0,NE,32.0,Home,19.0,45.0,0,2025102605,59957,,202510260nwe,28532,401772868,6848,7,7,300,-380,7.0,-115,-105,40.5,-115,-105,0,outdoors,fieldturf,53,7,00-0040704,00-0039851,Dillon Gabriel,Drake Maye,Kevin Stefanski,Mike Vrabel,Alex Moore,BOS00,Gillette Stadium,away,CLE,NE,7.0,-19.0,NFL,2025_08_CLE_NE-CLE,7.0,40.5,archived_reference_line
2025_08_CLE_NE,2025,REG,8,2025-10-26,Sunday,13:00,CLE,13.0,NE,32.0,Home,19.0,45.0,0,2025102605,59957,,202510260nwe,28532,401772868,6848,7,7,300,-380,7.0,-115,-105,40.5,-115,-105,0,outdoors,fieldturf,53,7,00-0040704,00-0039851,Dillon Gabriel,Drake Maye,Kevin Stefanski,Mike Vrabel,Alex Moore,BOS00,Gillette Stadium,home,NE,CLE,-7.0,19.0,NFL,2025_08_CLE_NE-NE,7.0,40.5,archived_reference_line
2025_08_DAL_DEN,2025,REG,8,2025-10-26,Sunday,16:25,DAL,24.0,DEN,44.0,Home,20.0,68.0,0,2025102608,59960,,202510260den,28535,401772762,6851,7,7,160,-192,3.5,-110,-110,51.5,-110,-110,0,outdoors,grass,67,4,00-0033077,00-0039732,Dak Prescott,Bo Nix,Brian Schottenheimer,Sean Payton,Carl Cheffers,DEN00,Empower Field at Mile High,away,DAL,DEN,3.5,-20.0,NFL,2025_08_DAL_DEN-DAL,3.5,51.5,archived_reference_line
2025_08_DAL_DEN,2025,REG,8,2025-10-26,Sunday,16:25,DAL,24.0,DEN,44.0,Home,20.0,68.0,0,2025102608,59960,,202510260den,28535,401772762,6851,7,7,160,-192,3.5,-110,-110,51.5,-110,-110,0,outdoors,grass,67,4,00-0033077,00-0039732,Dak Prescott,Bo Nix,Brian Schottenheimer,Sean Payton,Carl Cheffers,DEN00,Empower Field at Mile High,home,DEN,DAL,-3.5,20.0,NFL,2025_08_DAL_DEN-DEN,3.5,51.5,archived_reference_line
2025_08_GB_PIT,2025,REG,8,2025-10-26,Sunday,20:20,GB,35.0,PIT,25.0,Home,-10.0,60.0,0,2025102610,59962,,202510260pit,28537,401772925,6853,7,10,-155,130,-3.0,100,-120,46.5,-115,-105,0,outdoors,grass,46,5,00-0036264,00-0023459,Jordan Love,Aaron Rodgers,Matt LaFleur,Mike Tomlin,Shawn Hochuli,PIT00,Acrisure Stadium,away,GB,PIT,-3.0,10.0,NFL,2025_08_GB_PIT-GB,-3.0,46.5,archived_reference_line
2025_08_GB_PIT,2025,REG,8,2025-10-26,Sunday,20:20,GB,35.0,PIT,25.0,Home,-10.0,60.0,0,2025102610,59962,,202510260pit,28537,401772925,6853,7,10,-155,130,-3.0,100,-120,46.5,-115,-105,0,outdoors,grass,46,5,00-0036264,00-0023459,Jordan Love,Aaron Rodgers,Matt LaFleur,Mike Tomlin,Shawn Hochuli,PIT00,Acrisure Stadium,home,PIT,GB,3.0,-10.0,NFL,2025_08_GB_PIT-PIT,-3.0,46.5,archived_reference_line
2025_08_MIA_ATL,2025,REG,8,2025-10-26,Sunday,13:00,MIA,34.0,ATL,10.0,Home,-24.0,44.0,0,2025102600,59952,,202510260atl,28527,401772760,6843,7,7,280,-355,7.0,-115,-105,44.5,-115,-105,0,closed,fieldturf,,,00-0036212,00-0029604,Tua Tagovailoa,Kirk Cousins,Mike McDaniel,Raheem Morris,John Hussey,ATL97,Mercedes-Benz Stadium,away,MIA,ATL,7.0,24.0,NFL,2025_08_MIA_ATL-MIA,7.0,44.5,archived_reference_line
2025_08_MIA_ATL,2025,REG,8,2025-10-26,Sunday,13:00,MIA,34.0,ATL,10.0,Home,-24.0,44.0,0,2025102600,59952,,202510260atl,28527,401772760,6843,7,7,280,-355,7.0,-115,-105,44.5,-115,-105,0,closed,fieldturf,,,00-0036212,00-0029604,Tua Tagovailoa,Kirk Cousins,Mike McDaniel,Raheem Morris,John Hussey,ATL97,Mercedes-Benz Stadium,home,ATL,MIA,-7.0,-24.0,NFL,2025_08_MIA_ATL-ATL,7.0,44.5,archived_reference_line
2025_08_MIN_LAC,2025,REG,8,2025-10-23,Thursday,20:15,MIN,10.0,LAC,37.0,Home,27.0,47.0,0,2025102300,59951,,202510230sdg,28526,401772942,6842,4,4,142,-170,3.0,100,-120,45.5,-110,-110,0,dome,matrixturf,,,00-0032950,00-0036355,Carson Wentz,Justin Herbert,Kevin O'Connell,Jim Harbaugh,Clete Blakeman,LAX01,SoFi Stadium,away,MIN,LAC,3.0,-27.0,NFL,2025_08_MIN_LAC-MIN,3.0,45.5,archived_reference_line
2025_08_MIN_LAC,2025,REG,8,2025-10-23,Thursday,20:15,MIN,10.0,LAC,37.0,Home,27.0,47.0,0,2025102300,59951,,202510230sdg,28526,401772942,6842,4,4,142,-170,3.0,100,-120,45.5,-110,-110,0,dome,matrixturf,,,00-0032950,00-0036355,Carson Wentz,Justin Herbert,Kevin O'Connell,Jim Harbaugh,Clete Blakeman,LAX01,SoFi Stadium,home,LAC,MIN,-3.0,27.0,NFL,2025_08_MIN_LAC-LAC,3.0,45.5,archived_reference_line
2025_08_NYG_PHI,2025,REG,8,2025-10-26,Sunday,13:00,NYG,20.0,PHI,38.0,Home,18.0,58.0,0,2025102606,59958,,202510260phi,28533,401772867,6849,7,7,300,-380,7.0,-102,-118,43.5,-108,-112,1,outdoors,grass,60,4,00-0040691,00-0036389,Jaxson Dart,Jalen Hurts,Brian Daboll,Nick Sirianni,Brad Rogers,PHI00,Lincoln Financial Field,away,NYG,PHI,7.0,-18.0,NFL,2025_08_NYG_PHI-NYG,7.0,43.5,archived_reference_line
2025_08_NYG_PHI,2025,REG,8,2025-10-26,Sunday,13:00,NYG,20.0,PHI,38.0,Home,18.0,58.0,0,2025102606,59958,,202510260phi,28533,401772867,6849,7,7,300,-380,7.0,-102,-118,43.5,-108,-112,1,outdoors,grass,60,4,00-0040691,00-0036389,Jaxson Dart,Jalen Hurts,Brian Daboll,Nick Sirianni,Brad Rogers,PHI00,Lincoln Financial Field,home,PHI,NYG,-7.0,18.0,NFL,2025_08_NYG_PHI-PHI,7.0,43.5,archived_reference_line
2025_08_NYJ_CIN,2025,REG,8,2025-10-26,Sunday,13:00,NYJ,39.0,CIN,38.0,Home,-1.0,77.0,0,2025102603,59955,,202510260cin,28530,401772758,6846,7,10,210,-258,5.5,-112,-108,43.5,-102,-118,0,outdoors,fieldturf,57,8,00-0036945,00-0026158,Justin Fields,Joe Flacco,Aaron Glenn,Zac Taylor,Scott Novak,CIN00,Paycor Stadium,away,NYJ,CIN,5.5,1.0,NFL,2025_08_NYJ_CIN-NYJ,5.5,43.5,archived_reference_line
2025_08_NYJ_CIN,2025,REG,8,2025-10-26,Sunday,13:00,NYJ,39.0,CIN,38.0,Home,-1.0,77.0,0,2025102603,59955,,202510260cin,28530,401772758,6846,7,10,210,-258,5.5,-112,-108,43.5,-102,-118,0,outdoors,fieldturf,57,8,00-0036945,00-0026158,Justin Fields,Joe Flacco,Aaron Glenn,Zac Taylor,Scott Novak,CIN00,Paycor Stadium,home,CIN,NYJ,-5.5,-1.0,NFL,2025_08_NYJ_CIN-CIN,5.5,43.5,archived_reference_line
2025_08_SF_HOU,2025,REG,8,2025-10-26,Sunday,13:00,SF,15.0,HOU,26.0,Home,11.0,41.0,0,2025102604,59956,,202510260htx,28531,401772866,6847,7,6,130,-155,2.5,100,-120,41.5,-112,-108,0,closed,astroturf,,,00-0036972,00-0039163,Mac Jones,C.J. Stroud,Kyle Shanahan,DeMeco Ryans,Alan Eck,HOU00,NRG Stadium,away,SF,HOU,2.5,-11.0,NFL,2025_08_SF_HOU-SF,2.5,41.5,archived_reference_line
2025_08_SF_HOU,2025,REG,8,2025-10-26,Sunday,13:00,SF,15.0,HOU,26.0,Home,11.0,41.0,0,2025102604,59956,,202510260htx,28531,401772866,6847,7,6,130,-155,2.5,100,-120,41.5,-112,-108,0,closed,astroturf,,,00-0036972,00-0039163,Mac Jones,C.J. Stroud,Kyle Shanahan,DeMeco Ryans,Alan Eck,HOU00,NRG Stadium,home,HOU,SF,-2.5,11.0,NFL,2025_08_SF_HOU-HOU,2.5,41.5,archived_reference_line
2025_08_TB_NO,2025,REG,8,2025-10-26,Sunday,16:05,TB,23.0,NO,3.0,Home,-20.0,26.0,0,2025102607,59959,,202510260nor,28534,401772869,6850,6,7,-218,180,-4.5,-105,-115,46.5,-110,-110,1,dome,sportturf,,,00-0034855,00-0039376,Baker Mayfield,Spencer Rattler,Todd Bowles,Kellen Moore,Ron Torbert,NOR00,Mercedes-Benz Superdome,away,TB,NO,-4.5,20.0,NFL,2025_08_TB_NO-TB,-4.5,46.5,archived_reference_line
2025_08_TB_NO,2025,REG,8,2025-10-26,Sunday,16:05,TB,23.0,NO,3.0,Home,-20.0,26.0,0,2025102607,59959,,202510260nor,28534,401772869,6850,6,7,-218,180,-4.5,-105,-115,46.5,-110,-110,1,dome,sportturf,,,00-0034855,00-0039376,Baker Mayfield,Spencer Rattler,Todd Bowles,Kellen Moore,Ron Torbert,NOR00,Mercedes-Benz Superdome,home,NO,TB,4.5,-20.0,NFL,2025_08_TB_NO-NO,-4.5,46.5,archived_reference_line
2025_08_TEN_IND,2025,REG,8,2025-10-26,Sunday,16:25,TEN,14.0,IND,38.0,Home,24.0,52.0,0,2025102609,59961,,202510260clt,28536,401772761,6852,7,7,950,-1650,15.5,-115,-105,47.5,-102,-118,1,closed,fieldturf,,,00-0040676,00-0035710,Cam Ward,Daniel Jones,Brian Callahan,Shane Steichen,Land Clark,IND00,Lucas Oil Stadium,away,TEN,IND,15.5,-24.0,NFL,2025_08_TEN_IND-TEN,15.5,47.5,archived_reference_line
2025_08_TEN_IND,2025,REG,8,2025-10-26,Sunday,16:25,TEN,14.0,IND,38.0,Home,24.0,52.0,0,2025102609,59961,,202510260clt,28536,401772761,6852,7,7,950,-1650,15.5,-115,-105,47.5,-102,-118,1,closed,fieldturf,,,00-0040676,00-0035710,Cam Ward,Daniel Jones,Brian Callahan,Shane Steichen,Land Clark,IND00,Lucas Oil Stadium,home,IND,TEN,-15.5,24.0,NFL,2025_08_TEN_IND-IND,15.5,47.5,archived_reference_line
2025_08_WAS_KC,2025,REG,8,2025-10-27,Monday,20:15,WAS,7.0,KC,28.0,Home,21.0,35.0,0,2025102700,59963,,202510270kan,28538,401772817,6854,8,8,500,-700,10.5,-105,-115,48.5,-115,-105,0,outdoors,grass,54,8,00-0039910,00-0033873,Jayden Daniels,Patrick Mahomes,Dan Quinn,Andy Reid,Brad Allen,KAN00,GEHA Field at Arrowhead Stadium,away,WAS,KC,10.5,-21.0,NFL,2025_08_WAS_KC-WAS,10.5,48.5,archived_reference_line
2025_08_WAS_KC,2025,REG,8,2025-10-27,Monday,20:15,WAS,7.0,KC,28.0,Home,21.0,35.0,0,2025102700,59963,,202510270kan,28538,401772817,6854,8,8,500,-700,10.5,-105,-115,48.5,-115,-105,0,outdoors,grass,54,8,00-0039910,00-0033873,Jayden Daniels,Patrick Mahomes,Dan Quinn,Andy Reid,Brad Allen,KAN00,GEHA Field at Arrowhead Stadium,home,KC,WAS,-10.5,21.0,NFL,2025_08_WAS_KC-KC,10.5,48.5,archived_reference_line
2025_09_ARI_DAL,2025,REG,9,2025-11-03,Monday,20:15,ARI,27.0,DAL,17.0,Home,-10.0,44.0,0,2025110300,59977,,202511030dal,28552,401772818,6868,15,8,145,-175,3.5,-115,-105,53.5,-105,-115,0,closed,matrixturf,,,00-0033119,00-0033077,Jacoby Brissett,Dak Prescott,Jonathan Gannon,Brian Schottenheimer,Adrian Hill,DAL00,AT&T Stadium,away,ARI,DAL,3.5,10.0,NFL,2025_09_ARI_DAL-ARI,3.5,53.5,archived_reference_line
2025_09_ARI_DAL,2025,REG,9,2025-11-03,Monday,20:15,ARI,27.0,DAL,17.0,Home,-10.0,44.0,0,2025110300,59977,,202511030dal,28552,401772818,6868,15,8,145,-175,3.5,-115,-105,53.5,-105,-115,0,closed,matrixturf,,,00-0033119,00-0033077,Jacoby Brissett,Dak Prescott,Jonathan Gannon,Brian Schottenheimer,Adrian Hill,DAL00,AT&T Stadium,home,DAL,ARI,-3.5,-10.0,NFL,2025_09_ARI_DAL-DAL,3.5,53.5,archived_reference_line
2025_09_ATL_NE,2025,REG,9,2025-11-02,Sunday,13:00,ATL,23.0,NE,24.0,Home,1.0,47.0,0,2025110204,59969,,202511020nwe,28544,401772763,6860,7,7,205,-250,5.5,-110,-110,45.5,-112,-108,0,outdoors,fieldturf,52,7,00-0039917,00-0039851,Michael Penix,Drake Maye,Raheem Morris,Mike Vrabel,Brad Allen,BOS00,Gillette Stadium,away,ATL,NE,5.5,-1.0,NFL,2025_09_ATL_NE-ATL,5.5,45.5,archived_reference_line
2025_09_ATL_NE,2025,REG,9,2025-11-02,Sunday,13:00,ATL,23.0,NE,24.0,Home,1.0,47.0,0,2025110204,59969,,202511020nwe,28544,401772763,6860,7,7,205,-250,5.5,-110,-110,45.5,-112,-108,0,outdoors,fieldturf,52,7,00-0039917,00-0039851,Michael Penix,Drake Maye,Raheem Morris,Mike Vrabel,Brad Allen,BOS00,Gillette Stadium,home,NE,ATL,-5.5,1.0,NFL,2025_09_ATL_NE-NE,5.5,45.5,archived_reference_line
2025_09_BAL_MIA,2025,REG,9,2025-10-30,Thursday,20:15,BAL,28.0,MIA,6.0,Home,-22.0,34.0,0,2025103000,59964,,202510300mia,28539,401772943,6855,4,4,-455,350,-7.5,-120,100,51.5,-110,-110,0,outdoors,grass,73,5,00-0034796,00-0036212,Lamar Jackson,Tua Tagovailoa,John Harbaugh,Mike McDaniel,Scott Novak,MIA00,Hard Rock Stadium,away,BAL,MIA,-7.5,22.0,NFL,2025_09_BAL_MIA-BAL,-7.5,51.5,archived_reference_line
2025_09_BAL_MIA,2025,REG,9,2025-10-30,Thursday,20:15,BAL,28.0,MIA,6.0,Home,-22.0,34.0,0,2025103000,59964,,202510300mia,28539,401772943,6855,4,4,-455,350,-7.5,-120,100,51.5,-110,-110,0,outdoors,grass,73,5,00-0034796,00-0036212,Lamar Jackson,Tua Tagovailoa,John Harbaugh,Mike McDaniel,Scott Novak,MIA00,Hard Rock Stadium,home,MIA,BAL,7.5,-22.0,NFL,2025_09_BAL_MIA-MIA,-7.5,51.5,archived_reference_line
2025_09_CAR_GB,2025,REG,9,2025-11-02,Sunday,13:00,CAR,16.0,GB,13.0,Home,-3.0,29.0,0,2025110202,59967,,202511020gnb,28542,401772872,6858,7,7,650,-1000,12.5,-102,-118,43.5,-115,-105,0,outdoors,grass,47,15,00-0039150,00-0036264,Bryce Young,Jordan Love,Dave Canales,Matt LaFleur,Land Clark,GNB00,Lambeau Field,away,CAR,GB,12.5,3.0,NFL,2025_09_CAR_GB-CAR,12.5,43.5,archived_reference_line
2025_09_CAR_GB,2025,REG,9,2025-11-02,Sunday,13:00,CAR,16.0,GB,13.0,Home,-3.0,29.0,0,2025110202,59967,,202511020gnb,28542,401772872,6858,7,7,650,-1000,12.5,-102,-118,43.5,-115,-105,0,outdoors,grass,47,15,00-0039150,00-0036264,Bryce Young,Jordan Love,Dave Canales,Matt LaFleur,Land Clark,GNB00,Lambeau Field,home,GB,CAR,-12.5,-3.0,NFL,2025_09_CAR_GB-GB,12.5,43.5,archived_reference_line
2025_09_CHI_CIN,2025,REG,9,2025-11-02,Sunday,13:00,CHI,47.0,CIN,42.0,Home,-5.0,89.0,0,2025110200,59965,,202511020cin,28540,401772765,6856,7,7,-162,136,-3.0,-105,-115,51.5,-108,-112,0,outdoors,fieldturf,50,6,00-0039918,00-0026158,Caleb Williams,Joe Flacco,Ben Johnson,Zac Taylor,Clete Blakeman,CIN00,Paycor Stadium,away,CHI,CIN,-3.0,5.0,NFL,2025_09_CHI_CIN-CHI,-3.0,51.5,archived_reference_line
2025_09_CHI_CIN,2025,REG,9,2025-11-02,Sunday,13:00,CHI,47.0,CIN,42.0,Home,-5.0,89.0,0,2025110200,59965,,202511020cin,28540,401772765,6856,7,7,-162,136,-3.0,-105,-115,51.5,-108,-112,0,outdoors,fieldturf,50,6,00-0039918,00-0026158,Caleb Williams,Joe Flacco,Ben Johnson,Zac Taylor,Clete Blakeman,CIN00,Paycor Stadium,home,CIN,CHI,3.0,-5.0,NFL,2025_09_CHI_CIN-CIN,-3.0,51.5,archived_reference_line
2025_09_DEN_HOU,2025,REG,9,2025-11-02,Sunday,13:00,DEN,18.0,HOU,15.0,Home,-3.0,33.0,0,2025110203,59968,,202511020htx,28543,401772870,6859,7,7,105,-125,1.5,-110,-110,40.5,-105,-115,0,closed,astroturf,,,00-0039732,00-0039163,Bo Nix,C.J. Stroud,Sean Payton,DeMeco Ryans,Ron Torbert,HOU00,NRG Stadium,away,DEN,HOU,1.5,3.0,NFL,2025_09_DEN_HOU-DEN,1.5,40.5,archived_reference_line
2025_09_DEN_HOU,2025,REG,9,2025-11-02,Sunday,13:00,DEN,18.0,HOU,15.0,Home,-3.0,33.0,0,2025110203,59968,,202511020htx,28543,401772870,6859,7,7,105,-125,1.5,-110,-110,40.5,-105,-115,0,closed,astroturf,,,00-0039732,00-0039163,Bo Nix,C.J. Stroud,Sean Payton,DeMeco Ryans,Ron Torbert,HOU00,NRG Stadium,home,HOU,DEN,-1.5,-3.0,NFL,2025_09_DEN_HOU-HOU,1.5,40.5,archived_reference_line
2025_09_IND_PIT,2025,REG,9,2025-11-02,Sunday,13:00,IND,20.0,PIT,27.0,Home,7.0,47.0,0,2025110206,59971,,202511020pit,28546,401772766,6862,7,7,-185,154,-3.5,100,-120,51.5,-105,-115,0,outdoors,grass,56,2,00-0035710,00-0023459,Daniel Jones,Aaron Rodgers,Shane Steichen,Mike Tomlin,Craig Wrolstad,PIT00,Acrisure Stadium,away,IND,PIT,-3.5,-7.0,NFL,2025_09_IND_PIT-IND,-3.5,51.5,archived_reference_line
2025_09_IND_PIT,2025,REG,9,2025-11-02,Sunday,13:00,IND,20.0,PIT,27.0,Home,7.0,47.0,0,2025110206,59971,,202511020pit,28546,401772766,6862,7,7,-185,154,-3.5,100,-120,51.5,-105,-115,0,outdoors,grass,56,2,00-0035710,00-0023459,Daniel Jones,Aaron Rodgers,Shane Steichen,Mike Tomlin,Craig Wrolstad,PIT00,Acrisure Stadium,home,PIT,IND,3.5,7.0,NFL,2025_09_IND_PIT-PIT,-3.5,51.5,archived_reference_line
2025_09_JAX_LV,2025,REG,9,2025-11-02,Sunday,16:05,JAX,30.0,LV,29.0,Home,-1.0,59.0,1,2025110209,59974,,202511020rai,28549,401772873,6865,14,14,-130,110,-2.5,-105,-115,43.5,-105,-115,0,dome,grass,,,00-0036971,00-0030565,Trevor Lawrence,Geno Smith,Liam Coen,Pete Carroll,Alan Eck,VEG00,Allegiant Stadium,away,JAX,LV,-2.5,1.0,NFL,2025_09_JAX_LV-JAX,-2.5,43.5,archived_reference_line
2025_09_JAX_LV,2025,REG,9,2025-11-02,Sunday,16:05,JAX,30.0,LV,29.0,Home,-1.0,59.0,1,2025110209,59974,,202511020rai,28549,401772873,6865,14,14,-130,110,-2.5,-105,-115,43.5,-105,-115,0,dome,grass,,,00-0036971,00-0030565,Trevor Lawrence,Geno Smith,Liam Coen,Pete Carroll,Alan Eck,VEG00,Allegiant Stadium,home,LV,JAX,2.5,-1.0,NFL,2025_09_JAX_LV-LV,-2.5,43.5,archived_reference_line
2025_09_KC_BUF,2025,REG,9,2025-11-02,Sunday,16:25,KC,21.0,BUF,28.0,Home,7.0,49.0,0,2025110210,59975,,202511020buf,28550,401772768,6866,6,7,-135,114,-2.5,-105,-115,53.5,-115,-105,0,outdoors,a_turf,54,6,00-0033873,00-0034857,Patrick Mahomes,Josh Allen,Andy Reid,Sean McDermott,Carl Cheffers,BUF00,New Era Field,away,KC,BUF,-2.5,-7.0,NFL,2025_09_KC_BUF-KC,-2.5,53.5,archived_reference_line
2025_09_KC_BUF,2025,REG,9,2025-11-02,Sunday,16:25,KC,21.0,BUF,28.0,Home,7.0,49.0,0,2025110210,59975,,202511020buf,28550,401772768,6866,6,7,-135,114,-2.5,-105,-115,53.5,-115,-105,0,outdoors,a_turf,54,6,00-0033873,00-0034857,Patrick Mahomes,Josh Allen,Andy Reid,Sean McDermott,Carl Cheffers,BUF00,New Era Field,home,BUF,KC,2.5,7.0,NFL,2025_09_KC_BUF-BUF,-2.5,53.5,archived_reference_line
2025_09_LAC_TEN,2025,REG,9,2025-11-02,Sunday,13:00,LAC,27.0,TEN,20.0,Home,-7.0,47.0,0,2025110207,59972,,202511020oti,28547,401772764,6863,10,7,-650,470,-10.0,-112,-108,44.5,-110,-110,0,outdoors,grass,46,5,00-0036355,00-0040676,Justin Herbert,Cam Ward,Jim Harbaugh,Brian Callahan,Alex Kemp,NAS00,Nissan Stadium,away,LAC,TEN,-10.0,7.0,NFL,2025_09_LAC_TEN-LAC,-10.0,44.5,archived_reference_line
2025_09_LAC_TEN,2025,REG,9,2025-11-02,Sunday,13:00,LAC,27.0,TEN,20.0,Home,-7.0,47.0,0,2025110207,59972,,202511020oti,28547,401772764,6863,10,7,-650,470,-10.0,-112,-108,44.5,-110,-110,0,outdoors,grass,46,5,00-0036355,00-0040676,Justin Herbert,Cam Ward,Jim Harbaugh,Brian Callahan,Alex Kemp,NAS00,Nissan Stadium,home,TEN,LAC,10.0,-7.0,NFL,2025_09_LAC_TEN-TEN,-10.0,44.5,archived_reference_line
2025_09_MIN_DET,2025,REG,9,2025-11-02,Sunday,13:00,MIN,27.0,DET,24.0,Home,-3.0,51.0,0,2025110201,59966,,202511020det,28541,401772871,6857,10,13,410,-550,9.5,-108,-112,47.5,-105,-115,1,dome,fieldturf,,,00-0039923,00-0033106,J.J. McCarthy,Jared Goff,Kevin O'Connell,Dan Campbell,Clay Martin,DET00,Ford Field,away,MIN,DET,9.5,3.0,NFL,2025_09_MIN_DET-MIN,9.5,47.5,archived_reference_line
2025_09_MIN_DET,2025,REG,9,2025-11-02,Sunday,13:00,MIN,27.0,DET,24.0,Home,-3.0,51.0,0,2025110201,59966,,202511020det,28541,401772871,6857,10,13,410,-550,9.5,-108,-112,47.5,-105,-115,1,dome,fieldturf,,,00-0039923,00-0033106,J.J. McCarthy,Jared Goff,Kevin O'Connell,Dan Campbell,Clay Martin,DET00,Ford Field,home,DET,MIN,-9.5,-3.0,NFL,2025_09_MIN_DET-DET,9.5,47.5,archived_reference_line
2025_09_NO_LA,2025,REG,9,2025-11-02,Sunday,16:05,NO,10.0,LA,34.0,Home,24.0,44.0,0,2025110208,59973,,202511020ram,28548,401772874,6864,7,14,750,-1200,14.0,-105,-115,44.5,-105,-115,0,dome,matrixturf,,,00-0040743,00-0026498,Tyler Shough,Matthew Stafford,Kellen Moore,Sean McVay,Shawn Smith,LAX01,SoFi Stadium,away,NO,LA,14.0,-24.0,NFL,2025_09_NO_LA-NO,14.0,44.5,archived_reference_line
2025_09_NO_LA,2025,REG,9,2025-11-02,Sunday,16:05,NO,10.0,LA,34.0,Home,24.0,44.0,0,2025110208,59973,,202511020ram,28548,401772874,6864,7,14,750,-1200,14.0,-105,-115,44.5,-105,-115,0,dome,matrixturf,,,00-0040743,00-0026498,Tyler Shough,Matthew Stafford,Kellen Moore,Sean McVay,Shawn Smith,LAX01,SoFi Stadium,home,LA,NO,-14.0,24.0,NFL,2025_09_NO_LA-LA,14.0,44.5,archived_reference_line
2025_09_SEA_WAS,2025,REG,9,2025-11-02,Sunday,20:20,SEA,38.0,WAS,14.0,Home,-24.0,52.0,0,2025110211,59976,,202511020was,28551,401772926,6867,13,6,-148,124,-2.5,-120,100,47.5,-115,-105,0,outdoors,grass,53,3,00-0034869,00-0039910,Sam Darnold,Jayden Daniels,Mike Macdonald,Dan Quinn,Bill Vinovich,WAS00,FedExField,away,SEA,WAS,-2.5,24.0,NFL,2025_09_SEA_WAS-SEA,-2.5,47.5,archived_reference_line
2025_09_SEA_WAS,2025,REG,9,2025-11-02,Sunday,20:20,SEA,38.0,WAS,14.0,Home,-24.0,52.0,0,2025110211,59976,,202511020was,28551,401772926,6867,13,6,-148,124,-2.5,-120,100,47.5,-115,-105,0,outdoors,grass,53,3,00-0034869,00-0039910,Sam Darnold,Jayden Daniels,Mike Macdonald,Dan Quinn,Bill Vinovich,WAS00,FedExField,home,WAS,SEA,2.5,-24.0,NFL,2025_09_SEA_WAS-WAS,-2.5,47.5,archived_reference_line
2025_09_SF_NYG,2025,REG,9,2025-11-02,Sunday,13:00,SF,34.0,NYG,24.0,Home,-10.0,58.0,0,2025110205,59970,,202511020nyg,28545,401772767,6861,7,7,-148,124,-2.5,-120,100,47.5,-108,-112,0,outdoors,fieldturf,56,5,00-0036972,00-0040691,Mac Jones,Jaxson Dart,Kyle Shanahan,Brian Daboll,John Hussey,NYC01,MetLife Stadium,away,SF,NYG,-2.5,10.0,NFL,2025_09_SF_NYG-SF,-2.5,47.5,archived_reference_line
2025_09_SF_NYG,2025,REG,9,2025-11-02,Sunday,13:00,SF,34.0,NYG,24.0,Home,-10.0,58.0,0,2025110205,59970,,202511020nyg,28545,401772767,6861,7,7,-148,124,-2.5,-120,100,47.5,-108,-112,0,outdoors,fieldturf,56,5,00-0036972,00-0040691,Mac Jones,Jaxson Dart,Kyle Shanahan,Brian Daboll,John Hussey,NYC01,MetLife Stadium,home,NYG,SF,2.5,-10.0,NFL,2025_09_SF_NYG-NYG,-2.5,47.5,archived_reference_line
2025_10_ARI_SEA,2025,REG,10,2025-11-09,Sunday,16:05,ARI,22.0,SEA,44.0,Home,22.0,66.0,0,2025110908,59987,,202511090sea,28562,401772773,6878,6,7,270,-340,7.0,-115,-105,44.5,-102,-118,1,outdoors,fieldturf,59,5,00-0033119,00-0034869,Jacoby Brissett,Sam Darnold,Jonathan Gannon,Mike Macdonald,Alan Eck,SEA00,Lumen Field,away,ARI,SEA,7.0,-22.0,NFL,2025_10_ARI_SEA-ARI,7.0,44.5,archived_reference_line
2025_10_ARI_SEA,2025,REG,10,2025-11-09,Sunday,16:05,ARI,22.0,SEA,44.0,Home,22.0,66.0,0,2025110908,59987,,202511090sea,28562,401772773,6878,6,7,270,-340,7.0,-115,-105,44.5,-102,-118,1,outdoors,fieldturf,59,5,00-0033119,00-0034869,Jacoby Brissett,Sam Darnold,Jonathan Gannon,Mike Macdonald,Alan Eck,SEA00,Lumen Field,home,SEA,ARI,-7.0,22.0,NFL,2025_10_ARI_SEA-SEA,7.0,44.5,archived_reference_line
2025_10_ATL_IND,2025,REG,10,2025-11-09,Sunday,09:30,ATL,25.0,IND,31.0,Neutral,6.0,56.0,1,2025110900,59979,,202511090clt,28554,401772636,6870,7,7,250,-310,6.5,-112,-108,48.5,-112,-108,0,closed,grass,46,2,00-0039917,00-0035710,Michael Penix,Daniel Jones,Raheem Morris,Shane Steichen,Clete Blakeman,IND00,Lucas Oil Stadium,away,ATL,IND,6.5,-6.0,NFL,2025_10_ATL_IND-ATL,6.5,48.5,archived_reference_line
2025_10_ATL_IND,2025,REG,10,2025-11-09,Sunday,09:30,ATL,25.0,IND,31.0,Neutral,6.0,56.0,1,2025110900,59979,,202511090clt,28554,401772636,6870,7,7,250,-310,6.5,-112,-108,48.5,-112,-108,0,closed,grass,46,2,00-0039917,00-0035710,Michael Penix,Daniel Jones,Raheem Morris,Shane Steichen,Clete Blakeman,IND00,Lucas Oil Stadium,home,IND,ATL,-6.5,6.0,NFL,2025_10_ATL_IND-IND,6.5,48.5,archived_reference_line
2025_10_BAL_MIN,2025,REG,10,2025-11-09,Sunday,13:00,BAL,27.0,MIN,19.0,Home,-8.0,46.0,0,2025110905,59984,,202511090min,28559,401772876,6875,10,7,-230,190,-4.5,-105,-115,48.5,-105,-115,0,dome,sportturf,,,00-0034796,00-0039923,Lamar Jackson,J.J. McCarthy,John Harbaugh,Kevin O'Connell,Shawn Hochuli,MIN01,U.S. Bank Stadium,away,BAL,MIN,-4.5,8.0,NFL,2025_10_BAL_MIN-BAL,-4.5,48.5,archived_reference_line
2025_10_BAL_MIN,2025,REG,10,2025-11-09,Sunday,13:00,BAL,27.0,MIN,19.0,Home,-8.0,46.0,0,2025110905,59984,,202511090min,28559,401772876,6875,10,7,-230,190,-4.5,-105,-115,48.5,-105,-115,0,dome,sportturf,,,00-0034796,00-0039923,Lamar Jackson,J.J. McCarthy,John Harbaugh,Kevin O'Connell,Shawn Hochuli,MIN01,U.S. Bank Stadium,home,MIN,BAL,4.5,-8.0,NFL,2025_10_BAL_MIN-MIN,-4.5,48.5,archived_reference_line
2025_10_BUF_MIA,2025,REG,10,2025-11-09,Sunday,13:00,BUF,13.0,MIA,30.0,Home,17.0,43.0,0,2025110904,59983,,202511090mia,28558,401772771,6874,7,10,-455,350,-8.5,-105,-115,50.5,-115,-105,1,outdoors,grass,84,6,00-0034857,00-0036212,Josh Allen,Tua Tagovailoa,Sean McDermott,Mike McDaniel,Ron Torbert,MIA00,Hard Rock Stadium,away,BUF,MIA,-8.5,-17.0,NFL,2025_10_BUF_MIA-BUF,-8.5,50.5,archived_reference_line
2025_10_BUF_MIA,2025,REG,10,2025-11-09,Sunday,13:00,BUF,13.0,MIA,30.0,Home,17.0,43.0,0,2025110904,59983,,202511090mia,28558,401772771,6874,7,10,-455,350,-8.5,-105,-115,50.5,-115,-105,1,outdoors,grass,84,6,00-0034857,00-0036212,Josh Allen,Tua Tagovailoa,Sean McDermott,Mike McDaniel,Ron Torbert,MIA00,Hard Rock Stadium,home,MIA,BUF,8.5,17.0,NFL,2025_10_BUF_MIA-MIA,-8.5,50.5,archived_reference_line
2025_10_CLE_NYJ,2025,REG,10,2025-11-09,Sunday,13:00,CLE,20.0,NYJ,27.0,Home,7.0,47.0,0,2025110906,59985,,202511090nyj,28560,401772769,6876,14,14,-130,110,-1.5,-115,-105,37.5,-115,-105,0,outdoors,fieldturf,62,12,00-0040704,00-0028118,Dillon Gabriel,Tyrod Taylor,Kevin Stefanski,Aaron Glenn,Shawn Smith,NYC01,MetLife Stadium,away,CLE,NYJ,-1.5,-7.0,NFL,2025_10_CLE_NYJ-CLE,-1.5,37.5,archived_reference_line
2025_10_CLE_NYJ,2025,REG,10,2025-11-09,Sunday,13:00,CLE,20.0,NYJ,27.0,Home,7.0,47.0,0,2025110906,59985,,202511090nyj,28560,401772769,6876,14,14,-130,110,-1.5,-115,-105,37.5,-115,-105,0,outdoors,fieldturf,62,12,00-0040704,00-0028118,Dillon Gabriel,Tyrod Taylor,Kevin Stefanski,Aaron Glenn,Shawn Smith,NYC01,MetLife Stadium,home,NYJ,CLE,1.5,7.0,NFL,2025_10_CLE_NYJ-NYJ,-1.5,37.5,archived_reference_line
2025_10_DET_WAS,2025,REG,10,2025-11-09,Sunday,16:25,DET,44.0,WAS,22.0,Home,-22.0,66.0,0,2025110910,59989,,202511090was,28564,401772878,6880,7,7,-455,350,-8.5,-105,-115,49.5,-112,-108,0,outdoors,grass,64,9,00-0033106,00-0032268,Jared Goff,Marcus Mariota,Dan Campbell,Dan Quinn,Scott Novak,WAS00,FedExField,away,DET,WAS,-8.5,22.0,NFL,2025_10_DET_WAS-DET,-8.5,49.5,archived_reference_line
2025_10_DET_WAS,2025,REG,10,2025-11-09,Sunday,16:25,DET,44.0,WAS,22.0,Home,-22.0,66.0,0,2025110910,59989,,202511090was,28564,401772878,6880,7,7,-455,350,-8.5,-105,-115,49.5,-112,-108,0,outdoors,grass,64,9,00-0033106,00-0032268,Jared Goff,Marcus Mariota,Dan Campbell,Dan Quinn,Scott Novak,WAS00,FedExField,home,WAS,DET,8.5,-22.0,NFL,2025_10_DET_WAS-WAS,-8.5,49.5,archived_reference_line
2025_10_JAX_HOU,2025,REG,10,2025-11-09,Sunday,13:00,JAX,29.0,HOU,36.0,Home,7.0,65.0,0,2025110903,59982,,202511090htx,28557,401772770,6873,7,7,-115,-105,-1.5,100,-120,37.5,-112,-108,1,closed,astroturf,,,00-0036971,00-0036898,Trevor Lawrence,Davis Mills,Liam Coen,DeMeco Ryans,Alex Moore,HOU00,NRG Stadium,away,JAX,HOU,-1.5,-7.0,NFL,2025_10_JAX_HOU-JAX,-1.5,37.5,archived_reference_line
2025_10_JAX_HOU,2025,REG,10,2025-11-09,Sunday,13:00,JAX,29.0,HOU,36.0,Home,7.0,65.0,0,2025110903,59982,,202511090htx,28557,401772770,6873,7,7,-115,-105,-1.5,100,-120,37.5,-112,-108,1,closed,astroturf,,,00-0036971,00-0036898,Trevor Lawrence,Davis Mills,Liam Coen,DeMeco Ryans,Alex Moore,HOU00,NRG Stadium,home,HOU,JAX,1.5,7.0,NFL,2025_10_JAX_HOU-HOU,-1.5,37.5,archived_reference_line
2025_10_LA_SF,2025,REG,10,2025-11-09,Sunday,16:25,LA,42.0,SF,26.0,Home,-16.0,68.0,0,2025110909,59988,,202511090sfo,28563,401772879,6879,7,7,-258,210,-5.5,-115,-105,49.5,-110,-110,1,outdoors,grass,77,3,00-0026498,00-0036972,Matthew Stafford,Mac Jones,Sean McVay,Kyle Shanahan,Land Clark,SFO01,Levi's Stadium,away,LA,SF,-5.5,16.0,NFL,2025_10_LA_SF-LA,-5.5,49.5,archived_reference_line
2025_10_LA_SF,2025,REG,10,2025-11-09,Sunday,16:25,LA,42.0,SF,26.0,Home,-16.0,68.0,0,2025110909,59988,,202511090sfo,28563,401772879,6879,7,7,-258,210,-5.5,-115,-105,49.5,-110,-110,1,outdoors,grass,77,3,00-0026498,00-0036972,Matthew Stafford,Mac Jones,Sean McVay,Kyle Shanahan,Land Clark,SFO01,Levi's Stadium,home,SF,LA,5.5,-16.0,NFL,2025_10_LA_SF-SF,-5.5,49.5,archived_reference_line
2025_10_LV_DEN,2025,REG,10,2025-11-06,Thursday,20:15,LV,7.0,DEN,10.0,Home,3.0,17.0,0,2025110600,59978,,202511060den,28553,401772944,6869,4,4,380,-500,9.5,-112,-108,42.5,-110,-110,1,outdoors,grass,60,10,00-0030565,00-0039732,Geno Smith,Bo Nix,Pete Carroll,Sean Payton,Bill Vinovich,DEN00,Empower Field at Mile High,away,LV,DEN,9.5,-3.0,NFL,2025_10_LV_DEN-LV,9.5,42.5,archived_reference_line
2025_10_LV_DEN,2025,REG,10,2025-11-06,Thursday,20:15,LV,7.0,DEN,10.0,Home,3.0,17.0,0,2025110600,59978,,202511060den,28553,401772944,6869,4,4,380,-500,9.5,-112,-108,42.5,-110,-110,1,outdoors,grass,60,10,00-0030565,00-0039732,Geno Smith,Bo Nix,Pete Carroll,Sean Payton,Bill Vinovich,DEN00,Empower Field at Mile High,home,DEN,LV,-9.5,3.0,NFL,2025_10_LV_DEN-DEN,9.5,42.5,archived_reference_line
2025_10_NE_TB,2025,REG,10,2025-11-09,Sunday,13:00,NE,28.0,TB,23.0,Home,-5.0,51.0,0,2025110907,59986,,202511090tam,28561,401772772,6877,7,14,124,-148,2.5,100,-120,48.5,-105,-115,0,outdoors,grass,82,11,00-0039851,00-0034855,Drake Maye,Baker Mayfield,Mike Vrabel,Todd Bowles,Alex Kemp,TAM00,Raymond James Stadium,away,NE,TB,2.5,5.0,NFL,2025_10_NE_TB-NE,2.5,48.5,archived_reference_line
2025_10_NE_TB,2025,REG,10,2025-11-09,Sunday,13:00,NE,28.0,TB,23.0,Home,-5.0,51.0,0,2025110907,59986,,202511090tam,28561,401772772,6877,7,14,124,-148,2.5,100,-120,48.5,-105,-115,0,outdoors,grass,82,11,00-0039851,00-0034855,Drake Maye,Baker Mayfield,Mike Vrabel,Todd Bowles,Alex Kemp,TAM00,Raymond James Stadium,home,TB,NE,-2.5,-5.0,NFL,2025_10_NE_TB-TB,2.5,48.5,archived_reference_line
2025_10_NO_CAR,2025,REG,10,2025-11-09,Sunday,13:00,NO,17.0,CAR,7.0,Home,-10.0,24.0,0,2025110901,59980,,202511090car,28555,401772877,6871,7,7,200,-245,5.5,-112,-108,38.5,-105,-115,1,outdoors,grass,73,15,00-0040743,00-0039150,Tyler Shough,Bryce Young,Kellen Moore,Dave Canales,Brad Allen,CAR00,Bank of America Stadium,away,NO,CAR,5.5,10.0,NFL,2025_10_NO_CAR-NO,5.5,38.5,archived_reference_line
2025_10_NO_CAR,2025,REG,10,2025-11-09,Sunday,13:00,NO,17.0,CAR,7.0,Home,-10.0,24.0,0,2025110901,59980,,202511090car,28555,401772877,6871,7,7,200,-245,5.5,-112,-108,38.5,-105,-115,1,outdoors,grass,73,15,00-0040743,00-0039150,Tyler Shough,Bryce Young,Kellen Moore,Dave Canales,Brad Allen,CAR00,Bank of America Stadium,home,CAR,NO,-5.5,-10.0,NFL,2025_10_NO_CAR-CAR,5.5,38.5,archived_reference_line
2025_10_NYG_CHI,2025,REG,10,2025-11-09,Sunday,13:00,NYG,20.0,CHI,24.0,Home,4.0,44.0,0,2025110902,59981,,202511090chi,28556,401772875,6872,7,7,180,-218,4.5,-108,-112,45.5,-112,-108,0,outdoors,grass,33,10,00-0040691,00-0039918,Jaxson Dart,Caleb Williams,Brian Daboll,Ben Johnson,Adrian Hill,CHI98,Soldier Field,away,NYG,CHI,4.5,-4.0,NFL,2025_10_NYG_CHI-NYG,4.5,45.5,archived_reference_line
2025_10_NYG_CHI,2025,REG,10,2025-11-09,Sunday,13:00,NYG,20.0,CHI,24.0,Home,4.0,44.0,0,2025110902,59981,,202511090chi,28556,401772875,6872,7,7,180,-218,4.5,-108,-112,45.5,-112,-108,0,outdoors,grass,33,10,00-0040691,00-0039918,Jaxson Dart,Caleb Williams,Brian Daboll,Ben Johnson,Adrian Hill,CHI98,Soldier Field,home,CHI,NYG,-4.5,4.0,NFL,2025_10_NYG_CHI-CHI,4.5,45.5,archived_reference_line
2025_10_PHI_GB,2025,REG,10,2025-11-10,Monday,20:15,PHI,10.0,GB,7.0,Home,-3.0,17.0,0,2025111000,59991,,202511100gnb,28566,401772630,6882,15,8,-110,-110,1.5,-122,102,45.5,-108,-112,0,outdoors,grass,33,9,00-0036389,00-0036264,Jalen Hurts,Jordan Love,Nick Sirianni,Matt LaFleur,Clay Martin,GNB00,Lambeau Field,away,PHI,GB,1.5,3.0,NFL,2025_10_PHI_GB-PHI,1.5,45.5,archived_reference_line
2025_10_PHI_GB,2025,REG,10,2025-11-10,Monday,20:15,PHI,10.0,GB,7.0,Home,-3.0,17.0,0,2025111000,59991,,202511100gnb,28566,401772630,6882,15,8,-110,-110,1.5,-122,102,45.5,-108,-112,0,outdoors,grass,33,9,00-0036389,00-0036264,Jalen Hurts,Jordan Love,Nick Sirianni,Matt LaFleur,Clay Martin,GNB00,Lambeau Field,home,GB,PHI,-1.5,-3.0,NFL,2025_10_PHI_GB-GB,1.5,45.5,archived_reference_line
2025_10_PIT_LAC,2025,REG,10,2025-11-09,Sunday,20:20,PIT,10.0,LAC,25.0,Home,15.0,35.0,0,2025110911,59990,,202511090sdg,28565,401772927,6881,7,7,136,-162,3.0,-118,-102,45.5,-115,-105,0,dome,matrixturf,,,00-0023459,00-0036355,Aaron Rodgers,Justin Herbert,Mike Tomlin,Jim Harbaugh,Brad Rogers,LAX01,SoFi Stadium,away,PIT,LAC,3.0,-15.0,NFL,2025_10_PIT_LAC-PIT,3.0,45.5,archived_reference_line
2025_10_PIT_LAC,2025,REG,10,2025-11-09,Sunday,20:20,PIT,10.0,LAC,25.0,Home,15.0,35.0,0,2025110911,59990,,202511090sdg,28565,401772927,6881,7,7,136,-162,3.0,-118,-102,45.5,-115,-105,0,dome,matrixturf,,,00-0023459,00-0036355,Aaron Rodgers,Justin Herbert,Mike Tomlin,Jim Harbaugh,Brad Rogers,LAX01,SoFi Stadium,home,LAC,PIT,-3.0,15.0,NFL,2025_10_PIT_LAC-LAC,3.0,45.5,archived_reference_line
2025_11_BAL_CLE,2025,REG,11,2025-11-16,Sunday,16:25,BAL,23.0,CLE,16.0,Home,-7.0,39.0,0,2025111610,60003,,202511160cle,28579,401772777,6894,7,7,-440,340,-7.5,-105,-115,37.5,-105,-115,1,outdoors,grass,44,20,00-0034796,00-0040704,Lamar Jackson,Dillon Gabriel,John Harbaugh,Kevin Stefanski,Land Clark,CLE00,FirstEnergy Stadium,away,BAL,CLE,-7.5,7.0,NFL,2025_11_BAL_CLE-BAL,-7.5,37.5,archived_reference_line
2025_11_BAL_CLE,2025,REG,11,2025-11-16,Sunday,16:25,BAL,23.0,CLE,16.0,Home,-7.0,39.0,0,2025111610,60003,,202511160cle,28579,401772777,6894,7,7,-440,340,-7.5,-105,-115,37.5,-105,-115,1,outdoors,grass,44,20,00-0034796,00-0040704,Lamar Jackson,Dillon Gabriel,John Harbaugh,Kevin Stefanski,Land Clark,CLE00,FirstEnergy Stadium,home,CLE,BAL,7.5,-7.0,NFL,2025_11_BAL_CLE-CLE,-7.5,37.5,archived_reference_line
2025_11_CAR_ATL,2025,REG,11,2025-11-16,Sunday,13:00,CAR,30.0,ATL,27.0,Home,-3.0,57.0,1,2025111601,59994,,202511160atl,28569,401772882,6885,7,7,180,-218,4.5,-118,-102,42.5,-110,-110,1,closed,fieldturf,,,00-0039150,00-0039917,Bryce Young,Michael Penix,Dave Canales,Raheem Morris,Clay Martin,ATL97,Mercedes-Benz Stadium,away,CAR,ATL,4.5,3.0,NFL,2025_11_CAR_ATL-CAR,4.5,42.5,archived_reference_line
2025_11_CAR_ATL,2025,REG,11,2025-11-16,Sunday,13:00,CAR,30.0,ATL,27.0,Home,-3.0,57.0,1,2025111601,59994,,202511160atl,28569,401772882,6885,7,7,180,-218,4.5,-118,-102,42.5,-110,-110,1,closed,fieldturf,,,00-0039150,00-0039917,Bryce Young,Michael Penix,Dave Canales,Raheem Morris,Clay Martin,ATL97,Mercedes-Benz Stadium,home,ATL,CAR,-4.5,-3.0,NFL,2025_11_CAR_ATL-ATL,4.5,42.5,archived_reference_line
2025_11_CHI_MIN,2025,REG,11,2025-11-16,Sunday,13:00,CHI,19.0,MIN,17.0,Home,-2.0,36.0,0,2025111604,59997,,202511160min,28573,401772880,6888,7,7,124,-148,3.0,-115,-105,47.5,-102,-118,1,dome,sportturf,,,00-0039918,00-0039923,Caleb Williams,J.J. McCarthy,Ben Johnson,Kevin O'Connell,Brad Rogers,MIN01,U.S. Bank Stadium,away,CHI,MIN,3.0,2.0,NFL,2025_11_CHI_MIN-CHI,3.0,47.5,archived_reference_line
2025_11_CHI_MIN,2025,REG,11,2025-11-16,Sunday,13:00,CHI,19.0,MIN,17.0,Home,-2.0,36.0,0,2025111604,59997,,202511160min,28573,401772880,6888,7,7,124,-148,3.0,-115,-105,47.5,-102,-118,1,dome,sportturf,,,00-0039918,00-0039923,Caleb Williams,J.J. McCarthy,Ben Johnson,Kevin O'Connell,Brad Rogers,MIN01,U.S. Bank Stadium,home,MIN,CHI,-3.0,-2.0,NFL,2025_11_CHI_MIN-MIN,3.0,47.5,archived_reference_line
2025_11_CIN_PIT,2025,REG,11,2025-11-16,Sunday,13:00,CIN,12.0,PIT,34.0,Home,22.0,46.0,0,2025111606,59999,,202511160pit,28575,401772774,6890,14,7,205,-250,5.5,-108,-112,48.5,-110,-110,1,outdoors,grass,46,17,00-0026158,00-0023459,Joe Flacco,Aaron Rodgers,Zac Taylor,Mike Tomlin,Bill Vinovich,PIT00,Acrisure Stadium,away,CIN,PIT,5.5,-22.0,NFL,2025_11_CIN_PIT-CIN,5.5,48.5,archived_reference_line
2025_11_CIN_PIT,2025,REG,11,2025-11-16,Sunday,13:00,CIN,12.0,PIT,34.0,Home,22.0,46.0,0,2025111606,59999,,202511160pit,28575,401772774,6890,14,7,205,-250,5.5,-108,-112,48.5,-110,-110,1,outdoors,grass,46,17,00-0026158,00-0023459,Joe Flacco,Aaron Rodgers,Zac Taylor,Mike Tomlin,Bill Vinovich,PIT00,Acrisure Stadium,home,PIT,CIN,-5.5,22.0,NFL,2025_11_CIN_PIT-PIT,5.5,48.5,archived_reference_line
2025_11_DAL_LV,2025,REG,11,2025-11-17,Monday,20:15,DAL,33.0,LV,16.0,Home,-17.0,49.0,0,2025111700,60006,,202511170rai,28572,401772819,6897,14,11,-198,164,-3.5,-115,-105,48.5,-115,-105,0,dome,grass,,,00-0033077,00-0030565,Dak Prescott,Geno Smith,Brian Schottenheimer,Pete Carroll,Brad Allen,VEG00,Allegiant Stadium,away,DAL,LV,-3.5,17.0,NFL,2025_11_DAL_LV-DAL,-3.5,48.5,archived_reference_line
2025_11_DAL_LV,2025,REG,11,2025-11-17,Monday,20:15,DAL,33.0,LV,16.0,Home,-17.0,49.0,0,2025111700,60006,,202511170rai,28572,401772819,6897,14,11,-198,164,-3.5,-115,-105,48.5,-115,-105,0,dome,grass,,,00-0033077,00-0030565,Dak Prescott,Geno Smith,Brian Schottenheimer,Pete Carroll,Brad Allen,VEG00,Allegiant Stadium,home,LV,DAL,3.5,-17.0,NFL,2025_11_DAL_LV-LV,-3.5,48.5,archived_reference_line
2025_11_DET_PHI,2025,REG,11,2025-11-16,Sunday,20:20,DET,9.0,PHI,16.0,Home,7.0,25.0,0,2025111612,60005,,202511160phi,28581,401772928,6896,7,6,130,-155,2.5,-102,-118,46.5,-108,-112,0,outdoors,grass,45,15,00-0033106,00-0036389,Jared Goff,Jalen Hurts,Dan Campbell,Nick Sirianni,Alex Kemp,PHI00,Lincoln Financial Field,away,DET,PHI,2.5,-7.0,NFL,2025_11_DET_PHI-DET,2.5,46.5,archived_reference_line
2025_11_DET_PHI,2025,REG,11,2025-11-16,Sunday,20:20,DET,9.0,PHI,16.0,Home,7.0,25.0,0,2025111612,60005,,202511160phi,28581,401772928,6896,7,6,130,-155,2.5,-102,-118,46.5,-108,-112,0,outdoors,grass,45,15,00-0033106,00-0036389,Jared Goff,Jalen Hurts,Dan Campbell,Nick Sirianni,Alex Kemp,PHI00,Lincoln Financial Field,home,PHI,DET,-2.5,7.0,NFL,2025_11_DET_PHI-PHI,2.5,46.5,archived_reference_line
2025_11_GB_NYG,2025,REG,11,2025-11-16,Sunday,13:00,GB,27.0,NYG,20.0,Home,-7.0,47.0,0,2025111605,59998,,202511160nyg,28574,401772883,6889,6,7,-440,340,-7.5,-110,-110,41.5,-110,-110,0,outdoors,fieldturf,55,17,00-0036264,00-0031503,Jordan Love,Jameis Winston,Matt LaFleur,Brian Daboll,Scott Novak,NYC01,MetLife Stadium,away,GB,NYG,-7.5,7.0,NFL,2025_11_GB_NYG-GB,-7.5,41.5,archived_reference_line
2025_11_GB_NYG,2025,REG,11,2025-11-16,Sunday,13:00,GB,27.0,NYG,20.0,Home,-7.0,47.0,0,2025111605,59998,,202511160nyg,28574,401772883,6889,6,7,-440,340,-7.5,-110,-110,41.5,-110,-110,0,outdoors,fieldturf,55,17,00-0036264,00-0031503,Jordan Love,Jameis Winston,Matt LaFleur,Brian Daboll,Scott Novak,NYC01,MetLife Stadium,home,NYG,GB,7.5,-7.0,NFL,2025_11_GB_NYG-NYG,-7.5,41.5,archived_reference_line
2025_11_HOU_TEN,2025,REG,11,2025-11-16,Sunday,13:00,HOU,16.0,TEN,13.0,Home,-3.0,29.0,0,2025111607,60000,,202511160oti,28576,401772881,6891,7,14,-265,215,-5.5,-108,-112,37.5,-118,-102,1,outdoors,grass,64,8,00-0036898,00-0040676,Davis Mills,Cam Ward,DeMeco Ryans,Brian Callahan,Shawn Hochuli,NAS00,Nissan Stadium,away,HOU,TEN,-5.5,3.0,NFL,2025_11_HOU_TEN-HOU,-5.5,37.5,archived_reference_line
2025_11_HOU_TEN,2025,REG,11,2025-11-16,Sunday,13:00,HOU,16.0,TEN,13.0,Home,-3.0,29.0,0,2025111607,60000,,202511160oti,28576,401772881,6891,7,14,-265,215,-5.5,-108,-112,37.5,-118,-102,1,outdoors,grass,64,8,00-0036898,00-0040676,Davis Mills,Cam Ward,DeMeco Ryans,Brian Callahan,Shawn Hochuli,NAS00,Nissan Stadium,home,TEN,HOU,5.5,-3.0,NFL,2025_11_HOU_TEN-TEN,-5.5,37.5,archived_reference_line
2025_11_KC_DEN,2025,REG,11,2025-11-16,Sunday,16:25,KC,19.0,DEN,22.0,Home,3.0,41.0,0,2025111611,60004,,202511160den,28580,401772778,6895,14,10,-218,180,-3.5,-120,100,44.5,-110,-110,1,outdoors,grass,70,6,00-0033873,00-0039732,Patrick Mahomes,Bo Nix,Andy Reid,Sean Payton,Adrian Hill,DEN00,Empower Field at Mile High,away,KC,DEN,-3.5,-3.0,NFL,2025_11_KC_DEN-KC,-3.5,44.5,archived_reference_line
2025_11_KC_DEN,2025,REG,11,2025-11-16,Sunday,16:25,KC,19.0,DEN,22.0,Home,3.0,41.0,0,2025111611,60004,,202511160den,28580,401772778,6895,14,10,-218,180,-3.5,-120,100,44.5,-110,-110,1,outdoors,grass,70,6,00-0033873,00-0039732,Patrick Mahomes,Bo Nix,Andy Reid,Sean Payton,Adrian Hill,DEN00,Empower Field at Mile High,home,DEN,KC,3.5,3.0,NFL,2025_11_KC_DEN-DEN,-3.5,44.5,archived_reference_line
2025_11_LAC_JAX,2025,REG,11,2025-11-16,Sunday,13:00,LAC,6.0,JAX,35.0,Home,29.0,41.0,0,2025111603,59996,,202511160jax,28571,401772775,6887,7,7,-155,130,-3.0,-105,-115,43.5,-110,-110,0,outdoors,grass,74,9,00-0036355,00-0036971,Justin Herbert,Trevor Lawrence,Jim Harbaugh,Liam Coen,Craig Wrolstad,JAX00,TIAA Bank Stadium,away,LAC,JAX,-3.0,-29.0,NFL,2025_11_LAC_JAX-LAC,-3.0,43.5,archived_reference_line
2025_11_LAC_JAX,2025,REG,11,2025-11-16,Sunday,13:00,LAC,6.0,JAX,35.0,Home,29.0,41.0,0,2025111603,59996,,202511160jax,28571,401772775,6887,7,7,-155,130,-3.0,-105,-115,43.5,-110,-110,0,outdoors,grass,74,9,00-0036355,00-0036971,Justin Herbert,Trevor Lawrence,Jim Harbaugh,Liam Coen,Craig Wrolstad,JAX00,TIAA Bank Stadium,home,JAX,LAC,3.0,29.0,NFL,2025_11_LAC_JAX-JAX,-3.0,43.5,archived_reference_line
2025_11_NYJ_NE,2025,REG,11,2025-11-13,Thursday,20:15,NYJ,14.0,NE,27.0,Home,13.0,41.0,0,2025111300,59992,,202511130nwe,28567,401772945,6883,4,4,625,-950,12.5,-105,-115,43.5,-115,-105,1,outdoors,fieldturf,39,9,00-0028118,00-0039851,Tyrod Taylor,Drake Maye,Aaron Glenn,Mike Vrabel,Alan Eck,BOS00,Gillette Stadium,away,NYJ,NE,12.5,-13.0,NFL,2025_11_NYJ_NE-NYJ,12.5,43.5,archived_reference_line
2025_11_NYJ_NE,2025,REG,11,2025-11-13,Thursday,20:15,NYJ,14.0,NE,27.0,Home,13.0,41.0,0,2025111300,59992,,202511130nwe,28567,401772945,6883,4,4,625,-950,12.5,-105,-115,43.5,-115,-105,1,outdoors,fieldturf,39,9,00-0028118,00-0039851,Tyrod Taylor,Drake Maye,Aaron Glenn,Mike Vrabel,Alan Eck,BOS00,Gillette Stadium,home,NE,NYJ,-12.5,13.0,NFL,2025_11_NYJ_NE-NE,12.5,43.5,archived_reference_line
2025_11_SEA_LA,2025,REG,11,2025-11-16,Sunday,16:05,SEA,19.0,LA,21.0,Home,2.0,40.0,0,2025111609,60002,,202511160ram,28578,401772884,6893,7,7,145,-175,3.0,100,-120,49.5,-105,-115,1,dome,matrixturf,,,00-0034869,00-0026498,Sam Darnold,Matthew Stafford,Mike Macdonald,Sean McVay,John Hussey,LAX01,SoFi Stadium,away,SEA,LA,3.0,-2.0,NFL,2025_11_SEA_LA-SEA,3.0,49.5,archived_reference_line
2025_11_SEA_LA,2025,REG,11,2025-11-16,Sunday,16:05,SEA,19.0,LA,21.0,Home,2.0,40.0,0,2025111609,60002,,202511160ram,28578,401772884,6893,7,7,145,-175,3.0,100,-120,49.5,-105,-115,1,dome,matrixturf,,,00-0034869,00-0026498,Sam Darnold,Matthew Stafford,Mike Macdonald,Sean McVay,John Hussey,LAX01,SoFi Stadium,home,LA,SEA,-3.0,2.0,NFL,2025_11_SEA_LA-LA,3.0,49.5,archived_reference_line
2025_11_SF_ARI,2025,REG,11,2025-11-16,Sunday,16:05,SF,41.0,ARI,22.0,Home,-19.0,63.0,0,2025111608,60001,,202511160crd,28577,401772885,6892,7,7,-192,160,-3.5,-105,-115,48.5,-112,-108,1,closed,grass,,,00-0037834,00-0033119,Brock Purdy,Jacoby Brissett,Kyle Shanahan,Jonathan Gannon,Carl Cheffers,PHO00,State Farm Stadium,away,SF,ARI,-3.5,19.0,NFL,2025_11_SF_ARI-SF,-3.5,48.5,archived_reference_line
2025_11_SF_ARI,2025,REG,11,2025-11-16,Sunday,16:05,SF,41.0,ARI,22.0,Home,-19.0,63.0,0,2025111608,60001,,202511160crd,28577,401772885,6892,7,7,-192,160,-3.5,-105,-115,48.5,-112,-108,1,closed,grass,,,00-0037834,00-0033119,Brock Purdy,Jacoby Brissett,Kyle Shanahan,Jonathan Gannon,Carl Cheffers,PHO00,State Farm Stadium,home,ARI,SF,3.5,-19.0,NFL,2025_11_SF_ARI-ARI,-3.5,48.5,archived_reference_line
2025_11_TB_BUF,2025,REG,11,2025-11-16,Sunday,13:00,TB,32.0,BUF,44.0,Home,12.0,76.0,0,2025111602,59995,,202511160buf,28570,401772776,6886,7,7,230,-285,6.0,-108,-112,46.5,-112,-108,0,outdoors,a_turf,38,20,00-0034855,00-0034857,Baker Mayfield,Josh Allen,Todd Bowles,Sean McDermott,Alex Moore,BUF00,New Era Field,away,TB,BUF,6.0,-12.0,NFL,2025_11_TB_BUF-TB,6.0,46.5,archived_reference_line
2025_11_TB_BUF,2025,REG,11,2025-11-16,Sunday,13:00,TB,32.0,BUF,44.0,Home,12.0,76.0,0,2025111602,59995,,202511160buf,28570,401772776,6886,7,7,230,-285,6.0,-108,-112,46.5,-112,-108,0,outdoors,a_turf,38,20,00-0034855,00-0034857,Baker Mayfield,Josh Allen,Todd Bowles,Sean McDermott,Alex Moore,BUF00,New Era Field,home,BUF,TB,-6.0,12.0,NFL,2025_11_TB_BUF-BUF,6.0,46.5,archived_reference_line
2025_11_WAS_MIA,2025,REG,11,2025-11-16,Sunday,09:30,WAS,13.0,MIA,16.0,Neutral,3.0,29.0,1,2025111600,59993,,202511160mia,28568,401772631,6884,7,7,124,-148,2.5,100,-120,47.5,-110,-110,0,outdoors,grass,,,00-0032268,00-0036212,Marcus Mariota,Tua Tagovailoa,Dan Quinn,Mike McDaniel,Shawn Smith,MIA00,Hard Rock Stadium,away,WAS,MIA,2.5,-3.0,NFL,2025_11_WAS_MIA-WAS,2.5,47.5,archived_reference_line
2025_11_WAS_MIA,2025,REG,11,2025-11-16,Sunday,09:30,WAS,13.0,MIA,16.0,Neutral,3.0,29.0,1,2025111600,59993,,202511160mia,28568,401772631,6884,7,7,124,-148,2.5,100,-120,47.5,-110,-110,0,outdoors,grass,,,00-0032268,00-0036212,Marcus Mariota,Tua Tagovailoa,Dan Quinn,Mike McDaniel,Shawn Smith,MIA00,Hard Rock Stadium,home,MIA,WAS,-2.5,3.0,NFL,2025_11_WAS_MIA-MIA,2.5,47.5,archived_reference_line
2025_12_ATL_NO,2025,REG,12,2025-11-23,Sunday,16:25,ATL,24.0,NO,10.0,Home,-14.0,34.0,0,2025112310,60018,,202511230nor,28593,401772889,6909,7,14,102,-122,1.5,-112,-108,41.5,-118,-102,1,dome,sportturf,,,00-0029604,00-0040743,Kirk Cousins,Tyler Shough,Raheem Morris,Kellen Moore,Brad Rogers,NOR00,Mercedes-Benz Superdome,away,ATL,NO,1.5,14.0,NFL,2025_12_ATL_NO-ATL,1.5,41.5,archived_reference_line
2025_12_ATL_NO,2025,REG,12,2025-11-23,Sunday,16:25,ATL,24.0,NO,10.0,Home,-14.0,34.0,0,2025112310,60018,,202511230nor,28593,401772889,6909,7,14,102,-122,1.5,-112,-108,41.5,-118,-102,1,dome,sportturf,,,00-0029604,00-0040743,Kirk Cousins,Tyler Shough,Raheem Morris,Kellen Moore,Brad Rogers,NOR00,Mercedes-Benz Superdome,home,NO,ATL,-1.5,-14.0,NFL,2025_12_ATL_NO-NO,1.5,41.5,archived_reference_line
2025_12_BUF_HOU,2025,REG,12,2025-11-20,Thursday,20:15,BUF,19.0,HOU,23.0,Home,4.0,42.0,0,2025112000,60007,,202511200htx,28582,401772946,6898,4,4,-258,210,-5.5,-108,-112,43.5,-105,-115,0,closed,astroturf,,,00-0034857,00-0036898,Josh Allen,Davis Mills,Sean McDermott,DeMeco Ryans,Adrian Hill,HOU00,NRG Stadium,away,BUF,HOU,-5.5,-4.0,NFL,2025_12_BUF_HOU-BUF,-5.5,43.5,archived_reference_line
2025_12_BUF_HOU,2025,REG,12,2025-11-20,Thursday,20:15,BUF,19.0,HOU,23.0,Home,4.0,42.0,0,2025112000,60007,,202511200htx,28582,401772946,6898,4,4,-258,210,-5.5,-108,-112,43.5,-105,-115,0,closed,astroturf,,,00-0034857,00-0036898,Josh Allen,Davis Mills,Sean McDermott,DeMeco Ryans,Adrian Hill,HOU00,NRG Stadium,home,HOU,BUF,5.5,4.0,NFL,2025_12_BUF_HOU-HOU,-5.5,43.5,archived_reference_line
2025_12_CAR_SF,2025,REG,12,2025-11-24,Monday,20:15,CAR,9.0,SF,20.0,Home,11.0,29.0,0,2025112400,60020,,202511240sfo,28595,401772820,6911,8,8,310,-395,7.5,-115,-105,48.5,-105,-115,0,outdoors,grass,58,3,00-0039150,00-0037834,Bryce Young,Brock Purdy,Dave Canales,Kyle Shanahan,Alex Kemp,SFO01,Levi's Stadium,away,CAR,SF,7.5,-11.0,NFL,2025_12_CAR_SF-CAR,7.5,48.5,archived_reference_line
2025_12_CAR_SF,2025,REG,12,2025-11-24,Monday,20:15,CAR,9.0,SF,20.0,Home,11.0,29.0,0,2025112400,60020,,202511240sfo,28595,401772820,6911,8,8,310,-395,7.5,-115,-105,48.5,-105,-115,0,outdoors,grass,58,3,00-0039150,00-0037834,Bryce Young,Brock Purdy,Dave Canales,Kyle Shanahan,Alex Kemp,SFO01,Levi's Stadium,home,SF,CAR,-7.5,11.0,NFL,2025_12_CAR_SF-SF,7.5,48.5,archived_reference_line
2025_12_CLE_LV,2025,REG,12,2025-11-23,Sunday,16:05,CLE,24.0,LV,10.0,Home,-14.0,34.0,0,2025112308,60016,,202511230rai,28591,401772784,6907,7,6,136,-162,3.0,-105,-115,35.5,-102,-118,0,dome,grass,,,00-0040668,00-0030565,Shedeur Sanders,Geno Smith,Kevin Stefanski,Pete Carroll,Shawn Hochuli,VEG00,Allegiant Stadium,away,CLE,LV,3.0,14.0,NFL,2025_12_CLE_LV-CLE,3.0,35.5,archived_reference_line
2025_12_CLE_LV,2025,REG,12,2025-11-23,Sunday,16:05,CLE,24.0,LV,10.0,Home,-14.0,34.0,0,2025112308,60016,,202511230rai,28591,401772784,6907,7,6,136,-162,3.0,-105,-115,35.5,-102,-118,0,dome,grass,,,00-0040668,00-0030565,Shedeur Sanders,Geno Smith,Kevin Stefanski,Pete Carroll,Shawn Hochuli,VEG00,Allegiant Stadium,home,LV,CLE,-3.0,-14.0,NFL,2025_12_CLE_LV-LV,3.0,35.5,archived_reference_line
2025_12_IND_KC,2025,REG,12,2025-11-23,Sunday,13:00,IND,20.0,KC,23.0,Home,3.0,43.0,1,2025112305,60013,,202511230kan,28588,401772779,6904,14,7,180,-218,3.5,100,-120,50.5,-112,-108,0,outdoors,grass,,,00-0035710,00-0033873,Daniel Jones,Patrick Mahomes,Shane Steichen,Andy Reid,Alex Moore,KAN00,GEHA Field at Arrowhead Stadium,away,IND,KC,3.5,-3.0,NFL,2025_12_IND_KC-IND,3.5,50.5,archived_reference_line
2025_12_IND_KC,2025,REG,12,2025-11-23,Sunday,13:00,IND,20.0,KC,23.0,Home,3.0,43.0,1,2025112305,60013,,202511230kan,28588,401772779,6904,14,7,180,-218,3.5,100,-120,50.5,-112,-108,0,outdoors,grass,,,00-0035710,00-0033873,Daniel Jones,Patrick Mahomes,Shane Steichen,Andy Reid,Alex Moore,KAN00,GEHA Field at Arrowhead Stadium,home,KC,IND,-3.5,3.0,NFL,2025_12_IND_KC-KC,3.5,50.5,archived_reference_line
2025_12_JAX_ARI,2025,REG,12,2025-11-23,Sunday,16:05,JAX,27.0,ARI,24.0,Home,-3.0,51.0,1,2025112307,60015,,202511230crd,28590,401772783,6906,7,7,-135,114,-2.5,-108,-112,47.5,-115,-105,0,closed,grass,,,00-0036971,00-0033119,Trevor Lawrence,Jacoby Brissett,Liam Coen,Jonathan Gannon,Scott Novak,PHO00,State Farm Stadium,away,JAX,ARI,-2.5,3.0,NFL,2025_12_JAX_ARI-JAX,-2.5,47.5,archived_reference_line
2025_12_JAX_ARI,2025,REG,12,2025-11-23,Sunday,16:05,JAX,27.0,ARI,24.0,Home,-3.0,51.0,1,2025112307,60015,,202511230crd,28590,401772783,6906,7,7,-135,114,-2.5,-108,-112,47.5,-115,-105,0,closed,grass,,,00-0036971,00-0033119,Trevor Lawrence,Jacoby Brissett,Liam Coen,Jonathan Gannon,Scott Novak,PHO00,State Farm Stadium,home,ARI,JAX,2.5,-3.0,NFL,2025_12_JAX_ARI-ARI,-2.5,47.5,archived_reference_line
2025_12_MIN_GB,2025,REG,12,2025-11-23,Sunday,13:00,MIN,6.0,GB,23.0,Home,17.0,29.0,0,2025112304,60012,,202511230gnb,28587,401772887,6903,7,7,235,-290,6.5,-112,-108,41.5,-112,-108,1,outdoors,grass,43,10,00-0039923,00-0036264,J.J. McCarthy,Jordan Love,Kevin O'Connell,Matt LaFleur,Carl Cheffers,GNB00,Lambeau Field,away,MIN,GB,6.5,-17.0,NFL,2025_12_MIN_GB-MIN,6.5,41.5,archived_reference_line
2025_12_MIN_GB,2025,REG,12,2025-11-23,Sunday,13:00,MIN,6.0,GB,23.0,Home,17.0,29.0,0,2025112304,60012,,202511230gnb,28587,401772887,6903,7,7,235,-290,6.5,-112,-108,41.5,-112,-108,1,outdoors,grass,43,10,00-0039923,00-0036264,J.J. McCarthy,Jordan Love,Kevin O'Connell,Matt LaFleur,Carl Cheffers,GNB00,Lambeau Field,home,GB,MIN,-6.5,17.0,NFL,2025_12_MIN_GB-GB,6.5,41.5,archived_reference_line
2025_12_NE_CIN,2025,REG,12,2025-11-23,Sunday,13:00,NE,26.0,CIN,20.0,Home,-6.0,46.0,0,2025112302,60010,,202511230cin,28585,401772781,6901,10,7,-395,310,-7.5,-108,-112,50.5,-102,-118,0,outdoors,fieldturf,54,7,00-0039851,00-0026158,Drake Maye,Joe Flacco,Mike Vrabel,Zac Taylor,Land Clark,CIN00,Paycor Stadium,away,NE,CIN,-7.5,6.0,NFL,2025_12_NE_CIN-NE,-7.5,50.5,archived_reference_line
2025_12_NE_CIN,2025,REG,12,2025-11-23,Sunday,13:00,NE,26.0,CIN,20.0,Home,-6.0,46.0,0,2025112302,60010,,202511230cin,28585,401772781,6901,10,7,-395,310,-7.5,-108,-112,50.5,-102,-118,0,outdoors,fieldturf,54,7,00-0039851,00-0026158,Drake Maye,Joe Flacco,Mike Vrabel,Zac Taylor,Land Clark,CIN00,Paycor Stadium,home,CIN,NE,7.5,-6.0,NFL,2025_12_NE_CIN-CIN,-7.5,50.5,archived_reference_line
2025_12_NYG_DET,2025,REG,12,2025-11-23,Sunday,13:00,NYG,27.0,DET,34.0,Home,7.0,61.0,1,2025112303,60011,,202511230det,28586,401772888,6902,7,7,675,-1050,14.0,-115,-105,50.5,100,-120,0,dome,fieldturf,,,00-0031503,00-0033106,Jameis Winston,Jared Goff,Brian Daboll,Dan Campbell,Craig Wrolstad,DET00,Ford Field,away,NYG,DET,14.0,-7.0,NFL,2025_12_NYG_DET-NYG,14.0,50.5,archived_reference_line
2025_12_NYG_DET,2025,REG,12,2025-11-23,Sunday,13:00,NYG,27.0,DET,34.0,Home,7.0,61.0,1,2025112303,60011,,202511230det,28586,401772888,6902,7,7,675,-1050,14.0,-115,-105,50.5,100,-120,0,dome,fieldturf,,,00-0031503,00-0033106,Jameis Winston,Jared Goff,Brian Daboll,Dan Campbell,Craig Wrolstad,DET00,Ford Field,home,DET,NYG,-14.0,7.0,NFL,2025_12_NYG_DET-DET,14.0,50.5,archived_reference_line
2025_12_NYJ_BAL,2025,REG,12,2025-11-23,Sunday,13:00,NYJ,10.0,BAL,23.0,Home,13.0,33.0,0,2025112300,60008,,202511230rav,28583,401772782,6899,10,7,675,-1050,14.0,-110,-110,44.5,-102,-118,0,outdoors,grass,54,3,00-0028118,00-0034796,Tyrod Taylor,Lamar Jackson,Aaron Glenn,John Harbaugh,Clete Blakeman,BAL00,M&T Bank Stadium,away,NYJ,BAL,14.0,-13.0,NFL,2025_12_NYJ_BAL-NYJ,14.0,44.5,archived_reference_line
2025_12_NYJ_BAL,2025,REG,12,2025-11-23,Sunday,13:00,NYJ,10.0,BAL,23.0,Home,13.0,33.0,0,2025112300,60008,,202511230rav,28583,401772782,6899,10,7,675,-1050,14.0,-110,-110,44.5,-102,-118,0,outdoors,grass,54,3,00-0028118,00-0034796,Tyrod Taylor,Lamar Jackson,Aaron Glenn,John Harbaugh,Clete Blakeman,BAL00,M&T Bank Stadium,home,BAL,NYJ,-14.0,13.0,NFL,2025_12_NYJ_BAL-BAL,14.0,44.5,archived_reference_line
2025_12_PHI_DAL,2025,REG,12,2025-11-23,Sunday,16:25,PHI,21.0,DAL,24.0,Home,3.0,45.0,0,2025112309,60017,,202511230dal,28592,401772890,6908,7,6,-162,136,-3.0,-105,-115,47.5,100,-120,1,closed,matrixturf,,,00-0036389,00-0033077,Jalen Hurts,Dak Prescott,Nick Sirianni,Brian Schottenheimer,Bill Vinovich,DAL00,AT&T Stadium,away,PHI,DAL,-3.0,-3.0,NFL,2025_12_PHI_DAL-PHI,-3.0,47.5,archived_reference_line
2025_12_PHI_DAL,2025,REG,12,2025-11-23,Sunday,16:25,PHI,21.0,DAL,24.0,Home,3.0,45.0,0,2025112309,60017,,202511230dal,28592,401772890,6908,7,6,-162,136,-3.0,-105,-115,47.5,100,-120,1,closed,matrixturf,,,00-0036389,00-0033077,Jalen Hurts,Dak Prescott,Nick Sirianni,Brian Schottenheimer,Bill Vinovich,DAL00,AT&T Stadium,home,DAL,PHI,3.0,3.0,NFL,2025_12_PHI_DAL-DAL,-3.0,47.5,archived_reference_line
2025_12_PIT_CHI,2025,REG,12,2025-11-23,Sunday,13:00,PIT,28.0,CHI,31.0,Home,3.0,59.0,0,2025112301,60009,,202511230chi,28584,401772780,6900,7,7,130,-155,3.0,-115,-105,46.5,-108,-112,0,outdoors,grass,51,3,00-0034771,00-0039918,Mason Rudolph,Caleb Williams,Mike Tomlin,Ben Johnson,John Hussey,CHI98,Soldier Field,away,PIT,CHI,3.0,-3.0,NFL,2025_12_PIT_CHI-PIT,3.0,46.5,archived_reference_line
2025_12_PIT_CHI,2025,REG,12,2025-11-23,Sunday,13:00,PIT,28.0,CHI,31.0,Home,3.0,59.0,0,2025112301,60009,,202511230chi,28584,401772780,6900,7,7,130,-155,3.0,-115,-105,46.5,-108,-112,0,outdoors,grass,51,3,00-0034771,00-0039918,Mason Rudolph,Caleb Williams,Mike Tomlin,Ben Johnson,John Hussey,CHI98,Soldier Field,home,CHI,PIT,-3.0,3.0,NFL,2025_12_PIT_CHI-CHI,3.0,46.5,archived_reference_line
2025_12_SEA_TEN,2025,REG,12,2025-11-23,Sunday,13:00,SEA,30.0,TEN,24.0,Home,-6.0,54.0,0,2025112306,60014,,202511230oti,28589,401772886,6905,7,7,-950,625,-12.5,-115,-105,41.5,-110,-110,0,outdoors,grass,55,1,00-0034869,00-0040676,Sam Darnold,Cam Ward,Mike Macdonald,Brian Callahan,Ron Torbert,NAS00,Nissan Stadium,away,SEA,TEN,-12.5,6.0,NFL,2025_12_SEA_TEN-SEA,-12.5,41.5,archived_reference_line
2025_12_SEA_TEN,2025,REG,12,2025-11-23,Sunday,13:00,SEA,30.0,TEN,24.0,Home,-6.0,54.0,0,2025112306,60014,,202511230oti,28589,401772886,6905,7,7,-950,625,-12.5,-115,-105,41.5,-110,-110,0,outdoors,grass,55,1,00-0034869,00-0040676,Sam Darnold,Cam Ward,Mike Macdonald,Brian Callahan,Ron Torbert,NAS00,Nissan Stadium,home,TEN,SEA,12.5,-6.0,NFL,2025_12_SEA_TEN-TEN,-12.5,41.5,archived_reference_line
2025_12_TB_LA,2025,REG,12,2025-11-23,Sunday,20:20,TB,7.0,LA,34.0,Home,27.0,41.0,0,2025112311,60019,,202511230ram,28594,401772929,6910,7,7,295,-375,7.0,-110,-110,49.5,100,-120,0,dome,matrixturf,,,00-0034855,00-0026498,Baker Mayfield,Matthew Stafford,Todd Bowles,Sean McVay,Clay Martin,LAX01,SoFi Stadium,away,TB,LA,7.0,-27.0,NFL,2025_12_TB_LA-TB,7.0,49.5,archived_reference_line
2025_12_TB_LA,2025,REG,12,2025-11-23,Sunday,20:20,TB,7.0,LA,34.0,Home,27.0,41.0,0,2025112311,60019,,202511230ram,28594,401772929,6910,7,7,295,-375,7.0,-110,-110,49.5,100,-120,0,dome,matrixturf,,,00-0034855,00-0026498,Baker Mayfield,Matthew Stafford,Todd Bowles,Sean McVay,Clay Martin,LAX01,SoFi Stadium,home,LA,TB,-7.0,27.0,NFL,2025_12_TB_LA-LA,7.0,49.5,archived_reference_line
2025_13_ARI_TB,2025,REG,13,2025-11-30,Sunday,13:00,ARI,17.0,TB,20.0,Home,3.0,37.0,0,2025113005,60030,,202511300tam,28605,401772895,6921,7,7,164,-198,4.5,-115,-105,44.5,-108,-112,0,outdoors,grass,80,8,00-0033119,00-0034855,Jacoby Brissett,Baker Mayfield,Jonathan Gannon,Todd Bowles,Bill Vinovich,TAM00,Raymond James Stadium,away,ARI,TB,4.5,-3.0,NFL,2025_13_ARI_TB-ARI,4.5,44.5,archived_reference_line
2025_13_ARI_TB,2025,REG,13,2025-11-30,Sunday,13:00,ARI,17.0,TB,20.0,Home,3.0,37.0,0,2025113005,60030,,202511300tam,28605,401772895,6921,7,7,164,-198,4.5,-115,-105,44.5,-108,-112,0,outdoors,grass,80,8,00-0033119,00-0034855,Jacoby Brissett,Baker Mayfield,Jonathan Gannon,Todd Bowles,Bill Vinovich,TAM00,Raymond James Stadium,home,TB,ARI,-4.5,3.0,NFL,2025_13_ARI_TB-TB,4.5,44.5,archived_reference_line
2025_13_ATL_NYJ,2025,REG,13,2025-11-30,Sunday,13:00,ATL,24.0,NYJ,27.0,Home,3.0,51.0,0,2025113004,60029,,202511300nyj,28604,401772893,6920,7,7,-166,140,-3.0,-112,-108,38.5,-105,-115,0,outdoors,fieldturf,43,8,00-0029604,00-0028118,Kirk Cousins,Tyrod Taylor,Raheem Morris,Aaron Glenn,Shawn Hochuli,NYC01,MetLife Stadium,away,ATL,NYJ,-3.0,-3.0,NFL,2025_13_ATL_NYJ-ATL,-3.0,38.5,archived_reference_line
2025_13_ATL_NYJ,2025,REG,13,2025-11-30,Sunday,13:00,ATL,24.0,NYJ,27.0,Home,3.0,51.0,0,2025113004,60029,,202511300nyj,28604,401772893,6920,7,7,-166,140,-3.0,-112,-108,38.5,-105,-115,0,outdoors,fieldturf,43,8,00-0029604,00-0028118,Kirk Cousins,Tyrod Taylor,Raheem Morris,Aaron Glenn,Shawn Hochuli,NYC01,MetLife Stadium,home,NYJ,ATL,3.0,3.0,NFL,2025_13_ATL_NYJ-NYJ,-3.0,38.5,archived_reference_line
2025_13_BUF_PIT,2025,REG,13,2025-11-30,Sunday,16:25,BUF,26.0,PIT,7.0,Home,-19.0,33.0,0,2025113009,60034,,202511300pit,28609,401772789,6925,10,7,-166,140,-3.0,-115,-105,44.5,-112,-108,0,outdoors,grass,34,16,00-0034857,00-0023459,Josh Allen,Aaron Rodgers,Sean McDermott,Mike Tomlin,Alex Kemp,PIT00,Acrisure Stadium,away,BUF,PIT,-3.0,19.0,NFL,2025_13_BUF_PIT-BUF,-3.0,44.5,archived_reference_line
2025_13_BUF_PIT,2025,REG,13,2025-11-30,Sunday,16:25,BUF,26.0,PIT,7.0,Home,-19.0,33.0,0,2025113009,60034,,202511300pit,28609,401772789,6925,10,7,-166,140,-3.0,-115,-105,44.5,-112,-108,0,outdoors,grass,34,16,00-0034857,00-0023459,Josh Allen,Aaron Rodgers,Sean McDermott,Mike Tomlin,Alex Kemp,PIT00,Acrisure Stadium,home,PIT,BUF,3.0,-19.0,NFL,2025_13_BUF_PIT-PIT,-3.0,44.5,archived_reference_line
2025_13_CHI_PHI,2025,REG,13,2025-11-28,Friday,15:00,CHI,24.0,PHI,15.0,Home,-9.0,39.0,0,2025112800,60024,,202511280phi,28599,401772621,6915,5,5,270,-340,7.0,-105,-115,43.5,-115,-105,0,outdoors,grass,42,18,00-0039918,00-0036389,Caleb Williams,Jalen Hurts,Ben Johnson,Nick Sirianni,Carl Cheffers,PHI00,Lincoln Financial Field,away,CHI,PHI,7.0,9.0,NFL,2025_13_CHI_PHI-CHI,7.0,43.5,archived_reference_line
2025_13_CHI_PHI,2025,REG,13,2025-11-28,Friday,15:00,CHI,24.0,PHI,15.0,Home,-9.0,39.0,0,2025112800,60024,,202511280phi,28599,401772621,6915,5,5,270,-340,7.0,-105,-115,43.5,-115,-105,0,outdoors,grass,42,18,00-0039918,00-0036389,Caleb Williams,Jalen Hurts,Ben Johnson,Nick Sirianni,Carl Cheffers,PHI00,Lincoln Financial Field,home,PHI,CHI,-7.0,-9.0,NFL,2025_13_CHI_PHI-PHI,7.0,43.5,archived_reference_line
2025_13_CIN_BAL,2025,REG,13,2025-11-27,Thursday,20:20,CIN,32.0,BAL,14.0,Home,-18.0,46.0,0,2025112702,60023,,202511270rav,28598,401772930,6914,4,4,295,-375,7.0,100,-120,52.5,-115,-105,1,outdoors,grass,38,11,00-0036442,00-0034796,Joe Burrow,Lamar Jackson,Zac Taylor,John Harbaugh,Craig Wrolstad,BAL00,M&T Bank Stadium,away,CIN,BAL,7.0,18.0,NFL,2025_13_CIN_BAL-CIN,7.0,52.5,archived_reference_line
2025_13_CIN_BAL,2025,REG,13,2025-11-27,Thursday,20:20,CIN,32.0,BAL,14.0,Home,-18.0,46.0,0,2025112702,60023,,202511270rav,28598,401772930,6914,4,4,295,-375,7.0,100,-120,52.5,-115,-105,1,outdoors,grass,38,11,00-0036442,00-0034796,Joe Burrow,Lamar Jackson,Zac Taylor,John Harbaugh,Craig Wrolstad,BAL00,M&T Bank Stadium,home,BAL,CIN,-7.0,-18.0,NFL,2025_13_CIN_BAL-BAL,7.0,52.5,archived_reference_line
2025_13_DEN_WAS,2025,REG,13,2025-11-30,Sunday,20:20,DEN,27.0,WAS,26.0,Home,-1.0,53.0,1,2025113010,60035,,202511300was,28610,401772931,6926,14,14,-310,250,-6.5,-105,-115,43.5,-112,-108,0,outdoors,grass,40,13,00-0039732,00-0032268,Bo Nix,Marcus Mariota,Sean Payton,Dan Quinn,Land Clark,WAS00,FedExField,away,DEN,WAS,-6.5,1.0,NFL,2025_13_DEN_WAS-DEN,-6.5,43.5,archived_reference_line
2025_13_DEN_WAS,2025,REG,13,2025-11-30,Sunday,20:20,DEN,27.0,WAS,26.0,Home,-1.0,53.0,1,2025113010,60035,,202511300was,28610,401772931,6926,14,14,-310,250,-6.5,-105,-115,43.5,-112,-108,0,outdoors,grass,40,13,00-0039732,00-0032268,Bo Nix,Marcus Mariota,Sean Payton,Dan Quinn,Land Clark,WAS00,FedExField,home,WAS,DEN,6.5,-1.0,NFL,2025_13_DEN_WAS-WAS,-6.5,43.5,archived_reference_line
2025_13_GB_DET,2025,REG,13,2025-11-27,Thursday,13:00,GB,31.0,DET,24.0,Home,-7.0,55.0,0,2025112700,60021,,202511270det,28596,401772891,6912,4,4,130,-155,2.5,105,-125,48.5,-110,-110,1,dome,fieldturf,,,00-0036264,00-0033106,Jordan Love,Jared Goff,Matt LaFleur,Dan Campbell,Ron Torbert,DET00,Ford Field,away,GB,DET,2.5,7.0,NFL,2025_13_GB_DET-GB,2.5,48.5,archived_reference_line
2025_13_GB_DET,2025,REG,13,2025-11-27,Thursday,13:00,GB,31.0,DET,24.0,Home,-7.0,55.0,0,2025112700,60021,,202511270det,28596,401772891,6912,4,4,130,-155,2.5,105,-125,48.5,-110,-110,1,dome,fieldturf,,,00-0036264,00-0033106,Jordan Love,Jared Goff,Matt LaFleur,Dan Campbell,Ron Torbert,DET00,Ford Field,home,DET,GB,-2.5,-7.0,NFL,2025_13_GB_DET-DET,2.5,48.5,archived_reference_line
2025_13_HOU_IND,2025,REG,13,2025-11-30,Sunday,13:00,HOU,20.0,IND,16.0,Home,-4.0,36.0,0,2025113002,60027,,202511300clt,28602,401772787,6918,10,7,142,-170,3.0,-105,-115,44.5,-112,-108,1,closed,fieldturf,,,00-0039163,00-0035710,C.J. Stroud,Daniel Jones,DeMeco Ryans,Shane Steichen,Clay Martin,IND00,Lucas Oil Stadium,away,HOU,IND,3.0,4.0,NFL,2025_13_HOU_IND-HOU,3.0,44.5,archived_reference_line
2025_13_HOU_IND,2025,REG,13,2025-11-30,Sunday,13:00,HOU,20.0,IND,16.0,Home,-4.0,36.0,0,2025113002,60027,,202511300clt,28602,401772787,6918,10,7,142,-170,3.0,-105,-115,44.5,-112,-108,1,closed,fieldturf,,,00-0039163,00-0035710,C.J. Stroud,Daniel Jones,DeMeco Ryans,Shane Steichen,Clay Martin,IND00,Lucas Oil Stadium,home,IND,HOU,-3.0,-4.0,NFL,2025_13_HOU_IND-IND,3.0,44.5,archived_reference_line
2025_13_JAX_TEN,2025,REG,13,2025-11-30,Sunday,13:00,JAX,25.0,TEN,3.0,Home,-22.0,28.0,0,2025113006,60031,,202511300oti,28606,401772786,6922,7,7,-270,220,-6.0,-108,-112,42.5,-105,-115,1,outdoors,grass,38,7,00-0036971,00-0040676,Trevor Lawrence,Cam Ward,Liam Coen,Brian Callahan,Brad Rogers,NAS00,Nissan Stadium,away,JAX,TEN,-6.0,22.0,NFL,2025_13_JAX_TEN-JAX,-6.0,42.5,archived_reference_line
2025_13_JAX_TEN,2025,REG,13,2025-11-30,Sunday,13:00,JAX,25.0,TEN,3.0,Home,-22.0,28.0,0,2025113006,60031,,202511300oti,28606,401772786,6922,7,7,-270,220,-6.0,-108,-112,42.5,-105,-115,1,outdoors,grass,38,7,00-0036971,00-0040676,Trevor Lawrence,Cam Ward,Liam Coen,Brian Callahan,Brad Rogers,NAS00,Nissan Stadium,home,TEN,JAX,6.0,-22.0,NFL,2025_13_JAX_TEN-TEN,-6.0,42.5,archived_reference_line
2025_13_KC_DAL,2025,REG,13,2025-11-27,Thursday,16:30,KC,28.0,DAL,31.0,Home,3.0,59.0,0,2025112701,60022,,202511270dal,28597,401772694,6913,4,4,-185,154,-3.5,-105,-115,53.5,-110,-110,0,closed,matrixturf,,,00-0033873,00-0033077,Patrick Mahomes,Dak Prescott,Andy Reid,Brian Schottenheimer,John Hussey,DAL00,AT&T Stadium,away,KC,DAL,-3.5,-3.0,NFL,2025_13_KC_DAL-KC,-3.5,53.5,archived_reference_line
2025_13_KC_DAL,2025,REG,13,2025-11-27,Thursday,16:30,KC,28.0,DAL,31.0,Home,3.0,59.0,0,2025112701,60022,,202511270dal,28597,401772694,6913,4,4,-185,154,-3.5,-105,-115,53.5,-110,-110,0,closed,matrixturf,,,00-0033873,00-0033077,Patrick Mahomes,Dak Prescott,Andy Reid,Brian Schottenheimer,John Hussey,DAL00,AT&T Stadium,home,DAL,KC,3.5,3.0,NFL,2025_13_KC_DAL-DAL,-3.5,53.5,archived_reference_line
2025_13_LA_CAR,2025,REG,13,2025-11-30,Sunday,13:00,LA,28.0,CAR,31.0,Home,3.0,59.0,0,2025113000,60025,,202511300car,28600,401772894,6916,7,6,-575,425,-10.0,-110,-110,44.5,-105,-115,0,outdoors,grass,45,3,00-0026498,00-0039150,Matthew Stafford,Bryce Young,Sean McVay,Dave Canales,Scott Novak,CAR00,Bank of America Stadium,away,LA,CAR,-10.0,-3.0,NFL,2025_13_LA_CAR-LA,-10.0,44.5,archived_reference_line
2025_13_LA_CAR,2025,REG,13,2025-11-30,Sunday,13:00,LA,28.0,CAR,31.0,Home,3.0,59.0,0,2025113000,60025,,202511300car,28600,401772894,6916,7,6,-575,425,-10.0,-110,-110,44.5,-105,-115,0,outdoors,grass,45,3,00-0026498,00-0039150,Matthew Stafford,Bryce Young,Sean McVay,Dave Canales,Scott Novak,CAR00,Bank of America Stadium,home,CAR,LA,10.0,3.0,NFL,2025_13_LA_CAR-CAR,-10.0,44.5,archived_reference_line
2025_13_LV_LAC,2025,REG,13,2025-11-30,Sunday,16:25,LV,14.0,LAC,31.0,Home,17.0,45.0,0,2025113008,60033,,202511300sdg,28607,401772788,6924,7,14,440,-600,10.0,-115,-105,40.5,-108,-112,1,dome,matrixturf,,,00-0030565,00-0036355,Geno Smith,Justin Herbert,Pete Carroll,Jim Harbaugh,Alex Moore,LAX01,SoFi Stadium,away,LV,LAC,10.0,-17.0,NFL,2025_13_LV_LAC-LV,10.0,40.5,archived_reference_line
2025_13_LV_LAC,2025,REG,13,2025-11-30,Sunday,16:25,LV,14.0,LAC,31.0,Home,17.0,45.0,0,2025113008,60033,,202511300sdg,28607,401772788,6924,7,14,440,-600,10.0,-115,-105,40.5,-108,-112,1,dome,matrixturf,,,00-0030565,00-0036355,Geno Smith,Justin Herbert,Pete Carroll,Jim Harbaugh,Alex Moore,LAX01,SoFi Stadium,home,LAC,LV,-10.0,17.0,NFL,2025_13_LV_LAC-LAC,10.0,40.5,archived_reference_line
2025_13_MIN_SEA,2025,REG,13,2025-11-30,Sunday,16:05,MIN,0.0,SEA,26.0,Home,26.0,26.0,0,2025113007,60032,,202511300sea,28608,401772896,6923,7,7,600,-900,12.5,-110,-110,42.5,-110,-110,0,outdoors,fieldturf,45,2,00-0040494,00-0034869,Max Brosmer,Sam Darnold,Kevin O'Connell,Mike Macdonald,Clete Blakeman,SEA00,Lumen Field,away,MIN,SEA,12.5,-26.0,NFL,2025_13_MIN_SEA-MIN,12.5,42.5,archived_reference_line
2025_13_MIN_SEA,2025,REG,13,2025-11-30,Sunday,16:05,MIN,0.0,SEA,26.0,Home,26.0,26.0,0,2025113007,60032,,202511300sea,28608,401772896,6923,7,7,600,-900,12.5,-110,-110,42.5,-110,-110,0,outdoors,fieldturf,45,2,00-0040494,00-0034869,Max Brosmer,Sam Darnold,Kevin O'Connell,Mike Macdonald,Clete Blakeman,SEA00,Lumen Field,home,SEA,MIN,-12.5,26.0,NFL,2025_13_MIN_SEA-SEA,12.5,42.5,archived_reference_line
2025_13_NO_MIA,2025,REG,13,2025-11-30,Sunday,13:00,NO,17.0,MIA,21.0,Home,4.0,38.0,0,2025113003,60028,,202511300mia,28603,401772892,6919,7,14,205,-250,5.5,-110,-110,41.5,-105,-115,0,outdoors,grass,76,10,00-0040743,00-0036212,Tyler Shough,Tua Tagovailoa,Kellen Moore,Mike McDaniel,Alan Eck,MIA00,Hard Rock Stadium,away,NO,MIA,5.5,-4.0,NFL,2025_13_NO_MIA-NO,5.5,41.5,archived_reference_line
2025_13_NO_MIA,2025,REG,13,2025-11-30,Sunday,13:00,NO,17.0,MIA,21.0,Home,4.0,38.0,0,2025113003,60028,,202511300mia,28603,401772892,6919,7,14,205,-250,5.5,-110,-110,41.5,-105,-115,0,outdoors,grass,76,10,00-0040743,00-0036212,Tyler Shough,Tua Tagovailoa,Kellen Moore,Mike McDaniel,Alan Eck,MIA00,Hard Rock Stadium,home,MIA,NO,-5.5,4.0,NFL,2025_13_NO_MIA-MIA,5.5,41.5,archived_reference_line
2025_13_NYG_NE,2025,REG,13,2025-12-01,Monday,20:15,NYG,15.0,NE,33.0,Home,18.0,48.0,0,2025120100,60036,,202512010nwe,28611,401772821,6927,8,8,295,-375,7.0,-105,-115,46.5,-105,-115,0,outdoors,fieldturf,30,5,00-0040691,00-0039851,Jaxson Dart,Drake Maye,Brian Daboll,Mike Vrabel,Alex Kemp,BOS00,Gillette Stadium,away,NYG,NE,7.0,-18.0,NFL,2025_13_NYG_NE-NYG,7.0,46.5,archived_reference_line
2025_13_NYG_NE,2025,REG,13,2025-12-01,Monday,20:15,NYG,15.0,NE,33.0,Home,18.0,48.0,0,2025120100,60036,,202512010nwe,28611,401772821,6927,8,8,295,-375,7.0,-105,-115,46.5,-105,-115,0,outdoors,fieldturf,30,5,00-0040691,00-0039851,Jaxson Dart,Drake Maye,Brian Daboll,Mike Vrabel,Alex Kemp,BOS00,Gillette Stadium,home,NE,NYG,-7.0,18.0,NFL,2025_13_NYG_NE-NE,7.0,46.5,archived_reference_line
2025_13_SF_CLE,2025,REG,13,2025-11-30,Sunday,13:00,SF,26.0,CLE,8.0,Home,-18.0,34.0,0,2025113001,60026,,202511300cle,28601,401772785,6917,6,7,-250,205,-5.5,-108,-112,35.5,-112,-108,0,outdoors,grass,35,20,00-0037834,00-0040668,Brock Purdy,Shedeur Sanders,Kyle Shanahan,Kevin Stefanski,Brad Allen,CLE00,FirstEnergy Stadium,away,SF,CLE,-5.5,18.0,NFL,2025_13_SF_CLE-SF,-5.5,35.5,archived_reference_line
2025_13_SF_CLE,2025,REG,13,2025-11-30,Sunday,13:00,SF,26.0,CLE,8.0,Home,-18.0,34.0,0,2025113001,60026,,202511300cle,28601,401772785,6917,6,7,-250,205,-5.5,-108,-112,35.5,-112,-108,0,outdoors,grass,35,20,00-0037834,00-0040668,Brock Purdy,Shedeur Sanders,Kyle Shanahan,Kevin Stefanski,Brad Allen,CLE00,FirstEnergy Stadium,home,CLE,SF,5.5,-18.0,NFL,2025_13_SF_CLE-CLE,-5.5,35.5,archived_reference_line
2025_14_CHI_GB,2025,REG,14,2025-12-07,Sunday,16:25,CHI,21.0,GB,28.0,Home,7.0,49.0,0,2025120703,60041,,202512070gnb,28616,401772897,6932,9,10,245,-305,6.5,-105,-115,44.5,-115,-105,1,outdoors,grass,16,9,00-0039918,00-0036264,Caleb Williams,Jordan Love,Ben Johnson,Matt LaFleur,Craig Wrolstad,GNB00,Lambeau Field,away,CHI,GB,6.5,-7.0,NFL,2025_14_CHI_GB-CHI,6.5,44.5,archived_reference_line
2025_14_CHI_GB,2025,REG,14,2025-12-07,Sunday,16:25,CHI,21.0,GB,28.0,Home,7.0,49.0,0,2025120703,60041,,202512070gnb,28616,401772897,6932,9,10,245,-305,6.5,-105,-115,44.5,-115,-105,1,outdoors,grass,16,9,00-0039918,00-0036264,Caleb Williams,Jordan Love,Ben Johnson,Matt LaFleur,Craig Wrolstad,GNB00,Lambeau Field,home,GB,CHI,-6.5,7.0,NFL,2025_14_CHI_GB-GB,6.5,44.5,archived_reference_line
2025_14_CIN_BUF,2025,REG,14,2025-12-07,Sunday,13:00,CIN,34.0,BUF,39.0,Home,5.0,73.0,0,2025120710,60048,,202512070buf,28623,401772902,6939,10,7,230,-285,6.0,-108,-112,54.5,-108,-112,0,outdoors,a_turf,31,12,00-0036442,00-0034857,Joe Burrow,Josh Allen,Zac Taylor,Sean McDermott,Brad Rogers,BUF00,New Era Field,away,CIN,BUF,6.0,-5.0,NFL,2025_14_CIN_BUF-CIN,6.0,54.5,archived_reference_line
2025_14_CIN_BUF,2025,REG,14,2025-12-07,Sunday,13:00,CIN,34.0,BUF,39.0,Home,5.0,73.0,0,2025120710,60048,,202512070buf,28623,401772902,6939,10,7,230,-285,6.0,-108,-112,54.5,-108,-112,0,outdoors,a_turf,31,12,00-0036442,00-0034857,Joe Burrow,Josh Allen,Zac Taylor,Sean McDermott,Brad Rogers,BUF00,New Era Field,home,BUF,CIN,-6.0,5.0,NFL,2025_14_CIN_BUF-BUF,6.0,54.5,archived_reference_line
2025_14_DAL_DET,2025,REG,14,2025-12-04,Thursday,20:15,DAL,30.0,DET,44.0,Home,14.0,74.0,0,2025120400,60037,,202512040det,28612,401772947,6928,7,7,160,-192,3.5,-110,-110,55.5,-110,-110,0,dome,fieldturf,,,00-0033077,00-0033106,Dak Prescott,Jared Goff,Brian Schottenheimer,Dan Campbell,Shawn Hochuli,DET00,Ford Field,away,DAL,DET,3.5,-14.0,NFL,2025_14_DAL_DET-DAL,3.5,55.5,archived_reference_line
2025_14_DAL_DET,2025,REG,14,2025-12-04,Thursday,20:15,DAL,30.0,DET,44.0,Home,14.0,74.0,0,2025120400,60037,,202512040det,28612,401772947,6928,7,7,160,-192,3.5,-110,-110,55.5,-110,-110,0,dome,fieldturf,,,00-0033077,00-0033106,Dak Prescott,Jared Goff,Brian Schottenheimer,Dan Campbell,Shawn Hochuli,DET00,Ford Field,home,DET,DAL,-3.5,14.0,NFL,2025_14_DAL_DET-DET,3.5,55.5,archived_reference_line
2025_14_DEN_LV,2025,REG,14,2025-12-07,Sunday,16:05,DEN,24.0,LV,17.0,Home,-7.0,41.0,0,2025120708,60046,,202512070rai,28621,401772794,6937,7,7,-470,360,-8.5,-110,-110,40.5,-115,-105,1,dome,grass,,,00-0039732,00-0030565,Bo Nix,Geno Smith,Sean Payton,Pete Carroll,Shawn Smith,VEG00,Allegiant Stadium,away,DEN,LV,-8.5,7.0,NFL,2025_14_DEN_LV-DEN,-8.5,40.5,archived_reference_line
2025_14_DEN_LV,2025,REG,14,2025-12-07,Sunday,16:05,DEN,24.0,LV,17.0,Home,-7.0,41.0,0,2025120708,60046,,202512070rai,28621,401772794,6937,7,7,-470,360,-8.5,-110,-110,40.5,-115,-105,1,dome,grass,,,00-0039732,00-0030565,Bo Nix,Geno Smith,Sean Payton,Pete Carroll,Shawn Smith,VEG00,Allegiant Stadium,home,LV,DEN,8.5,-7.0,NFL,2025_14_DEN_LV-LV,-8.5,40.5,archived_reference_line
2025_14_HOU_KC,2025,REG,14,2025-12-07,Sunday,20:20,HOU,20.0,KC,10.0,Home,-10.0,30.0,0,2025120711,60049,,202512070kan,28624,401772932,6940,7,10,180,-218,4.5,-115,-105,41.5,-110,-110,0,outdoors,grass,27,8,00-0039163,00-0033873,C.J. Stroud,Patrick Mahomes,DeMeco Ryans,Andy Reid,Alan Eck,KAN00,GEHA Field at Arrowhead Stadium,away,HOU,KC,4.5,10.0,NFL,2025_14_HOU_KC-HOU,4.5,41.5,archived_reference_line
2025_14_HOU_KC,2025,REG,14,2025-12-07,Sunday,20:20,HOU,20.0,KC,10.0,Home,-10.0,30.0,0,2025120711,60049,,202512070kan,28624,401772932,6940,7,10,180,-218,4.5,-115,-105,41.5,-110,-110,0,outdoors,grass,27,8,00-0039163,00-0033873,C.J. Stroud,Patrick Mahomes,DeMeco Ryans,Andy Reid,Alan Eck,KAN00,GEHA Field at Arrowhead Stadium,home,KC,HOU,-4.5,-10.0,NFL,2025_14_HOU_KC-KC,4.5,41.5,archived_reference_line
2025_14_IND_JAX,2025,REG,14,2025-12-07,Sunday,13:00,IND,19.0,JAX,36.0,Home,17.0,55.0,0,2025120704,60042,,202512070jax,28617,401772793,6933,7,7,-135,114,-2.5,-112,-108,44.5,-105,-115,1,outdoors,grass,61,7,00-0035710,00-0036971,Daniel Jones,Trevor Lawrence,Shane Steichen,Liam Coen,John Hussey,JAX00,TIAA Bank Stadium,away,IND,JAX,-2.5,-17.0,NFL,2025_14_IND_JAX-IND,-2.5,44.5,archived_reference_line
2025_14_IND_JAX,2025,REG,14,2025-12-07,Sunday,13:00,IND,19.0,JAX,36.0,Home,17.0,55.0,0,2025120704,60042,,202512070jax,28617,401772793,6933,7,7,-135,114,-2.5,-112,-108,44.5,-105,-115,1,outdoors,grass,61,7,00-0035710,00-0036971,Daniel Jones,Trevor Lawrence,Shane Steichen,Liam Coen,John Hussey,JAX00,TIAA Bank Stadium,home,JAX,IND,2.5,17.0,NFL,2025_14_IND_JAX-JAX,-2.5,44.5,archived_reference_line
2025_14_LA_ARI,2025,REG,14,2025-12-07,Sunday,16:25,LA,45.0,ARI,17.0,Home,-28.0,62.0,0,2025120709,60047,,202512070crd,28622,401772901,6938,7,7,-500,380,-9.5,-110,-110,49.5,-110,-110,1,closed,grass,,,00-0026498,00-0033119,Matthew Stafford,Jacoby Brissett,Sean McVay,Jonathan Gannon,Ron Torbert,PHO00,State Farm Stadium,away,LA,ARI,-9.5,28.0,NFL,2025_14_LA_ARI-LA,-9.5,49.5,archived_reference_line
2025_14_LA_ARI,2025,REG,14,2025-12-07,Sunday,16:25,LA,45.0,ARI,17.0,Home,-28.0,62.0,0,2025120709,60047,,202512070crd,28622,401772901,6938,7,7,-500,380,-9.5,-110,-110,49.5,-110,-110,1,closed,grass,,,00-0026498,00-0033119,Matthew Stafford,Jacoby Brissett,Sean McVay,Jonathan Gannon,Ron Torbert,PHO00,State Farm Stadium,home,ARI,LA,9.5,-28.0,NFL,2025_14_LA_ARI-ARI,-9.5,49.5,archived_reference_line
2025_14_MIA_NYJ,2025,REG,14,2025-12-07,Sunday,13:00,MIA,34.0,NYJ,10.0,Home,-24.0,44.0,0,2025120706,60044,,202512070nyj,28619,401772790,6935,7,7,-148,124,-2.5,-115,-105,41.5,-112,-108,1,outdoors,fieldturf,41,6,00-0036212,00-0028118,Tua Tagovailoa,Tyrod Taylor,Mike McDaniel,Aaron Glenn,Bill Vinovich,NYC01,MetLife Stadium,away,MIA,NYJ,-2.5,24.0,NFL,2025_14_MIA_NYJ-MIA,-2.5,41.5,archived_reference_line
2025_14_MIA_NYJ,2025,REG,14,2025-12-07,Sunday,13:00,MIA,34.0,NYJ,10.0,Home,-24.0,44.0,0,2025120706,60044,,202512070nyj,28619,401772790,6935,7,7,-148,124,-2.5,-115,-105,41.5,-112,-108,1,outdoors,fieldturf,41,6,00-0036212,00-0028118,Tua Tagovailoa,Tyrod Taylor,Mike McDaniel,Aaron Glenn,Bill Vinovich,NYC01,MetLife Stadium,home,NYJ,MIA,2.5,-24.0,NFL,2025_14_MIA_NYJ-NYJ,-2.5,41.5,archived_reference_line
2025_14_NO_TB,2025,REG,14,2025-12-07,Sunday,13:00,NO,24.0,TB,20.0,Home,-4.0,44.0,0,2025120707,60045,,202512070tam,28620,401772792,6936,7,7,330,-425,7.5,-102,-118,41.5,-105,-115,1,outdoors,grass,73,6,00-0040743,00-0034855,Tyler Shough,Baker Mayfield,Kellen Moore,Todd Bowles,Clete Blakeman,TAM00,Raymond James Stadium,away,NO,TB,7.5,4.0,NFL,2025_14_NO_TB-NO,7.5,41.5,archived_reference_line
2025_14_NO_TB,2025,REG,14,2025-12-07,Sunday,13:00,NO,24.0,TB,20.0,Home,-4.0,44.0,0,2025120707,60045,,202512070tam,28620,401772792,6936,7,7,330,-425,7.5,-102,-118,41.5,-105,-115,1,outdoors,grass,73,6,00-0040743,00-0034855,Tyler Shough,Baker Mayfield,Kellen Moore,Todd Bowles,Clete Blakeman,TAM00,Raymond James Stadium,home,TB,NO,-7.5,-4.0,NFL,2025_14_NO_TB-TB,7.5,41.5,archived_reference_line
2025_14_PHI_LAC,2025,REG,14,2025-12-08,Monday,20:15,PHI,19.0,LAC,22.0,Home,3.0,41.0,1,2025120800,60050,,202512080sdg,28625,401772822,6941,10,8,-120,100,-1.5,-105,-115,41.5,-105,-115,0,dome,matrixturf,,,00-0036389,00-0036355,Jalen Hurts,Justin Herbert,Nick Sirianni,Jim Harbaugh,Scott Novak,LAX01,SoFi Stadium,away,PHI,LAC,-1.5,-3.0,NFL,2025_14_PHI_LAC-PHI,-1.5,41.5,archived_reference_line
2025_14_PHI_LAC,2025,REG,14,2025-12-08,Monday,20:15,PHI,19.0,LAC,22.0,Home,3.0,41.0,1,2025120800,60050,,202512080sdg,28625,401772822,6941,10,8,-120,100,-1.5,-105,-115,41.5,-105,-115,0,dome,matrixturf,,,00-0036389,00-0036355,Jalen Hurts,Justin Herbert,Nick Sirianni,Jim Harbaugh,Scott Novak,LAX01,SoFi Stadium,home,LAC,PHI,1.5,3.0,NFL,2025_14_PHI_LAC-LAC,-1.5,41.5,archived_reference_line
2025_14_PIT_BAL,2025,REG,14,2025-12-07,Sunday,13:00,PIT,27.0,BAL,22.0,Home,-5.0,49.0,0,2025120701,60039,,202512070rav,28614,401772791,6930,7,10,220,-270,5.5,100,-120,43.5,-105,-115,1,outdoors,grass,44,6,00-0023459,00-0034796,Aaron Rodgers,Lamar Jackson,Mike Tomlin,John Harbaugh,Alex Moore,BAL00,M&T Bank Stadium,away,PIT,BAL,5.5,5.0,NFL,2025_14_PIT_BAL-PIT,5.5,43.5,archived_reference_line
2025_14_PIT_BAL,2025,REG,14,2025-12-07,Sunday,13:00,PIT,27.0,BAL,22.0,Home,-5.0,49.0,0,2025120701,60039,,202512070rav,28614,401772791,6930,7,10,220,-270,5.5,100,-120,43.5,-105,-115,1,outdoors,grass,44,6,00-0023459,00-0034796,Aaron Rodgers,Lamar Jackson,Mike Tomlin,John Harbaugh,Alex Moore,BAL00,M&T Bank Stadium,home,BAL,PIT,-5.5,-5.0,NFL,2025_14_PIT_BAL-BAL,5.5,43.5,archived_reference_line
2025_14_SEA_ATL,2025,REG,14,2025-12-07,Sunday,13:00,SEA,37.0,ATL,9.0,Home,-28.0,46.0,0,2025120700,60038,,202512070atl,28613,401772900,6929,7,7,-355,280,-7.0,100,-120,44.5,-108,-112,0,closed,fieldturf,,,00-0034869,00-0029604,Sam Darnold,Kirk Cousins,Mike Macdonald,Raheem Morris,Alex Kemp,ATL97,Mercedes-Benz Stadium,away,SEA,ATL,-7.0,28.0,NFL,2025_14_SEA_ATL-SEA,-7.0,44.5,archived_reference_line
2025_14_SEA_ATL,2025,REG,14,2025-12-07,Sunday,13:00,SEA,37.0,ATL,9.0,Home,-28.0,46.0,0,2025120700,60038,,202512070atl,28613,401772900,6929,7,7,-355,280,-7.0,100,-120,44.5,-108,-112,0,closed,fieldturf,,,00-0034869,00-0029604,Sam Darnold,Kirk Cousins,Mike Macdonald,Raheem Morris,Alex Kemp,ATL97,Mercedes-Benz Stadium,home,ATL,SEA,7.0,-28.0,NFL,2025_14_SEA_ATL-ATL,-7.0,44.5,archived_reference_line
2025_14_TEN_CLE,2025,REG,14,2025-12-07,Sunday,13:00,TEN,31.0,CLE,29.0,Home,-2.0,60.0,0,2025120702,60040,,202512070cle,28615,401772898,6931,7,7,170,-205,4.5,-120,100,33.5,-105,-115,0,outdoors,grass,33,6,00-0040676,00-0040668,Cam Ward,Shedeur Sanders,Brian Callahan,Kevin Stefanski,Carl Cheffers,CLE00,FirstEnergy Stadium,away,TEN,CLE,4.5,2.0,NFL,2025_14_TEN_CLE-TEN,4.5,33.5,archived_reference_line
2025_14_TEN_CLE,2025,REG,14,2025-12-07,Sunday,13:00,TEN,31.0,CLE,29.0,Home,-2.0,60.0,0,2025120702,60040,,202512070cle,28615,401772898,6931,7,7,170,-205,4.5,-120,100,33.5,-105,-115,0,outdoors,grass,33,6,00-0040676,00-0040668,Cam Ward,Shedeur Sanders,Brian Callahan,Kevin Stefanski,Carl Cheffers,CLE00,FirstEnergy Stadium,home,CLE,TEN,-4.5,-2.0,NFL,2025_14_TEN_CLE-CLE,4.5,33.5,archived_reference_line
2025_14_WAS_MIN,2025,REG,14,2025-12-07,Sunday,13:00,WAS,0.0,MIN,31.0,Home,31.0,31.0,0,2025120705,60043,,202512070min,28618,401772899,6934,7,7,-115,-105,-1.5,-102,-118,43.5,-102,-118,0,dome,sportturf,,,00-0032268,00-0039923,Marcus Mariota,J.J. McCarthy,Dan Quinn,Kevin O'Connell,Brad Allen,MIN01,U.S. Bank Stadium,away,WAS,MIN,-1.5,-31.0,NFL,2025_14_WAS_MIN-WAS,-1.5,43.5,archived_reference_line
2025_14_WAS_MIN,2025,REG,14,2025-12-07,Sunday,13:00,WAS,0.0,MIN,31.0,Home,31.0,31.0,0,2025120705,60043,,202512070min,28618,401772899,6934,7,7,-115,-105,-1.5,-102,-118,43.5,-102,-118,0,dome,sportturf,,,00-0032268,00-0039923,Marcus Mariota,J.J. McCarthy,Dan Quinn,Kevin O'Connell,Brad Allen,MIN01,U.S. Bank Stadium,home,MIN,WAS,1.5,31.0,NFL,2025_14_WAS_MIN-MIN,-1.5,43.5,archived_reference_line
2025_15_ARI_HOU,2025,REG,15,2025-12-14,Sunday,13:00,ARI,20.0,HOU,40.0,Home,20.0,60.0,0,2025121402,60054,,202512140htx,28629,401772903,6945,7,7,455,-625,10.5,-110,-110,42.5,-112,-108,0,closed,astroturf,,,00-0033119,00-0039163,Jacoby Brissett,C.J. Stroud,Jonathan Gannon,DeMeco Ryans,Clete Blakeman,HOU00,NRG Stadium,away,ARI,HOU,10.5,-20.0,NFL,2025_15_ARI_HOU-ARI,10.5,42.5,archived_reference_line
2025_15_ARI_HOU,2025,REG,15,2025-12-14,Sunday,13:00,ARI,20.0,HOU,40.0,Home,20.0,60.0,0,2025121402,60054,,202512140htx,28629,401772903,6945,7,7,455,-625,10.5,-110,-110,42.5,-112,-108,0,closed,astroturf,,,00-0033119,00-0039163,Jacoby Brissett,C.J. Stroud,Jonathan Gannon,DeMeco Ryans,Clete Blakeman,HOU00,NRG Stadium,home,HOU,ARI,-10.5,20.0,NFL,2025_15_ARI_HOU-HOU,10.5,42.5,archived_reference_line
2025_15_ATL_TB,2025,REG,15,2025-12-11,Thursday,20:15,ATL,29.0,TB,28.0,Home,-1.0,57.0,0,2025121100,60051,,202512110tam,28626,401772948,6942,4,4,225,-278,6.0,-112,-108,43.5,-110,-110,1,outdoors,grass,56,5,00-0029604,00-0034855,Kirk Cousins,Baker Mayfield,Raheem Morris,Todd Bowles,Carl Cheffers,TAM00,Raymond James Stadium,away,ATL,TB,6.0,1.0,NFL,2025_15_ATL_TB-ATL,6.0,43.5,archived_reference_line
2025_15_ATL_TB,2025,REG,15,2025-12-11,Thursday,20:15,ATL,29.0,TB,28.0,Home,-1.0,57.0,0,2025121100,60051,,202512110tam,28626,401772948,6942,4,4,225,-278,6.0,-112,-108,43.5,-110,-110,1,outdoors,grass,56,5,00-0029604,00-0034855,Kirk Cousins,Baker Mayfield,Raheem Morris,Todd Bowles,Carl Cheffers,TAM00,Raymond James Stadium,home,TB,ATL,-6.0,-1.0,NFL,2025_15_ATL_TB-TB,6.0,43.5,archived_reference_line
2025_15_BAL_CIN,2025,REG,15,2025-12-14,Sunday,13:00,BAL,24.0,CIN,0.0,Home,-24.0,24.0,0,2025121401,60053,,202512140cin,28628,401772796,6944,7,7,-162,136,-2.5,-125,105,51.5,-110,-110,1,outdoors,fieldturf,10,7,00-0034796,00-0036442,Lamar Jackson,Joe Burrow,John Harbaugh,Zac Taylor,Brad Allen,CIN00,Paycor Stadium,away,BAL,CIN,-2.5,24.0,NFL,2025_15_BAL_CIN-BAL,-2.5,51.5,archived_reference_line
2025_15_BAL_CIN,2025,REG,15,2025-12-14,Sunday,13:00,BAL,24.0,CIN,0.0,Home,-24.0,24.0,0,2025121401,60053,,202512140cin,28628,401772796,6944,7,7,-162,136,-2.5,-125,105,51.5,-110,-110,1,outdoors,fieldturf,10,7,00-0034796,00-0036442,Lamar Jackson,Joe Burrow,John Harbaugh,Zac Taylor,Brad Allen,CIN00,Paycor Stadium,home,CIN,BAL,2.5,-24.0,NFL,2025_15_BAL_CIN-CIN,-2.5,51.5,archived_reference_line
2025_15_BUF_NE,2025,REG,15,2025-12-14,Sunday,13:00,BUF,35.0,NE,31.0,Home,-4.0,66.0,0,2025121405,60057,,202512140nwe,28632,401772795,6948,7,13,-142,120,-2.5,-110,-110,49.5,-105,-115,1,outdoors,fieldturf,32,6,00-0034857,00-0039851,Josh Allen,Drake Maye,Sean McDermott,Mike Vrabel,John Hussey,BOS00,Gillette Stadium,away,BUF,NE,-2.5,4.0,NFL,2025_15_BUF_NE-BUF,-2.5,49.5,archived_reference_line
2025_15_BUF_NE,2025,REG,15,2025-12-14,Sunday,13:00,BUF,35.0,NE,31.0,Home,-4.0,66.0,0,2025121405,60057,,202512140nwe,28632,401772795,6948,7,13,-142,120,-2.5,-110,-110,49.5,-105,-115,1,outdoors,fieldturf,32,6,00-0034857,00-0039851,Josh Allen,Drake Maye,Sean McDermott,Mike Vrabel,John Hussey,BOS00,Gillette Stadium,home,NE,BUF,2.5,-4.0,NFL,2025_15_BUF_NE-NE,-2.5,49.5,archived_reference_line
2025_15_CAR_NO,2025,REG,15,2025-12-14,Sunday,16:25,CAR,17.0,NO,20.0,Home,3.0,37.0,0,2025121410,60062,,202512140nor,28636,401772908,6953,14,7,-148,124,-2.5,-118,-102,41.5,-108,-112,1,dome,sportturf,,,00-0039150,00-0040743,Bryce Young,Tyler Shough,Dave Canales,Kellen Moore,Alex Moore,NOR00,Mercedes-Benz Superdome,away,CAR,NO,-2.5,-3.0,NFL,2025_15_CAR_NO-CAR,-2.5,41.5,archived_reference_line
2025_15_CAR_NO,2025,REG,15,2025-12-14,Sunday,16:25,CAR,17.0,NO,20.0,Home,3.0,37.0,0,2025121410,60062,,202512140nor,28636,401772908,6953,14,7,-148,124,-2.5,-118,-102,41.5,-108,-112,1,dome,sportturf,,,00-0039150,00-0040743,Bryce Young,Tyler Shough,Dave Canales,Kellen Moore,Alex Moore,NOR00,Mercedes-Benz Superdome,home,NO,CAR,2.5,3.0,NFL,2025_15_CAR_NO-NO,-2.5,41.5,archived_reference_line
2025_15_CLE_CHI,2025,REG,15,2025-12-14,Sunday,13:00,CLE,3.0,CHI,31.0,Home,28.0,34.0,0,2025121400,60052,,202512140chi,28627,401772904,6943,7,7,295,-375,7.5,-112,-108,38.5,-115,-105,0,outdoors,grass,8,6,00-0040668,00-0039918,Shedeur Sanders,Caleb Williams,Kevin Stefanski,Ben Johnson,Ron Torbert,CHI98,Soldier Field,away,CLE,CHI,7.5,-28.0,NFL,2025_15_CLE_CHI-CLE,7.5,38.5,archived_reference_line
2025_15_CLE_CHI,2025,REG,15,2025-12-14,Sunday,13:00,CLE,3.0,CHI,31.0,Home,28.0,34.0,0,2025121400,60052,,202512140chi,28627,401772904,6943,7,7,295,-375,7.5,-112,-108,38.5,-115,-105,0,outdoors,grass,8,6,00-0040668,00-0039918,Shedeur Sanders,Caleb Williams,Kevin Stefanski,Ben Johnson,Ron Torbert,CHI98,Soldier Field,home,CHI,CLE,-7.5,28.0,NFL,2025_15_CLE_CHI-CHI,7.5,38.5,archived_reference_line
2025_15_DET_LA,2025,REG,15,2025-12-14,Sunday,16:25,DET,34.0,LA,41.0,Home,7.0,75.0,0,2025121409,60061,,202512140ram,28638,401772909,6952,10,7,200,-245,5.5,-105,-115,54.5,-105,-115,0,dome,matrixturf,,,00-0033106,00-0026498,Jared Goff,Matthew Stafford,Dan Campbell,Sean McVay,Alan Eck,LAX01,SoFi Stadium,away,DET,LA,5.5,-7.0,NFL,2025_15_DET_LA-DET,5.5,54.5,archived_reference_line
2025_15_DET_LA,2025,REG,15,2025-12-14,Sunday,16:25,DET,34.0,LA,41.0,Home,7.0,75.0,0,2025121409,60061,,202512140ram,28638,401772909,6952,10,7,200,-245,5.5,-105,-115,54.5,-105,-115,0,dome,matrixturf,,,00-0033106,00-0026498,Jared Goff,Matthew Stafford,Dan Campbell,Sean McVay,Alan Eck,LAX01,SoFi Stadium,home,LA,DET,-5.5,7.0,NFL,2025_15_DET_LA-LA,5.5,54.5,archived_reference_line
2025_15_GB_DEN,2025,REG,15,2025-12-14,Sunday,16:25,GB,26.0,DEN,34.0,Home,8.0,60.0,0,2025121408,60060,,202512140den,28635,401772800,6951,7,7,-122,102,-1.5,-108,-112,42.5,-115,-105,0,outdoors,grass,65,3,00-0036264,00-0039732,Jordan Love,Bo Nix,Matt LaFleur,Sean Payton,Brad Rogers,DEN00,Empower Field at Mile High,away,GB,DEN,-1.5,-8.0,NFL,2025_15_GB_DEN-GB,-1.5,42.5,archived_reference_line
2025_15_GB_DEN,2025,REG,15,2025-12-14,Sunday,16:25,GB,26.0,DEN,34.0,Home,8.0,60.0,0,2025121408,60060,,202512140den,28635,401772800,6951,7,7,-122,102,-1.5,-108,-112,42.5,-115,-105,0,outdoors,grass,65,3,00-0036264,00-0039732,Jordan Love,Bo Nix,Matt LaFleur,Sean Payton,Brad Rogers,DEN00,Empower Field at Mile High,home,DEN,GB,1.5,8.0,NFL,2025_15_GB_DEN-DEN,-1.5,42.5,archived_reference_line
2025_15_IND_SEA,2025,REG,15,2025-12-14,Sunday,16:25,IND,16.0,SEA,18.0,Home,2.0,34.0,0,2025121411,60063,,202512140sea,28637,401772799,6954,7,7,650,-1000,13.5,-105,-115,41.5,-108,-112,0,outdoors,fieldturf,51,9,00-0022942,00-0034869,Philip Rivers,Sam Darnold,Shane Steichen,Mike Macdonald,Adrian Hill,SEA00,Lumen Field,away,IND,SEA,13.5,-2.0,NFL,2025_15_IND_SEA-IND,13.5,41.5,archived_reference_line
2025_15_IND_SEA,2025,REG,15,2025-12-14,Sunday,16:25,IND,16.0,SEA,18.0,Home,2.0,34.0,0,2025121411,60063,,202512140sea,28637,401772799,6954,7,7,650,-1000,13.5,-105,-115,41.5,-108,-112,0,outdoors,fieldturf,51,9,00-0022942,00-0034869,Philip Rivers,Sam Darnold,Shane Steichen,Mike Macdonald,Adrian Hill,SEA00,Lumen Field,home,SEA,IND,-13.5,2.0,NFL,2025_15_IND_SEA-SEA,13.5,41.5,archived_reference_line
2025_15_LAC_KC,2025,REG,15,2025-12-14,Sunday,13:00,LAC,16.0,KC,13.0,Home,-3.0,29.0,0,2025121404,60056,,202512140kan,28631,401772798,6947,6,7,210,-258,5.5,100,-120,41.5,-108,-112,1,outdoors,grass,,,00-0036355,00-0033873,Justin Herbert,Patrick Mahomes,Jim Harbaugh,Andy Reid,Shawn Hochuli,KAN00,GEHA Field at Arrowhead Stadium,away,LAC,KC,5.5,3.0,NFL,2025_15_LAC_KC-LAC,5.5,41.5,archived_reference_line
2025_15_LAC_KC,2025,REG,15,2025-12-14,Sunday,13:00,LAC,16.0,KC,13.0,Home,-3.0,29.0,0,2025121404,60056,,202512140kan,28631,401772798,6947,6,7,210,-258,5.5,100,-120,41.5,-108,-112,1,outdoors,grass,,,00-0036355,00-0033873,Justin Herbert,Patrick Mahomes,Jim Harbaugh,Andy Reid,Shawn Hochuli,KAN00,GEHA Field at Arrowhead Stadium,home,KC,LAC,-5.5,-3.0,NFL,2025_15_LAC_KC-KC,5.5,41.5,archived_reference_line
2025_15_LV_PHI,2025,REG,15,2025-12-14,Sunday,13:00,LV,0.0,PHI,31.0,Home,31.0,31.0,0,2025121407,60059,,202512140phi,28634,401772906,6950,7,6,650,-1000,12.5,-108,-112,37.5,-118,-102,0,outdoors,grass,30,20,00-0038102,00-0036389,Kenny Pickett,Jalen Hurts,Pete Carroll,Nick Sirianni,Clay Martin,PHI00,Lincoln Financial Field,away,LV,PHI,12.5,-31.0,NFL,2025_15_LV_PHI-LV,12.5,37.5,archived_reference_line
2025_15_LV_PHI,2025,REG,15,2025-12-14,Sunday,13:00,LV,0.0,PHI,31.0,Home,31.0,31.0,0,2025121407,60059,,202512140phi,28634,401772906,6950,7,6,650,-1000,12.5,-108,-112,37.5,-118,-102,0,outdoors,grass,30,20,00-0038102,00-0036389,Kenny Pickett,Jalen Hurts,Pete Carroll,Nick Sirianni,Clay Martin,PHI00,Lincoln Financial Field,home,PHI,LV,-12.5,31.0,NFL,2025_15_LV_PHI-PHI,12.5,37.5,archived_reference_line
2025_15_MIA_PIT,2025,REG,15,2025-12-15,Monday,20:15,MIA,15.0,PIT,28.0,Home,13.0,43.0,0,2025121500,60066,,202512150pit,28641,401772823,6957,8,8,145,-175,3.0,-102,-118,42.5,-105,-115,0,outdoors,grass,17,7,00-0036212,00-0023459,Tua Tagovailoa,Aaron Rodgers,Mike McDaniel,Mike Tomlin,Land Clark,PIT00,Acrisure Stadium,away,MIA,PIT,3.0,-13.0,NFL,2025_15_MIA_PIT-MIA,3.0,42.5,archived_reference_line
2025_15_MIA_PIT,2025,REG,15,2025-12-15,Monday,20:15,MIA,15.0,PIT,28.0,Home,13.0,43.0,0,2025121500,60066,,202512150pit,28641,401772823,6957,8,8,145,-175,3.0,-102,-118,42.5,-105,-115,0,outdoors,grass,17,7,00-0036212,00-0023459,Tua Tagovailoa,Aaron Rodgers,Mike McDaniel,Mike Tomlin,Land Clark,PIT00,Acrisure Stadium,home,PIT,MIA,-3.0,13.0,NFL,2025_15_MIA_PIT-PIT,3.0,42.5,archived_reference_line
2025_15_MIN_DAL,2025,REG,15,2025-12-14,Sunday,20:20,MIN,34.0,DAL,26.0,Home,-8.0,60.0,0,2025121413,60065,,202512140dal,28640,401772933,6956,7,10,215,-265,5.5,-110,-110,47.5,-102,-118,0,closed,matrixturf,,,00-0039923,00-0033077,J.J. McCarthy,Dak Prescott,Kevin O'Connell,Brian Schottenheimer,Scott Novak,DAL00,AT&T Stadium,away,MIN,DAL,5.5,8.0,NFL,2025_15_MIN_DAL-MIN,5.5,47.5,archived_reference_line
2025_15_MIN_DAL,2025,REG,15,2025-12-14,Sunday,20:20,MIN,34.0,DAL,26.0,Home,-8.0,60.0,0,2025121413,60065,,202512140dal,28640,401772933,6956,7,10,215,-265,5.5,-110,-110,47.5,-102,-118,0,closed,matrixturf,,,00-0039923,00-0033077,J.J. McCarthy,Dak Prescott,Kevin O'Connell,Brian Schottenheimer,Scott Novak,DAL00,AT&T Stadium,home,DAL,MIN,-5.5,-8.0,NFL,2025_15_MIN_DAL-DAL,5.5,47.5,archived_reference_line
2025_15_NYJ_JAX,2025,REG,15,2025-12-14,Sunday,13:00,NYJ,20.0,JAX,48.0,Home,28.0,68.0,0,2025121403,60055,,202512140jax,28630,401772797,6946,7,7,675,-1050,13.5,-105,-115,40.5,-115,-105,0,outdoors,grass,70,11,00-0040398,00-0036971,Brady Cook,Trevor Lawrence,Aaron Glenn,Liam Coen,Shawn Smith,JAX00,TIAA Bank Stadium,away,NYJ,JAX,13.5,-28.0,NFL,2025_15_NYJ_JAX-NYJ,13.5,40.5,archived_reference_line
2025_15_NYJ_JAX,2025,REG,15,2025-12-14,Sunday,13:00,NYJ,20.0,JAX,48.0,Home,28.0,68.0,0,2025121403,60055,,202512140jax,28630,401772797,6946,7,7,675,-1050,13.5,-105,-115,40.5,-115,-105,0,outdoors,grass,70,11,00-0040398,00-0036971,Brady Cook,Trevor Lawrence,Aaron Glenn,Liam Coen,Shawn Smith,JAX00,TIAA Bank Stadium,home,JAX,NYJ,-13.5,28.0,NFL,2025_15_NYJ_JAX-JAX,13.5,40.5,archived_reference_line
2025_15_TEN_SF,2025,REG,15,2025-12-14,Sunday,16:25,TEN,24.0,SF,37.0,Home,13.0,61.0,0,2025121412,60064,,202512140sfo,28639,401772907,6955,7,14,600,-900,12.5,-108,-112,44.5,-112,-108,0,outdoors,grass,54,4,00-0040676,00-0037834,Cam Ward,Brock Purdy,Brian Callahan,Kyle Shanahan,Craig Wrolstad,SFO01,Levi's Stadium,away,TEN,SF,12.5,-13.0,NFL,2025_15_TEN_SF-TEN,12.5,44.5,archived_reference_line
2025_15_TEN_SF,2025,REG,15,2025-12-14,Sunday,16:25,TEN,24.0,SF,37.0,Home,13.0,61.0,0,2025121412,60064,,202512140sfo,28639,401772907,6955,7,14,600,-900,12.5,-108,-112,44.5,-112,-108,0,outdoors,grass,54,4,00-0040676,00-0037834,Cam Ward,Brock Purdy,Brian Callahan,Kyle Shanahan,Craig Wrolstad,SFO01,Levi's Stadium,home,SF,TEN,-12.5,13.0,NFL,2025_15_TEN_SF-SF,12.5,44.5,archived_reference_line
2025_15_WAS_NYG,2025,REG,15,2025-12-14,Sunday,13:00,WAS,29.0,NYG,21.0,Home,-8.0,50.0,0,2025121406,60058,,202512140nyg,28633,401772905,6949,7,13,124,-148,2.5,-105,-115,46.5,-115,-105,1,outdoors,fieldturf,27,13,00-0032268,00-0040691,Marcus Mariota,Jaxson Dart,Dan Quinn,Brian Daboll,Bill Vinovich,NYC01,MetLife Stadium,away,WAS,NYG,2.5,8.0,NFL,2025_15_WAS_NYG-WAS,2.5,46.5,archived_reference_line
2025_15_WAS_NYG,2025,REG,15,2025-12-14,Sunday,13:00,WAS,29.0,NYG,21.0,Home,-8.0,50.0,0,2025121406,60058,,202512140nyg,28633,401772905,6949,7,13,124,-148,2.5,-105,-115,46.5,-115,-105,1,outdoors,fieldturf,27,13,00-0032268,00-0040691,Marcus Mariota,Jaxson Dart,Dan Quinn,Brian Daboll,Bill Vinovich,NYC01,MetLife Stadium,home,NYG,WAS,-2.5,-8.0,NFL,2025_15_WAS_NYG-NYG,2.5,46.5,archived_reference_line
2025_16_ATL_ARI,2025,REG,16,2025-12-21,Sunday,16:05,ATL,26.0,ARI,19.0,Home,-7.0,45.0,0,2025122109,60077,,202512210crd,28652,401772914,6968,10,7,-148,124,-2.5,-115,-105,48.5,-105,-115,0,closed,grass,,,00-0029604,00-0033119,Kirk Cousins,Jacoby Brissett,Raheem Morris,Jonathan Gannon,Land Clark,PHO00,State Farm Stadium,away,ATL,ARI,-2.5,7.0,NFL,2025_16_ATL_ARI-ATL,-2.5,48.5,archived_reference_line
2025_16_ATL_ARI,2025,REG,16,2025-12-21,Sunday,16:05,ATL,26.0,ARI,19.0,Home,-7.0,45.0,0,2025122109,60077,,202512210crd,28652,401772914,6968,10,7,-148,124,-2.5,-115,-105,48.5,-105,-115,0,closed,grass,,,00-0029604,00-0033119,Kirk Cousins,Jacoby Brissett,Raheem Morris,Jonathan Gannon,Land Clark,PHO00,State Farm Stadium,home,ARI,ATL,2.5,-7.0,NFL,2025_16_ATL_ARI-ARI,-2.5,48.5,archived_reference_line
2025_16_BUF_CLE,2025,REG,16,2025-12-21,Sunday,13:00,BUF,23.0,CLE,20.0,Home,-3.0,43.0,0,2025122104,60072,,202512210cle,28647,401772802,6963,7,7,-575,425,-10.5,-110,-110,41.5,-118,-102,0,outdoors,grass,25,16,00-0034857,00-0040668,Josh Allen,Shedeur Sanders,Sean McDermott,Kevin Stefanski,Bill Vinovich,CLE00,FirstEnergy Stadium,away,BUF,CLE,-10.5,3.0,NFL,2025_16_BUF_CLE-BUF,-10.5,41.5,archived_reference_line
2025_16_BUF_CLE,2025,REG,16,2025-12-21,Sunday,13:00,BUF,23.0,CLE,20.0,Home,-3.0,43.0,0,2025122104,60072,,202512210cle,28647,401772802,6963,7,7,-575,425,-10.5,-110,-110,41.5,-118,-102,0,outdoors,grass,25,16,00-0034857,00-0040668,Josh Allen,Shedeur Sanders,Sean McDermott,Kevin Stefanski,Bill Vinovich,CLE00,FirstEnergy Stadium,home,CLE,BUF,10.5,-3.0,NFL,2025_16_BUF_CLE-CLE,-10.5,41.5,archived_reference_line
2025_16_CIN_MIA,2025,REG,16,2025-12-21,Sunday,13:00,CIN,45.0,MIA,21.0,Home,-24.0,66.0,0,2025122113,60081,,202512210mia,28656,401772934,6972,7,6,-205,170,-3.5,-120,100,48.5,-112,-108,0,outdoors,grass,81,7,00-0036442,00-0040234,Joe Burrow,Quinn Ewers,Zac Taylor,Mike McDaniel,John Hussey,MIA00,Hard Rock Stadium,away,CIN,MIA,-3.5,24.0,NFL,2025_16_CIN_MIA-CIN,-3.5,48.5,archived_reference_line
2025_16_CIN_MIA,2025,REG,16,2025-12-21,Sunday,13:00,CIN,45.0,MIA,21.0,Home,-24.0,66.0,0,2025122113,60081,,202512210mia,28656,401772934,6972,7,6,-205,170,-3.5,-120,100,48.5,-112,-108,0,outdoors,grass,81,7,00-0036442,00-0040234,Joe Burrow,Quinn Ewers,Zac Taylor,Mike McDaniel,John Hussey,MIA00,Hard Rock Stadium,home,MIA,CIN,3.5,-24.0,NFL,2025_16_CIN_MIA-MIA,-3.5,48.5,archived_reference_line
2025_16_GB_CHI,2025,REG,16,2025-12-20,Saturday,20:20,GB,16.0,CHI,22.0,Home,6.0,38.0,1,2025122000,60068,,202512200chi,28643,401772613,6959,6,6,-102,-118,1.5,-115,-105,45.5,-115,-105,1,outdoors,grass,37,6,00-0036264,00-0039918,Jordan Love,Caleb Williams,Matt LaFleur,Ben Johnson,Alex Kemp,CHI98,Soldier Field,away,GB,CHI,1.5,-6.0,NFL,2025_16_GB_CHI-GB,1.5,45.5,archived_reference_line
2025_16_GB_CHI,2025,REG,16,2025-12-20,Saturday,20:20,GB,16.0,CHI,22.0,Home,6.0,38.0,1,2025122000,60068,,202512200chi,28643,401772613,6959,6,6,-102,-118,1.5,-115,-105,45.5,-115,-105,1,outdoors,grass,37,6,00-0036264,00-0039918,Jordan Love,Caleb Williams,Matt LaFleur,Ben Johnson,Alex Kemp,CHI98,Soldier Field,home,CHI,GB,-1.5,6.0,NFL,2025_16_GB_CHI-CHI,1.5,45.5,archived_reference_line
2025_16_JAX_DEN,2025,REG,16,2025-12-21,Sunday,16:05,JAX,34.0,DEN,20.0,Home,-14.0,54.0,0,2025122110,60078,,202512210den,28653,401772913,6969,7,7,145,-175,3.5,-120,100,46.5,-108,-112,0,outdoors,grass,62,3,00-0036971,00-0039732,Trevor Lawrence,Bo Nix,Liam Coen,Sean Payton,Shawn Hochuli,DEN00,Empower Field at Mile High,away,JAX,DEN,3.5,14.0,NFL,2025_16_JAX_DEN-JAX,3.5,46.5,archived_reference_line
2025_16_JAX_DEN,2025,REG,16,2025-12-21,Sunday,16:05,JAX,34.0,DEN,20.0,Home,-14.0,54.0,0,2025122110,60078,,202512210den,28653,401772913,6969,7,7,145,-175,3.5,-120,100,46.5,-108,-112,0,outdoors,grass,62,3,00-0036971,00-0039732,Trevor Lawrence,Bo Nix,Liam Coen,Sean Payton,Shawn Hochuli,DEN00,Empower Field at Mile High,home,DEN,JAX,-3.5,-14.0,NFL,2025_16_JAX_DEN-DEN,3.5,46.5,archived_reference_line
2025_16_KC_TEN,2025,REG,16,2025-12-21,Sunday,13:00,KC,9.0,TEN,26.0,Home,17.0,35.0,0,2025122108,60076,,202512210oti,28651,401772803,6967,7,7,-185,154,-3.5,100,-120,37.5,-110,-110,0,outdoors,grass,51,8,00-0035289,00-0040676,Gardner Minshew,Cam Ward,Andy Reid,Brian Callahan,Clete Blakeman,NAS00,Nissan Stadium,away,KC,TEN,-3.5,-17.0,NFL,2025_16_KC_TEN-KC,-3.5,37.5,archived_reference_line
2025_16_KC_TEN,2025,REG,16,2025-12-21,Sunday,13:00,KC,9.0,TEN,26.0,Home,17.0,35.0,0,2025122108,60076,,202512210oti,28651,401772803,6967,7,7,-185,154,-3.5,100,-120,37.5,-110,-110,0,outdoors,grass,51,8,00-0035289,00-0040676,Gardner Minshew,Cam Ward,Andy Reid,Brian Callahan,Clete Blakeman,NAS00,Nissan Stadium,home,TEN,KC,3.5,17.0,NFL,2025_16_KC_TEN-TEN,-3.5,37.5,archived_reference_line
2025_16_LAC_DAL,2025,REG,16,2025-12-21,Sunday,13:00,LAC,34.0,DAL,17.0,Home,-17.0,51.0,0,2025122105,60073,,202512210dal,28648,401772910,6964,7,7,102,-122,1.5,-115,-105,50.5,-102,-118,0,closed,matrixturf,,,00-0036355,00-0033077,Justin Herbert,Dak Prescott,Jim Harbaugh,Brian Schottenheimer,Alan Eck,DAL00,AT&T Stadium,away,LAC,DAL,1.5,17.0,NFL,2025_16_LAC_DAL-LAC,1.5,50.5,archived_reference_line
2025_16_LAC_DAL,2025,REG,16,2025-12-21,Sunday,13:00,LAC,34.0,DAL,17.0,Home,-17.0,51.0,0,2025122105,60073,,202512210dal,28648,401772910,6964,7,7,102,-122,1.5,-115,-105,50.5,-102,-118,0,closed,matrixturf,,,00-0036355,00-0033077,Justin Herbert,Dak Prescott,Jim Harbaugh,Brian Schottenheimer,Alan Eck,DAL00,AT&T Stadium,home,DAL,LAC,-1.5,-17.0,NFL,2025_16_LAC_DAL-DAL,1.5,50.5,archived_reference_line
2025_16_LA_SEA,2025,REG,16,2025-12-18,Thursday,20:15,LA,37.0,SEA,38.0,Home,1.0,75.0,1,2025121800,60067,,202512180sea,28642,401772949,6958,4,4,102,-122,1.5,-110,-110,42.5,-105,-115,1,outdoors,fieldturf,51,17,00-0026498,00-0034869,Matthew Stafford,Sam Darnold,Sean McVay,Mike Macdonald,Brad Allen,SEA00,Lumen Field,away,LA,SEA,1.5,-1.0,NFL,2025_16_LA_SEA-LA,1.5,42.5,archived_reference_line
2025_16_LA_SEA,2025,REG,16,2025-12-18,Thursday,20:15,LA,37.0,SEA,38.0,Home,1.0,75.0,1,2025121800,60067,,202512180sea,28642,401772949,6958,4,4,102,-122,1.5,-110,-110,42.5,-105,-115,1,outdoors,fieldturf,51,17,00-0026498,00-0034869,Matthew Stafford,Sam Darnold,Sean McVay,Mike Macdonald,Brad Allen,SEA00,Lumen Field,home,SEA,LA,-1.5,1.0,NFL,2025_16_LA_SEA-SEA,1.5,42.5,archived_reference_line
2025_16_LV_HOU,2025,REG,16,2025-12-21,Sunday,16:25,LV,21.0,HOU,23.0,Home,2.0,44.0,0,2025122112,60080,,202512210htx,28655,401772805,6971,7,7,900,-1600,14.5,-115,-105,39.5,-110,-110,0,closed,astroturf,,,00-0030565,00-0039163,Geno Smith,C.J. Stroud,Pete Carroll,DeMeco Ryans,Scott Novak,HOU00,NRG Stadium,away,LV,HOU,14.5,-2.0,NFL,2025_16_LV_HOU-LV,14.5,39.5,archived_reference_line
2025_16_LV_HOU,2025,REG,16,2025-12-21,Sunday,16:25,LV,21.0,HOU,23.0,Home,2.0,44.0,0,2025122112,60080,,202512210htx,28655,401772805,6971,7,7,900,-1600,14.5,-115,-105,39.5,-110,-110,0,closed,astroturf,,,00-0030565,00-0039163,Geno Smith,C.J. Stroud,Pete Carroll,DeMeco Ryans,Scott Novak,HOU00,NRG Stadium,home,HOU,LV,-14.5,2.0,NFL,2025_16_LV_HOU-HOU,14.5,39.5,archived_reference_line
2025_16_MIN_NYG,2025,REG,16,2025-12-21,Sunday,13:00,MIN,16.0,NYG,13.0,Home,-3.0,29.0,0,2025122107,60075,,202512210nyg,28650,401772911,6966,7,7,-148,124,-2.5,-118,-102,41.5,-115,-105,0,outdoors,fieldturf,46,20,00-0039923,00-0040691,J.J. McCarthy,Jaxson Dart,Kevin O'Connell,Brian Daboll,Alex Moore,NYC01,MetLife Stadium,away,MIN,NYG,-2.5,3.0,NFL,2025_16_MIN_NYG-MIN,-2.5,41.5,archived_reference_line
2025_16_MIN_NYG,2025,REG,16,2025-12-21,Sunday,13:00,MIN,16.0,NYG,13.0,Home,-3.0,29.0,0,2025122107,60075,,202512210nyg,28650,401772911,6966,7,7,-148,124,-2.5,-118,-102,41.5,-115,-105,0,outdoors,fieldturf,46,20,00-0039923,00-0040691,J.J. McCarthy,Jaxson Dart,Kevin O'Connell,Brian Daboll,Alex Moore,NYC01,MetLife Stadium,home,NYG,MIN,2.5,-3.0,NFL,2025_16_MIN_NYG-NYG,-2.5,41.5,archived_reference_line
2025_16_NE_BAL,2025,REG,16,2025-12-21,Sunday,20:20,NE,28.0,BAL,24.0,Home,-4.0,52.0,0,2025122102,60070,,202512210rav,28645,401772804,6961,7,7,154,-185,3.5,-115,-105,48.5,-112,-108,0,outdoors,grass,40,2,00-0039851,00-0034796,Drake Maye,Lamar Jackson,Mike Vrabel,John Harbaugh,Brad Rogers,BAL00,M&T Bank Stadium,away,NE,BAL,3.5,4.0,NFL,2025_16_NE_BAL-NE,3.5,48.5,archived_reference_line
2025_16_NE_BAL,2025,REG,16,2025-12-21,Sunday,20:20,NE,28.0,BAL,24.0,Home,-4.0,52.0,0,2025122102,60070,,202512210rav,28645,401772804,6961,7,7,154,-185,3.5,-115,-105,48.5,-112,-108,0,outdoors,grass,40,2,00-0039851,00-0034796,Drake Maye,Lamar Jackson,Mike Vrabel,John Harbaugh,Brad Rogers,BAL00,M&T Bank Stadium,home,BAL,NE,-3.5,-4.0,NFL,2025_16_NE_BAL-BAL,3.5,48.5,archived_reference_line
2025_16_NYJ_NO,2025,REG,16,2025-12-21,Sunday,13:00,NYJ,6.0,NO,29.0,Home,23.0,35.0,0,2025122106,60074,,202512210nor,28649,401772801,6965,7,7,240,-298,6.5,-105,-115,39.5,-105,-115,0,dome,sportturf,,,00-0028118,00-0040743,Tyrod Taylor,Tyler Shough,Aaron Glenn,Kellen Moore,Clay Martin,NOR00,Mercedes-Benz Superdome,away,NYJ,NO,6.5,-23.0,NFL,2025_16_NYJ_NO-NYJ,6.5,39.5,archived_reference_line
2025_16_NYJ_NO,2025,REG,16,2025-12-21,Sunday,13:00,NYJ,6.0,NO,29.0,Home,23.0,35.0,0,2025122106,60074,,202512210nor,28649,401772801,6965,7,7,240,-298,6.5,-105,-115,39.5,-105,-115,0,dome,sportturf,,,00-0028118,00-0040743,Tyrod Taylor,Tyler Shough,Aaron Glenn,Kellen Moore,Clay Martin,NOR00,Mercedes-Benz Superdome,home,NO,NYJ,-6.5,23.0,NFL,2025_16_NYJ_NO-NO,6.5,39.5,archived_reference_line
2025_16_PHI_WAS,2025,REG,16,2025-12-20,Saturday,17:00,PHI,29.0,WAS,18.0,Home,-11.0,47.0,0,2025122001,60069,,202512200was,28644,401772612,6960,6,6,-380,300,-7.0,-120,100,43.5,-110,-110,1,outdoors,grass,42,7,00-0036389,00-0032268,Jalen Hurts,Marcus Mariota,Nick Sirianni,Dan Quinn,Craig Wrolstad,WAS00,FedExField,away,PHI,WAS,-7.0,11.0,NFL,2025_16_PHI_WAS-PHI,-7.0,43.5,archived_reference_line
2025_16_PHI_WAS,2025,REG,16,2025-12-20,Saturday,17:00,PHI,29.0,WAS,18.0,Home,-11.0,47.0,0,2025122001,60069,,202512200was,28644,401772612,6960,6,6,-380,300,-7.0,-120,100,43.5,-110,-110,1,outdoors,grass,42,7,00-0036389,00-0032268,Jalen Hurts,Marcus Mariota,Nick Sirianni,Dan Quinn,Craig Wrolstad,WAS00,FedExField,home,WAS,PHI,7.0,-11.0,NFL,2025_16_PHI_WAS-WAS,-7.0,43.5,archived_reference_line
2025_16_PIT_DET,2025,REG,16,2025-12-21,Sunday,16:25,PIT,29.0,DET,24.0,Home,-5.0,53.0,0,2025122111,60079,,202512210det,28654,401772806,6970,6,7,330,-425,7.5,-105,-115,52.5,-115,-105,0,dome,fieldturf,,,00-0023459,00-0033106,Aaron Rodgers,Jared Goff,Mike Tomlin,Dan Campbell,Carl Cheffers,DET00,Ford Field,away,PIT,DET,7.5,5.0,NFL,2025_16_PIT_DET-PIT,7.5,52.5,archived_reference_line
2025_16_PIT_DET,2025,REG,16,2025-12-21,Sunday,16:25,PIT,29.0,DET,24.0,Home,-5.0,53.0,0,2025122111,60079,,202512210det,28654,401772806,6970,6,7,330,-425,7.5,-105,-115,52.5,-115,-105,0,dome,fieldturf,,,00-0023459,00-0033106,Aaron Rodgers,Jared Goff,Mike Tomlin,Dan Campbell,Carl Cheffers,DET00,Ford Field,home,DET,PIT,-7.5,-5.0,NFL,2025_16_PIT_DET-DET,7.5,52.5,archived_reference_line
2025_16_SF_IND,2025,REG,16,2025-12-22,Monday,20:15,SF,48.0,IND,27.0,Home,-21.0,75.0,0,2025122200,60082,,202512220clt,28657,401772824,6973,8,8,-225,185,-4.5,-105,-115,46.5,-118,-102,0,closed,fieldturf,,,00-0037834,00-0022942,Brock Purdy,Philip Rivers,Kyle Shanahan,Shane Steichen,Ron Torbert,IND00,Lucas Oil Stadium,away,SF,IND,-4.5,21.0,NFL,2025_16_SF_IND-SF,-4.5,46.5,archived_reference_line
2025_16_SF_IND,2025,REG,16,2025-12-22,Monday,20:15,SF,48.0,IND,27.0,Home,-21.0,75.0,0,2025122200,60082,,202512220clt,28657,401772824,6973,8,8,-225,185,-4.5,-105,-115,46.5,-118,-102,0,closed,fieldturf,,,00-0037834,00-0022942,Brock Purdy,Philip Rivers,Kyle Shanahan,Shane Steichen,Ron Torbert,IND00,Lucas Oil Stadium,home,IND,SF,4.5,-21.0,NFL,2025_16_SF_IND-IND,-4.5,46.5,archived_reference_line
2025_16_TB_CAR,2025,REG,16,2025-12-21,Sunday,13:00,TB,20.0,CAR,23.0,Home,3.0,43.0,0,2025122103,60071,,202512210car,28646,401772912,6962,10,7,-155,130,-3.0,100,-120,44.5,-108,-112,1,outdoors,grass,61,8,00-0034855,00-0039150,Baker Mayfield,Bryce Young,Todd Bowles,Dave Canales,Shawn Smith,CAR00,Bank of America Stadium,away,TB,CAR,-3.0,-3.0,NFL,2025_16_TB_CAR-TB,-3.0,44.5,archived_reference_line
2025_16_TB_CAR,2025,REG,16,2025-12-21,Sunday,13:00,TB,20.0,CAR,23.0,Home,3.0,43.0,0,2025122103,60071,,202512210car,28646,401772912,6962,10,7,-155,130,-3.0,100,-120,44.5,-108,-112,1,outdoors,grass,61,8,00-0034855,00-0039150,Baker Mayfield,Bryce Young,Todd Bowles,Dave Canales,Shawn Smith,CAR00,Bank of America Stadium,home,CAR,TB,3.0,3.0,NFL,2025_16_TB_CAR-CAR,-3.0,44.5,archived_reference_line
2025_17_ARI_CIN,2025,REG,17,2025-12-28,Sunday,13:00,ARI,14.0,CIN,37.0,Home,23.0,51.0,0,2025122801,60087,,202512280cin,28662,401772954,6978,7,7,275,-345,7.0,-110,-110,52.5,-105,-115,0,outdoors,fieldturf,65,9,00-0033119,00-0036442,Jacoby Brissett,Joe Burrow,Jonathan Gannon,Zac Taylor,Clay Martin,CIN00,Paycor Stadium,away,ARI,CIN,7.0,-23.0,NFL,2025_17_ARI_CIN-ARI,7.0,52.5,archived_reference_line
2025_17_ARI_CIN,2025,REG,17,2025-12-28,Sunday,13:00,ARI,14.0,CIN,37.0,Home,23.0,51.0,0,2025122801,60087,,202512280cin,28662,401772954,6978,7,7,275,-345,7.0,-110,-110,52.5,-105,-115,0,outdoors,fieldturf,65,9,00-0033119,00-0036442,Jacoby Brissett,Joe Burrow,Jonathan Gannon,Zac Taylor,Clay Martin,CIN00,Paycor Stadium,home,CIN,ARI,-7.0,23.0,NFL,2025_17_ARI_CIN-CIN,7.0,52.5,archived_reference_line
2025_17_BAL_GB,2025,REG,17,2025-12-27,Saturday,20:00,BAL,41.0,GB,24.0,Home,-17.0,65.0,0,2025122701,60088,,202512270gnb,28663,401772953,6980,6,7,120,-142,2.5,-108,-112,38.5,-115,-105,0,outdoors,grass,36,10,00-0035993,00-0038128,Tyler Huntley,Malik Willis,John Harbaugh,Matt LaFleur,Alan Eck,GNB00,Lambeau Field,away,BAL,GB,2.5,17.0,NFL,2025_17_BAL_GB-BAL,2.5,38.5,archived_reference_line
2025_17_BAL_GB,2025,REG,17,2025-12-27,Saturday,20:00,BAL,41.0,GB,24.0,Home,-17.0,65.0,0,2025122701,60088,,202512270gnb,28663,401772953,6980,6,7,120,-142,2.5,-108,-112,38.5,-115,-105,0,outdoors,grass,36,10,00-0035993,00-0038128,Tyler Huntley,Malik Willis,John Harbaugh,Matt LaFleur,Alan Eck,GNB00,Lambeau Field,home,GB,BAL,-2.5,-17.0,NFL,2025_17_BAL_GB-GB,2.5,38.5,archived_reference_line
2025_17_CHI_SF,2025,REG,17,2025-12-28,Sunday,20:20,CHI,38.0,SF,42.0,Home,4.0,80.0,0,2025122811,60097,,202512280sfo,28672,401772935,6988,8,6,170,-205,3.5,-105,-115,51.5,-112,-108,0,outdoors,grass,53,5,00-0039918,00-0037834,Caleb Williams,Brock Purdy,Ben Johnson,Kyle Shanahan,Alex Moore,SFO01,Levi's Stadium,away,CHI,SF,3.5,-4.0,NFL,2025_17_CHI_SF-CHI,3.5,51.5,archived_reference_line
2025_17_CHI_SF,2025,REG,17,2025-12-28,Sunday,20:20,CHI,38.0,SF,42.0,Home,4.0,80.0,0,2025122811,60097,,202512280sfo,28672,401772935,6988,8,6,170,-205,3.5,-105,-115,51.5,-112,-108,0,outdoors,grass,53,5,00-0039918,00-0037834,Caleb Williams,Brock Purdy,Ben Johnson,Kyle Shanahan,Alex Moore,SFO01,Levi's Stadium,home,SF,CHI,-3.5,4.0,NFL,2025_17_CHI_SF-SF,3.5,51.5,archived_reference_line
2025_17_DAL_WAS,2025,REG,17,2025-12-25,Thursday,13:00,DAL,30.0,WAS,23.0,Home,-7.0,53.0,0,2025122500,60083,,202512250was,28658,401772710,6974,4,5,-500,380,-8.5,-120,100,50.5,-108,-112,1,outdoors,grass,50,7,00-0033077,00-0026300,Dak Prescott,Josh Johnson,Brian Schottenheimer,Dan Quinn,Brad Rogers,WAS00,FedExField,away,DAL,WAS,-8.5,7.0,NFL,2025_17_DAL_WAS-DAL,-8.5,50.5,archived_reference_line
2025_17_DAL_WAS,2025,REG,17,2025-12-25,Thursday,13:00,DAL,30.0,WAS,23.0,Home,-7.0,53.0,0,2025122500,60083,,202512250was,28658,401772710,6974,4,5,-500,380,-8.5,-120,100,50.5,-108,-112,1,outdoors,grass,50,7,00-0033077,00-0026300,Dak Prescott,Josh Johnson,Brian Schottenheimer,Dan Quinn,Brad Rogers,WAS00,FedExField,home,WAS,DAL,8.5,-7.0,NFL,2025_17_DAL_WAS-WAS,-8.5,50.5,archived_reference_line
2025_17_DEN_KC,2025,REG,17,2025-12-25,Thursday,20:15,DEN,20.0,KC,13.0,Home,-7.0,33.0,0,2025122502,60085,,202512250kan,28660,401772622,6976,4,4,-1100,700,-13.5,-105,-115,37.5,100,-120,1,outdoors,grass,,,00-0039732,00-0037324,Bo Nix,Chris Oladokun,Sean Payton,Andy Reid,Bill Vinovich,KAN00,GEHA Field at Arrowhead Stadium,away,DEN,KC,-13.5,7.0,NFL,2025_17_DEN_KC-DEN,-13.5,37.5,archived_reference_line
2025_17_DEN_KC,2025,REG,17,2025-12-25,Thursday,20:15,DEN,20.0,KC,13.0,Home,-7.0,33.0,0,2025122502,60085,,202512250kan,28660,401772622,6976,4,4,-1100,700,-13.5,-105,-115,37.5,100,-120,1,outdoors,grass,,,00-0039732,00-0037324,Bo Nix,Chris Oladokun,Sean Payton,Andy Reid,Bill Vinovich,KAN00,GEHA Field at Arrowhead Stadium,home,KC,DEN,13.5,-7.0,NFL,2025_17_DEN_KC-KC,-13.5,37.5,archived_reference_line
2025_17_DET_MIN,2025,REG,17,2025-12-25,Thursday,16:30,DET,10.0,MIN,23.0,Home,13.0,33.0,0,2025122501,60084,,202512250min,28659,401772711,6975,4,4,-360,285,-7.0,-120,100,45.5,-115,-105,1,dome,sportturf,,,00-0033106,00-0040494,Jared Goff,Max Brosmer,Dan Campbell,Kevin O'Connell,Shawn Smith,MIN01,U.S. Bank Stadium,away,DET,MIN,-7.0,-13.0,NFL,2025_17_DET_MIN-DET,-7.0,45.5,archived_reference_line
2025_17_DET_MIN,2025,REG,17,2025-12-25,Thursday,16:30,DET,10.0,MIN,23.0,Home,13.0,33.0,0,2025122501,60084,,202512250min,28659,401772711,6975,4,4,-360,285,-7.0,-120,100,45.5,-115,-105,1,dome,sportturf,,,00-0033106,00-0040494,Jared Goff,Max Brosmer,Dan Campbell,Kevin O'Connell,Shawn Smith,MIN01,U.S. Bank Stadium,home,MIN,DET,7.0,13.0,NFL,2025_17_DET_MIN-MIN,-7.0,45.5,archived_reference_line
2025_17_HOU_LAC,2025,REG,17,2025-12-27,Saturday,16:30,HOU,20.0,LAC,16.0,Home,-4.0,36.0,0,2025122700,60089,,202512270sdg,28664,401772951,6982,6,6,-102,-118,1.5,-115,-105,40.5,-105,-115,0,dome,matrixturf,,,00-0039163,00-0036355,C.J. Stroud,Justin Herbert,DeMeco Ryans,Jim Harbaugh,Craig Wrolstad,LAX01,SoFi Stadium,away,HOU,LAC,1.5,4.0,NFL,2025_17_HOU_LAC-HOU,1.5,40.5,archived_reference_line
2025_17_HOU_LAC,2025,REG,17,2025-12-27,Saturday,16:30,HOU,20.0,LAC,16.0,Home,-4.0,36.0,0,2025122700,60089,,202512270sdg,28664,401772951,6982,6,6,-102,-118,1.5,-115,-105,40.5,-105,-115,0,dome,matrixturf,,,00-0039163,00-0036355,C.J. Stroud,Justin Herbert,DeMeco Ryans,Jim Harbaugh,Craig Wrolstad,LAX01,SoFi Stadium,home,LAC,HOU,-1.5,-4.0,NFL,2025_17_HOU_LAC-LAC,1.5,40.5,archived_reference_line
2025_17_JAX_IND,2025,REG,17,2025-12-28,Sunday,13:00,JAX,23.0,IND,17.0,Home,-6.0,40.0,0,2025122806,60092,,202512280clt,28667,401772915,6981,7,6,-225,185,-3.5,-115,-105,48.5,-108,-112,1,closed,fieldturf,,,00-0036971,00-0022942,Trevor Lawrence,Philip Rivers,Liam Coen,Shane Steichen,Brad Allen,IND00,Lucas Oil Stadium,away,JAX,IND,-3.5,6.0,NFL,2025_17_JAX_IND-JAX,-3.5,48.5,archived_reference_line
2025_17_JAX_IND,2025,REG,17,2025-12-28,Sunday,13:00,JAX,23.0,IND,17.0,Home,-6.0,40.0,0,2025122806,60092,,202512280clt,28667,401772915,6981,7,6,-225,185,-3.5,-115,-105,48.5,-108,-112,1,closed,fieldturf,,,00-0036971,00-0022942,Trevor Lawrence,Philip Rivers,Liam Coen,Shane Steichen,Brad Allen,IND00,Lucas Oil Stadium,home,IND,JAX,3.5,-6.0,NFL,2025_17_JAX_IND-IND,-3.5,48.5,archived_reference_line
2025_17_LA_ATL,2025,REG,17,2025-12-29,Monday,20:15,LA,24.0,ATL,27.0,Home,3.0,51.0,0,2025122900,60098,,202512290atl,28673,401772825,6989,11,8,-380,300,-7.5,-102,-118,48.5,-105,-115,0,closed,fieldturf,,,00-0026498,00-0029604,Matthew Stafford,Kirk Cousins,Sean McVay,Raheem Morris,Clete Blakeman,ATL97,Mercedes-Benz Stadium,away,LA,ATL,-7.5,-3.0,NFL,2025_17_LA_ATL-LA,-7.5,48.5,archived_reference_line
2025_17_LA_ATL,2025,REG,17,2025-12-29,Monday,20:15,LA,24.0,ATL,27.0,Home,3.0,51.0,0,2025122900,60098,,202512290atl,28673,401772825,6989,11,8,-380,300,-7.5,-102,-118,48.5,-105,-115,0,closed,fieldturf,,,00-0026498,00-0029604,Matthew Stafford,Kirk Cousins,Sean McVay,Raheem Morris,Clete Blakeman,ATL97,Mercedes-Benz Stadium,home,ATL,LA,7.5,3.0,NFL,2025_17_LA_ATL-ATL,-7.5,48.5,archived_reference_line
2025_17_NE_NYJ,2025,REG,17,2025-12-28,Sunday,13:00,NE,42.0,NYJ,10.0,Home,-32.0,52.0,0,2025122808,60094,,202512280nyj,28669,401772808,6985,7,7,-950,625,-12.5,-120,100,42.5,-112,-108,1,outdoors,fieldturf,29,4,00-0039851,00-0028118,Drake Maye,Tyrod Taylor,Mike Vrabel,Aaron Glenn,Alex Kemp,NYC01,MetLife Stadium,away,NE,NYJ,-12.5,32.0,NFL,2025_17_NE_NYJ-NE,-12.5,42.5,archived_reference_line
2025_17_NE_NYJ,2025,REG,17,2025-12-28,Sunday,13:00,NE,42.0,NYJ,10.0,Home,-32.0,52.0,0,2025122808,60094,,202512280nyj,28669,401772808,6985,7,7,-950,625,-12.5,-120,100,42.5,-112,-108,1,outdoors,fieldturf,29,4,00-0039851,00-0028118,Drake Maye,Tyrod Taylor,Mike Vrabel,Aaron Glenn,Alex Kemp,NYC01,MetLife Stadium,home,NYJ,NE,12.5,-32.0,NFL,2025_17_NE_NYJ-NYJ,-12.5,42.5,archived_reference_line
2025_17_NO_TEN,2025,REG,17,2025-12-28,Sunday,13:00,NO,34.0,TEN,26.0,Home,-8.0,60.0,0,2025122809,60095,,202512280oti,28670,401772809,6986,7,7,-120,100,-1.5,-110,-110,39.5,-118,-102,0,outdoors,grass,71,14,00-0040743,00-0040676,Tyler Shough,Cam Ward,Kellen Moore,Brian Callahan,Adrian Hill,NAS00,Nissan Stadium,away,NO,TEN,-1.5,8.0,NFL,2025_17_NO_TEN-NO,-1.5,39.5,archived_reference_line
2025_17_NO_TEN,2025,REG,17,2025-12-28,Sunday,13:00,NO,34.0,TEN,26.0,Home,-8.0,60.0,0,2025122809,60095,,202512280oti,28670,401772809,6986,7,7,-120,100,-1.5,-110,-110,39.5,-118,-102,0,outdoors,grass,71,14,00-0040743,00-0040676,Tyler Shough,Cam Ward,Kellen Moore,Brian Callahan,Adrian Hill,NAS00,Nissan Stadium,home,TEN,NO,1.5,-8.0,NFL,2025_17_NO_TEN-TEN,-1.5,39.5,archived_reference_line
2025_17_NYG_LV,2025,REG,17,2025-12-28,Sunday,16:05,NYG,34.0,LV,10.0,Home,-24.0,44.0,0,2025122804,60090,,202512280rai,28665,401772950,6983,7,7,-162,136,-3.0,-102,-118,40.5,-112,-108,0,dome,grass,,,00-0040691,00-0030565,Jaxson Dart,Geno Smith,Brian Daboll,Pete Carroll,Land Clark,VEG00,Allegiant Stadium,away,NYG,LV,-3.0,24.0,NFL,2025_17_NYG_LV-NYG,-3.0,40.5,archived_reference_line
2025_17_NYG_LV,2025,REG,17,2025-12-28,Sunday,16:05,NYG,34.0,LV,10.0,Home,-24.0,44.0,0,2025122804,60090,,202512280rai,28665,401772950,6983,7,7,-162,136,-3.0,-102,-118,40.5,-112,-108,0,dome,grass,,,00-0040691,00-0030565,Jaxson Dart,Geno Smith,Brian Daboll,Pete Carroll,Land Clark,VEG00,Allegiant Stadium,home,LV,NYG,3.0,-24.0,NFL,2025_17_NYG_LV-LV,-3.0,40.5,archived_reference_line
2025_17_PHI_BUF,2025,REG,17,2025-12-28,Sunday,16:25,PHI,13.0,BUF,12.0,Home,-1.0,25.0,0,2025122810,60096,,202512280buf,28671,401772917,6987,8,7,142,-170,3.0,-108,-112,45.5,-115,-105,0,outdoors,a_turf,38,6,00-0036389,00-0034857,Jalen Hurts,Josh Allen,Nick Sirianni,Sean McDermott,Ron Torbert,BUF00,New Era Field,away,PHI,BUF,3.0,1.0,NFL,2025_17_PHI_BUF-PHI,3.0,45.5,archived_reference_line
2025_17_PHI_BUF,2025,REG,17,2025-12-28,Sunday,16:25,PHI,13.0,BUF,12.0,Home,-1.0,25.0,0,2025122810,60096,,202512280buf,28671,401772917,6987,8,7,142,-170,3.0,-108,-112,45.5,-115,-105,0,outdoors,a_turf,38,6,00-0036389,00-0034857,Jalen Hurts,Josh Allen,Nick Sirianni,Sean McDermott,Ron Torbert,BUF00,New Era Field,home,BUF,PHI,-3.0,-1.0,NFL,2025_17_PHI_BUF-BUF,3.0,45.5,archived_reference_line
2025_17_PIT_CLE,2025,REG,17,2025-12-28,Sunday,13:00,PIT,6.0,CLE,13.0,Home,7.0,19.0,0,2025122805,60091,,202512280cle,28666,401772807,6979,7,7,-205,170,-4.5,-108,-112,35.5,-112,-108,1,outdoors,grass,45,14,00-0023459,00-0040668,Aaron Rodgers,Shedeur Sanders,Mike Tomlin,Kevin Stefanski,John Hussey,CLE00,FirstEnergy Stadium,away,PIT,CLE,-4.5,-7.0,NFL,2025_17_PIT_CLE-PIT,-4.5,35.5,archived_reference_line
2025_17_PIT_CLE,2025,REG,17,2025-12-28,Sunday,13:00,PIT,6.0,CLE,13.0,Home,7.0,19.0,0,2025122805,60091,,202512280cle,28666,401772807,6979,7,7,-205,170,-4.5,-108,-112,35.5,-112,-108,1,outdoors,grass,45,14,00-0023459,00-0040668,Aaron Rodgers,Shedeur Sanders,Mike Tomlin,Kevin Stefanski,John Hussey,CLE00,FirstEnergy Stadium,home,CLE,PIT,4.5,7.0,NFL,2025_17_PIT_CLE-CLE,-4.5,35.5,archived_reference_line
2025_17_SEA_CAR,2025,REG,17,2025-12-28,Sunday,13:00,SEA,27.0,CAR,10.0,Home,-17.0,37.0,0,2025122800,60086,,202512280car,28661,401772952,6977,10,7,-305,245,-6.5,-118,-102,42.5,-110,-110,0,outdoors,grass,43,2,00-0034869,00-0039150,Sam Darnold,Bryce Young,Mike Macdonald,Dave Canales,Carl Cheffers,CAR00,Bank of America Stadium,away,SEA,CAR,-6.5,17.0,NFL,2025_17_SEA_CAR-SEA,-6.5,42.5,archived_reference_line
2025_17_SEA_CAR,2025,REG,17,2025-12-28,Sunday,13:00,SEA,27.0,CAR,10.0,Home,-17.0,37.0,0,2025122800,60086,,202512280car,28661,401772952,6977,10,7,-305,245,-6.5,-118,-102,42.5,-110,-110,0,outdoors,grass,43,2,00-0034869,00-0039150,Sam Darnold,Bryce Young,Mike Macdonald,Dave Canales,Carl Cheffers,CAR00,Bank of America Stadium,home,CAR,SEA,6.5,-17.0,NFL,2025_17_SEA_CAR-CAR,-6.5,42.5,archived_reference_line
2025_17_TB_MIA,2025,REG,17,2025-12-28,Sunday,13:00,TB,17.0,MIA,20.0,Home,3.0,37.0,0,2025122807,60093,,202512280mia,28668,401772916,6984,7,7,-250,205,-5.5,-108,-112,44.5,-118,-102,0,outdoors,grass,80,3,00-0034855,00-0040234,Baker Mayfield,Quinn Ewers,Todd Bowles,Mike McDaniel,Scott Novak,MIA00,Hard Rock Stadium,away,TB,MIA,-5.5,-3.0,NFL,2025_17_TB_MIA-TB,-5.5,44.5,archived_reference_line
2025_17_TB_MIA,2025,REG,17,2025-12-28,Sunday,13:00,TB,17.0,MIA,20.0,Home,3.0,37.0,0,2025122807,60093,,202512280mia,28668,401772916,6984,7,7,-250,205,-5.5,-108,-112,44.5,-118,-102,0,outdoors,grass,80,3,00-0034855,00-0040234,Baker Mayfield,Quinn Ewers,Todd Bowles,Mike McDaniel,Scott Novak,MIA00,Hard Rock Stadium,home,MIA,TB,5.5,3.0,NFL,2025_17_TB_MIA-MIA,-5.5,44.5,archived_reference_line
2025_18_ARI_LA,2025,REG,18,2026-01-04,Sunday,16:25,ARI,20.0,LA,37.0,Home,17.0,57.0,0,2026010407,60106,,202601040ram,28681,401772955,6997,7,6,800,-1350,14.5,-115,-105,49.5,-108,-112,1,dome,matrixturf,,,00-0033119,00-0026498,Jacoby Brissett,Matthew Stafford,Jonathan Gannon,Sean McVay,Carl Cheffers,LAX01,SoFi Stadium,away,ARI,LA,14.5,-17.0,NFL,2025_18_ARI_LA-ARI,14.5,49.5,archived_reference_line
2025_18_ARI_LA,2025,REG,18,2026-01-04,Sunday,16:25,ARI,20.0,LA,37.0,Home,17.0,57.0,0,2026010407,60106,,202601040ram,28681,401772955,6997,7,6,800,-1350,14.5,-115,-105,49.5,-108,-112,1,dome,matrixturf,,,00-0033119,00-0026498,Jacoby Brissett,Matthew Stafford,Jonathan Gannon,Sean McVay,Carl Cheffers,LAX01,SoFi Stadium,home,LA,ARI,-14.5,17.0,NFL,2025_18_ARI_LA-LA,14.5,49.5,archived_reference_line
2025_18_BAL_PIT,2025,REG,18,2026-01-04,Sunday,20:20,BAL,24.0,PIT,26.0,Home,2.0,50.0,0,2026010413,60112,,202601040pit,28686,401772960,7003,8,7,-225,185,-4.5,-105,-115,41.5,-110,-110,1,outdoors,grass,25,3,00-0034796,00-0023459,Lamar Jackson,Aaron Rodgers,John Harbaugh,Mike Tomlin,Shawn Smith,PIT00,Acrisure Stadium,away,BAL,PIT,-4.5,-2.0,NFL,2025_18_BAL_PIT-BAL,-4.5,41.5,archived_reference_line
2025_18_BAL_PIT,2025,REG,18,2026-01-04,Sunday,20:20,BAL,24.0,PIT,26.0,Home,2.0,50.0,0,2026010413,60112,,202601040pit,28686,401772960,7003,8,7,-225,185,-4.5,-105,-115,41.5,-110,-110,1,outdoors,grass,25,3,00-0034796,00-0023459,Lamar Jackson,Aaron Rodgers,John Harbaugh,Mike Tomlin,Shawn Smith,PIT00,Acrisure Stadium,home,PIT,BAL,4.5,2.0,NFL,2025_18_BAL_PIT-PIT,-4.5,41.5,archived_reference_line
2025_18_CAR_TB,2025,REG,18,2026-01-03,Saturday,16:30,CAR,14.0,TB,16.0,Home,2.0,30.0,0,2026010300,60114,,202601030tam,28688,401772969,7005,6,6,130,-155,3.0,-115,-105,43.5,-118,-102,1,outdoors,grass,69,11,00-0039150,00-0034855,Bryce Young,Baker Mayfield,Dave Canales,Todd Bowles,Brad Allen,TAM00,Raymond James Stadium,away,CAR,TB,3.0,-2.0,NFL,2025_18_CAR_TB-CAR,3.0,43.5,archived_reference_line
2025_18_CAR_TB,2025,REG,18,2026-01-03,Saturday,16:30,CAR,14.0,TB,16.0,Home,2.0,30.0,0,2026010300,60114,,202601030tam,28688,401772969,7005,6,6,130,-155,3.0,-115,-105,43.5,-118,-102,1,outdoors,grass,69,11,00-0039150,00-0034855,Bryce Young,Baker Mayfield,Dave Canales,Todd Bowles,Brad Allen,TAM00,Raymond James Stadium,home,TB,CAR,-3.0,2.0,NFL,2025_18_CAR_TB-TB,3.0,43.5,archived_reference_line
2025_18_CLE_CIN,2025,REG,18,2026-01-04,Sunday,13:00,CLE,20.0,CIN,18.0,Home,-2.0,38.0,0,2026010403,60102,,202601040cin,28676,401772964,6993,7,7,350,-455,9.5,-112,-108,47.5,-118,-102,1,outdoors,fieldturf,37,0,00-0040668,00-0036442,Shedeur Sanders,Joe Burrow,Kevin Stefanski,Zac Taylor,Alex Kemp,CIN00,Paycor Stadium,away,CLE,CIN,9.5,2.0,NFL,2025_18_CLE_CIN-CLE,9.5,47.5,archived_reference_line
2025_18_CLE_CIN,2025,REG,18,2026-01-04,Sunday,13:00,CLE,20.0,CIN,18.0,Home,-2.0,38.0,0,2026010403,60102,,202601040cin,28676,401772964,6993,7,7,350,-455,9.5,-112,-108,47.5,-118,-102,1,outdoors,fieldturf,37,0,00-0040668,00-0036442,Shedeur Sanders,Joe Burrow,Kevin Stefanski,Zac Taylor,Alex Kemp,CIN00,Paycor Stadium,home,CIN,CLE,-9.5,-2.0,NFL,2025_18_CLE_CIN-CIN,9.5,47.5,archived_reference_line
2025_18_DAL_NYG,2025,REG,18,2026-01-04,Sunday,13:00,DAL,17.0,NYG,34.0,Home,17.0,51.0,0,2026010411,60110,,202601040nyg,28684,401772963,7001,10,7,-166,140,-3.0,-115,-105,50.5,-115,-105,1,outdoors,fieldturf,33,7,00-0033077,00-0040691,Dak Prescott,Jaxson Dart,Brian Schottenheimer,Brian Daboll,Adrian Hill,NYC01,MetLife Stadium,away,DAL,NYG,-3.0,-17.0,NFL,2025_18_DAL_NYG-DAL,-3.0,50.5,archived_reference_line
2025_18_DAL_NYG,2025,REG,18,2026-01-04,Sunday,13:00,DAL,17.0,NYG,34.0,Home,17.0,51.0,0,2026010411,60110,,202601040nyg,28684,401772963,7001,10,7,-166,140,-3.0,-115,-105,50.5,-115,-105,1,outdoors,fieldturf,33,7,00-0033077,00-0040691,Dak Prescott,Jaxson Dart,Brian Schottenheimer,Brian Daboll,Adrian Hill,NYC01,MetLife Stadium,home,NYG,DAL,3.0,17.0,NFL,2025_18_DAL_NYG-NYG,-3.0,50.5,archived_reference_line
2025_18_DET_CHI,2025,REG,18,2026-01-04,Sunday,16:25,DET,19.0,CHI,16.0,Home,-3.0,35.0,0,2026010402,60101,,202601040chi,28675,401772965,6992,10,7,150,-180,3.5,-110,-110,51.5,-115,-105,1,outdoors,grass,33,4,00-0033106,00-0039918,Jared Goff,Caleb Williams,Dan Campbell,Ben Johnson,Brad Rogers,CHI98,Soldier Field,away,DET,CHI,3.5,3.0,NFL,2025_18_DET_CHI-DET,3.5,51.5,archived_reference_line
2025_18_DET_CHI,2025,REG,18,2026-01-04,Sunday,16:25,DET,19.0,CHI,16.0,Home,-3.0,35.0,0,2026010402,60101,,202601040chi,28675,401772965,6992,10,7,150,-180,3.5,-110,-110,51.5,-115,-105,1,outdoors,grass,33,4,00-0033106,00-0039918,Jared Goff,Caleb Williams,Dan Campbell,Ben Johnson,Brad Rogers,CHI98,Soldier Field,home,CHI,DET,-3.5,-3.0,NFL,2025_18_DET_CHI-CHI,3.5,51.5,archived_reference_line
2025_18_GB_MIN,2025,REG,18,2026-01-04,Sunday,13:00,GB,3.0,MIN,16.0,Home,13.0,19.0,0,2026010409,60108,,202601040min,28682,401772968,6999,8,10,470,-650,12.5,-108,-112,37.5,-118,-102,1,dome,sportturf,,,00-0038582,00-0039923,Clayton Tune,J.J. McCarthy,Matt LaFleur,Kevin O'Connell,John Hussey,MIN01,U.S. Bank Stadium,away,GB,MIN,12.5,-13.0,NFL,2025_18_GB_MIN-GB,12.5,37.5,archived_reference_line
2025_18_GB_MIN,2025,REG,18,2026-01-04,Sunday,13:00,GB,3.0,MIN,16.0,Home,13.0,19.0,0,2026010409,60108,,202601040min,28682,401772968,6999,8,10,470,-650,12.5,-108,-112,37.5,-118,-102,1,dome,sportturf,,,00-0038582,00-0039923,Clayton Tune,J.J. McCarthy,Matt LaFleur,Kevin O'Connell,John Hussey,MIN01,U.S. Bank Stadium,home,MIN,GB,-12.5,13.0,NFL,2025_18_GB_MIN-MIN,12.5,37.5,archived_reference_line
2025_18_IND_HOU,2025,REG,18,2026-01-04,Sunday,13:00,IND,30.0,HOU,38.0,Home,8.0,68.0,0,2026010405,60104,,202601040htx,28678,401772962,6995,7,8,400,-535,9.5,-110,-110,37.5,-108,-112,1,closed,astroturf,,,00-0040206,00-0039163,Riley Leonard,C.J. Stroud,Shane Steichen,DeMeco Ryans,Land Clark,HOU00,NRG Stadium,away,IND,HOU,9.5,-8.0,NFL,2025_18_IND_HOU-IND,9.5,37.5,archived_reference_line
2025_18_IND_HOU,2025,REG,18,2026-01-04,Sunday,13:00,IND,30.0,HOU,38.0,Home,8.0,68.0,0,2026010405,60104,,202601040htx,28678,401772962,6995,7,8,400,-535,9.5,-110,-110,37.5,-108,-112,1,closed,astroturf,,,00-0040206,00-0039163,Riley Leonard,C.J. Stroud,Shane Steichen,DeMeco Ryans,Land Clark,HOU00,NRG Stadium,home,HOU,IND,-9.5,8.0,NFL,2025_18_IND_HOU-HOU,9.5,37.5,archived_reference_line
2025_18_KC_LV,2025,REG,18,2026-01-04,Sunday,16:25,KC,12.0,LV,14.0,Home,2.0,26.0,0,2026010408,60107,,202601040rai,28680,401772957,6998,10,7,-225,185,-3.5,-112,-108,36.5,-118,-102,1,dome,grass,,,00-0037324,00-0038102,Chris Oladokun,Kenny Pickett,Andy Reid,Pete Carroll,Craig Wrolstad,VEG00,Allegiant Stadium,away,KC,LV,-3.5,-2.0,NFL,2025_18_KC_LV-KC,-3.5,36.5,archived_reference_line
2025_18_KC_LV,2025,REG,18,2026-01-04,Sunday,16:25,KC,12.0,LV,14.0,Home,2.0,26.0,0,2026010408,60107,,202601040rai,28680,401772957,6998,10,7,-225,185,-3.5,-112,-108,36.5,-118,-102,1,dome,grass,,,00-0037324,00-0038102,Chris Oladokun,Kenny Pickett,Andy Reid,Pete Carroll,Craig Wrolstad,VEG00,Allegiant Stadium,home,LV,KC,3.5,2.0,NFL,2025_18_KC_LV-LV,-3.5,36.5,archived_reference_line
2025_18_LAC_DEN,2025,REG,18,2026-01-04,Sunday,16:25,LAC,3.0,DEN,19.0,Home,16.0,22.0,0,2026010404,60103,,202601040den,28677,401772956,6994,8,10,900,-1600,14.5,-108,-112,37.5,-105,-115,1,outdoors,grass,66,8,00-0037012,00-0039732,Trey Lance,Bo Nix,Jim Harbaugh,Sean Payton,Clete Blakeman,DEN00,Empower Field at Mile High,away,LAC,DEN,14.5,-16.0,NFL,2025_18_LAC_DEN-LAC,14.5,37.5,archived_reference_line
2025_18_LAC_DEN,2025,REG,18,2026-01-04,Sunday,16:25,LAC,3.0,DEN,19.0,Home,16.0,22.0,0,2026010404,60103,,202601040den,28677,401772956,6994,8,10,900,-1600,14.5,-108,-112,37.5,-105,-115,1,outdoors,grass,66,8,00-0037012,00-0039732,Trey Lance,Bo Nix,Jim Harbaugh,Sean Payton,Clete Blakeman,DEN00,Empower Field at Mile High,home,DEN,LAC,-14.5,16.0,NFL,2025_18_LAC_DEN-DEN,14.5,37.5,archived_reference_line
2025_18_MIA_NE,2025,REG,18,2026-01-04,Sunday,16:25,MIA,10.0,NE,38.0,Home,28.0,48.0,0,2026010410,60109,,202601040nwe,28683,401772958,7000,7,7,650,-1000,14.0,-112,-108,44.5,-112,-108,1,outdoors,fieldturf,29,6,00-0040234,00-0039851,Quinn Ewers,Drake Maye,Mike McDaniel,Mike Vrabel,Clay Martin,BOS00,Gillette Stadium,away,MIA,NE,14.0,-28.0,NFL,2025_18_MIA_NE-MIA,14.0,44.5,archived_reference_line
2025_18_MIA_NE,2025,REG,18,2026-01-04,Sunday,16:25,MIA,10.0,NE,38.0,Home,28.0,48.0,0,2026010410,60109,,202601040nwe,28683,401772958,7000,7,7,650,-1000,14.0,-112,-108,44.5,-112,-108,1,outdoors,fieldturf,29,6,00-0040234,00-0039851,Quinn Ewers,Drake Maye,Mike McDaniel,Mike Vrabel,Clay Martin,BOS00,Gillette Stadium,home,NE,MIA,-14.0,28.0,NFL,2025_18_MIA_NE-NE,14.0,44.5,archived_reference_line
2025_18_NO_ATL,2025,REG,18,2026-01-04,Sunday,13:00,NO,17.0,ATL,19.0,Home,2.0,36.0,0,2026010400,60099,,202601040atl,28689,401772966,6990,7,6,170,-205,4.5,-115,-105,43.5,-112,-108,1,closed,fieldturf,,,00-0040743,00-0029604,Tyler Shough,Kirk Cousins,Kellen Moore,Raheem Morris,Ron Torbert,ATL97,Mercedes-Benz Stadium,away,NO,ATL,4.5,-2.0,NFL,2025_18_NO_ATL-NO,4.5,43.5,archived_reference_line
2025_18_NO_ATL,2025,REG,18,2026-01-04,Sunday,13:00,NO,17.0,ATL,19.0,Home,2.0,36.0,0,2026010400,60099,,202601040atl,28689,401772966,6990,7,6,170,-205,4.5,-115,-105,43.5,-112,-108,1,closed,fieldturf,,,00-0040743,00-0029604,Tyler Shough,Kirk Cousins,Kellen Moore,Raheem Morris,Ron Torbert,ATL97,Mercedes-Benz Stadium,home,ATL,NO,-4.5,2.0,NFL,2025_18_NO_ATL-ATL,4.5,43.5,archived_reference_line
2025_18_NYJ_BUF,2025,REG,18,2026-01-04,Sunday,16:25,NYJ,8.0,BUF,35.0,Home,27.0,43.0,0,2026010401,60100,,202601040buf,28674,401772967,6991,7,7,550,-800,12.5,-112,-108,39.5,-115,-105,1,outdoors,a_turf,27,13,00-0040398,00-0033869,Brady Cook,Mitchell Trubisky,Aaron Glenn,Sean McDermott,Alan Eck,BUF00,New Era Field,away,NYJ,BUF,12.5,-27.0,NFL,2025_18_NYJ_BUF-NYJ,12.5,39.5,archived_reference_line
2025_18_NYJ_BUF,2025,REG,18,2026-01-04,Sunday,16:25,NYJ,8.0,BUF,35.0,Home,27.0,43.0,0,2026010401,60100,,202601040buf,28674,401772967,6991,7,7,550,-800,12.5,-112,-108,39.5,-115,-105,1,outdoors,a_turf,27,13,00-0040398,00-0033869,Brady Cook,Mitchell Trubisky,Aaron Glenn,Sean McDermott,Alan Eck,BUF00,New Era Field,home,BUF,NYJ,-12.5,27.0,NFL,2025_18_NYJ_BUF-BUF,12.5,39.5,archived_reference_line
2025_18_SEA_SF,2025,REG,18,2026-01-03,Saturday,20:00,SEA,13.0,SF,3.0,Home,-10.0,16.0,0,2026010301,60113,,202601030sfo,28687,401772961,7004,6,6,-148,124,-2.5,-120,100,47.5,-105,-115,1,outdoors,grass,57,8,00-0034869,00-0037834,Sam Darnold,Brock Purdy,Mike Macdonald,Kyle Shanahan,Bill Vinovich,SFO01,Levi's Stadium,away,SEA,SF,-2.5,10.0,NFL,2025_18_SEA_SF-SEA,-2.5,47.5,archived_reference_line
2025_18_SEA_SF,2025,REG,18,2026-01-03,Saturday,20:00,SEA,13.0,SF,3.0,Home,-10.0,16.0,0,2026010301,60113,,202601030sfo,28687,401772961,7004,6,6,-148,124,-2.5,-120,100,47.5,-105,-115,1,outdoors,grass,57,8,00-0034869,00-0037834,Sam Darnold,Brock Purdy,Mike Macdonald,Kyle Shanahan,Bill Vinovich,SFO01,Levi's Stadium,home,SF,SEA,2.5,-10.0,NFL,2025_18_SEA_SF-SF,-2.5,47.5,archived_reference_line
2025_18_TEN_JAX,2025,REG,18,2026-01-04,Sunday,13:00,TEN,7.0,JAX,41.0,Home,34.0,48.0,0,2026010406,60105,,202601040jax,28679,401772970,6996,7,7,525,-750,12.5,-110,-110,46.5,-112,-108,1,outdoors,grass,55,8,00-0040676,00-0036971,Cam Ward,Trevor Lawrence,Brian Callahan,Liam Coen,Scott Novak,JAX00,TIAA Bank Stadium,away,TEN,JAX,12.5,-34.0,NFL,2025_18_TEN_JAX-TEN,12.5,46.5,archived_reference_line
2025_18_TEN_JAX,2025,REG,18,2026-01-04,Sunday,13:00,TEN,7.0,JAX,41.0,Home,34.0,48.0,0,2026010406,60105,,202601040jax,28679,401772970,6996,7,7,525,-750,12.5,-110,-110,46.5,-112,-108,1,outdoors,grass,55,8,00-0040676,00-0036971,Cam Ward,Trevor Lawrence,Brian Callahan,Liam Coen,Scott Novak,JAX00,TIAA Bank Stadium,home,JAX,TEN,-12.5,34.0,NFL,2025_18_TEN_JAX-JAX,12.5,46.5,archived_reference_line
2025_18_WAS_PHI,2025,REG,18,2026-01-04,Sunday,16:25,WAS,24.0,PHI,17.0,Home,-7.0,41.0,0,2026010412,60111,,202601040phi,28685,401772959,7002,10,7,150,-180,3.0,-105,-115,38.5,-108,-112,1,outdoors,grass,35,9,00-0026300,00-0038400,Josh Johnson,Tanner McKee,Dan Quinn,Nick Sirianni,Shawn Hochuli,PHI00,Lincoln Financial Field,away,WAS,PHI,3.0,7.0,NFL,2025_18_WAS_PHI-WAS,3.0,38.5,archived_reference_line
2025_18_WAS_PHI,2025,REG,18,2026-01-04,Sunday,16:25,WAS,24.0,PHI,17.0,Home,-7.0,41.0,0,2026010412,60111,,202601040phi,28685,401772959,7002,10,7,150,-180,3.0,-105,-115,38.5,-108,-112,1,outdoors,grass,35,9,00-0026300,00-0038400,Josh Johnson,Tanner McKee,Dan Quinn,Nick Sirianni,Shawn Hochuli,PHI00,Lincoln Financial Field,home,PHI,WAS,-3.0,-7.0,NFL,2025_18_WAS_PHI-PHI,3.0,38.5,archived_reference_line
2025_19_BUF_JAX,2025,WC,19,2026-01-11,Sunday,13:00,BUF,27.0,JAX,24.0,Home,-3.0,51.0,0,2026011100,60166,,202601110jax,,401772977,7008,7,7,102,-122,1.5,-110,-110,51.5,-112,-108,0,outdoors,grass,62,6,00-0034857,00-0036971,Josh Allen,Trevor Lawrence,Sean McDermott,Liam Coen,Brad Allen,JAX00,TIAA Bank Stadium,away,BUF,JAX,1.5,3.0,NFL,2025_19_BUF_JAX-BUF,1.5,51.5,archived_reference_line
2025_19_BUF_JAX,2025,WC,19,2026-01-11,Sunday,13:00,BUF,27.0,JAX,24.0,Home,-3.0,51.0,0,2026011100,60166,,202601110jax,,401772977,7008,7,7,102,-122,1.5,-110,-110,51.5,-112,-108,0,outdoors,grass,62,6,00-0034857,00-0036971,Josh Allen,Trevor Lawrence,Sean McDermott,Liam Coen,Brad Allen,JAX00,TIAA Bank Stadium,home,JAX,BUF,-1.5,-3.0,NFL,2025_19_BUF_JAX-JAX,1.5,51.5,archived_reference_line
2025_19_GB_CHI,2025,WC,19,2026-01-10,Saturday,20:00,GB,27.0,CHI,31.0,Home,4.0,58.0,0,2026011001,60165,,202601100chi,,401772981,7007,6,6,-135,114,-2.5,-108,-112,45.5,-115,-105,1,outdoors,grass,32,6,00-0036264,00-0039918,Jordan Love,Caleb Williams,Matt LaFleur,Ben Johnson,Adrian Hill,CHI98,Soldier Field,away,GB,CHI,-2.5,-4.0,NFL,2025_19_GB_CHI-GB,-2.5,45.5,archived_reference_line
2025_19_GB_CHI,2025,WC,19,2026-01-10,Saturday,20:00,GB,27.0,CHI,31.0,Home,4.0,58.0,0,2026011001,60165,,202601100chi,,401772981,7007,6,6,-135,114,-2.5,-108,-112,45.5,-115,-105,1,outdoors,grass,32,6,00-0036264,00-0039918,Jordan Love,Caleb Williams,Matt LaFleur,Ben Johnson,Adrian Hill,CHI98,Soldier Field,home,CHI,GB,2.5,4.0,NFL,2025_19_GB_CHI-CHI,-2.5,45.5,archived_reference_line
2025_19_HOU_PIT,2025,WC,19,2026-01-12,Monday,20:00,HOU,30.0,PIT,6.0,Home,-24.0,36.0,0,2026011200,60169,,202601120pit,,401772976,7011,8,8,-155,130,-3.0,-105,-115,38.5,-115,-105,0,outdoors,grass,32,9,00-0039163,00-0023459,C.J. Stroud,Aaron Rodgers,DeMeco Ryans,Mike Tomlin,Craig Wrolstad,PIT00,Acrisure Stadium,away,HOU,PIT,-3.0,24.0,NFL,2025_19_HOU_PIT-HOU,-3.0,38.5,archived_reference_line
2025_19_HOU_PIT,2025,WC,19,2026-01-12,Monday,20:00,HOU,30.0,PIT,6.0,Home,-24.0,36.0,0,2026011200,60169,,202601120pit,,401772976,7011,8,8,-155,130,-3.0,-105,-115,38.5,-115,-105,0,outdoors,grass,32,9,00-0039163,00-0023459,C.J. Stroud,Aaron Rodgers,DeMeco Ryans,Mike Tomlin,Craig Wrolstad,PIT00,Acrisure Stadium,home,PIT,HOU,3.0,-24.0,NFL,2025_19_HOU_PIT-PIT,-3.0,38.5,archived_reference_line
2025_19_LAC_NE,2025,WC,19,2026-01-11,Sunday,20:00,LAC,3.0,NE,16.0,Home,13.0,19.0,0,2026011102,60168,,202601110nwe,,401772978,7010,7,7,164,-198,3.5,-105,-115,45.5,-108,-112,0,outdoors,fieldturf,35,10,00-0036355,00-0039851,Justin Herbert,Drake Maye,Jim Harbaugh,Mike Vrabel,Ron Torbert,BOS00,Gillette Stadium,away,LAC,NE,3.5,-13.0,NFL,2025_19_LAC_NE-LAC,3.5,45.5,archived_reference_line
2025_19_LAC_NE,2025,WC,19,2026-01-11,Sunday,20:00,LAC,3.0,NE,16.0,Home,13.0,19.0,0,2026011102,60168,,202601110nwe,,401772978,7010,7,7,164,-198,3.5,-105,-115,45.5,-108,-112,0,outdoors,fieldturf,35,10,00-0036355,00-0039851,Justin Herbert,Drake Maye,Jim Harbaugh,Mike Vrabel,Ron Torbert,BOS00,Gillette Stadium,home,NE,LAC,-3.5,13.0,NFL,2025_19_LAC_NE-NE,3.5,45.5,archived_reference_line
2025_19_LA_CAR,2025,WC,19,2026-01-10,Saturday,16:30,LA,34.0,CAR,31.0,Home,-3.0,65.0,0,2026011000,60164,,202601100car,,401772979,7006,6,7,-550,410,-10.0,-108,-112,44.5,-108,-112,0,outdoors,grass,72,16,00-0026498,00-0039150,Matthew Stafford,Bryce Young,Sean McVay,Dave Canales,Clete Blakeman,CAR00,Bank of America Stadium,away,LA,CAR,-10.0,3.0,NFL,2025_19_LA_CAR-LA,-10.0,44.5,archived_reference_line
2025_19_LA_CAR,2025,WC,19,2026-01-10,Saturday,16:30,LA,34.0,CAR,31.0,Home,-3.0,65.0,0,2026011000,60164,,202601100car,,401772979,7006,6,7,-550,410,-10.0,-108,-112,44.5,-108,-112,0,outdoors,grass,72,16,00-0026498,00-0039150,Matthew Stafford,Bryce Young,Sean McVay,Dave Canales,Clete Blakeman,CAR00,Bank of America Stadium,home,CAR,LA,10.0,-3.0,NFL,2025_19_LA_CAR-CAR,-10.0,44.5,archived_reference_line
2025_19_SF_PHI,2025,WC,19,2026-01-11,Sunday,16:30,SF,23.0,PHI,19.0,Home,-4.0,42.0,0,2026011101,60167,,202601110phi,,401772980,7009,8,7,215,-265,6.0,-115,-105,44.5,-115,-105,0,outdoors,grass,46,22,00-0037834,00-0036389,Brock Purdy,Jalen Hurts,Kyle Shanahan,Nick Sirianni,Alan Eck,PHI00,Lincoln Financial Field,away,SF,PHI,6.0,4.0,NFL,2025_19_SF_PHI-SF,6.0,44.5,archived_reference_line
2025_19_SF_PHI,2025,WC,19,2026-01-11,Sunday,16:30,SF,23.0,PHI,19.0,Home,-4.0,42.0,0,2026011101,60167,,202601110phi,,401772980,7009,8,7,215,-265,6.0,-115,-105,44.5,-115,-105,0,outdoors,grass,46,22,00-0037834,00-0036389,Brock Purdy,Jalen Hurts,Kyle Shanahan,Nick Sirianni,Alan Eck,PHI00,Lincoln Financial Field,home,PHI,SF,-6.0,-4.0,NFL,2025_19_SF_PHI-PHI,6.0,44.5,archived_reference_line
2025_20_BUF_DEN,2025,DIV,20,2026-01-17,Saturday,16:30,BUF,30.0,DEN,33.0,Home,3.0,63.0,1,2026011700,60170,,202601170den,,401772982,7012,6,13,100,-120,1.5,-112,-108,45.5,-112,-108,0,outdoors,grass,36,5,00-0034857,00-0039732,Josh Allen,Bo Nix,Sean McDermott,Sean Payton,Carl Cheffers,DEN00,Empower Field at Mile High,away,BUF,DEN,1.5,-3.0,NFL,2025_20_BUF_DEN-BUF,1.5,45.5,archived_reference_line
2025_20_BUF_DEN,2025,DIV,20,2026-01-17,Saturday,16:30,BUF,30.0,DEN,33.0,Home,3.0,63.0,1,2026011700,60170,,202601170den,,401772982,7012,6,13,100,-120,1.5,-112,-108,45.5,-112,-108,0,outdoors,grass,36,5,00-0034857,00-0039732,Josh Allen,Bo Nix,Sean McDermott,Sean Payton,Carl Cheffers,DEN00,Empower Field at Mile High,home,DEN,BUF,-1.5,3.0,NFL,2025_20_BUF_DEN-DEN,1.5,45.5,archived_reference_line
2025_20_HOU_NE,2025,DIV,20,2026-01-18,Sunday,15:00,HOU,16.0,NE,28.0,Home,12.0,44.0,0,2026011801,60173,,202601180nwe,,401772983,7014,6,7,150,-180,3.0,102,-122,40.5,-105,-115,0,outdoors,fieldturf,35,2,00-0039163,00-0039851,C.J. Stroud,Drake Maye,DeMeco Ryans,Mike Vrabel,Shawn Smith,BOS00,Gillette Stadium,away,HOU,NE,3.0,-12.0,NFL,2025_20_HOU_NE-HOU,3.0,40.5,archived_reference_line
2025_20_HOU_NE,2025,DIV,20,2026-01-18,Sunday,15:00,HOU,16.0,NE,28.0,Home,12.0,44.0,0,2026011801,60173,,202601180nwe,,401772983,7014,6,7,150,-180,3.0,102,-122,40.5,-105,-115,0,outdoors,fieldturf,35,2,00-0039163,00-0039851,C.J. Stroud,Drake Maye,DeMeco Ryans,Mike Vrabel,Shawn Smith,BOS00,Gillette Stadium,home,NE,HOU,-3.0,12.0,NFL,2025_20_HOU_NE-NE,3.0,40.5,archived_reference_line
2025_20_LA_CHI,2025,DIV,20,2026-01-18,Sunday,18:30,LA,20.0,CHI,17.0,Home,-3.0,37.0,1,2026011800,60172,,202601180chi,,401772985,7015,8,8,-205,170,-3.5,-118,-102,49.5,-110,-110,0,outdoors,grass,19,6,00-0026498,00-0039918,Matthew Stafford,Caleb Williams,Sean McVay,Ben Johnson,Shawn Hochuli,CHI98,Soldier Field,away,LA,CHI,-3.5,3.0,NFL,2025_20_LA_CHI-LA,-3.5,49.5,archived_reference_line
2025_20_LA_CHI,2025,DIV,20,2026-01-18,Sunday,18:30,LA,20.0,CHI,17.0,Home,-3.0,37.0,1,2026011800,60172,,202601180chi,,401772985,7015,8,8,-205,170,-3.5,-118,-102,49.5,-110,-110,0,outdoors,grass,19,6,00-0026498,00-0039918,Matthew Stafford,Caleb Williams,Sean McVay,Ben Johnson,Shawn Hochuli,CHI98,Soldier Field,home,CHI,LA,3.5,-3.0,NFL,2025_20_LA_CHI-CHI,-3.5,49.5,archived_reference_line
2025_20_SF_SEA,2025,DIV,20,2026-01-17,Saturday,20:00,SF,6.0,SEA,41.0,Home,35.0,47.0,0,2026011701,60171,,202601170sea,,401772984,7013,6,14,245,-305,6.5,-102,-118,44.5,-118,-102,1,outdoors,fieldturf,46,5,00-0037834,00-0034869,Brock Purdy,Sam Darnold,Kyle Shanahan,Mike Macdonald,John Hussey,SEA00,Lumen Field,away,SF,SEA,6.5,-35.0,NFL,2025_20_SF_SEA-SF,6.5,44.5,archived_reference_line
2025_20_SF_SEA,2025,DIV,20,2026-01-17,Saturday,20:00,SF,6.0,SEA,41.0,Home,35.0,47.0,0,2026011701,60171,,202601170sea,,401772984,7013,6,14,245,-305,6.5,-102,-118,44.5,-118,-102,1,outdoors,fieldturf,46,5,00-0037834,00-0034869,Brock Purdy,Sam Darnold,Kyle Shanahan,Mike Macdonald,John Hussey,SEA00,Lumen Field,home,SEA,SF,-6.5,35.0,NFL,2025_20_SF_SEA-SEA,6.5,44.5,archived_reference_line
2025_21_LA_SEA,2025,CON,21,2026-01-25,Sunday,18:30,LA,27.0,SEA,31.0,Home,4.0,58.0,0,2026012501,60175,,202601250sea,,401772987,7017,7,8,120,-142,2.5,-115,-105,45.5,-105,-115,1,outdoors,fieldturf,41,2,00-0026498,00-0034869,Matthew Stafford,Sam Darnold,Sean McVay,Mike Macdonald,Clay Martin,SEA00,Lumen Field,away,LA,SEA,2.5,-4.0,NFL,2025_21_LA_SEA-LA,2.5,45.5,archived_reference_line
2025_21_LA_SEA,2025,CON,21,2026-01-25,Sunday,18:30,LA,27.0,SEA,31.0,Home,4.0,58.0,0,2026012501,60175,,202601250sea,,401772987,7017,7,8,120,-142,2.5,-115,-105,45.5,-105,-115,1,outdoors,fieldturf,41,2,00-0026498,00-0034869,Matthew Stafford,Sam Darnold,Sean McVay,Mike Macdonald,Clay Martin,SEA00,Lumen Field,home,SEA,LA,-2.5,4.0,NFL,2025_21_LA_SEA-SEA,2.5,45.5,archived_reference_line
2025_21_NE_DEN,2025,CON,21,2026-01-25,Sunday,15:00,NE,10.0,DEN,7.0,Home,-3.0,17.0,0,2026012500,60174,,202601250den,,401772986,7016,7,8,-205,170,-3.5,-115,-105,43.5,-118,-102,0,outdoors,grass,26,10,00-0039851,00-0035264,Drake Maye,Jarrett Stidham,Mike Vrabel,Sean Payton,Alex Kemp,DEN00,Empower Field at Mile High,away,NE,DEN,-3.5,3.0,NFL,2025_21_NE_DEN-NE,-3.5,43.5,archived_reference_line
2025_21_NE_DEN,2025,CON,21,2026-01-25,Sunday,15:00,NE,10.0,DEN,7.0,Home,-3.0,17.0,0,2026012500,60174,,202601250den,,401772986,7016,7,8,-205,170,-3.5,-115,-105,43.5,-118,-102,0,outdoors,grass,26,10,00-0039851,00-0035264,Drake Maye,Jarrett Stidham,Mike Vrabel,Sean Payton,Alex Kemp,DEN00,Empower Field at Mile High,home,DEN,NE,3.5,-3.0,NFL,2025_21_NE_DEN-DEN,-3.5,43.5,archived_reference_line
2025_22_SEA_NE,2025,SB,22,2026-02-08,Sunday,18:30,SEA,29.0,NE,13.0,Neutral,-16.0,42.0,0,2026020800,60176,,202602080nwe,,401772988,7018,14,14,-238,195,-4.5,-115,-105,45.5,-115,-105,0,outdoors,grass,67,7,00-0034869,00-0039851,Sam Darnold,Drake Maye,Mike Macdonald,Mike Vrabel,Shawn Smith,SFO01,Levi's Stadium,away,SEA,NE,-4.5,16.0,NFL,2025_22_SEA_NE-SEA,-4.5,45.5,archived_reference_line
2025_22_SEA_NE,2025,SB,22,2026-02-08,Sunday,18:30,SEA,29.0,NE,13.0,Neutral,-16.0,42.0,0,2026020800,60176,,202602080nwe,,401772988,7018,14,14,-238,195,-4.5,-115,-105,45.5,-115,-105,0,outdoors,grass,67,7,00-0034869,00-0039851,Sam Darnold,Drake Maye,Mike Macdonald,Mike Vrabel,Shawn Smith,SFO01,Levi's Stadium,home,NE,SEA,4.5,-16.0,NFL,2025_22_SEA_NE-NE,-4.5,45.5,archived_reference_line
