profit,american,tickets_selected,units,wins,profit_loss,roi,block,ticket_size
0.3,-333.33333333333337,0,0.0,0,0.0,,2018-2023 validation,2-team
0.305,-327.8688524590164,0,0.0,0,0.0,,2018-2023 validation,2-team
0.31,-322.5806451612903,0,0.0,0,0.0,,2018-2023 validation,2-team
0.315,-317.46031746031747,0,0.0,0,0.0,,2018-2023 validation,2-team
0.32,-312.5,0,0.0,0,0.0,,2018-2023 validation,2-team
0.325,-307.6923076923077,0,0.0,0,0.0,,2018-2023 validation,2-team
0.33,-303.030303030303,0,0.0,0,0.0,,2018-2023 validation,2-team
0.335,-298.5074626865671,0,0.0,0,0.0,,2018-2023 validation,2-team
0.34,-294.11764705882354,0,0.0,0,0.0,,2018-2023 validation,2-team
0.34500000000000003,-289.85507246376807,0,0.0,0,0.0,,2018-2023 validation,2-team
0.35000000000000003,-285.71428571428567,0,0.0,0,0.0,,2018-2023 validation,2-team
0.35500000000000004,-281.6901408450704,0,0.0,0,0.0,,2018-2023 validation,2-team
0.36000000000000004,-277.77777777777777,0,0.0,0,0.0,,2018-2023 validation,2-team
0.36500000000000005,-273.97260273972597,0,0.0,0,0.0,,2018-2023 validation,2-team
0.37000000000000005,-270.27027027027026,0,0.0,0,0.0,,2018-2023 validation,2-team
0.37500000000000006,-266.66666666666663,0,0.0,0,0.0,,2018-2023 validation,2-team
0.38000000000000006,-263.1578947368421,0,0.0,0,0.0,,2018-2023 validation,2-team
0.38500000000000006,-259.7402597402597,0,0.0,0,0.0,,2018-2023 validation,2-team
0.39000000000000007,-256.41025641025635,0,0.0,0,0.0,,2018-2023 validation,2-team
0.3950000000000001,-253.16455696202527,0,0.0,0,0.0,,2018-2023 validation,2-team
0.4000000000000001,-249.99999999999994,0,0.0,0,0.0,,2018-2023 validation,2-team
0.4050000000000001,-246.91358024691354,0,0.0,0,0.0,,2018-2023 validation,2-team
0.4100000000000001,-243.9024390243902,0,0.0,0,0.0,,2018-2023 validation,2-team
0.4150000000000001,-240.9638554216867,0,0.0,0,0.0,,2018-2023 validation,2-team
0.4200000000000001,-238.09523809523805,0,0.0,0,0.0,,2018-2023 validation,2-team
0.4250000000000001,-235.29411764705875,0,0.0,0,0.0,,2018-2023 validation,2-team
0.4300000000000001,-232.55813953488365,0,0.0,0,0.0,,2018-2023 validation,2-team
0.4350000000000001,-229.8850574712643,0,0.0,0,0.0,,2018-2023 validation,2-team
0.4400000000000001,-227.27272727272722,0,0.0,0,0.0,,2018-2023 validation,2-team
0.4450000000000001,-224.71910112359544,0,0.0,0,0.0,,2018-2023 validation,2-team
0.4500000000000001,-222.22222222222217,0,0.0,0,0.0,,2018-2023 validation,2-team
0.4550000000000001,-219.7802197802197,0,0.0,0,0.0,,2018-2023 validation,2-team
0.46000000000000013,-217.39130434782604,0,0.0,0,0.0,,2018-2023 validation,2-team
0.46500000000000014,-215.05376344086017,0,0.0,0,0.0,,2018-2023 validation,2-team
0.47000000000000014,-212.76595744680844,0,0.0,0,0.0,,2018-2023 validation,2-team
0.47500000000000014,-210.5263157894736,0,0.0,0,0.0,,2018-2023 validation,2-team
0.48000000000000015,-208.33333333333326,0,0.0,0,0.0,,2018-2023 validation,2-team
0.48500000000000015,-206.1855670103092,0,0.0,0,0.0,,2018-2023 validation,2-team
0.49000000000000016,-204.08163265306115,0,0.0,0,0.0,,2018-2023 validation,2-team
0.49500000000000016,-202.02020202020196,0,0.0,0,0.0,,2018-2023 validation,2-team
0.5000000000000002,-199.99999999999991,0,0.0,0,0.0,,2018-2023 validation,2-team
0.5050000000000001,-198.01980198019797,0,0.0,0,0.0,,2018-2023 validation,2-team
0.5100000000000002,-196.07843137254892,0,0.0,0,0.0,,2018-2023 validation,2-team
0.5150000000000001,-194.17475728155335,0,0.0,0,0.0,,2018-2023 validation,2-team
0.5200000000000002,-192.3076923076922,0,0.0,0,0.0,,2018-2023 validation,2-team
0.5250000000000001,-190.47619047619042,0,0.0,0,0.0,,2018-2023 validation,2-team
0.5300000000000002,-188.6792452830188,0,0.0,0,0.0,,2018-2023 validation,2-team
0.5350000000000001,-186.91588785046724,0,0.0,0,0.0,,2018-2023 validation,2-team
0.5400000000000003,-185.1851851851851,0,0.0,0,0.0,,2018-2023 validation,2-team
0.5450000000000002,-183.48623853211004,0,0.0,0,0.0,,2018-2023 validation,2-team
0.5500000000000003,-181.81818181818173,0,0.0,0,0.0,,2018-2023 validation,2-team
0.5550000000000002,-180.18018018018012,0,0.0,0,0.0,,2018-2023 validation,2-team
0.5600000000000003,-178.57142857142847,1,1.0,1,0.5600000000000003,0.5600000000000003,2018-2023 validation,2-team
0.5650000000000002,-176.99115044247782,1,1.0,1,0.5650000000000002,0.5650000000000002,2018-2023 validation,2-team
0.5700000000000003,-175.43859649122797,1,1.0,1,0.5700000000000003,0.5700000000000003,2018-2023 validation,2-team
0.5750000000000002,-173.91304347826082,1,1.0,1,0.5750000000000002,0.5750000000000002,2018-2023 validation,2-team
0.5800000000000003,-172.4137931034482,1,1.0,1,0.5800000000000003,0.5800000000000003,2018-2023 validation,2-team
0.5850000000000002,-170.94017094017087,1,1.0,1,0.5850000000000002,0.5850000000000002,2018-2023 validation,2-team
0.5900000000000003,-169.49152542372872,1,1.0,1,0.5900000000000003,0.5900000000000003,2018-2023 validation,2-team
0.5950000000000002,-168.06722689075625,1,1.0,1,0.5950000000000002,0.5950000000000002,2018-2023 validation,2-team
0.6000000000000003,-166.66666666666657,1,1.0,1,0.6000000000000003,0.6000000000000003,2018-2023 validation,2-team
0.6050000000000002,-165.28925619834706,1,1.0,1,0.6050000000000002,0.6050000000000002,2018-2023 validation,2-team
0.6100000000000003,-163.93442622950812,1,1.0,1,0.6100000000000003,0.6100000000000003,2018-2023 validation,2-team
0.6150000000000002,-162.6016260162601,1,1.0,1,0.6150000000000002,0.6150000000000002,2018-2023 validation,2-team
0.6200000000000003,-161.29032258064507,1,1.0,1,0.6200000000000003,0.6200000000000003,2018-2023 validation,2-team
0.6250000000000002,-159.99999999999994,1,1.0,1,0.6250000000000002,0.6250000000000002,2018-2023 validation,2-team
0.6300000000000003,-158.73015873015865,1,1.0,1,0.6300000000000003,0.6300000000000003,2018-2023 validation,2-team
0.6350000000000002,-157.48031496062987,2,2.0,2,1.2700000000000005,0.6350000000000002,2018-2023 validation,2-team
0.6400000000000003,-156.24999999999991,2,2.0,2,1.2800000000000007,0.6400000000000003,2018-2023 validation,2-team
0.6450000000000002,-155.03875968992241,2,2.0,2,1.2900000000000005,0.6450000000000002,2018-2023 validation,2-team
0.6500000000000004,-153.84615384615375,3,3.0,2,0.3000000000000007,0.10000000000000024,2018-2023 validation,2-team
0.6550000000000002,-152.6717557251908,3,3.0,2,0.3100000000000005,0.1033333333333335,2018-2023 validation,2-team
0.6600000000000004,-151.51515151515144,3,3.0,2,0.32000000000000073,0.10666666666666691,2018-2023 validation,2-team
0.6650000000000003,-150.375939849624,4,4.0,2,-0.6699999999999995,-0.16749999999999987,2018-2023 validation,2-team
0.6700000000000004,-149.2537313432835,4,4.0,2,-0.6599999999999993,-0.1649999999999998,2018-2023 validation,2-team
0.6750000000000003,-148.1481481481481,5,5.0,3,0.0250000000000008,0.00500000000000016,2018-2023 validation,2-team
0.6800000000000004,-147.05882352941168,5,5.0,3,0.040000000000001146,0.00800000000000023,2018-2023 validation,2-team
0.6850000000000003,-145.98540145985396,8,8.0,3,-2.944999999999999,-0.36812499999999987,2018-2023 validation,2-team
0.6900000000000004,-144.92753623188398,9,9.0,4,-2.2399999999999984,-0.24888888888888872,2018-2023 validation,2-team
0.6950000000000003,-143.88489208633086,12,12.0,6,-1.8299999999999983,-0.15249999999999986,2018-2023 validation,2-team
0.7000000000000004,-142.85714285714278,14,14.0,7,-2.099999999999998,-0.14999999999999986,2018-2023 validation,2-team
0.7050000000000003,-141.84397163120562,16,16.0,8,-2.359999999999998,-0.14749999999999988,2018-2023 validation,2-team
0.7100000000000004,-140.84507042253514,17,17.0,8,-3.319999999999997,-0.19529411764705865,2018-2023 validation,2-team
0.7150000000000003,-139.8601398601398,19,19.0,10,-1.849999999999997,-0.09736842105263142,2018-2023 validation,2-team
0.7200000000000004,-138.8888888888888,23,23.0,12,-2.359999999999993,-0.10260869565217362,2018-2023 validation,2-team
0.7250000000000003,-137.93103448275855,26,26.0,14,-1.8499999999999954,-0.07115384615384598,2018-2023 validation,2-team
0.7300000000000004,-136.98630136986293,29,29.0,16,-1.3199999999999932,-0.04551724137931011,2018-2023 validation,2-team
0.7350000000000003,-136.0544217687074,35,35.0,22,3.170000000000007,0.09057142857142877,2018-2023 validation,2-team
0.7400000000000004,-135.13513513513504,37,37.0,24,4.76000000000001,0.12864864864864892,2018-2023 validation,2-team
0.7450000000000003,-134.22818791946304,43,43.0,26,2.370000000000008,0.05511627906976763,2018-2023 validation,2-team
0.7500000000000004,-133.33333333333326,46,46.0,28,3.000000000000013,0.0652173913043481,2018-2023 validation,2-team
0.7550000000000003,-132.45033112582774,50,50.0,30,2.650000000000011,0.05300000000000022,2018-2023 validation,2-team
0.7600000000000005,-131.57894736842098,52,52.0,32,4.320000000000017,0.08307692307692341,2018-2023 validation,2-team
0.7650000000000003,-130.71895424836595,58,58.0,35,3.7750000000000137,0.06508620689655197,2018-2023 validation,2-team
0.7700000000000005,-129.8701298701298,63,63.0,38,4.2600000000000176,0.0676190476190479,2018-2023 validation,2-team
0.7750000000000004,-129.03225806451607,67,67.0,40,4.000000000000014,0.05970149253731365,2018-2023 validation,2-team
0.7800000000000005,-128.20512820512812,72,72.0,44,6.32000000000002,0.08777777777777805,2018-2023 validation,2-team
0.7850000000000004,-127.38853503184707,75,75.0,44,3.540000000000015,0.0472000000000002,2018-2023 validation,2-team
0.7900000000000005,-126.58227848101258,80,80.0,48,5.920000000000023,0.07400000000000029,2018-2023 validation,2-team
0.7950000000000004,-125.78616352201252,84,84.0,49,3.955000000000018,0.047083333333333546,2018-2023 validation,2-team
0.8000000000000005,-124.99999999999993,92,92.0,51,-0.19999999999997153,-0.0021739130434779512,2018-2023 validation,2-team
0.8050000000000004,-124.223602484472,97,97.0,55,2.275000000000028,0.02345360824742297,2018-2023 validation,2-team
0.8100000000000005,-123.45679012345671,103,103.0,58,1.9800000000000288,0.019223300970874067,2018-2023 validation,2-team
0.8150000000000004,-122.69938650306743,105,105.0,58,0.27000000000002267,0.0025714285714287873,2018-2023 validation,2-team
0.8200000000000005,-121.95121951219505,112,112.0,61,-0.9799999999999764,-0.00874999999999979,2018-2023 validation,2-team
0.8250000000000004,-121.21212121212115,115,115.0,63,-0.02499999999997926,-0.00021739130434764574,2018-2023 validation,2-team
0.8300000000000005,-120.4819277108433,121,121.0,65,-2.049999999999967,-0.016942148760330306,2018-2023 validation,2-team
0.8350000000000004,-119.76047904191611,124,124.0,66,-2.8899999999999713,-0.023306451612902995,2018-2023 validation,2-team
0.8400000000000005,-119.04761904761898,131,131.0,71,-0.35999999999996124,-0.0027480916030531394,2018-2023 validation,2-team
0.8450000000000004,-118.34319526627213,133,133.0,73,1.6850000000000342,0.012669172932331085,2018-2023 validation,2-team
0.8500000000000005,-117.64705882352933,136,136.0,76,4.6000000000000405,0.033823529411765,2018-2023 validation,2-team
0.8550000000000004,-116.95906432748532,138,138.0,77,4.835000000000033,0.03503623188405821,2018-2023 validation,2-team
0.8600000000000005,-116.27906976744178,138,138.0,77,5.220000000000038,0.037826086956522016,2018-2023 validation,2-team
0.8650000000000004,-115.60693641618491,138,138.0,77,5.605000000000027,0.040615942028985705,2018-2023 validation,2-team
0.8700000000000006,-114.94252873563211,138,138.0,77,5.990000000000041,0.043405797101449574,2018-2023 validation,2-team
0.8750000000000004,-114.28571428571422,138,138.0,77,6.3750000000000355,0.046195652173913304,2018-2023 validation,2-team
0.8800000000000006,-113.63636363636357,138,138.0,77,6.7600000000000495,0.04898550724637717,2018-2023 validation,2-team
0.8850000000000005,-112.99435028248581,138,138.0,77,7.145000000000039,0.05177536231884086,2018-2023 validation,2-team
0.8900000000000006,-112.35955056179768,138,138.0,77,7.530000000000044,0.05456521739130467,2018-2023 validation,2-team
0.8950000000000005,-111.73184357541894,138,138.0,77,7.9150000000000365,0.05735507246376838,2018-2023 validation,2-team
0.9000000000000006,-111.11111111111104,138,138.0,77,8.300000000000038,0.06014492753623216,2018-2023 validation,2-team
0.9050000000000005,-110.49723756906072,138,138.0,77,8.685000000000032,0.0629347826086959,2018-2023 validation,2-team
0.9100000000000006,-109.89010989010981,138,138.0,77,9.070000000000046,0.06572463768115976,2018-2023 validation,2-team
0.9150000000000005,-109.28961748633874,138,138.0,77,9.455000000000037,0.06851449275362347,2018-2023 validation,2-team
0.9200000000000006,-108.69565217391298,138,138.0,77,9.840000000000051,0.07130434782608733,2018-2023 validation,2-team
0.9250000000000005,-108.10810810810806,138,138.0,77,10.225000000000044,0.07409420289855104,2018-2023 validation,2-team
0.9300000000000006,-107.52688172043004,138,138.0,77,10.610000000000046,0.07688405797101483,2018-2023 validation,2-team
0.9350000000000005,-106.95187165775395,138,138.0,77,10.995000000000038,0.07967391304347854,2018-2023 validation,2-team
0.9400000000000006,-106.3829787234042,138,138.0,77,11.380000000000043,0.08246376811594235,2018-2023 validation,2-team
0.9450000000000005,-105.82010582010577,138,138.0,77,11.765000000000033,0.08525362318840603,2018-2023 validation,2-team
0.9500000000000006,-105.26315789473678,138,138.0,77,12.150000000000048,0.08804347826086992,2018-2023 validation,2-team
0.9550000000000005,-104.7120418848167,138,138.0,77,12.53500000000004,0.09083333333333361,2018-2023 validation,2-team
0.9600000000000006,-104.1666666666666,138,138.0,77,12.920000000000055,0.0936231884057975,2018-2023 validation,2-team
0.9650000000000005,-103.62694300518129,138,138.0,77,13.305000000000044,0.09641304347826118,2018-2023 validation,2-team
0.9700000000000006,-103.09278350515457,138,138.0,77,13.69000000000005,0.09920289855072499,2018-2023 validation,2-team
0.9750000000000005,-102.56410256410251,138,138.0,77,14.075000000000042,0.10199275362318871,2018-2023 validation,2-team
0.9800000000000006,-102.04081632653055,138,138.0,77,14.460000000000043,0.1047826086956525,2018-2023 validation,2-team
0.9850000000000005,-101.52284263959385,138,138.0,77,14.845000000000036,0.1075724637681162,2018-2023 validation,2-team
0.9900000000000007,-101.01010101010094,138,138.0,77,15.23000000000005,0.11036231884058008,2018-2023 validation,2-team
0.9950000000000006,-100.50251256281402,138,138.0,77,15.615000000000041,0.11315217391304377,2018-2023 validation,2-team
1.0000000000000007,100.00000000000007,138,138.0,77,16.000000000000053,0.11594202898550764,2018-2023 validation,2-team
1.0050000000000006,100.50000000000006,138,138.0,77,16.385000000000048,0.11873188405797136,2018-2023 validation,2-team
1.0100000000000007,101.00000000000007,138,138.0,77,16.770000000000053,0.12152173913043517,2018-2023 validation,2-team
1.0150000000000006,101.50000000000006,138,138.0,77,17.155000000000044,0.12431159420289886,2018-2023 validation,2-team
1.0200000000000007,102.00000000000007,138,138.0,77,17.54000000000005,0.12710144927536268,2018-2023 validation,2-team
1.0250000000000006,102.50000000000006,138,138.0,77,17.92500000000004,0.12989130434782636,2018-2023 validation,2-team
1.0300000000000007,103.00000000000007,138,138.0,77,18.31000000000006,0.1326811594202903,2018-2023 validation,2-team
1.0350000000000006,103.50000000000006,138,138.0,77,18.69500000000004,0.13547101449275392,2018-2023 validation,2-team
1.0400000000000007,104.00000000000007,138,138.0,77,19.08000000000006,0.13826086956521783,2018-2023 validation,2-team
1.0450000000000006,104.50000000000006,138,138.0,77,19.46500000000005,0.1410507246376815,2018-2023 validation,2-team
1.0500000000000007,105.00000000000007,138,138.0,77,19.850000000000055,0.14384057971014533,2018-2023 validation,2-team
1.0550000000000006,105.50000000000006,138,138.0,77,20.23500000000005,0.14663043478260906,2018-2023 validation,2-team
1.0600000000000007,106.00000000000007,138,138.0,77,20.62000000000005,0.14942028985507283,2018-2023 validation,2-team
1.0650000000000006,106.50000000000006,138,138.0,77,21.00500000000005,0.1522101449275366,2018-2023 validation,2-team
1.0700000000000007,107.00000000000007,138,138.0,77,21.39000000000005,0.15500000000000036,2018-2023 validation,2-team
1.0750000000000006,107.50000000000006,138,138.0,77,21.775000000000052,0.15778985507246415,2018-2023 validation,2-team
1.0800000000000007,108.00000000000007,138,138.0,77,22.16000000000006,0.16057971014492797,2018-2023 validation,2-team
1.0850000000000006,108.50000000000006,138,138.0,77,22.54500000000005,0.16336956521739168,2018-2023 validation,2-team
1.0900000000000007,109.00000000000007,138,138.0,77,22.930000000000057,0.16615942028985548,2018-2023 validation,2-team
1.0950000000000006,109.50000000000006,138,138.0,77,23.31500000000005,0.1689492753623192,2018-2023 validation,2-team
1.1000000000000008,110.00000000000007,138,138.0,77,23.700000000000056,0.171739130434783,2018-2023 validation,2-team
1.1050000000000006,110.50000000000007,138,138.0,77,24.085000000000047,0.17452898550724671,2018-2023 validation,2-team
1.1100000000000008,111.00000000000007,138,138.0,77,24.470000000000063,0.1773188405797106,2018-2023 validation,2-team
1.1150000000000007,111.50000000000007,138,138.0,77,24.855000000000047,0.18010869565217424,2018-2023 validation,2-team
1.1200000000000008,112.00000000000007,138,138.0,77,25.240000000000062,0.18289855072463812,2018-2023 validation,2-team
1.1250000000000007,112.50000000000007,138,138.0,77,25.625000000000053,0.18568840579710183,2018-2023 validation,2-team
1.1300000000000008,113.00000000000009,138,138.0,77,26.01000000000006,0.18847826086956565,2018-2023 validation,2-team
1.1350000000000007,113.50000000000007,138,138.0,77,26.395000000000053,0.19126811594202936,2018-2023 validation,2-team
1.1400000000000008,114.00000000000009,138,138.0,77,26.780000000000058,0.19405797101449318,2018-2023 validation,2-team
1.1450000000000007,114.50000000000007,138,138.0,77,27.16500000000005,0.1968478260869569,2018-2023 validation,2-team
1.1500000000000008,115.00000000000009,138,138.0,77,27.550000000000058,0.1996376811594207,2018-2023 validation,2-team
1.1550000000000007,115.50000000000007,138,138.0,77,27.93500000000006,0.20242753623188448,2018-2023 validation,2-team
1.1600000000000008,116.00000000000009,138,138.0,77,28.32000000000006,0.20521739130434827,2018-2023 validation,2-team
1.1650000000000007,116.50000000000007,138,138.0,77,28.70500000000006,0.20800724637681203,2018-2023 validation,2-team
1.1700000000000008,117.00000000000009,138,138.0,77,29.09000000000006,0.2107971014492758,2018-2023 validation,2-team
1.1750000000000007,117.50000000000007,138,138.0,77,29.475000000000055,0.21358695652173953,2018-2023 validation,2-team
1.1800000000000008,118.00000000000009,138,138.0,77,29.860000000000063,0.21637681159420336,2018-2023 validation,2-team
1.1850000000000007,118.50000000000007,138,138.0,77,30.24500000000005,0.21916666666666704,2018-2023 validation,2-team
1.1900000000000008,119.00000000000009,138,138.0,77,30.63000000000007,0.22195652173913094,2018-2023 validation,2-team
1.1950000000000007,119.50000000000007,138,138.0,77,31.01500000000005,0.22474637681159457,2018-2023 validation,2-team
1.2000000000000008,120.00000000000009,138,138.0,77,31.400000000000066,0.22753623188405844,2018-2023 validation,2-team
1.2050000000000007,120.50000000000007,138,138.0,77,31.78500000000006,0.23032608695652218,2018-2023 validation,2-team
1.2100000000000009,121.00000000000009,138,138.0,77,32.170000000000066,0.23311594202898597,2018-2023 validation,2-team
1.2150000000000007,121.50000000000007,138,138.0,77,32.55500000000005,0.23590579710144963,2018-2023 validation,2-team
1.2200000000000009,122.00000000000009,138,138.0,77,32.94000000000007,0.23869565217391353,2018-2023 validation,2-team
1.2250000000000008,122.50000000000007,138,138.0,77,33.32500000000006,0.24148550724637724,2018-2023 validation,2-team
1.2300000000000009,123.00000000000009,138,138.0,77,33.710000000000065,0.24427536231884106,2018-2023 validation,2-team
1.2350000000000008,123.50000000000007,138,138.0,77,34.09500000000007,0.24706521739130485,2018-2023 validation,2-team
1.2400000000000009,124.00000000000009,138,138.0,77,34.48000000000007,0.24985507246376862,2018-2023 validation,2-team
1.2450000000000008,124.50000000000007,138,138.0,77,34.865000000000066,0.25264492753623236,2018-2023 validation,2-team
1.2500000000000009,125.00000000000009,138,138.0,77,35.25000000000007,0.2554347826086962,2018-2023 validation,2-team
1.2550000000000008,125.50000000000009,138,138.0,77,35.63500000000006,0.2582246376811599,2018-2023 validation,2-team
1.260000000000001,126.00000000000009,138,138.0,77,36.02000000000007,0.26101449275362365,2018-2023 validation,2-team
1.2650000000000008,126.50000000000009,138,138.0,77,36.40500000000006,0.26380434782608736,2018-2023 validation,2-team
1.270000000000001,127.00000000000009,138,138.0,77,36.79000000000008,0.2665942028985513,2018-2023 validation,2-team
1.2750000000000008,127.50000000000009,138,138.0,77,37.175000000000054,0.2693840579710149,2018-2023 validation,2-team
1.280000000000001,128.00000000000009,138,138.0,77,37.56000000000007,0.27217391304347877,2018-2023 validation,2-team
1.2850000000000008,128.50000000000009,138,138.0,77,37.945000000000064,0.2749637681159425,2018-2023 validation,2-team
1.290000000000001,129.00000000000009,138,138.0,77,38.33000000000007,0.2777536231884063,2018-2023 validation,2-team
1.2950000000000008,129.50000000000009,138,138.0,77,38.71500000000006,0.28054347826087,2018-2023 validation,2-team
1.300000000000001,130.00000000000009,138,138.0,77,39.100000000000065,0.2833333333333338,2018-2023 validation,2-team
1.3050000000000008,130.50000000000009,138,138.0,77,39.48500000000006,0.28612318840579753,2018-2023 validation,2-team
1.310000000000001,131.00000000000009,138,138.0,77,39.87000000000007,0.28891304347826136,2018-2023 validation,2-team
1.315000000000001,131.5000000000001,138,138.0,77,40.25500000000008,0.29170289855072523,2018-2023 validation,2-team
1.320000000000001,132.00000000000009,138,138.0,77,40.64000000000007,0.29449275362318894,2018-2023 validation,2-team
1.3250000000000008,132.50000000000009,138,138.0,77,41.02500000000006,0.29728260869565265,2018-2023 validation,2-team
1.330000000000001,133.00000000000009,138,138.0,77,41.41000000000008,0.3000724637681165,2018-2023 validation,2-team
1.335000000000001,133.5000000000001,138,138.0,77,41.79500000000008,0.3028623188405803,2018-2023 validation,2-team
1.340000000000001,134.00000000000009,138,138.0,77,42.18000000000007,0.305652173913044,2018-2023 validation,2-team
1.3450000000000009,134.50000000000009,138,138.0,77,42.56500000000007,0.30844202898550777,2018-2023 validation,2-team
1.350000000000001,135.00000000000009,138,138.0,77,42.95000000000008,0.3112318840579716,2018-2023 validation,2-team
1.355000000000001,135.5000000000001,138,138.0,77,43.33500000000008,0.31402173913043535,2018-2023 validation,2-team
1.360000000000001,136.00000000000009,138,138.0,77,43.720000000000084,0.31681159420289917,2018-2023 validation,2-team
1.3650000000000009,136.50000000000009,138,138.0,77,44.105000000000075,0.3196014492753629,2018-2023 validation,2-team
1.370000000000001,137.0000000000001,138,138.0,77,44.49000000000008,0.32239130434782665,2018-2023 validation,2-team
1.375000000000001,137.5000000000001,138,138.0,77,44.875000000000085,0.32518115942029047,2018-2023 validation,2-team
1.380000000000001,138.0000000000001,138,138.0,77,45.260000000000076,0.3279710144927542,2018-2023 validation,2-team
1.385000000000001,138.50000000000009,138,138.0,77,45.64500000000007,0.3307608695652179,2018-2023 validation,2-team
1.390000000000001,139.0000000000001,138,138.0,77,46.03000000000007,0.3335507246376817,2018-2023 validation,2-team
1.3950000000000011,139.5000000000001,138,138.0,77,46.41500000000009,0.3363405797101456,2018-2023 validation,2-team
1.400000000000001,140.0000000000001,138,138.0,77,46.80000000000008,0.3391304347826093,2018-2023 validation,2-team
1.405000000000001,140.50000000000009,138,138.0,77,47.18500000000007,0.341920289855073,2018-2023 validation,2-team
1.410000000000001,141.0000000000001,138,138.0,77,47.57000000000008,0.3447101449275368,2018-2023 validation,2-team
1.4150000000000011,141.5000000000001,138,138.0,77,47.95500000000009,0.34750000000000064,2018-2023 validation,2-team
1.420000000000001,142.0000000000001,138,138.0,77,48.340000000000074,0.3502898550724643,2018-2023 validation,2-team
1.425000000000001,142.50000000000009,138,138.0,77,48.725000000000065,0.353079710144928,2018-2023 validation,2-team
1.430000000000001,143.0000000000001,138,138.0,77,49.110000000000085,0.35586956521739194,2018-2023 validation,2-team
1.4350000000000012,143.5000000000001,138,138.0,77,49.49500000000009,0.3586594202898557,2018-2023 validation,2-team
1.440000000000001,144.0000000000001,138,138.0,77,49.88000000000008,0.3614492753623194,2018-2023 validation,2-team
1.445000000000001,144.50000000000009,138,138.0,77,50.26500000000007,0.3642391304347831,2018-2023 validation,2-team
1.450000000000001,145.0000000000001,138,138.0,77,50.65000000000009,0.36702898550724705,2018-2023 validation,2-team
1.4550000000000012,145.5000000000001,138,138.0,77,51.035000000000096,0.3698188405797108,2018-2023 validation,2-team
1.460000000000001,146.0000000000001,138,138.0,77,51.42000000000009,0.3726086956521745,2018-2023 validation,2-team
1.465000000000001,146.50000000000009,138,138.0,77,51.805000000000064,0.3753985507246381,2018-2023 validation,2-team
1.470000000000001,147.0000000000001,138,138.0,77,52.19000000000008,0.37818840579710206,2018-2023 validation,2-team
1.4750000000000012,147.5000000000001,138,138.0,77,52.57500000000009,0.3809782608695659,2018-2023 validation,2-team
1.480000000000001,148.0000000000001,138,138.0,77,52.96000000000008,0.38376811594202953,2018-2023 validation,2-team
1.485000000000001,148.50000000000009,138,138.0,77,53.34500000000008,0.3865579710144933,2018-2023 validation,2-team
1.490000000000001,149.0000000000001,138,138.0,77,53.73000000000008,0.3893478260869571,2018-2023 validation,2-team
1.4950000000000012,149.5000000000001,138,138.0,77,54.115000000000094,0.392137681159421,2018-2023 validation,2-team
1.500000000000001,150.0000000000001,138,138.0,77,54.500000000000085,0.3949275362318847,2018-2023 validation,2-team
1.505000000000001,150.5000000000001,138,138.0,77,54.885000000000076,0.39771739130434836,2018-2023 validation,2-team
1.5100000000000011,151.0000000000001,138,138.0,77,55.27000000000009,0.40050724637681223,2018-2023 validation,2-team
1.5150000000000012,151.5000000000001,138,138.0,77,55.6550000000001,0.4032971014492761,2018-2023 validation,2-team
1.5200000000000011,152.0000000000001,138,138.0,77,56.040000000000084,0.40608695652173976,2018-2023 validation,2-team
1.525000000000001,152.5000000000001,138,138.0,77,56.42500000000008,0.40887681159420347,2018-2023 validation,2-team
1.5300000000000011,153.0000000000001,138,138.0,77,56.81000000000009,0.4116666666666673,2018-2023 validation,2-team
1.5350000000000013,153.5000000000001,138,138.0,77,57.19500000000009,0.4144565217391311,2018-2023 validation,2-team
1.5400000000000011,154.0000000000001,138,138.0,77,57.58000000000009,0.4172463768115949,2018-2023 validation,2-team
1.545000000000001,154.5000000000001,138,138.0,77,57.965000000000074,0.42003623188405853,2018-2023 validation,2-team
1.5500000000000012,155.0000000000001,138,138.0,77,58.35000000000009,0.42282608695652235,2018-2023 validation,2-team
1.5550000000000013,155.5000000000001,138,138.0,77,58.7350000000001,0.4256159420289862,2018-2023 validation,2-team
1.5600000000000012,156.0000000000001,138,138.0,77,59.12000000000009,0.42840579710144994,2018-2023 validation,2-team
1.565000000000001,156.5000000000001,138,138.0,77,59.50500000000008,0.43119565217391365,2018-2023 validation,2-team
1.5700000000000012,157.0000000000001,138,138.0,77,59.89000000000009,0.43398550724637747,2018-2023 validation,2-team
1.5750000000000013,157.50000000000014,138,138.0,77,60.275000000000105,0.43677536231884134,2018-2023 validation,2-team
1.5800000000000012,158.0000000000001,138,138.0,77,60.660000000000096,0.43956521739130505,2018-2023 validation,2-team
1.585000000000001,158.5000000000001,138,138.0,77,61.04500000000009,0.44235507246376876,2018-2023 validation,2-team
1.5900000000000012,159.0000000000001,138,138.0,77,61.43000000000009,0.4451449275362325,2018-2023 validation,2-team
1.5950000000000013,159.50000000000014,138,138.0,77,61.8150000000001,0.44793478260869635,2018-2023 validation,2-team
1.6000000000000012,160.0000000000001,138,138.0,77,62.20000000000009,0.45072463768116006,2018-2023 validation,2-team
1.605000000000001,160.5000000000001,138,138.0,77,62.58500000000008,0.45351449275362377,2018-2023 validation,2-team
1.6100000000000012,161.0000000000001,138,138.0,77,62.97000000000009,0.45630434782608764,2018-2023 validation,2-team
1.6150000000000013,161.50000000000014,138,138.0,77,63.3550000000001,0.45909420289855146,2018-2023 validation,2-team
1.6200000000000012,162.0000000000001,138,138.0,77,63.740000000000094,0.46188405797101517,2018-2023 validation,2-team
1.625000000000001,162.5000000000001,138,138.0,77,64.12500000000009,0.4646739130434789,2018-2023 validation,2-team
1.6300000000000012,163.0000000000001,138,138.0,77,64.5100000000001,0.4674637681159428,2018-2023 validation,2-team
1.6350000000000013,163.50000000000014,138,138.0,77,64.89500000000011,0.4702536231884066,2018-2023 validation,2-team
1.6400000000000012,164.0000000000001,138,138.0,77,65.2800000000001,0.4730434782608703,2018-2023 validation,2-team
1.6450000000000011,164.5000000000001,138,138.0,77,65.66500000000008,0.4758333333333339,2018-2023 validation,2-team
1.6500000000000012,165.0000000000001,138,138.0,77,66.0500000000001,0.4786231884057978,2018-2023 validation,2-team
1.6550000000000014,165.50000000000014,138,138.0,77,66.43500000000012,0.4814130434782617,2018-2023 validation,2-team
1.6600000000000013,166.0000000000001,138,138.0,77,66.82000000000009,0.4842028985507253,2018-2023 validation,2-team
1.6650000000000011,166.5000000000001,138,138.0,77,67.2050000000001,0.4869927536231891,2018-2023 validation,2-team
1.6700000000000013,167.0000000000001,138,138.0,77,67.5900000000001,0.48978260869565293,2018-2023 validation,2-team
1.6750000000000014,167.50000000000014,138,138.0,77,67.97500000000011,0.4925724637681167,2018-2023 validation,2-team
1.6800000000000013,168.0000000000001,138,138.0,77,68.3600000000001,0.4953623188405804,2018-2023 validation,2-team
1.6850000000000012,168.5000000000001,138,138.0,77,68.74500000000009,0.4981521739130441,2018-2023 validation,2-team
1.6900000000000013,169.0000000000001,138,138.0,77,69.13000000000011,0.500942028985508,2018-2023 validation,2-team
1.6950000000000014,169.50000000000014,138,138.0,77,69.51500000000011,0.5037318840579719,2018-2023 validation,2-team
1.7000000000000013,170.00000000000014,138,138.0,77,69.9000000000001,0.5065217391304355,2018-2023 validation,2-team
1.7050000000000012,170.5000000000001,138,138.0,77,70.2850000000001,0.5093115942028993,2018-2023 validation,2-team
1.7100000000000013,171.00000000000014,138,138.0,77,70.6700000000001,0.512101449275363,2018-2023 validation,2-team
1.7150000000000014,171.50000000000014,138,138.0,77,71.0550000000001,0.5148913043478268,2018-2023 validation,2-team
1.7200000000000013,172.00000000000014,138,138.0,77,71.4400000000001,0.5176811594202906,2018-2023 validation,2-team
1.7250000000000012,172.5000000000001,138,138.0,77,71.82500000000009,0.5204710144927542,2018-2023 validation,2-team
1.7300000000000013,173.00000000000014,138,138.0,77,72.2100000000001,0.5232608695652181,2018-2023 validation,2-team
1.7350000000000014,173.50000000000014,138,138.0,77,72.59500000000011,0.526050724637682,2018-2023 validation,2-team
1.7400000000000013,174.00000000000014,138,138.0,77,72.9800000000001,0.5288405797101456,2018-2023 validation,2-team
1.7450000000000012,174.5000000000001,138,138.0,77,73.3650000000001,0.5316304347826094,2018-2023 validation,2-team
1.7500000000000013,175.00000000000014,138,138.0,77,73.75000000000011,0.5344202898550733,2018-2023 validation,2-team
1.7550000000000014,175.50000000000014,138,138.0,77,74.1350000000001,0.5372101449275369,2018-2023 validation,2-team
1.7600000000000013,176.00000000000014,138,138.0,77,74.52000000000011,0.5400000000000008,2018-2023 validation,2-team
1.7650000000000012,176.5000000000001,138,138.0,77,74.9050000000001,0.5427898550724645,2018-2023 validation,2-team
1.7700000000000014,177.00000000000014,138,138.0,77,75.2900000000001,0.5455797101449283,2018-2023 validation,2-team
1.7750000000000015,177.50000000000014,138,138.0,77,75.67500000000011,0.5483695652173921,2018-2023 validation,2-team
1.7800000000000014,178.00000000000014,138,138.0,77,76.06000000000012,0.5511594202898559,2018-2023 validation,2-team
1.7850000000000013,178.5000000000001,138,138.0,77,76.44500000000009,0.5539492753623195,2018-2023 validation,2-team
1.7900000000000014,179.00000000000014,138,138.0,77,76.8300000000001,0.5567391304347833,2018-2023 validation,2-team
1.7950000000000015,179.50000000000014,138,138.0,77,77.2150000000001,0.5595289855072472,2018-2023 validation,2-team
1.8000000000000014,180.00000000000014,138,138.0,77,77.60000000000011,0.5623188405797109,2018-2023 validation,2-team
1.8050000000000013,180.5000000000001,138,138.0,77,77.9850000000001,0.5651086956521746,2018-2023 validation,2-team
1.8100000000000014,181.00000000000014,138,138.0,77,78.37000000000012,0.5678985507246386,2018-2023 validation,2-team
1.8150000000000015,181.50000000000014,138,138.0,77,78.75500000000011,0.5706884057971022,2018-2023 validation,2-team
1.8200000000000014,182.00000000000014,138,138.0,77,79.14000000000011,0.573478260869566,2018-2023 validation,2-team
1.8250000000000013,182.50000000000014,138,138.0,77,79.5250000000001,0.5762681159420298,2018-2023 validation,2-team
1.8300000000000014,183.00000000000014,138,138.0,77,79.91000000000011,0.5790579710144935,2018-2023 validation,2-team
1.8350000000000015,183.50000000000014,138,138.0,77,80.29500000000013,0.5818478260869575,2018-2023 validation,2-team
1.8400000000000014,184.00000000000014,138,138.0,77,80.68000000000012,0.5846376811594212,2018-2023 validation,2-team
1.8450000000000013,184.50000000000014,138,138.0,77,81.0650000000001,0.5874275362318848,2018-2023 validation,2-team
1.8500000000000014,185.00000000000014,138,138.0,77,81.4500000000001,0.5902173913043486,2018-2023 validation,2-team
1.8550000000000015,185.50000000000014,138,138.0,77,81.83500000000012,0.5930072463768125,2018-2023 validation,2-team
1.8600000000000014,186.00000000000014,138,138.0,77,82.22000000000011,0.5957971014492762,2018-2023 validation,2-team
1.8650000000000013,186.50000000000014,138,138.0,77,82.6050000000001,0.5985869565217399,2018-2023 validation,2-team
1.8700000000000014,187.00000000000014,138,138.0,77,82.99000000000011,0.6013768115942036,2018-2023 validation,2-team
1.8750000000000016,187.50000000000014,138,138.0,77,83.37500000000011,0.6041666666666675,2018-2023 validation,2-team
1.8800000000000014,188.00000000000014,138,138.0,77,83.7600000000001,0.6069565217391312,2018-2023 validation,2-team
1.8850000000000013,188.50000000000014,138,138.0,77,84.1450000000001,0.6097463768115949,2018-2023 validation,2-team
1.8900000000000015,189.00000000000014,138,138.0,77,84.5300000000001,0.6125362318840587,2018-2023 validation,2-team
1.8950000000000016,189.50000000000017,138,138.0,77,84.91500000000012,0.6153260869565226,2018-2023 validation,2-team
1.9000000000000015,190.00000000000014,138,138.0,77,85.3000000000001,0.6181159420289862,2018-2023 validation,2-team
1.9050000000000014,190.50000000000014,138,138.0,77,85.68500000000012,0.6209057971014501,2018-2023 validation,2-team
1.9100000000000015,191.00000000000014,138,138.0,77,86.07000000000014,0.623695652173914,2018-2023 validation,2-team
1.9150000000000016,191.50000000000017,138,138.0,77,86.45500000000011,0.6264855072463776,2018-2023 validation,2-team
1.9200000000000015,192.00000000000014,138,138.0,77,86.84000000000012,0.6292753623188414,2018-2023 validation,2-team
1.9250000000000014,192.50000000000014,138,138.0,77,87.22500000000011,0.6320652173913052,2018-2023 validation,2-team
1.9300000000000015,193.00000000000014,138,138.0,77,87.6100000000001,0.6348550724637688,2018-2023 validation,2-team
1.9350000000000016,193.50000000000017,138,138.0,77,87.99500000000012,0.6376449275362327,2018-2023 validation,2-team
1.9400000000000015,194.00000000000014,138,138.0,77,88.38000000000011,0.6404347826086965,2018-2023 validation,2-team
1.9450000000000014,194.50000000000014,138,138.0,77,88.76500000000011,0.6432246376811602,2018-2023 validation,2-team
1.9500000000000015,195.00000000000014,138,138.0,77,89.15000000000012,0.6460144927536241,2018-2023 validation,2-team
1.9550000000000016,195.50000000000017,138,138.0,77,89.53500000000011,0.6488043478260878,2018-2023 validation,2-team
1.9600000000000015,196.00000000000014,138,138.0,77,89.92000000000012,0.6515942028985515,2018-2023 validation,2-team
1.9650000000000014,196.50000000000014,138,138.0,77,90.30500000000012,0.6543840579710154,2018-2023 validation,2-team
1.9700000000000015,197.00000000000014,138,138.0,77,90.69000000000013,0.6571739130434792,2018-2023 validation,2-team
1.9750000000000016,197.50000000000017,138,138.0,77,91.07500000000013,0.6599637681159429,2018-2023 validation,2-team
1.9800000000000015,198.00000000000014,138,138.0,77,91.46000000000012,0.6627536231884067,2018-2023 validation,2-team
1.9850000000000014,198.50000000000014,138,138.0,77,91.84500000000011,0.6655434782608703,2018-2023 validation,2-team
1.9900000000000015,199.00000000000014,138,138.0,77,92.23000000000013,0.6683333333333343,2018-2023 validation,2-team
1.9950000000000017,199.50000000000017,138,138.0,77,92.61500000000012,0.671123188405798,2018-2023 validation,2-team
2.0000000000000013,200.00000000000014,138,138.0,77,93.00000000000011,0.6739130434782616,2018-2023 validation,2-team
2.0050000000000012,200.5000000000001,138,138.0,77,93.3850000000001,0.6767028985507254,2018-2023 validation,2-team
2.0100000000000016,201.00000000000017,138,138.0,77,93.77000000000012,0.6794927536231893,2018-2023 validation,2-team
2.0150000000000015,201.50000000000014,138,138.0,77,94.1550000000001,0.6822826086956529,2018-2023 validation,2-team
2.0200000000000014,202.00000000000014,138,138.0,77,94.5400000000001,0.6850724637681167,2018-2023 validation,2-team
2.0250000000000012,202.5000000000001,138,138.0,77,94.9250000000001,0.6878623188405804,2018-2023 validation,2-team
2.0300000000000016,203.00000000000017,138,138.0,77,95.31000000000012,0.6906521739130443,2018-2023 validation,2-team
2.0350000000000015,203.50000000000014,138,138.0,77,95.69500000000014,0.6934420289855082,2018-2023 validation,2-team
2.0400000000000014,204.00000000000014,138,138.0,77,96.0800000000001,0.6962318840579718,2018-2023 validation,2-team
2.0450000000000013,204.5000000000001,138,138.0,77,96.4650000000001,0.6990217391304355,2018-2023 validation,2-team
2.0500000000000016,205.00000000000017,138,138.0,77,96.85000000000011,0.7018115942028993,2018-2023 validation,2-team
2.0550000000000015,205.50000000000014,138,138.0,77,97.2350000000001,0.7046014492753631,2018-2023 validation,2-team
2.0600000000000014,206.00000000000014,138,138.0,77,97.62000000000012,0.7073913043478269,2018-2023 validation,2-team
2.0650000000000013,206.5000000000001,138,138.0,77,98.00500000000008,0.7101811594202905,2018-2023 validation,2-team
2.0700000000000016,207.00000000000017,138,138.0,77,98.39000000000013,0.7129710144927546,2018-2023 validation,2-team
2.0750000000000015,207.50000000000014,138,138.0,77,98.77500000000012,0.7157608695652182,2018-2023 validation,2-team
2.0800000000000014,208.00000000000014,138,138.0,77,99.16000000000011,0.718550724637682,2018-2023 validation,2-team
2.0850000000000013,208.50000000000014,138,138.0,77,99.5450000000001,0.7213405797101456,2018-2023 validation,2-team
2.0900000000000016,209.00000000000017,138,138.0,77,99.93000000000012,0.7241304347826095,2018-2023 validation,2-team
2.0950000000000015,209.50000000000014,138,138.0,77,100.31500000000011,0.7269202898550733,2018-2023 validation,2-team
2.1000000000000014,210.00000000000014,138,138.0,77,100.7000000000001,0.7297101449275369,2018-2023 validation,2-team
2.1050000000000013,210.50000000000014,138,138.0,77,101.0850000000001,0.7325000000000007,2018-2023 validation,2-team
2.1100000000000017,211.00000000000017,138,138.0,77,101.47000000000011,0.7352898550724646,2018-2023 validation,2-team
2.1150000000000015,211.50000000000014,138,138.0,77,101.85500000000013,0.7380797101449285,2018-2023 validation,2-team
2.1200000000000014,212.00000000000014,138,138.0,77,102.24000000000011,0.7408695652173921,2018-2023 validation,2-team
2.1250000000000013,212.50000000000014,138,138.0,77,102.62500000000011,0.7436594202898559,2018-2023 validation,2-team
2.1300000000000017,213.00000000000017,138,138.0,77,103.01000000000013,0.7464492753623198,2018-2023 validation,2-team
2.1350000000000016,213.50000000000017,138,138.0,77,103.39500000000012,0.7492391304347835,2018-2023 validation,2-team
2.1400000000000015,214.00000000000014,138,138.0,77,103.7800000000001,0.7520289855072471,2018-2023 validation,2-team
2.1450000000000014,214.50000000000014,138,138.0,77,104.1650000000001,0.7548188405797109,2018-2023 validation,2-team
2.1500000000000017,215.00000000000017,138,138.0,77,104.55000000000013,0.7576086956521748,2018-2023 validation,2-team
2.1550000000000016,215.50000000000017,138,138.0,77,104.93500000000012,0.7603985507246385,2018-2023 validation,2-team
2.1600000000000015,216.00000000000014,138,138.0,77,105.32000000000014,0.7631884057971025,2018-2023 validation,2-team
2.1650000000000014,216.50000000000014,138,138.0,77,105.70500000000008,0.7659782608695658,2018-2023 validation,2-team
2.1700000000000017,217.00000000000017,138,138.0,77,106.09000000000013,0.76876811594203,2018-2023 validation,2-team
2.1750000000000016,217.50000000000017,138,138.0,77,106.47500000000011,0.7715579710144935,2018-2023 validation,2-team
2.1800000000000015,218.00000000000014,138,138.0,77,106.86000000000011,0.7743478260869573,2018-2023 validation,2-team
2.1850000000000014,218.50000000000014,138,138.0,77,107.24500000000012,0.7771376811594212,2018-2023 validation,2-team
2.1900000000000017,219.00000000000017,138,138.0,77,107.63000000000014,0.779927536231885,2018-2023 validation,2-team
2.1950000000000016,219.50000000000017,138,138.0,77,108.01500000000011,0.7827173913043487,2018-2023 validation,2-team
2.2000000000000015,220.00000000000014,138,138.0,77,108.40000000000012,0.7855072463768125,2018-2023 validation,2-team
2.2050000000000014,220.50000000000014,138,138.0,77,108.78500000000011,0.7882971014492761,2018-2023 validation,2-team
2.2100000000000017,221.00000000000017,138,138.0,77,109.17000000000013,0.7910869565217401,2018-2023 validation,2-team
2.2150000000000016,221.50000000000017,138,138.0,77,109.55500000000012,0.7938768115942038,2018-2023 validation,2-team
2.2200000000000015,222.00000000000014,138,138.0,77,109.94000000000011,0.7966666666666675,2018-2023 validation,2-team
2.2250000000000014,222.50000000000014,138,138.0,77,110.3250000000001,0.7994565217391312,2018-2023 validation,2-team
2.2300000000000018,223.00000000000017,138,138.0,77,110.71000000000015,0.8022463768115953,2018-2023 validation,2-team
2.2350000000000017,223.50000000000017,138,138.0,77,111.09500000000011,0.8050362318840588,2018-2023 validation,2-team
2.2400000000000015,224.00000000000014,138,138.0,77,111.48000000000013,0.8078260869565227,2018-2023 validation,2-team
2.2450000000000014,224.50000000000014,138,138.0,77,111.86500000000011,0.8106159420289863,2018-2023 validation,2-team
2.2500000000000018,225.00000000000017,138,138.0,77,112.25000000000014,0.8134057971014503,2018-2023 validation,2-team
2.2550000000000017,225.50000000000017,138,138.0,77,112.63500000000013,0.816195652173914,2018-2023 validation,2-team
2.2600000000000016,226.00000000000017,138,138.0,77,113.02000000000012,0.8189855072463778,2018-2023 validation,2-team
2.2650000000000015,226.50000000000014,138,138.0,77,113.4050000000001,0.8217753623188413,2018-2023 validation,2-team
2.270000000000002,227.00000000000017,138,138.0,77,113.79000000000015,0.8245652173913054,2018-2023 validation,2-team
2.2750000000000017,227.50000000000017,138,138.0,77,114.17500000000013,0.827355072463769,2018-2023 validation,2-team
2.2800000000000016,228.00000000000017,138,138.0,77,114.56000000000012,0.8301449275362327,2018-2023 validation,2-team
2.2850000000000015,228.50000000000014,138,138.0,77,114.94500000000014,0.8329347826086966,2018-2023 validation,2-team
2.290000000000002,229.00000000000017,138,138.0,77,115.33000000000015,0.8357246376811606,2018-2023 validation,2-team
2.2950000000000017,229.50000000000017,138,138.0,77,115.71500000000013,0.8385144927536241,2018-2023 validation,2-team
2.3000000000000016,230.00000000000017,138,138.0,77,116.10000000000011,0.8413043478260878,2018-2023 validation,2-team
2.3050000000000015,230.50000000000014,138,138.0,77,116.48500000000011,0.8440942028985515,2018-2023 validation,2-team
2.3100000000000014,231.00000000000014,138,138.0,77,116.87000000000012,0.8468840579710154,2018-2023 validation,2-team
2.3150000000000017,231.50000000000017,138,138.0,77,117.25500000000014,0.8496739130434793,2018-2023 validation,2-team
2.3200000000000016,232.00000000000017,138,138.0,77,117.64000000000011,0.8524637681159428,2018-2023 validation,2-team
2.3250000000000015,232.50000000000014,138,138.0,77,118.02500000000012,0.8552536231884067,2018-2023 validation,2-team
2.330000000000002,233.00000000000017,138,138.0,77,118.41000000000012,0.8580434782608705,2018-2023 validation,2-team
2.3350000000000017,233.50000000000017,138,138.0,77,118.79500000000012,0.8608333333333341,2018-2023 validation,2-team
2.3400000000000016,234.00000000000017,138,138.0,77,119.18000000000012,0.863623188405798,2018-2023 validation,2-team
2.3450000000000015,234.50000000000014,138,138.0,77,119.56500000000013,0.8664130434782618,2018-2023 validation,2-team
2.3500000000000014,235.00000000000014,138,138.0,77,119.95000000000012,0.8692028985507255,2018-2023 validation,2-team
2.3550000000000018,235.50000000000017,138,138.0,77,120.33500000000015,0.8719927536231895,2018-2023 validation,2-team
2.3600000000000017,236.00000000000017,138,138.0,77,120.72000000000011,0.8747826086956529,2018-2023 validation,2-team
2.3650000000000015,236.50000000000014,138,138.0,77,121.10500000000013,0.8775724637681169,2018-2023 validation,2-team
2.370000000000002,237.0000000000002,138,138.0,77,121.49000000000014,0.8803623188405807,2018-2023 validation,2-team
2.3750000000000018,237.50000000000017,138,138.0,77,121.87500000000014,0.8831521739130445,2018-2023 validation,2-team
2.3800000000000017,238.00000000000017,138,138.0,77,122.26000000000015,0.8859420289855083,2018-2023 validation,2-team
2.3850000000000016,238.50000000000017,138,138.0,77,122.64500000000014,0.888731884057972,2018-2023 validation,2-team
2.3900000000000015,239.00000000000014,138,138.0,77,123.0300000000001,0.8915217391304355,2018-2023 validation,2-team
2.395000000000002,239.50000000000017,138,138.0,77,123.41500000000015,0.8943115942028996,2018-2023 validation,2-team
2.4000000000000017,240.00000000000017,138,138.0,77,123.80000000000013,0.8971014492753632,2018-2023 validation,2-team
2.4050000000000016,240.50000000000017,138,138.0,77,124.18500000000012,0.8998913043478269,2018-2023 validation,2-team
2.410000000000002,241.0000000000002,138,138.0,77,124.57000000000015,0.9026811594202909,2018-2023 validation,2-team
2.415000000000002,241.50000000000017,138,138.0,77,124.95500000000015,0.9054710144927547,2018-2023 validation,2-team
2.4200000000000017,242.00000000000017,138,138.0,77,125.34000000000013,0.9082608695652183,2018-2023 validation,2-team
2.4250000000000016,242.50000000000017,138,138.0,77,125.72500000000011,0.911050724637682,2018-2023 validation,2-team
2.4300000000000015,243.00000000000014,138,138.0,77,126.11000000000011,0.9138405797101458,2018-2023 validation,2-team
2.435000000000002,243.50000000000017,138,138.0,77,126.49500000000015,0.9166304347826097,2018-2023 validation,2-team
2.4400000000000017,244.00000000000017,138,138.0,77,126.88000000000014,0.9194202898550735,2018-2023 validation,2-team
2.4450000000000016,244.50000000000017,138,138.0,77,127.26500000000011,0.9222101449275371,2018-2023 validation,2-team
2.450000000000002,245.0000000000002,138,138.0,77,127.65000000000016,0.9250000000000012,2018-2023 validation,2-team
2.455000000000002,245.50000000000017,138,138.0,77,128.03500000000014,0.9277898550724648,2018-2023 validation,2-team
2.4600000000000017,246.00000000000017,138,138.0,77,128.42000000000013,0.9305797101449285,2018-2023 validation,2-team
2.4650000000000016,246.50000000000017,138,138.0,77,128.80500000000012,0.9333695652173922,2018-2023 validation,2-team
2.4700000000000015,247.00000000000014,138,138.0,77,129.1900000000001,0.9361594202898559,2018-2023 validation,2-team
2.475000000000002,247.5000000000002,138,138.0,77,129.57500000000013,0.9389492753623198,2018-2023 validation,2-team
2.4800000000000018,248.00000000000017,138,138.0,77,129.96000000000015,0.9417391304347837,2018-2023 validation,2-team
2.4850000000000017,248.50000000000017,138,138.0,77,130.3450000000001,0.9445289855072472,2018-2023 validation,2-team
2.490000000000002,249.0000000000002,138,138.0,77,130.73000000000013,0.947318840579711,2018-2023 validation,2-team
2.495000000000002,249.5000000000002,138,138.0,77,131.11500000000012,0.9501086956521748,2018-2023 validation,2-team
2.5000000000000018,250.00000000000017,138,138.0,77,131.50000000000014,0.9528985507246387,2018-2023 validation,2-team
2.5050000000000017,250.50000000000017,138,138.0,77,131.88500000000016,0.9556884057971026,2018-2023 validation,2-team
2.5100000000000016,251.00000000000017,138,138.0,77,132.27000000000015,0.9584782608695663,2018-2023 validation,2-team
2.515000000000002,251.5000000000002,138,138.0,77,132.65500000000014,0.96126811594203,2018-2023 validation,2-team
2.520000000000002,252.00000000000017,138,138.0,77,133.04000000000013,0.9640579710144938,2018-2023 validation,2-team
2.5250000000000017,252.50000000000017,138,138.0,77,133.42500000000013,0.9668478260869574,2018-2023 validation,2-team
2.530000000000002,253.0000000000002,138,138.0,77,133.81000000000014,0.9696376811594213,2018-2023 validation,2-team
2.535000000000002,253.5000000000002,138,138.0,77,134.19500000000016,0.9724275362318853,2018-2023 validation,2-team
2.540000000000002,254.00000000000017,138,138.0,77,134.58000000000015,0.9752173913043489,2018-2023 validation,2-team
2.5450000000000017,254.50000000000017,138,138.0,77,134.96500000000015,0.9780072463768127,2018-2023 validation,2-team
2.5500000000000016,255.00000000000017,138,138.0,77,135.3500000000001,0.9807971014492761,2018-2023 validation,2-team
2.555000000000002,255.5000000000002,138,138.0,77,135.73500000000013,0.9835869565217401,2018-2023 validation,2-team
2.560000000000002,256.00000000000017,138,138.0,77,136.12000000000015,0.986376811594204,2018-2023 validation,2-team
2.5650000000000017,256.50000000000017,138,138.0,77,136.50500000000014,0.9891666666666676,2018-2023 validation,2-team
2.570000000000002,257.0000000000002,138,138.0,77,136.89000000000016,0.9919565217391316,2018-2023 validation,2-team
2.575000000000002,257.50000000000017,138,138.0,77,137.27500000000015,0.9947463768115953,2018-2023 validation,2-team
2.580000000000002,258.00000000000017,138,138.0,77,137.66000000000014,0.9975362318840589,2018-2023 validation,2-team
2.5850000000000017,258.50000000000017,138,138.0,77,138.04500000000013,1.0003260869565227,2018-2023 validation,2-team
2.5900000000000016,259.00000000000017,138,138.0,77,138.43000000000012,1.0031159420289864,2018-2023 validation,2-team
2.595000000000002,259.50000000000017,138,138.0,77,138.81500000000017,1.0059057971014504,2018-2023 validation,2-team
2.600000000000002,260.00000000000017,138,138.0,77,139.20000000000013,1.0086956521739139,2018-2023 validation,2-team
2.6050000000000018,260.50000000000017,138,138.0,77,139.58500000000015,1.011485507246378,2018-2023 validation,2-team
2.610000000000002,261.0000000000002,138,138.0,77,139.97000000000014,1.0142753623188416,2018-2023 validation,2-team
2.615000000000002,261.5000000000002,138,138.0,77,140.35500000000013,1.0170652173913053,2018-2023 validation,2-team
2.620000000000002,262.00000000000017,138,138.0,77,140.74000000000012,1.019855072463769,2018-2023 validation,2-team
2.6250000000000018,262.50000000000017,138,138.0,77,141.1250000000001,1.0226449275362328,2018-2023 validation,2-team
2.6300000000000017,263.00000000000017,138,138.0,77,141.51000000000016,1.025434782608697,2018-2023 validation,2-team
2.635000000000002,263.5000000000002,138,138.0,77,141.89500000000015,1.0282246376811606,2018-2023 validation,2-team
2.640000000000002,264.00000000000017,138,138.0,77,142.28000000000014,1.0310144927536242,2018-2023 validation,2-team
2.645000000000002,264.50000000000017,138,138.0,77,142.66500000000013,1.0338043478260879,2018-2023 validation,2-team
2.650000000000002,265.0000000000002,138,138.0,77,143.05000000000018,1.036594202898552,2018-2023 validation,2-team
2.655000000000002,265.5000000000002,138,138.0,77,143.43500000000014,1.0393840579710156,2018-2023 validation,2-team
2.660000000000002,266.00000000000017,138,138.0,77,143.82000000000016,1.0421739130434795,2018-2023 validation,2-team
2.665000000000002,266.50000000000017,138,138.0,77,144.20500000000015,1.0449637681159432,2018-2023 validation,2-team
2.6700000000000017,267.00000000000017,138,138.0,77,144.59000000000015,1.0477536231884068,2018-2023 validation,2-team
2.675000000000002,267.5000000000002,138,138.0,77,144.97500000000016,1.0505434782608707,2018-2023 validation,2-team
2.680000000000002,268.00000000000017,138,138.0,77,145.36000000000013,1.0533333333333343,2018-2023 validation,2-team
2.685000000000002,268.50000000000017,138,138.0,77,145.74500000000012,1.056123188405798,2018-2023 validation,2-team
2.690000000000002,269.0000000000002,138,138.0,77,146.13000000000017,1.058913043478262,2018-2023 validation,2-team
2.695000000000002,269.5000000000002,138,138.0,77,146.51500000000016,1.0617028985507257,2018-2023 validation,2-team
2.700000000000002,270.00000000000017,138,138.0,77,146.90000000000015,1.0644927536231894,2018-2023 validation,2-team
2.705000000000002,270.50000000000017,138,138.0,77,147.28500000000014,1.0672826086956533,2018-2023 validation,2-team
2.7100000000000017,271.00000000000017,138,138.0,77,147.67000000000013,1.070072463768117,2018-2023 validation,2-team
2.715000000000002,271.5000000000002,138,138.0,77,148.05500000000018,1.072862318840581,2018-2023 validation,2-team
2.720000000000002,272.00000000000017,138,138.0,77,148.44000000000017,1.0756521739130447,2018-2023 validation,2-team
2.725000000000002,272.50000000000017,138,138.0,77,148.82500000000016,1.0784420289855083,2018-2023 validation,2-team
2.730000000000002,273.0000000000002,138,138.0,77,149.21000000000015,1.081231884057972,2018-2023 validation,2-team
2.735000000000002,273.5000000000002,138,138.0,77,149.59500000000014,1.0840217391304359,2018-2023 validation,2-team
2.740000000000002,274.0000000000002,138,138.0,77,149.98000000000016,1.0868115942028997,2018-2023 validation,2-team
2.745000000000002,274.50000000000017,138,138.0,77,150.36500000000012,1.0896014492753632,2018-2023 validation,2-team
2.7500000000000018,275.00000000000017,138,138.0,77,150.7500000000001,1.0923913043478268,2018-2023 validation,2-team
2.755000000000002,275.5000000000002,138,138.0,77,151.13500000000016,1.095181159420291,2018-2023 validation,2-team
2.760000000000002,276.0000000000002,138,138.0,77,151.52000000000015,1.0979710144927548,2018-2023 validation,2-team
2.765000000000002,276.50000000000017,138,138.0,77,151.90500000000014,1.1007608695652185,2018-2023 validation,2-team
2.7700000000000022,277.0000000000002,138,138.0,77,152.29000000000016,1.1035507246376823,2018-2023 validation,2-team
2.775000000000002,277.5000000000002,138,138.0,77,152.67500000000018,1.1063405797101462,2018-2023 validation,2-team
2.780000000000002,278.0000000000002,138,138.0,77,153.06000000000014,1.1091304347826096,2018-2023 validation,2-team
2.785000000000002,278.50000000000017,138,138.0,77,153.44500000000014,1.1119202898550735,2018-2023 validation,2-team
2.790000000000002,279.00000000000017,138,138.0,77,153.83000000000015,1.1147101449275374,2018-2023 validation,2-team
2.795000000000002,279.5000000000002,138,138.0,77,154.21500000000017,1.1175000000000013,2018-2023 validation,2-team
2.800000000000002,280.0000000000002,138,138.0,77,154.60000000000014,1.1202898550724647,2018-2023 validation,2-team
2.805000000000002,280.50000000000017,138,138.0,77,154.98500000000016,1.1230797101449286,2018-2023 validation,2-team
2.8100000000000023,281.0000000000002,138,138.0,77,155.37000000000018,1.1258695652173927,2018-2023 validation,2-team
2.815000000000002,281.5000000000002,138,138.0,77,155.75500000000017,1.1286594202898563,2018-2023 validation,2-team
2.820000000000002,282.0000000000002,138,138.0,77,156.14000000000016,1.13144927536232,2018-2023 validation,2-team
2.825000000000002,282.50000000000017,138,138.0,77,156.52500000000015,1.1342391304347836,2018-2023 validation,2-team
2.830000000000002,283.00000000000017,138,138.0,77,156.91000000000014,1.1370289855072473,2018-2023 validation,2-team
2.835000000000002,283.5000000000002,138,138.0,77,157.2950000000002,1.1398188405797114,2018-2023 validation,2-team
2.840000000000002,284.0000000000002,138,138.0,77,157.68000000000018,1.1426086956521753,2018-2023 validation,2-team
2.845000000000002,284.50000000000017,138,138.0,77,158.06500000000014,1.1453985507246387,2018-2023 validation,2-team
2.8500000000000023,285.0000000000002,138,138.0,77,158.4500000000002,1.1481884057971028,2018-2023 validation,2-team
2.855000000000002,285.5000000000002,138,138.0,77,158.83500000000015,1.1509782608695662,2018-2023 validation,2-team
2.860000000000002,286.0000000000002,138,138.0,77,159.22000000000014,1.15376811594203,2018-2023 validation,2-team
2.865000000000002,286.5000000000002,138,138.0,77,159.60500000000016,1.156557971014494,2018-2023 validation,2-team
2.870000000000002,287.00000000000017,138,138.0,77,159.99000000000012,1.1593478260869574,2018-2023 validation,2-team
2.875000000000002,287.5000000000002,138,138.0,77,160.37500000000017,1.1621376811594215,2018-2023 validation,2-team
2.880000000000002,288.0000000000002,138,138.0,77,160.76000000000013,1.164927536231885,2018-2023 validation,2-team
2.885000000000002,288.5000000000002,138,138.0,77,161.14500000000015,1.167717391304349,2018-2023 validation,2-team
2.8900000000000023,289.0000000000002,138,138.0,77,161.5300000000002,1.1705072463768131,2018-2023 validation,2-team
2.8950000000000022,289.5000000000002,138,138.0,77,161.91500000000016,1.1732971014492766,2018-2023 validation,2-team
2.900000000000002,290.0000000000002,138,138.0,77,162.30000000000018,1.1760869565217404,2018-2023 validation,2-team
2.905000000000002,290.5000000000002,138,138.0,77,162.68500000000014,1.1788768115942039,2018-2023 validation,2-team
2.910000000000002,291.00000000000017,138,138.0,77,163.07000000000014,1.1816666666666678,2018-2023 validation,2-team
2.9150000000000023,291.5000000000002,138,138.0,77,163.45500000000018,1.1844565217391319,2018-2023 validation,2-team
2.920000000000002,292.0000000000002,138,138.0,77,163.84000000000017,1.1872463768115955,2018-2023 validation,2-team
2.925000000000002,292.5000000000002,138,138.0,77,164.22500000000014,1.190036231884059,2018-2023 validation,2-team
2.9300000000000024,293.0000000000002,138,138.0,77,164.61000000000018,1.192826086956523,2018-2023 validation,2-team
2.9350000000000023,293.5000000000002,138,138.0,77,164.99500000000018,1.1956159420289867,2018-2023 validation,2-team
2.940000000000002,294.0000000000002,138,138.0,77,165.38000000000017,1.1984057971014506,2018-2023 validation,2-team
2.945000000000002,294.5000000000002,138,138.0,77,165.76500000000016,1.2011956521739142,2018-2023 validation,2-team
2.950000000000002,295.00000000000017,138,138.0,77,166.15000000000015,1.2039855072463779,2018-2023 validation,2-team
2.9550000000000023,295.5000000000002,138,138.0,77,166.53500000000017,1.2067753623188417,2018-2023 validation,2-team
2.960000000000002,296.0000000000002,138,138.0,77,166.9200000000002,1.2095652173913056,2018-2023 validation,2-team
2.965000000000002,296.5000000000002,138,138.0,77,167.30500000000018,1.2123550724637695,2018-2023 validation,2-team
2.9700000000000024,297.0000000000002,138,138.0,77,167.69000000000017,1.2151449275362332,2018-2023 validation,2-team
2.9750000000000023,297.5000000000002,138,138.0,77,168.0750000000002,1.217934782608697,2018-2023 validation,2-team
2.980000000000002,298.0000000000002,138,138.0,77,168.46000000000015,1.2207246376811605,2018-2023 validation,2-team
2.985000000000002,298.5000000000002,138,138.0,77,168.84500000000014,1.2235144927536241,2018-2023 validation,2-team
2.990000000000002,299.0000000000002,138,138.0,77,169.23000000000016,1.2263043478260882,2018-2023 validation,2-team
2.9950000000000023,299.5000000000002,138,138.0,77,169.61500000000018,1.229094202898552,2018-2023 validation,2-team
3.000000000000002,300.0000000000002,138,138.0,77,170.00000000000017,1.2318840579710157,2018-2023 validation,2-team
0.3,-333.33333333333337,0,0.0,0,0.0,,2018-2023 validation,3-team
0.305,-327.8688524590164,0,0.0,0,0.0,,2018-2023 validation,3-team
0.31,-322.5806451612903,0,0.0,0,0.0,,2018-2023 validation,3-team
0.315,-317.46031746031747,0,0.0,0,0.0,,2018-2023 validation,3-team
0.32,-312.5,0,0.0,0,0.0,,2018-2023 validation,3-team
0.325,-307.6923076923077,0,0.0,0,0.0,,2018-2023 validation,3-team
0.33,-303.030303030303,0,0.0,0,0.0,,2018-2023 validation,3-team
0.335,-298.5074626865671,0,0.0,0,0.0,,2018-2023 validation,3-team
0.34,-294.11764705882354,0,0.0,0,0.0,,2018-2023 validation,3-team
0.34500000000000003,-289.85507246376807,0,0.0,0,0.0,,2018-2023 validation,3-team
0.35000000000000003,-285.71428571428567,0,0.0,0,0.0,,2018-2023 validation,3-team
0.35500000000000004,-281.6901408450704,0,0.0,0,0.0,,2018-2023 validation,3-team
0.36000000000000004,-277.77777777777777,0,0.0,0,0.0,,2018-2023 validation,3-team
0.36500000000000005,-273.97260273972597,0,0.0,0,0.0,,2018-2023 validation,3-team
0.37000000000000005,-270.27027027027026,0,0.0,0,0.0,,2018-2023 validation,3-team
0.37500000000000006,-266.66666666666663,0,0.0,0,0.0,,2018-2023 validation,3-team
0.38000000000000006,-263.1578947368421,0,0.0,0,0.0,,2018-2023 validation,3-team
0.38500000000000006,-259.7402597402597,0,0.0,0,0.0,,2018-2023 validation,3-team
0.39000000000000007,-256.41025641025635,0,0.0,0,0.0,,2018-2023 validation,3-team
0.3950000000000001,-253.16455696202527,0,0.0,0,0.0,,2018-2023 validation,3-team
0.4000000000000001,-249.99999999999994,0,0.0,0,0.0,,2018-2023 validation,3-team
0.4050000000000001,-246.91358024691354,0,0.0,0,0.0,,2018-2023 validation,3-team
0.4100000000000001,-243.9024390243902,0,0.0,0,0.0,,2018-2023 validation,3-team
0.4150000000000001,-240.9638554216867,0,0.0,0,0.0,,2018-2023 validation,3-team
0.4200000000000001,-238.09523809523805,0,0.0,0,0.0,,2018-2023 validation,3-team
0.4250000000000001,-235.29411764705875,0,0.0,0,0.0,,2018-2023 validation,3-team
0.4300000000000001,-232.55813953488365,0,0.0,0,0.0,,2018-2023 validation,3-team
0.4350000000000001,-229.8850574712643,0,0.0,0,0.0,,2018-2023 validation,3-team
0.4400000000000001,-227.27272727272722,0,0.0,0,0.0,,2018-2023 validation,3-team
0.4450000000000001,-224.71910112359544,0,0.0,0,0.0,,2018-2023 validation,3-team
0.4500000000000001,-222.22222222222217,0,0.0,0,0.0,,2018-2023 validation,3-team
0.4550000000000001,-219.7802197802197,0,0.0,0,0.0,,2018-2023 validation,3-team
0.46000000000000013,-217.39130434782604,0,0.0,0,0.0,,2018-2023 validation,3-team
0.46500000000000014,-215.05376344086017,0,0.0,0,0.0,,2018-2023 validation,3-team
0.47000000000000014,-212.76595744680844,0,0.0,0,0.0,,2018-2023 validation,3-team
0.47500000000000014,-210.5263157894736,0,0.0,0,0.0,,2018-2023 validation,3-team
0.48000000000000015,-208.33333333333326,0,0.0,0,0.0,,2018-2023 validation,3-team
0.48500000000000015,-206.1855670103092,0,0.0,0,0.0,,2018-2023 validation,3-team
0.49000000000000016,-204.08163265306115,0,0.0,0,0.0,,2018-2023 validation,3-team
0.49500000000000016,-202.02020202020196,0,0.0,0,0.0,,2018-2023 validation,3-team
0.5000000000000002,-199.99999999999991,0,0.0,0,0.0,,2018-2023 validation,3-team
0.5050000000000001,-198.01980198019797,0,0.0,0,0.0,,2018-2023 validation,3-team
0.5100000000000002,-196.07843137254892,0,0.0,0,0.0,,2018-2023 validation,3-team
0.5150000000000001,-194.17475728155335,0,0.0,0,0.0,,2018-2023 validation,3-team
0.5200000000000002,-192.3076923076922,0,0.0,0,0.0,,2018-2023 validation,3-team
0.5250000000000001,-190.47619047619042,0,0.0,0,0.0,,2018-2023 validation,3-team
0.5300000000000002,-188.6792452830188,0,0.0,0,0.0,,2018-2023 validation,3-team
0.5350000000000001,-186.91588785046724,0,0.0,0,0.0,,2018-2023 validation,3-team
0.5400000000000003,-185.1851851851851,0,0.0,0,0.0,,2018-2023 validation,3-team
0.5450000000000002,-183.48623853211004,0,0.0,0,0.0,,2018-2023 validation,3-team
0.5500000000000003,-181.81818181818173,0,0.0,0,0.0,,2018-2023 validation,3-team
0.5550000000000002,-180.18018018018012,0,0.0,0,0.0,,2018-2023 validation,3-team
0.5600000000000003,-178.57142857142847,0,0.0,0,0.0,,2018-2023 validation,3-team
0.5650000000000002,-176.99115044247782,0,0.0,0,0.0,,2018-2023 validation,3-team
0.5700000000000003,-175.43859649122797,0,0.0,0,0.0,,2018-2023 validation,3-team
0.5750000000000002,-173.91304347826082,0,0.0,0,0.0,,2018-2023 validation,3-team
0.5800000000000003,-172.4137931034482,0,0.0,0,0.0,,2018-2023 validation,3-team
0.5850000000000002,-170.94017094017087,0,0.0,0,0.0,,2018-2023 validation,3-team
0.5900000000000003,-169.49152542372872,0,0.0,0,0.0,,2018-2023 validation,3-team
0.5950000000000002,-168.06722689075625,0,0.0,0,0.0,,2018-2023 validation,3-team
0.6000000000000003,-166.66666666666657,0,0.0,0,0.0,,2018-2023 validation,3-team
0.6050000000000002,-165.28925619834706,0,0.0,0,0.0,,2018-2023 validation,3-team
0.6100000000000003,-163.93442622950812,0,0.0,0,0.0,,2018-2023 validation,3-team
0.6150000000000002,-162.6016260162601,0,0.0,0,0.0,,2018-2023 validation,3-team
0.6200000000000003,-161.29032258064507,0,0.0,0,0.0,,2018-2023 validation,3-team
0.6250000000000002,-159.99999999999994,0,0.0,0,0.0,,2018-2023 validation,3-team
0.6300000000000003,-158.73015873015865,0,0.0,0,0.0,,2018-2023 validation,3-team
0.6350000000000002,-157.48031496062987,0,0.0,0,0.0,,2018-2023 validation,3-team
0.6400000000000003,-156.24999999999991,0,0.0,0,0.0,,2018-2023 validation,3-team
0.6450000000000002,-155.03875968992241,0,0.0,0,0.0,,2018-2023 validation,3-team
0.6500000000000004,-153.84615384615375,0,0.0,0,0.0,,2018-2023 validation,3-team
0.6550000000000002,-152.6717557251908,0,0.0,0,0.0,,2018-2023 validation,3-team
0.6600000000000004,-151.51515151515144,0,0.0,0,0.0,,2018-2023 validation,3-team
0.6650000000000003,-150.375939849624,0,0.0,0,0.0,,2018-2023 validation,3-team
0.6700000000000004,-149.2537313432835,0,0.0,0,0.0,,2018-2023 validation,3-team
0.6750000000000003,-148.1481481481481,0,0.0,0,0.0,,2018-2023 validation,3-team
0.6800000000000004,-147.05882352941168,0,0.0,0,0.0,,2018-2023 validation,3-team
0.6850000000000003,-145.98540145985396,0,0.0,0,0.0,,2018-2023 validation,3-team
0.6900000000000004,-144.92753623188398,0,0.0,0,0.0,,2018-2023 validation,3-team
0.6950000000000003,-143.88489208633086,0,0.0,0,0.0,,2018-2023 validation,3-team
0.7000000000000004,-142.85714285714278,0,0.0,0,0.0,,2018-2023 validation,3-team
0.7050000000000003,-141.84397163120562,0,0.0,0,0.0,,2018-2023 validation,3-team
0.7100000000000004,-140.84507042253514,0,0.0,0,0.0,,2018-2023 validation,3-team
0.7150000000000003,-139.8601398601398,0,0.0,0,0.0,,2018-2023 validation,3-team
0.7200000000000004,-138.8888888888888,0,0.0,0,0.0,,2018-2023 validation,3-team
0.7250000000000003,-137.93103448275855,0,0.0,0,0.0,,2018-2023 validation,3-team
0.7300000000000004,-136.98630136986293,0,0.0,0,0.0,,2018-2023 validation,3-team
0.7350000000000003,-136.0544217687074,0,0.0,0,0.0,,2018-2023 validation,3-team
0.7400000000000004,-135.13513513513504,0,0.0,0,0.0,,2018-2023 validation,3-team
0.7450000000000003,-134.22818791946304,0,0.0,0,0.0,,2018-2023 validation,3-team
0.7500000000000004,-133.33333333333326,0,0.0,0,0.0,,2018-2023 validation,3-team
0.7550000000000003,-132.45033112582774,0,0.0,0,0.0,,2018-2023 validation,3-team
0.7600000000000005,-131.57894736842098,0,0.0,0,0.0,,2018-2023 validation,3-team
0.7650000000000003,-130.71895424836595,0,0.0,0,0.0,,2018-2023 validation,3-team
0.7700000000000005,-129.8701298701298,0,0.0,0,0.0,,2018-2023 validation,3-team
0.7750000000000004,-129.03225806451607,0,0.0,0,0.0,,2018-2023 validation,3-team
0.7800000000000005,-128.20512820512812,0,0.0,0,0.0,,2018-2023 validation,3-team
0.7850000000000004,-127.38853503184707,0,0.0,0,0.0,,2018-2023 validation,3-team
0.7900000000000005,-126.58227848101258,0,0.0,0,0.0,,2018-2023 validation,3-team
0.7950000000000004,-125.78616352201252,0,0.0,0,0.0,,2018-2023 validation,3-team
0.8000000000000005,-124.99999999999993,0,0.0,0,0.0,,2018-2023 validation,3-team
0.8050000000000004,-124.223602484472,0,0.0,0,0.0,,2018-2023 validation,3-team
0.8100000000000005,-123.45679012345671,0,0.0,0,0.0,,2018-2023 validation,3-team
0.8150000000000004,-122.69938650306743,0,0.0,0,0.0,,2018-2023 validation,3-team
0.8200000000000005,-121.95121951219505,0,0.0,0,0.0,,2018-2023 validation,3-team
0.8250000000000004,-121.21212121212115,0,0.0,0,0.0,,2018-2023 validation,3-team
0.8300000000000005,-120.4819277108433,0,0.0,0,0.0,,2018-2023 validation,3-team
0.8350000000000004,-119.76047904191611,0,0.0,0,0.0,,2018-2023 validation,3-team
0.8400000000000005,-119.04761904761898,0,0.0,0,0.0,,2018-2023 validation,3-team
0.8450000000000004,-118.34319526627213,0,0.0,0,0.0,,2018-2023 validation,3-team
0.8500000000000005,-117.64705882352933,0,0.0,0,0.0,,2018-2023 validation,3-team
0.8550000000000004,-116.95906432748532,0,0.0,0,0.0,,2018-2023 validation,3-team
0.8600000000000005,-116.27906976744178,0,0.0,0,0.0,,2018-2023 validation,3-team
0.8650000000000004,-115.60693641618491,0,0.0,0,0.0,,2018-2023 validation,3-team
0.8700000000000006,-114.94252873563211,0,0.0,0,0.0,,2018-2023 validation,3-team
0.8750000000000004,-114.28571428571422,0,0.0,0,0.0,,2018-2023 validation,3-team
0.8800000000000006,-113.63636363636357,0,0.0,0,0.0,,2018-2023 validation,3-team
0.8850000000000005,-112.99435028248581,0,0.0,0,0.0,,2018-2023 validation,3-team
0.8900000000000006,-112.35955056179768,0,0.0,0,0.0,,2018-2023 validation,3-team
0.8950000000000005,-111.73184357541894,0,0.0,0,0.0,,2018-2023 validation,3-team
0.9000000000000006,-111.11111111111104,0,0.0,0,0.0,,2018-2023 validation,3-team
0.9050000000000005,-110.49723756906072,0,0.0,0,0.0,,2018-2023 validation,3-team
0.9100000000000006,-109.89010989010981,0,0.0,0,0.0,,2018-2023 validation,3-team
0.9150000000000005,-109.28961748633874,0,0.0,0,0.0,,2018-2023 validation,3-team
0.9200000000000006,-108.69565217391298,0,0.0,0,0.0,,2018-2023 validation,3-team
0.9250000000000005,-108.10810810810806,0,0.0,0,0.0,,2018-2023 validation,3-team
0.9300000000000006,-107.52688172043004,0,0.0,0,0.0,,2018-2023 validation,3-team
0.9350000000000005,-106.95187165775395,0,0.0,0,0.0,,2018-2023 validation,3-team
0.9400000000000006,-106.3829787234042,0,0.0,0,0.0,,2018-2023 validation,3-team
0.9450000000000005,-105.82010582010577,0,0.0,0,0.0,,2018-2023 validation,3-team
0.9500000000000006,-105.26315789473678,0,0.0,0,0.0,,2018-2023 validation,3-team
0.9550000000000005,-104.7120418848167,0,0.0,0,0.0,,2018-2023 validation,3-team
0.9600000000000006,-104.1666666666666,0,0.0,0,0.0,,2018-2023 validation,3-team
0.9650000000000005,-103.62694300518129,0,0.0,0,0.0,,2018-2023 validation,3-team
0.9700000000000006,-103.09278350515457,0,0.0,0,0.0,,2018-2023 validation,3-team
0.9750000000000005,-102.56410256410251,0,0.0,0,0.0,,2018-2023 validation,3-team
0.9800000000000006,-102.04081632653055,0,0.0,0,0.0,,2018-2023 validation,3-team
0.9850000000000005,-101.52284263959385,0,0.0,0,0.0,,2018-2023 validation,3-team
0.9900000000000007,-101.01010101010094,0,0.0,0,0.0,,2018-2023 validation,3-team
0.9950000000000006,-100.50251256281402,0,0.0,0,0.0,,2018-2023 validation,3-team
1.0000000000000007,100.00000000000007,0,0.0,0,0.0,,2018-2023 validation,3-team
1.0050000000000006,100.50000000000006,0,0.0,0,0.0,,2018-2023 validation,3-team
1.0100000000000007,101.00000000000007,0,0.0,0,0.0,,2018-2023 validation,3-team
1.0150000000000006,101.50000000000006,0,0.0,0,0.0,,2018-2023 validation,3-team
1.0200000000000007,102.00000000000007,0,0.0,0,0.0,,2018-2023 validation,3-team
1.0250000000000006,102.50000000000006,0,0.0,0,0.0,,2018-2023 validation,3-team
1.0300000000000007,103.00000000000007,0,0.0,0,0.0,,2018-2023 validation,3-team
1.0350000000000006,103.50000000000006,0,0.0,0,0.0,,2018-2023 validation,3-team
1.0400000000000007,104.00000000000007,0,0.0,0,0.0,,2018-2023 validation,3-team
1.0450000000000006,104.50000000000006,0,0.0,0,0.0,,2018-2023 validation,3-team
1.0500000000000007,105.00000000000007,0,0.0,0,0.0,,2018-2023 validation,3-team
1.0550000000000006,105.50000000000006,0,0.0,0,0.0,,2018-2023 validation,3-team
1.0600000000000007,106.00000000000007,0,0.0,0,0.0,,2018-2023 validation,3-team
1.0650000000000006,106.50000000000006,0,0.0,0,0.0,,2018-2023 validation,3-team
1.0700000000000007,107.00000000000007,0,0.0,0,0.0,,2018-2023 validation,3-team
1.0750000000000006,107.50000000000006,0,0.0,0,0.0,,2018-2023 validation,3-team
1.0800000000000007,108.00000000000007,0,0.0,0,0.0,,2018-2023 validation,3-team
1.0850000000000006,108.50000000000006,0,0.0,0,0.0,,2018-2023 validation,3-team
1.0900000000000007,109.00000000000007,0,0.0,0,0.0,,2018-2023 validation,3-team
1.0950000000000006,109.50000000000006,0,0.0,0,0.0,,2018-2023 validation,3-team
1.1000000000000008,110.00000000000007,0,0.0,0,0.0,,2018-2023 validation,3-team
1.1050000000000006,110.50000000000007,1,1.0,1,1.1050000000000006,1.1050000000000006,2018-2023 validation,3-team
1.1100000000000008,111.00000000000007,1,1.0,1,1.1100000000000008,1.1100000000000008,2018-2023 validation,3-team
1.1150000000000007,111.50000000000007,1,1.0,1,1.1150000000000007,1.1150000000000007,2018-2023 validation,3-team
1.1200000000000008,112.00000000000007,1,1.0,1,1.1200000000000008,1.1200000000000008,2018-2023 validation,3-team
1.1250000000000007,112.50000000000007,1,1.0,1,1.1250000000000007,1.1250000000000007,2018-2023 validation,3-team
1.1300000000000008,113.00000000000009,1,1.0,1,1.1300000000000008,1.1300000000000008,2018-2023 validation,3-team
1.1350000000000007,113.50000000000007,1,1.0,1,1.1350000000000007,1.1350000000000007,2018-2023 validation,3-team
1.1400000000000008,114.00000000000009,1,1.0,1,1.1400000000000008,1.1400000000000008,2018-2023 validation,3-team
1.1450000000000007,114.50000000000007,1,1.0,1,1.1450000000000007,1.1450000000000007,2018-2023 validation,3-team
1.1500000000000008,115.00000000000009,1,1.0,1,1.1500000000000008,1.1500000000000008,2018-2023 validation,3-team
1.1550000000000007,115.50000000000007,1,1.0,1,1.1550000000000007,1.1550000000000007,2018-2023 validation,3-team
1.1600000000000008,116.00000000000009,1,1.0,1,1.1600000000000008,1.1600000000000008,2018-2023 validation,3-team
1.1650000000000007,116.50000000000007,1,1.0,1,1.1650000000000007,1.1650000000000007,2018-2023 validation,3-team
1.1700000000000008,117.00000000000009,1,1.0,1,1.1700000000000008,1.1700000000000008,2018-2023 validation,3-team
1.1750000000000007,117.50000000000007,1,1.0,1,1.1750000000000007,1.1750000000000007,2018-2023 validation,3-team
1.1800000000000008,118.00000000000009,2,2.0,1,0.18000000000000083,0.09000000000000041,2018-2023 validation,3-team
1.1850000000000007,118.50000000000007,2,2.0,1,0.18500000000000072,0.09250000000000036,2018-2023 validation,3-team
1.1900000000000008,119.00000000000009,2,2.0,1,0.19000000000000083,0.09500000000000042,2018-2023 validation,3-team
1.1950000000000007,119.50000000000007,2,2.0,1,0.19500000000000073,0.09750000000000036,2018-2023 validation,3-team
1.2000000000000008,120.00000000000009,2,2.0,1,0.20000000000000084,0.10000000000000042,2018-2023 validation,3-team
1.2050000000000007,120.50000000000007,2,2.0,1,0.20500000000000074,0.10250000000000037,2018-2023 validation,3-team
1.2100000000000009,121.00000000000009,3,3.0,1,-0.7899999999999991,-0.26333333333333303,2018-2023 validation,3-team
1.2150000000000007,121.50000000000007,3,3.0,1,-0.7849999999999993,-0.26166666666666644,2018-2023 validation,3-team
1.2200000000000009,122.00000000000009,4,4.0,2,0.4400000000000017,0.11000000000000043,2018-2023 validation,3-team
1.2250000000000008,122.50000000000007,5,5.0,2,-0.5499999999999985,-0.1099999999999997,2018-2023 validation,3-team
1.2300000000000009,123.00000000000009,5,5.0,2,-0.5399999999999983,-0.10799999999999965,2018-2023 validation,3-team
1.2350000000000008,123.50000000000007,6,6.0,2,-1.5299999999999985,-0.2549999999999997,2018-2023 validation,3-team
1.2400000000000009,124.00000000000009,7,7.0,3,-0.27999999999999736,-0.039999999999999626,2018-2023 validation,3-team
1.2450000000000008,124.50000000000007,8,8.0,3,-1.2649999999999977,-0.1581249999999997,2018-2023 validation,3-team
1.2500000000000009,125.00000000000009,9,9.0,4,3.552713678800501e-15,3.9474596431116675e-16,2018-2023 validation,3-team
1.2550000000000008,125.50000000000009,9,9.0,4,0.020000000000003126,0.0022222222222225696,2018-2023 validation,3-team
1.260000000000001,126.00000000000009,9,9.0,4,0.04000000000000359,0.004444444444444843,2018-2023 validation,3-team
1.2650000000000008,126.50000000000009,12,12.0,4,-2.939999999999997,-0.24499999999999975,2018-2023 validation,3-team
1.270000000000001,127.00000000000009,12,12.0,4,-2.919999999999997,-0.24333333333333307,2018-2023 validation,3-team
1.2750000000000008,127.50000000000009,14,14.0,5,-2.6249999999999956,-0.1874999999999997,2018-2023 validation,3-team
1.280000000000001,128.00000000000009,14,14.0,5,-2.599999999999995,-0.18571428571428536,2018-2023 validation,3-team
1.2850000000000008,128.50000000000009,15,15.0,5,-3.5749999999999957,-0.23833333333333304,2018-2023 validation,3-team
1.290000000000001,129.00000000000009,15,15.0,5,-3.5499999999999954,-0.23666666666666636,2018-2023 validation,3-team
1.2950000000000008,129.50000000000009,16,16.0,6,-2.229999999999995,-0.1393749999999997,2018-2023 validation,3-team
1.300000000000001,130.00000000000009,16,16.0,6,-2.1999999999999944,-0.13749999999999965,2018-2023 validation,3-team
1.3050000000000008,130.50000000000009,17,17.0,7,-0.8649999999999942,-0.05088235294117613,2018-2023 validation,3-team
1.310000000000001,131.00000000000009,18,18.0,7,-1.8299999999999939,-0.10166666666666632,2018-2023 validation,3-team
1.315000000000001,131.5000000000001,19,19.0,8,-0.479999999999992,-0.02526315789473642,2018-2023 validation,3-team
1.320000000000001,132.00000000000009,19,19.0,8,-0.43999999999999284,-0.02315789473684173,2018-2023 validation,3-team
1.3250000000000008,132.50000000000009,20,20.0,9,0.9250000000000076,0.04625000000000038,2018-2023 validation,3-team
1.330000000000001,133.00000000000009,21,21.0,9,-0.029999999999991367,-0.0014285714285710174,2018-2023 validation,3-team
1.335000000000001,133.5000000000001,22,22.0,10,1.3500000000000107,0.06136363636363685,2018-2023 validation,3-team
1.340000000000001,134.00000000000009,23,23.0,11,2.7400000000000113,0.11913043478260919,2018-2023 validation,3-team
1.3450000000000009,134.50000000000009,24,24.0,11,1.79500000000001,0.07479166666666708,2018-2023 validation,3-team
1.350000000000001,135.00000000000009,27,27.0,14,5.900000000000015,0.21851851851851906,2018-2023 validation,3-team
1.355000000000001,135.5000000000001,28,28.0,15,7.325000000000017,0.2616071428571435,2018-2023 validation,3-team
1.360000000000001,136.00000000000009,29,29.0,16,8.760000000000016,0.30206896551724194,2018-2023 validation,3-team
1.3650000000000009,136.50000000000009,29,29.0,16,8.840000000000014,0.30482758620689704,2018-2023 validation,3-team
1.370000000000001,137.0000000000001,30,30.0,17,10.290000000000017,0.3430000000000006,2018-2023 validation,3-team
1.375000000000001,137.5000000000001,32,32.0,18,10.750000000000021,0.33593750000000067,2018-2023 validation,3-team
1.380000000000001,138.0000000000001,33,33.0,19,12.220000000000018,0.37030303030303086,2018-2023 validation,3-team
1.385000000000001,138.50000000000009,34,34.0,19,11.315000000000019,0.3327941176470594,2018-2023 validation,3-team
1.390000000000001,139.0000000000001,35,35.0,19,10.41000000000002,0.297428571428572,2018-2023 validation,3-team
1.3950000000000011,139.5000000000001,35,35.0,19,10.50500000000002,0.3001428571428577,2018-2023 validation,3-team
1.400000000000001,140.0000000000001,36,36.0,19,9.600000000000016,0.2666666666666671,2018-2023 validation,3-team
1.405000000000001,140.50000000000009,36,36.0,19,9.695000000000016,0.269305555555556,2018-2023 validation,3-team
1.410000000000001,141.0000000000001,38,38.0,20,10.20000000000002,0.2684210526315795,2018-2023 validation,3-team
1.4150000000000011,141.5000000000001,38,38.0,20,10.300000000000024,0.271052631578948,2018-2023 validation,3-team
1.420000000000001,142.0000000000001,38,38.0,20,10.400000000000023,0.2736842105263164,2018-2023 validation,3-team
1.425000000000001,142.50000000000009,39,39.0,20,9.50000000000002,0.24358974358974408,2018-2023 validation,3-team
1.430000000000001,143.0000000000001,40,40.0,21,11.03000000000002,0.2757500000000005,2018-2023 validation,3-team
1.4350000000000012,143.5000000000001,40,40.0,21,11.135000000000023,0.2783750000000006,2018-2023 validation,3-team
1.440000000000001,144.0000000000001,41,41.0,21,10.240000000000022,0.24975609756097614,2018-2023 validation,3-team
1.445000000000001,144.50000000000009,41,41.0,21,10.345000000000018,0.25231707317073215,2018-2023 validation,3-team
1.450000000000001,145.0000000000001,41,41.0,21,10.450000000000022,0.25487804878048836,2018-2023 validation,3-team
1.4550000000000012,145.5000000000001,41,41.0,21,10.555000000000026,0.2574390243902445,2018-2023 validation,3-team
1.460000000000001,146.0000000000001,41,41.0,21,10.660000000000023,0.26000000000000056,2018-2023 validation,3-team
1.465000000000001,146.50000000000009,44,44.0,22,10.230000000000022,0.23250000000000048,2018-2023 validation,3-team
1.470000000000001,147.0000000000001,44,44.0,22,10.340000000000023,0.23500000000000051,2018-2023 validation,3-team
1.4750000000000012,147.5000000000001,45,45.0,22,9.450000000000026,0.21000000000000058,2018-2023 validation,3-team
1.480000000000001,148.0000000000001,46,46.0,23,11.040000000000024,0.24000000000000052,2018-2023 validation,3-team
1.485000000000001,148.50000000000009,47,47.0,24,12.640000000000022,0.26893617021276645,2018-2023 validation,3-team
1.490000000000001,149.0000000000001,47,47.0,24,12.760000000000026,0.27148936170212823,2018-2023 validation,3-team
1.4950000000000012,149.5000000000001,47,47.0,24,12.880000000000031,0.27404255319149,2018-2023 validation,3-team
1.500000000000001,150.0000000000001,48,48.0,25,14.500000000000028,0.3020833333333339,2018-2023 validation,3-team
1.505000000000001,150.5000000000001,48,48.0,25,14.625000000000025,0.3046875000000005,2018-2023 validation,3-team
1.5100000000000011,151.0000000000001,48,48.0,25,14.750000000000028,0.30729166666666724,2018-2023 validation,3-team
1.5150000000000012,151.5000000000001,48,48.0,25,14.87500000000003,0.309895833333334,2018-2023 validation,3-team
1.5200000000000011,152.0000000000001,49,49.0,26,16.520000000000028,0.3371428571428577,2018-2023 validation,3-team
1.525000000000001,152.5000000000001,49,49.0,26,16.650000000000027,0.3397959183673475,2018-2023 validation,3-team
1.5300000000000011,153.0000000000001,49,49.0,26,16.78000000000003,0.34244897959183734,2018-2023 validation,3-team
1.5350000000000013,153.5000000000001,49,49.0,26,16.910000000000032,0.34510204081632717,2018-2023 validation,3-team
1.5400000000000011,154.0000000000001,49,49.0,26,17.04000000000003,0.34775510204081694,2018-2023 validation,3-team
1.545000000000001,154.5000000000001,49,49.0,26,17.170000000000027,0.35040816326530666,2018-2023 validation,3-team
1.5500000000000012,155.0000000000001,49,49.0,26,17.300000000000033,0.3530612244897966,2018-2023 validation,3-team
1.5550000000000013,155.5000000000001,49,49.0,26,17.43000000000003,0.35571428571428637,2018-2023 validation,3-team
1.5600000000000012,156.0000000000001,49,49.0,26,17.56000000000003,0.35836734693877614,2018-2023 validation,3-team
1.565000000000001,156.5000000000001,49,49.0,26,17.690000000000026,0.36102040816326586,2018-2023 validation,3-team
1.5700000000000012,157.0000000000001,49,49.0,26,17.82000000000003,0.3636734693877557,2018-2023 validation,3-team
1.5750000000000013,157.50000000000014,49,49.0,26,17.950000000000035,0.3663265306122456,2018-2023 validation,3-team
1.5800000000000012,158.0000000000001,49,49.0,26,18.08000000000003,0.3689795918367353,2018-2023 validation,3-team
1.585000000000001,158.5000000000001,49,49.0,26,18.21000000000003,0.37163265306122506,2018-2023 validation,3-team
1.5900000000000012,159.0000000000001,49,49.0,26,18.34000000000003,0.3742857142857149,2018-2023 validation,3-team
1.5950000000000013,159.50000000000014,49,49.0,26,18.470000000000034,0.37693877551020477,2018-2023 validation,3-team
1.6000000000000012,160.0000000000001,49,49.0,26,18.60000000000003,0.3795918367346945,2018-2023 validation,3-team
1.605000000000001,160.5000000000001,49,49.0,26,18.73000000000003,0.38224489795918426,2018-2023 validation,3-team
1.6100000000000012,161.0000000000001,49,49.0,26,18.860000000000028,0.38489795918367403,2018-2023 validation,3-team
1.6150000000000013,161.50000000000014,49,49.0,26,18.990000000000034,0.38755102040816397,2018-2023 validation,3-team
1.6200000000000012,162.0000000000001,49,49.0,26,19.120000000000033,0.39020408163265374,2018-2023 validation,3-team
1.625000000000001,162.5000000000001,49,49.0,26,19.25000000000003,0.39285714285714346,2018-2023 validation,3-team
1.6300000000000012,163.0000000000001,49,49.0,26,19.380000000000035,0.39551020408163334,2018-2023 validation,3-team
1.6350000000000013,163.50000000000014,49,49.0,26,19.510000000000034,0.3981632653061231,2018-2023 validation,3-team
1.6400000000000012,164.0000000000001,49,49.0,26,19.640000000000033,0.4008163265306129,2018-2023 validation,3-team
1.6450000000000011,164.5000000000001,49,49.0,26,19.770000000000028,0.4034693877551026,2018-2023 validation,3-team
1.6500000000000012,165.0000000000001,49,49.0,26,19.90000000000003,0.4061224489795925,2018-2023 validation,3-team
1.6550000000000014,165.50000000000014,49,49.0,26,20.030000000000037,0.40877551020408237,2018-2023 validation,3-team
1.6600000000000013,166.0000000000001,49,49.0,26,20.160000000000032,0.4114285714285721,2018-2023 validation,3-team
1.6650000000000011,166.5000000000001,49,49.0,26,20.29000000000003,0.41408163265306186,2018-2023 validation,3-team
1.6700000000000013,167.0000000000001,49,49.0,26,20.42000000000003,0.41673469387755163,2018-2023 validation,3-team
1.6750000000000014,167.50000000000014,49,49.0,26,20.550000000000036,0.41938775510204157,2018-2023 validation,3-team
1.6800000000000013,168.0000000000001,49,49.0,26,20.680000000000028,0.4220408163265312,2018-2023 validation,3-team
1.6850000000000012,168.5000000000001,49,49.0,26,20.81000000000003,0.42469387755102106,2018-2023 validation,3-team
1.6900000000000013,169.0000000000001,49,49.0,26,20.940000000000033,0.4273469387755109,2018-2023 validation,3-team
1.6950000000000014,169.50000000000014,49,49.0,26,21.070000000000036,0.4300000000000007,2018-2023 validation,3-team
1.7000000000000013,170.00000000000014,49,49.0,26,21.20000000000004,0.4326530612244906,2018-2023 validation,3-team
1.7050000000000012,170.5000000000001,49,49.0,26,21.33000000000003,0.4353061224489802,2018-2023 validation,3-team
1.7100000000000013,171.00000000000014,49,49.0,26,21.460000000000036,0.43795918367347014,2018-2023 validation,3-team
1.7150000000000014,171.50000000000014,49,49.0,26,21.590000000000035,0.4406122448979599,2018-2023 validation,3-team
1.7200000000000013,172.00000000000014,49,49.0,26,21.720000000000034,0.4432653061224497,2018-2023 validation,3-team
1.7250000000000012,172.5000000000001,49,49.0,26,21.85000000000003,0.4459183673469394,2018-2023 validation,3-team
1.7300000000000013,173.00000000000014,49,49.0,26,21.980000000000036,0.4485714285714293,2018-2023 validation,3-team
1.7350000000000014,173.50000000000014,49,49.0,26,22.11000000000004,0.45122448979591917,2018-2023 validation,3-team
1.7400000000000013,174.00000000000014,49,49.0,26,22.240000000000034,0.45387755102040883,2018-2023 validation,3-team
1.7450000000000012,174.5000000000001,49,49.0,26,22.370000000000033,0.45653061224489866,2018-2023 validation,3-team
1.7500000000000013,175.00000000000014,49,49.0,26,22.500000000000036,0.4591836734693885,2018-2023 validation,3-team
1.7550000000000014,175.50000000000014,49,49.0,26,22.630000000000038,0.4618367346938783,2018-2023 validation,3-team
1.7600000000000013,176.00000000000014,49,49.0,26,22.760000000000034,0.46448979591836803,2018-2023 validation,3-team
1.7650000000000012,176.5000000000001,49,49.0,26,22.890000000000033,0.4671428571428578,2018-2023 validation,3-team
1.7700000000000014,177.00000000000014,49,49.0,26,23.02000000000003,0.4697959183673476,2018-2023 validation,3-team
1.7750000000000015,177.50000000000014,49,49.0,26,23.150000000000038,0.4724489795918375,2018-2023 validation,3-team
1.7800000000000014,178.00000000000014,49,49.0,26,23.280000000000037,0.4751020408163273,2018-2023 validation,3-team
1.7850000000000013,178.5000000000001,49,49.0,26,23.410000000000032,0.477755102040817,2018-2023 validation,3-team
1.7900000000000014,179.00000000000014,49,49.0,26,23.54000000000004,0.4804081632653069,2018-2023 validation,3-team
1.7950000000000015,179.50000000000014,49,49.0,26,23.670000000000037,0.48306122448979666,2018-2023 validation,3-team
1.8000000000000014,180.00000000000014,49,49.0,26,23.800000000000036,0.48571428571428643,2018-2023 validation,3-team
1.8050000000000013,180.5000000000001,49,49.0,26,23.930000000000028,0.4883673469387761,2018-2023 validation,3-team
1.8100000000000014,181.00000000000014,49,49.0,26,24.060000000000038,0.4910204081632661,2018-2023 validation,3-team
1.8150000000000015,181.50000000000014,49,49.0,26,24.19000000000004,0.4936734693877559,2018-2023 validation,3-team
1.8200000000000014,182.00000000000014,49,49.0,26,24.320000000000036,0.49632653061224563,2018-2023 validation,3-team
1.8250000000000013,182.50000000000014,49,49.0,26,24.45000000000004,0.49897959183673546,2018-2023 validation,3-team
1.8300000000000014,183.00000000000014,49,49.0,26,24.580000000000037,0.5016326530612253,2018-2023 validation,3-team
1.8350000000000015,183.50000000000014,49,49.0,26,24.71000000000004,0.5042857142857151,2018-2023 validation,3-team
1.8400000000000014,184.00000000000014,49,49.0,26,24.840000000000035,0.5069387755102048,2018-2023 validation,3-team
1.8450000000000013,184.50000000000014,49,49.0,26,24.970000000000034,0.5095918367346945,2018-2023 validation,3-team
1.8500000000000014,185.00000000000014,49,49.0,26,25.100000000000037,0.5122448979591844,2018-2023 validation,3-team
1.8550000000000015,185.50000000000014,49,49.0,26,25.23000000000004,0.5148979591836743,2018-2023 validation,3-team
1.8600000000000014,186.00000000000014,49,49.0,26,25.36000000000004,0.517551020408164,2018-2023 validation,3-team
1.8650000000000013,186.50000000000014,49,49.0,26,25.490000000000038,0.5202040816326539,2018-2023 validation,3-team
1.8700000000000014,187.00000000000014,49,49.0,26,25.620000000000037,0.5228571428571436,2018-2023 validation,3-team
1.8750000000000016,187.50000000000014,49,49.0,26,25.750000000000036,0.5255102040816334,2018-2023 validation,3-team
1.8800000000000014,188.00000000000014,49,49.0,26,25.88000000000004,0.5281632653061233,2018-2023 validation,3-team
1.8850000000000013,188.50000000000014,49,49.0,26,26.010000000000034,0.530816326530613,2018-2023 validation,3-team
1.8900000000000015,189.00000000000014,49,49.0,26,26.140000000000036,0.5334693877551028,2018-2023 validation,3-team
1.8950000000000016,189.50000000000017,49,49.0,26,26.270000000000046,0.5361224489795928,2018-2023 validation,3-team
1.9000000000000015,190.00000000000014,49,49.0,26,26.400000000000038,0.5387755102040824,2018-2023 validation,3-team
1.9050000000000014,190.50000000000014,49,49.0,26,26.530000000000037,0.5414285714285721,2018-2023 validation,3-team
1.9100000000000015,191.00000000000014,49,49.0,26,26.660000000000036,0.544081632653062,2018-2023 validation,3-team
1.9150000000000016,191.50000000000017,49,49.0,26,26.790000000000042,0.5467346938775519,2018-2023 validation,3-team
1.9200000000000015,192.00000000000014,49,49.0,26,26.920000000000037,0.5493877551020416,2018-2023 validation,3-team
1.9250000000000014,192.50000000000014,49,49.0,26,27.050000000000036,0.5520408163265313,2018-2023 validation,3-team
1.9300000000000015,193.00000000000014,49,49.0,26,27.180000000000042,0.5546938775510213,2018-2023 validation,3-team
1.9350000000000016,193.50000000000017,49,49.0,26,27.310000000000045,0.5573469387755111,2018-2023 validation,3-team
1.9400000000000015,194.00000000000014,49,49.0,26,27.44000000000004,0.5600000000000008,2018-2023 validation,3-team
1.9450000000000014,194.50000000000014,49,49.0,26,27.570000000000032,0.5626530612244904,2018-2023 validation,3-team
1.9500000000000015,195.00000000000014,49,49.0,26,27.70000000000004,0.5653061224489804,2018-2023 validation,3-team
1.9550000000000016,195.50000000000017,49,49.0,26,27.83000000000004,0.5679591836734702,2018-2023 validation,3-team
1.9600000000000015,196.00000000000014,49,49.0,26,27.960000000000036,0.5706122448979599,2018-2023 validation,3-team
1.9650000000000014,196.50000000000014,49,49.0,26,28.090000000000035,0.5732653061224497,2018-2023 validation,3-team
1.9700000000000015,197.00000000000014,49,49.0,26,28.220000000000038,0.5759183673469396,2018-2023 validation,3-team
1.9750000000000016,197.50000000000017,49,49.0,26,28.350000000000044,0.5785714285714295,2018-2023 validation,3-team
1.9800000000000015,198.00000000000014,49,49.0,26,28.48000000000004,0.5812244897959191,2018-2023 validation,3-team
1.9850000000000014,198.50000000000014,49,49.0,26,28.61000000000004,0.583877551020409,2018-2023 validation,3-team
1.9900000000000015,199.00000000000014,49,49.0,26,28.740000000000038,0.5865306122448988,2018-2023 validation,3-team
1.9950000000000017,199.50000000000017,49,49.0,26,28.870000000000044,0.5891836734693886,2018-2023 validation,3-team
2.0000000000000013,200.00000000000014,49,49.0,26,29.000000000000036,0.5918367346938783,2018-2023 validation,3-team
2.0050000000000012,200.5000000000001,49,49.0,26,29.13000000000003,0.5944897959183679,2018-2023 validation,3-team
2.0100000000000016,201.00000000000017,49,49.0,26,29.26000000000004,0.597142857142858,2018-2023 validation,3-team
2.0150000000000015,201.50000000000014,49,49.0,26,29.390000000000036,0.5997959183673477,2018-2023 validation,3-team
2.0200000000000014,202.00000000000014,49,49.0,26,29.52000000000003,0.6024489795918374,2018-2023 validation,3-team
2.0250000000000012,202.5000000000001,49,49.0,26,29.65000000000003,0.6051020408163271,2018-2023 validation,3-team
2.0300000000000016,203.00000000000017,49,49.0,26,29.780000000000044,0.6077551020408172,2018-2023 validation,3-team
2.0350000000000015,203.50000000000014,49,49.0,26,29.910000000000036,0.6104081632653069,2018-2023 validation,3-team
2.0400000000000014,204.00000000000014,49,49.0,26,30.04000000000004,0.6130612244897967,2018-2023 validation,3-team
2.0450000000000013,204.5000000000001,49,49.0,26,30.17000000000003,0.6157142857142863,2018-2023 validation,3-team
2.0500000000000016,205.00000000000017,49,49.0,26,30.300000000000043,0.6183673469387764,2018-2023 validation,3-team
2.0550000000000015,205.50000000000014,49,49.0,26,30.430000000000042,0.6210204081632662,2018-2023 validation,3-team
2.0600000000000014,206.00000000000014,49,49.0,26,30.560000000000038,0.6236734693877559,2018-2023 validation,3-team
2.0650000000000013,206.5000000000001,49,49.0,26,30.690000000000033,0.6263265306122455,2018-2023 validation,3-team
2.0700000000000016,207.00000000000017,49,49.0,26,30.820000000000043,0.6289795918367356,2018-2023 validation,3-team
2.0750000000000015,207.50000000000014,49,49.0,26,30.95000000000004,0.6316326530612253,2018-2023 validation,3-team
2.0800000000000014,208.00000000000014,49,49.0,26,31.080000000000037,0.634285714285715,2018-2023 validation,3-team
2.0850000000000013,208.50000000000014,49,49.0,26,31.210000000000036,0.6369387755102048,2018-2023 validation,3-team
2.0900000000000016,209.00000000000017,49,49.0,26,31.34000000000004,0.6395918367346947,2018-2023 validation,3-team
2.0950000000000015,209.50000000000014,49,49.0,26,31.470000000000038,0.6422448979591845,2018-2023 validation,3-team
2.1000000000000014,210.00000000000014,49,49.0,26,31.600000000000037,0.6448979591836742,2018-2023 validation,3-team
2.1050000000000013,210.50000000000014,49,49.0,26,31.730000000000036,0.647551020408164,2018-2023 validation,3-team
2.1100000000000017,211.00000000000017,49,49.0,26,31.860000000000046,0.650204081632654,2018-2023 validation,3-team
2.1150000000000015,211.50000000000014,49,49.0,26,31.990000000000038,0.6528571428571436,2018-2023 validation,3-team
2.1200000000000014,212.00000000000014,49,49.0,26,32.12000000000004,0.6555102040816335,2018-2023 validation,3-team
2.1250000000000013,212.50000000000014,49,49.0,26,32.250000000000036,0.6581632653061231,2018-2023 validation,3-team
2.1300000000000017,213.00000000000017,49,49.0,26,32.380000000000045,0.6608163265306132,2018-2023 validation,3-team
2.1350000000000016,213.50000000000017,49,49.0,26,32.51000000000004,0.6634693877551029,2018-2023 validation,3-team
2.1400000000000015,214.00000000000014,49,49.0,26,32.640000000000036,0.6661224489795926,2018-2023 validation,3-team
2.1450000000000014,214.50000000000014,49,49.0,26,32.77000000000003,0.6687755102040823,2018-2023 validation,3-team
2.1500000000000017,215.00000000000017,49,49.0,26,32.90000000000004,0.6714285714285723,2018-2023 validation,3-team
2.1550000000000016,215.50000000000017,49,49.0,26,33.030000000000044,0.6740816326530621,2018-2023 validation,3-team
2.1600000000000015,216.00000000000014,49,49.0,26,33.16000000000004,0.6767346938775518,2018-2023 validation,3-team
2.1650000000000014,216.50000000000014,49,49.0,26,33.290000000000035,0.6793877551020415,2018-2023 validation,3-team
2.1700000000000017,217.00000000000017,49,49.0,26,33.420000000000044,0.6820408163265315,2018-2023 validation,3-team
2.1750000000000016,217.50000000000017,49,49.0,26,33.55000000000005,0.6846938775510214,2018-2023 validation,3-team
2.1800000000000015,218.00000000000014,49,49.0,26,33.68000000000004,0.6873469387755111,2018-2023 validation,3-team
2.1850000000000014,218.50000000000014,49,49.0,26,33.81000000000004,0.6900000000000007,2018-2023 validation,3-team
2.1900000000000017,219.00000000000017,49,49.0,26,33.94000000000005,0.6926530612244908,2018-2023 validation,3-team
2.1950000000000016,219.50000000000017,49,49.0,26,34.07000000000004,0.6953061224489805,2018-2023 validation,3-team
2.2000000000000015,220.00000000000014,49,49.0,26,34.20000000000004,0.6979591836734702,2018-2023 validation,3-team
2.2050000000000014,220.50000000000014,49,49.0,26,34.330000000000034,0.7006122448979599,2018-2023 validation,3-team
2.2100000000000017,221.00000000000017,49,49.0,26,34.46000000000004,0.7032653061224499,2018-2023 validation,3-team
2.2150000000000016,221.50000000000017,49,49.0,26,34.590000000000046,0.7059183673469397,2018-2023 validation,3-team
2.2200000000000015,222.00000000000014,49,49.0,26,34.720000000000034,0.7085714285714293,2018-2023 validation,3-team
2.2250000000000014,222.50000000000014,49,49.0,26,34.85000000000004,0.7112244897959191,2018-2023 validation,3-team
2.2300000000000018,223.00000000000017,49,49.0,26,34.98000000000005,0.7138775510204091,2018-2023 validation,3-team
2.2350000000000017,223.50000000000017,49,49.0,26,35.11000000000004,0.7165306122448988,2018-2023 validation,3-team
2.2400000000000015,224.00000000000014,49,49.0,26,35.24000000000004,0.7191836734693885,2018-2023 validation,3-team
2.2450000000000014,224.50000000000014,49,49.0,26,35.37000000000004,0.7218367346938783,2018-2023 validation,3-team
2.2500000000000018,225.00000000000017,49,49.0,26,35.50000000000004,0.7244897959183683,2018-2023 validation,3-team
2.2550000000000017,225.50000000000017,49,49.0,26,35.630000000000045,0.7271428571428581,2018-2023 validation,3-team
2.2600000000000016,226.00000000000017,49,49.0,26,35.76000000000005,0.7297959183673479,2018-2023 validation,3-team
2.2650000000000015,226.50000000000014,49,49.0,26,35.890000000000036,0.7324489795918375,2018-2023 validation,3-team
2.270000000000002,227.00000000000017,49,49.0,26,36.020000000000046,0.7351020408163275,2018-2023 validation,3-team
2.2750000000000017,227.50000000000017,49,49.0,26,36.15000000000004,0.7377551020408172,2018-2023 validation,3-team
2.2800000000000016,228.00000000000017,49,49.0,26,36.280000000000044,0.740408163265307,2018-2023 validation,3-team
2.2850000000000015,228.50000000000014,49,49.0,26,36.41000000000004,0.7430612244897967,2018-2023 validation,3-team
2.290000000000002,229.00000000000017,49,49.0,26,36.54000000000004,0.7457142857142866,2018-2023 validation,3-team
2.2950000000000017,229.50000000000017,49,49.0,26,36.670000000000044,0.7483673469387764,2018-2023 validation,3-team
2.3000000000000016,230.00000000000017,49,49.0,26,36.80000000000005,0.7510204081632663,2018-2023 validation,3-team
2.3050000000000015,230.50000000000014,49,49.0,26,36.93000000000004,0.7536734693877559,2018-2023 validation,3-team
2.3100000000000014,231.00000000000014,49,49.0,26,37.06000000000004,0.7563265306122456,2018-2023 validation,3-team
2.3150000000000017,231.50000000000017,49,49.0,26,37.19000000000005,0.7589795918367357,2018-2023 validation,3-team
2.3200000000000016,232.00000000000017,49,49.0,26,37.32000000000004,0.7616326530612254,2018-2023 validation,3-team
2.3250000000000015,232.50000000000014,49,49.0,26,37.45000000000004,0.7642857142857151,2018-2023 validation,3-team
2.330000000000002,233.00000000000017,49,49.0,26,37.58000000000004,0.766938775510205,2018-2023 validation,3-team
2.3350000000000017,233.50000000000017,49,49.0,26,37.71000000000004,0.7695918367346948,2018-2023 validation,3-team
2.3400000000000016,234.00000000000017,49,49.0,26,37.840000000000046,0.7722448979591846,2018-2023 validation,3-team
2.3450000000000015,234.50000000000014,49,49.0,26,37.970000000000034,0.7748979591836742,2018-2023 validation,3-team
2.3500000000000014,235.00000000000014,49,49.0,26,38.10000000000004,0.777551020408164,2018-2023 validation,3-team
2.3550000000000018,235.50000000000017,49,49.0,26,38.23000000000005,0.780204081632654,2018-2023 validation,3-team
2.3600000000000017,236.00000000000017,49,49.0,26,38.36000000000004,0.7828571428571437,2018-2023 validation,3-team
2.3650000000000015,236.50000000000014,49,49.0,26,38.49000000000004,0.7855102040816334,2018-2023 validation,3-team
2.370000000000002,237.0000000000002,49,49.0,26,38.620000000000054,0.7881632653061236,2018-2023 validation,3-team
2.3750000000000018,237.50000000000017,49,49.0,26,38.75000000000004,0.7908163265306131,2018-2023 validation,3-team
2.3800000000000017,238.00000000000017,49,49.0,26,38.880000000000045,0.793469387755103,2018-2023 validation,3-team
2.3850000000000016,238.50000000000017,49,49.0,26,39.01000000000005,0.7961224489795928,2018-2023 validation,3-team
2.3900000000000015,239.00000000000014,49,49.0,26,39.140000000000036,0.7987755102040823,2018-2023 validation,3-team
2.395000000000002,239.50000000000017,49,49.0,26,39.270000000000046,0.8014285714285724,2018-2023 validation,3-team
2.4000000000000017,240.00000000000017,49,49.0,26,39.40000000000004,0.8040816326530621,2018-2023 validation,3-team
2.4050000000000016,240.50000000000017,49,49.0,26,39.530000000000044,0.8067346938775519,2018-2023 validation,3-team
2.410000000000002,241.0000000000002,49,49.0,26,39.660000000000046,0.8093877551020418,2018-2023 validation,3-team
2.415000000000002,241.50000000000017,49,49.0,26,39.79000000000004,0.8120408163265315,2018-2023 validation,3-team
2.4200000000000017,242.00000000000017,49,49.0,26,39.920000000000044,0.8146938775510213,2018-2023 validation,3-team
2.4250000000000016,242.50000000000017,49,49.0,26,40.05000000000005,0.8173469387755111,2018-2023 validation,3-team
2.4300000000000015,243.00000000000014,49,49.0,26,40.18000000000004,0.8200000000000008,2018-2023 validation,3-team
2.435000000000002,243.50000000000017,49,49.0,26,40.310000000000045,0.8226530612244907,2018-2023 validation,3-team
2.4400000000000017,244.00000000000017,49,49.0,26,40.44000000000005,0.8253061224489806,2018-2023 validation,3-team
2.4450000000000016,244.50000000000017,49,49.0,26,40.57000000000004,0.8279591836734702,2018-2023 validation,3-team
2.450000000000002,245.0000000000002,49,49.0,26,40.70000000000005,0.8306122448979603,2018-2023 validation,3-team
2.455000000000002,245.50000000000017,49,49.0,26,40.83000000000004,0.8332653061224499,2018-2023 validation,3-team
2.4600000000000017,246.00000000000017,49,49.0,26,40.96000000000004,0.8359183673469397,2018-2023 validation,3-team
2.4650000000000016,246.50000000000017,49,49.0,26,41.090000000000046,0.8385714285714295,2018-2023 validation,3-team
2.4700000000000015,247.00000000000014,49,49.0,26,41.220000000000034,0.841224489795919,2018-2023 validation,3-team
2.475000000000002,247.5000000000002,49,49.0,26,41.35000000000005,0.8438775510204092,2018-2023 validation,3-team
2.4800000000000018,248.00000000000017,49,49.0,26,41.48000000000005,0.8465306122448989,2018-2023 validation,3-team
2.4850000000000017,248.50000000000017,49,49.0,26,41.61000000000004,0.8491836734693886,2018-2023 validation,3-team
2.490000000000002,249.0000000000002,49,49.0,26,41.74000000000005,0.8518367346938787,2018-2023 validation,3-team
2.495000000000002,249.5000000000002,49,49.0,26,41.870000000000054,0.8544897959183685,2018-2023 validation,3-team
2.5000000000000018,250.00000000000017,49,49.0,26,42.00000000000004,0.857142857142858,2018-2023 validation,3-team
2.5050000000000017,250.50000000000017,49,49.0,26,42.130000000000045,0.8597959183673478,2018-2023 validation,3-team
2.5100000000000016,251.00000000000017,49,49.0,26,42.26000000000005,0.8624489795918377,2018-2023 validation,3-team
2.515000000000002,251.5000000000002,49,49.0,26,42.39000000000005,0.8651020408163276,2018-2023 validation,3-team
2.520000000000002,252.00000000000017,49,49.0,26,42.520000000000046,0.8677551020408173,2018-2023 validation,3-team
2.5250000000000017,252.50000000000017,49,49.0,26,42.65000000000004,0.870408163265307,2018-2023 validation,3-team
2.530000000000002,253.0000000000002,49,49.0,26,42.78000000000005,0.873061224489797,2018-2023 validation,3-team
2.535000000000002,253.5000000000002,49,49.0,26,42.910000000000046,0.8757142857142867,2018-2023 validation,3-team
2.540000000000002,254.00000000000017,49,49.0,26,43.04000000000004,0.8783673469387764,2018-2023 validation,3-team
2.5450000000000017,254.50000000000017,49,49.0,26,43.170000000000044,0.8810204081632662,2018-2023 validation,3-team
2.5500000000000016,255.00000000000017,49,49.0,26,43.30000000000005,0.883673469387756,2018-2023 validation,3-team
2.555000000000002,255.5000000000002,49,49.0,26,43.43000000000005,0.8863265306122459,2018-2023 validation,3-team
2.560000000000002,256.00000000000017,49,49.0,26,43.560000000000045,0.8889795918367356,2018-2023 validation,3-team
2.5650000000000017,256.50000000000017,49,49.0,26,43.69000000000005,0.8916326530612254,2018-2023 validation,3-team
2.570000000000002,257.0000000000002,49,49.0,26,43.82000000000006,0.8942857142857155,2018-2023 validation,3-team
2.575000000000002,257.50000000000017,49,49.0,26,43.95000000000005,0.8969387755102052,2018-2023 validation,3-team
2.580000000000002,258.00000000000017,49,49.0,26,44.08000000000004,0.8995918367346947,2018-2023 validation,3-team
2.5850000000000017,258.50000000000017,49,49.0,26,44.21000000000004,0.9022448979591846,2018-2023 validation,3-team
2.5900000000000016,259.00000000000017,49,49.0,26,44.340000000000046,0.9048979591836744,2018-2023 validation,3-team
2.595000000000002,259.50000000000017,49,49.0,26,44.47000000000005,0.9075510204081643,2018-2023 validation,3-team
2.600000000000002,260.00000000000017,49,49.0,26,44.60000000000005,0.9102040816326541,2018-2023 validation,3-team
2.6050000000000018,260.50000000000017,49,49.0,26,44.73000000000005,0.9128571428571438,2018-2023 validation,3-team
2.610000000000002,261.0000000000002,49,49.0,26,44.86000000000005,0.9155102040816336,2018-2023 validation,3-team
2.615000000000002,261.5000000000002,49,49.0,26,44.99000000000005,0.9181632653061235,2018-2023 validation,3-team
2.620000000000002,262.00000000000017,49,49.0,26,45.120000000000054,0.9208163265306134,2018-2023 validation,3-team
2.6250000000000018,262.50000000000017,49,49.0,26,45.25000000000004,0.9234693877551029,2018-2023 validation,3-team
2.6300000000000017,263.00000000000017,49,49.0,26,45.380000000000045,0.9261224489795927,2018-2023 validation,3-team
2.635000000000002,263.5000000000002,49,49.0,26,45.510000000000055,0.9287755102040828,2018-2023 validation,3-team
2.640000000000002,264.00000000000017,49,49.0,26,45.64000000000005,0.9314285714285725,2018-2023 validation,3-team
2.645000000000002,264.50000000000017,49,49.0,26,45.770000000000046,0.9340816326530622,2018-2023 validation,3-team
2.650000000000002,265.0000000000002,49,49.0,26,45.90000000000006,0.9367346938775523,2018-2023 validation,3-team
2.655000000000002,265.5000000000002,49,49.0,26,46.03000000000005,0.9393877551020419,2018-2023 validation,3-team
2.660000000000002,266.00000000000017,49,49.0,26,46.160000000000046,0.9420408163265316,2018-2023 validation,3-team
2.665000000000002,266.50000000000017,49,49.0,26,46.29000000000004,0.9446938775510213,2018-2023 validation,3-team
2.6700000000000017,267.00000000000017,49,49.0,26,46.420000000000044,0.9473469387755111,2018-2023 validation,3-team
2.675000000000002,267.5000000000002,49,49.0,26,46.550000000000054,0.9500000000000011,2018-2023 validation,3-team
2.680000000000002,268.00000000000017,49,49.0,26,46.68000000000005,0.9526530612244908,2018-2023 validation,3-team
2.685000000000002,268.50000000000017,49,49.0,26,46.810000000000045,0.9553061224489805,2018-2023 validation,3-team
2.690000000000002,269.0000000000002,49,49.0,26,46.94000000000006,0.9579591836734707,2018-2023 validation,3-team
2.695000000000002,269.5000000000002,49,49.0,26,47.07000000000006,0.9606122448979604,2018-2023 validation,3-team
2.700000000000002,270.00000000000017,49,49.0,26,47.200000000000045,0.9632653061224499,2018-2023 validation,3-team
2.705000000000002,270.50000000000017,49,49.0,26,47.33000000000004,0.9659183673469396,2018-2023 validation,3-team
2.7100000000000017,271.00000000000017,49,49.0,26,47.46000000000004,0.9685714285714294,2018-2023 validation,3-team
2.715000000000002,271.5000000000002,49,49.0,26,47.59000000000005,0.9712244897959195,2018-2023 validation,3-team
2.720000000000002,272.00000000000017,49,49.0,26,47.72000000000005,0.9738775510204092,2018-2023 validation,3-team
2.725000000000002,272.50000000000017,49,49.0,26,47.85000000000005,0.976530612244899,2018-2023 validation,3-team
2.730000000000002,273.0000000000002,49,49.0,26,47.98000000000006,0.979183673469389,2018-2023 validation,3-team
2.735000000000002,273.5000000000002,49,49.0,26,48.110000000000056,0.9818367346938787,2018-2023 validation,3-team
2.740000000000002,274.0000000000002,49,49.0,26,48.24000000000005,0.9844897959183684,2018-2023 validation,3-team
2.745000000000002,274.50000000000017,49,49.0,26,48.37000000000005,0.9871428571428581,2018-2023 validation,3-team
2.7500000000000018,275.00000000000017,49,49.0,26,48.50000000000004,0.9897959183673478,2018-2023 validation,3-team
2.755000000000002,275.5000000000002,49,49.0,26,48.63000000000005,0.9924489795918378,2018-2023 validation,3-team
2.760000000000002,276.0000000000002,49,49.0,26,48.76000000000006,0.9951020408163278,2018-2023 validation,3-team
2.765000000000002,276.50000000000017,49,49.0,26,48.89000000000005,0.9977551020408173,2018-2023 validation,3-team
2.7700000000000022,277.0000000000002,49,49.0,26,49.02000000000006,1.0004081632653072,2018-2023 validation,3-team
2.775000000000002,277.5000000000002,49,49.0,26,49.15000000000005,1.003061224489797,2018-2023 validation,3-team
2.780000000000002,278.0000000000002,49,49.0,26,49.28000000000006,1.005714285714287,2018-2023 validation,3-team
2.785000000000002,278.50000000000017,49,49.0,26,49.410000000000046,1.0083673469387764,2018-2023 validation,3-team
2.790000000000002,279.00000000000017,49,49.0,26,49.54000000000004,1.011020408163266,2018-2023 validation,3-team
2.795000000000002,279.5000000000002,49,49.0,26,49.67000000000006,1.0136734693877563,2018-2023 validation,3-team
2.800000000000002,280.0000000000002,49,49.0,26,49.800000000000054,1.016326530612246,2018-2023 validation,3-team
2.805000000000002,280.50000000000017,49,49.0,26,49.93000000000005,1.0189795918367357,2018-2023 validation,3-team
2.8100000000000023,281.0000000000002,49,49.0,26,50.06000000000006,1.0216326530612256,2018-2023 validation,3-team
2.815000000000002,281.5000000000002,49,49.0,26,50.19000000000006,1.0242857142857156,2018-2023 validation,3-team
2.820000000000002,282.0000000000002,49,49.0,26,50.32000000000006,1.0269387755102053,2018-2023 validation,3-team
2.825000000000002,282.50000000000017,49,49.0,26,50.450000000000045,1.0295918367346948,2018-2023 validation,3-team
2.830000000000002,283.00000000000017,49,49.0,26,50.580000000000055,1.0322448979591847,2018-2023 validation,3-team
2.835000000000002,283.5000000000002,49,49.0,26,50.71000000000006,1.0348979591836747,2018-2023 validation,3-team
2.840000000000002,284.0000000000002,49,49.0,26,50.84000000000005,1.0375510204081644,2018-2023 validation,3-team
2.845000000000002,284.50000000000017,49,49.0,26,50.97000000000004,1.0402040816326539,2018-2023 validation,3-team
2.8500000000000023,285.0000000000002,49,49.0,26,51.10000000000006,1.042857142857144,2018-2023 validation,3-team
2.855000000000002,285.5000000000002,49,49.0,26,51.23000000000006,1.045510204081634,2018-2023 validation,3-team
2.860000000000002,286.0000000000002,49,49.0,26,51.360000000000056,1.0481632653061237,2018-2023 validation,3-team
2.865000000000002,286.5000000000002,49,49.0,26,51.49000000000005,1.0508163265306134,2018-2023 validation,3-team
2.870000000000002,287.00000000000017,49,49.0,26,51.62000000000005,1.053469387755103,2018-2023 validation,3-team
2.875000000000002,287.5000000000002,49,49.0,26,51.75000000000006,1.056122448979593,2018-2023 validation,3-team
2.880000000000002,288.0000000000002,49,49.0,26,51.88000000000005,1.0587755102040828,2018-2023 validation,3-team
2.885000000000002,288.5000000000002,49,49.0,26,52.01000000000006,1.0614285714285727,2018-2023 validation,3-team
2.8900000000000023,289.0000000000002,49,49.0,26,52.14000000000006,1.0640816326530624,2018-2023 validation,3-team
2.8950000000000022,289.5000000000002,49,49.0,26,52.27000000000006,1.0667346938775522,2018-2023 validation,3-team
2.900000000000002,290.0000000000002,49,49.0,26,52.40000000000005,1.0693877551020419,2018-2023 validation,3-team
2.905000000000002,290.5000000000002,49,49.0,26,52.53000000000006,1.0720408163265318,2018-2023 validation,3-team
2.910000000000002,291.00000000000017,49,49.0,26,52.660000000000046,1.0746938775510213,2018-2023 validation,3-team
2.9150000000000023,291.5000000000002,49,49.0,26,52.790000000000056,1.0773469387755112,2018-2023 validation,3-team
2.920000000000002,292.0000000000002,49,49.0,26,52.92000000000006,1.0800000000000012,2018-2023 validation,3-team
2.925000000000002,292.5000000000002,49,49.0,26,53.050000000000054,1.082653061224491,2018-2023 validation,3-team
2.9300000000000024,293.0000000000002,49,49.0,26,53.18000000000006,1.0853061224489808,2018-2023 validation,3-team
2.9350000000000023,293.5000000000002,49,49.0,26,53.31000000000006,1.0879591836734706,2018-2023 validation,3-team
2.940000000000002,294.0000000000002,49,49.0,26,53.44000000000006,1.0906122448979605,2018-2023 validation,3-team
2.945000000000002,294.5000000000002,49,49.0,26,53.57000000000006,1.0932653061224502,2018-2023 validation,3-team
2.950000000000002,295.00000000000017,49,49.0,26,53.700000000000045,1.0959183673469397,2018-2023 validation,3-team
2.9550000000000023,295.5000000000002,49,49.0,26,53.83000000000006,1.0985714285714299,2018-2023 validation,3-team
2.960000000000002,296.0000000000002,49,49.0,26,53.96000000000006,1.1012244897959196,2018-2023 validation,3-team
2.965000000000002,296.5000000000002,49,49.0,26,54.09000000000005,1.1038775510204093,2018-2023 validation,3-team
2.9700000000000024,297.0000000000002,49,49.0,26,54.22000000000007,1.1065306122448995,2018-2023 validation,3-team
2.9750000000000023,297.5000000000002,49,49.0,26,54.35000000000006,1.109183673469389,2018-2023 validation,3-team
2.980000000000002,298.0000000000002,49,49.0,26,54.48000000000006,1.111836734693879,2018-2023 validation,3-team
2.985000000000002,298.5000000000002,49,49.0,26,54.610000000000056,1.1144897959183684,2018-2023 validation,3-team
2.990000000000002,299.0000000000002,49,49.0,26,54.74000000000005,1.117142857142858,2018-2023 validation,3-team
2.9950000000000023,299.5000000000002,49,49.0,26,54.87000000000006,1.1197959183673483,2018-2023 validation,3-team
3.000000000000002,300.0000000000002,49,49.0,26,55.00000000000005,1.1224489795918378,2018-2023 validation,3-team
0.3,-333.33333333333337,0,0.0,0,0.0,,2024,2-team
0.305,-327.8688524590164,0,0.0,0,0.0,,2024,2-team
0.31,-322.5806451612903,0,0.0,0,0.0,,2024,2-team
0.315,-317.46031746031747,0,0.0,0,0.0,,2024,2-team
0.32,-312.5,0,0.0,0,0.0,,2024,2-team
0.325,-307.6923076923077,0,0.0,0,0.0,,2024,2-team
0.33,-303.030303030303,0,0.0,0,0.0,,2024,2-team
0.335,-298.5074626865671,0,0.0,0,0.0,,2024,2-team
0.34,-294.11764705882354,0,0.0,0,0.0,,2024,2-team
0.34500000000000003,-289.85507246376807,0,0.0,0,0.0,,2024,2-team
0.35000000000000003,-285.71428571428567,0,0.0,0,0.0,,2024,2-team
0.35500000000000004,-281.6901408450704,0,0.0,0,0.0,,2024,2-team
0.36000000000000004,-277.77777777777777,0,0.0,0,0.0,,2024,2-team
0.36500000000000005,-273.97260273972597,0,0.0,0,0.0,,2024,2-team
0.37000000000000005,-270.27027027027026,0,0.0,0,0.0,,2024,2-team
0.37500000000000006,-266.66666666666663,0,0.0,0,0.0,,2024,2-team
0.38000000000000006,-263.1578947368421,0,0.0,0,0.0,,2024,2-team
0.38500000000000006,-259.7402597402597,0,0.0,0,0.0,,2024,2-team
0.39000000000000007,-256.41025641025635,0,0.0,0,0.0,,2024,2-team
0.3950000000000001,-253.16455696202527,0,0.0,0,0.0,,2024,2-team
0.4000000000000001,-249.99999999999994,0,0.0,0,0.0,,2024,2-team
0.4050000000000001,-246.91358024691354,0,0.0,0,0.0,,2024,2-team
0.4100000000000001,-243.9024390243902,0,0.0,0,0.0,,2024,2-team
0.4150000000000001,-240.9638554216867,0,0.0,0,0.0,,2024,2-team
0.4200000000000001,-238.09523809523805,0,0.0,0,0.0,,2024,2-team
0.4250000000000001,-235.29411764705875,0,0.0,0,0.0,,2024,2-team
0.4300000000000001,-232.55813953488365,0,0.0,0,0.0,,2024,2-team
0.4350000000000001,-229.8850574712643,0,0.0,0,0.0,,2024,2-team
0.4400000000000001,-227.27272727272722,0,0.0,0,0.0,,2024,2-team
0.4450000000000001,-224.71910112359544,0,0.0,0,0.0,,2024,2-team
0.4500000000000001,-222.22222222222217,0,0.0,0,0.0,,2024,2-team
0.4550000000000001,-219.7802197802197,0,0.0,0,0.0,,2024,2-team
0.46000000000000013,-217.39130434782604,0,0.0,0,0.0,,2024,2-team
0.46500000000000014,-215.05376344086017,0,0.0,0,0.0,,2024,2-team
0.47000000000000014,-212.76595744680844,0,0.0,0,0.0,,2024,2-team
0.47500000000000014,-210.5263157894736,0,0.0,0,0.0,,2024,2-team
0.48000000000000015,-208.33333333333326,0,0.0,0,0.0,,2024,2-team
0.48500000000000015,-206.1855670103092,0,0.0,0,0.0,,2024,2-team
0.49000000000000016,-204.08163265306115,0,0.0,0,0.0,,2024,2-team
0.49500000000000016,-202.02020202020196,0,0.0,0,0.0,,2024,2-team
0.5000000000000002,-199.99999999999991,0,0.0,0,0.0,,2024,2-team
0.5050000000000001,-198.01980198019797,0,0.0,0,0.0,,2024,2-team
0.5100000000000002,-196.07843137254892,0,0.0,0,0.0,,2024,2-team
0.5150000000000001,-194.17475728155335,0,0.0,0,0.0,,2024,2-team
0.5200000000000002,-192.3076923076922,0,0.0,0,0.0,,2024,2-team
0.5250000000000001,-190.47619047619042,0,0.0,0,0.0,,2024,2-team
0.5300000000000002,-188.6792452830188,0,0.0,0,0.0,,2024,2-team
0.5350000000000001,-186.91588785046724,0,0.0,0,0.0,,2024,2-team
0.5400000000000003,-185.1851851851851,0,0.0,0,0.0,,2024,2-team
0.5450000000000002,-183.48623853211004,0,0.0,0,0.0,,2024,2-team
0.5500000000000003,-181.81818181818173,0,0.0,0,0.0,,2024,2-team
0.5550000000000002,-180.18018018018012,0,0.0,0,0.0,,2024,2-team
0.5600000000000003,-178.57142857142847,0,0.0,0,0.0,,2024,2-team
0.5650000000000002,-176.99115044247782,0,0.0,0,0.0,,2024,2-team
0.5700000000000003,-175.43859649122797,0,0.0,0,0.0,,2024,2-team
0.5750000000000002,-173.91304347826082,0,0.0,0,0.0,,2024,2-team
0.5800000000000003,-172.4137931034482,0,0.0,0,0.0,,2024,2-team
0.5850000000000002,-170.94017094017087,0,0.0,0,0.0,,2024,2-team
0.5900000000000003,-169.49152542372872,0,0.0,0,0.0,,2024,2-team
0.5950000000000002,-168.06722689075625,0,0.0,0,0.0,,2024,2-team
0.6000000000000003,-166.66666666666657,0,0.0,0,0.0,,2024,2-team
0.6050000000000002,-165.28925619834706,0,0.0,0,0.0,,2024,2-team
0.6100000000000003,-163.93442622950812,0,0.0,0,0.0,,2024,2-team
0.6150000000000002,-162.6016260162601,0,0.0,0,0.0,,2024,2-team
0.6200000000000003,-161.29032258064507,0,0.0,0,0.0,,2024,2-team
0.6250000000000002,-159.99999999999994,0,0.0,0,0.0,,2024,2-team
0.6300000000000003,-158.73015873015865,0,0.0,0,0.0,,2024,2-team
0.6350000000000002,-157.48031496062987,0,0.0,0,0.0,,2024,2-team
0.6400000000000003,-156.24999999999991,0,0.0,0,0.0,,2024,2-team
0.6450000000000002,-155.03875968992241,0,0.0,0,0.0,,2024,2-team
0.6500000000000004,-153.84615384615375,0,0.0,0,0.0,,2024,2-team
0.6550000000000002,-152.6717557251908,0,0.0,0,0.0,,2024,2-team
0.6600000000000004,-151.51515151515144,1,1.0,1,0.6600000000000004,0.6600000000000004,2024,2-team
0.6650000000000003,-150.375939849624,1,1.0,1,0.6650000000000003,0.6650000000000003,2024,2-team
0.6700000000000004,-149.2537313432835,1,1.0,1,0.6700000000000004,0.6700000000000004,2024,2-team
0.6750000000000003,-148.1481481481481,2,2.0,2,1.3500000000000005,0.6750000000000003,2024,2-team
0.6800000000000004,-147.05882352941168,2,2.0,2,1.3600000000000008,0.6800000000000004,2024,2-team
0.6850000000000003,-145.98540145985396,4,4.0,2,-0.6299999999999994,-0.15749999999999986,2024,2-team
0.6900000000000004,-144.92753623188398,5,5.0,2,-1.6199999999999992,-0.32399999999999984,2024,2-team
0.6950000000000003,-143.88489208633086,5,5.0,2,-1.6099999999999994,-0.3219999999999999,2024,2-team
0.7000000000000004,-142.85714285714278,5,5.0,2,-1.5999999999999992,-0.31999999999999984,2024,2-team
0.7050000000000003,-141.84397163120562,7,7.0,2,-3.59,-0.5128571428571428,2024,2-team
0.7100000000000004,-140.84507042253514,7,7.0,2,-3.579999999999999,-0.5114285714285713,2024,2-team
0.7150000000000003,-139.8601398601398,7,7.0,2,-3.5699999999999994,-0.5099999999999999,2024,2-team
0.7200000000000004,-138.8888888888888,7,7.0,2,-3.5599999999999987,-0.5085714285714283,2024,2-team
0.7250000000000003,-137.93103448275855,7,7.0,2,-3.549999999999999,-0.507142857142857,2024,2-team
0.7300000000000004,-136.98630136986293,7,7.0,2,-3.539999999999999,-0.5057142857142856,2024,2-team
0.7350000000000003,-136.0544217687074,7,7.0,2,-3.5299999999999994,-0.5042857142857142,2024,2-team
0.7400000000000004,-135.13513513513504,7,7.0,2,-3.5199999999999996,-0.5028571428571428,2024,2-team
0.7450000000000003,-134.22818791946304,7,7.0,2,-3.51,-0.5014285714285714,2024,2-team
0.7500000000000004,-133.33333333333326,7,7.0,2,-3.499999999999999,-0.4999999999999999,2024,2-team
0.7550000000000003,-132.45033112582774,7,7.0,2,-3.4899999999999993,-0.4985714285714285,2024,2-team
0.7600000000000005,-131.57894736842098,7,7.0,2,-3.4799999999999986,-0.49714285714285694,2024,2-team
0.7650000000000003,-130.71895424836595,7,7.0,2,-3.469999999999999,-0.49571428571428555,2024,2-team
0.7700000000000005,-129.8701298701298,8,8.0,3,-2.6899999999999986,-0.3362499999999998,2024,2-team
0.7750000000000004,-129.03225806451607,8,8.0,3,-2.674999999999999,-0.33437499999999987,2024,2-team
0.7800000000000005,-128.20512820512812,9,9.0,4,-1.8799999999999981,-0.20888888888888868,2024,2-team
0.7850000000000004,-127.38853503184707,10,10.0,5,-1.0749999999999982,-0.10749999999999982,2024,2-team
0.7900000000000005,-126.58227848101258,12,12.0,6,-1.2599999999999971,-0.10499999999999976,2024,2-team
0.7950000000000004,-125.78616352201252,13,13.0,7,-0.4349999999999974,-0.03346153846153826,2024,2-team
0.8000000000000005,-124.99999999999993,16,16.0,9,0.2000000000000044,0.012500000000000275,2024,2-team
0.8050000000000004,-124.223602484472,18,18.0,10,0.05000000000000426,0.0027777777777780147,2024,2-team
0.8100000000000005,-123.45679012345671,19,19.0,10,-0.899999999999995,-0.04736842105263132,2024,2-team
0.8150000000000004,-122.69938650306743,21,21.0,12,0.7800000000000047,0.037142857142857366,2024,2-team
0.8200000000000005,-121.95121951219505,21,21.0,12,0.8400000000000061,0.04000000000000029,2024,2-team
0.8250000000000004,-121.21212121212115,22,22.0,12,-0.09999999999999543,-0.004545454545454338,2024,2-team
0.8300000000000005,-120.4819277108433,24,24.0,12,-2.039999999999994,-0.08499999999999974,2024,2-team
0.8350000000000004,-119.76047904191611,25,25.0,12,-2.979999999999994,-0.11919999999999976,2024,2-team
0.8400000000000005,-119.04761904761898,25,25.0,12,-2.9199999999999946,-0.11679999999999978,2024,2-team
0.8450000000000004,-118.34319526627213,25,25.0,12,-2.859999999999994,-0.11439999999999977,2024,2-team
0.8500000000000005,-117.64705882352933,26,26.0,13,-1.949999999999993,-0.07499999999999973,2024,2-team
0.8550000000000004,-116.95906432748532,26,26.0,13,-1.8849999999999945,-0.07249999999999979,2024,2-team
0.8600000000000005,-116.27906976744178,26,26.0,13,-1.8199999999999923,-0.0699999999999997,2024,2-team
0.8650000000000004,-115.60693641618491,26,26.0,13,-1.7549999999999946,-0.0674999999999998,2024,2-team
0.8700000000000006,-114.94252873563211,26,26.0,13,-1.6899999999999924,-0.06499999999999971,2024,2-team
0.8750000000000004,-114.28571428571422,26,26.0,13,-1.6249999999999947,-0.06249999999999979,2024,2-team
0.8800000000000006,-113.63636363636357,26,26.0,13,-1.5599999999999925,-0.05999999999999971,2024,2-team
0.8850000000000005,-112.99435028248581,26,26.0,13,-1.4949999999999948,-0.0574999999999998,2024,2-team
0.8900000000000006,-112.35955056179768,26,26.0,13,-1.4299999999999926,-0.054999999999999716,2024,2-team
0.8950000000000005,-111.73184357541894,26,26.0,13,-1.364999999999994,-0.05249999999999977,2024,2-team
0.9000000000000006,-111.11111111111104,26,26.0,13,-1.2999999999999927,-0.04999999999999972,2024,2-team
0.9050000000000005,-110.49723756906072,26,26.0,13,-1.2349999999999932,-0.04749999999999974,2024,2-team
0.9100000000000006,-109.89010989010981,26,26.0,13,-1.1699999999999928,-0.04499999999999972,2024,2-team
0.9150000000000005,-109.28961748633874,26,26.0,13,-1.1049999999999933,-0.042499999999999746,2024,2-team
0.9200000000000006,-108.69565217391298,26,26.0,13,-1.039999999999993,-0.03999999999999973,2024,2-team
0.9250000000000005,-108.10810810810806,26,26.0,13,-0.9749999999999934,-0.03749999999999975,2024,2-team
0.9300000000000006,-107.52688172043004,26,26.0,13,-0.9099999999999921,-0.0349999999999997,2024,2-team
0.9350000000000005,-106.95187165775395,26,26.0,13,-0.8449999999999935,-0.03249999999999975,2024,2-team
0.9400000000000006,-106.3829787234042,26,26.0,13,-0.7799999999999914,-0.02999999999999967,2024,2-team
0.9450000000000005,-105.82010582010577,26,26.0,13,-0.7149999999999936,-0.027499999999999754,2024,2-team
0.9500000000000006,-105.26315789473678,26,26.0,13,-0.6499999999999915,-0.024999999999999672,2024,2-team
0.9550000000000005,-104.7120418848167,26,26.0,13,-0.5849999999999937,-0.02249999999999976,2024,2-team
0.9600000000000006,-104.1666666666666,26,26.0,13,-0.5199999999999916,-0.019999999999999678,2024,2-team
0.9650000000000005,-103.62694300518129,26,26.0,13,-0.45499999999999385,-0.017499999999999762,2024,2-team
0.9700000000000006,-103.09278350515457,26,26.0,13,-0.3899999999999917,-0.01499999999999968,2024,2-team
0.9750000000000005,-102.56410256410251,26,26.0,13,-0.32499999999999307,-0.012499999999999734,2024,2-team
0.9800000000000006,-102.04081632653055,26,26.0,13,-0.2599999999999918,-0.009999999999999684,2024,2-team
0.9850000000000005,-101.52284263959385,26,26.0,13,-0.1949999999999923,-0.007499999999999703,2024,2-team
0.9900000000000007,-101.01010101010094,26,26.0,13,-0.1299999999999919,-0.004999999999999689,2024,2-team
0.9950000000000006,-100.50251256281402,26,26.0,13,-0.0649999999999924,-0.0024999999999997078,2024,2-team
1.0000000000000007,100.00000000000007,26,26.0,13,8.881784197001252e-15,3.416070845000482e-16,2024,2-team
1.0050000000000006,100.50000000000006,26,26.0,13,0.06500000000000661,0.002500000000000254,2024,2-team
1.0100000000000007,101.00000000000007,26,26.0,13,0.13000000000000878,0.0050000000000003375,2024,2-team
1.0150000000000006,101.50000000000006,26,26.0,13,0.1950000000000074,0.007500000000000284,2024,2-team
1.0200000000000007,102.00000000000007,26,26.0,13,0.26000000000000867,0.010000000000000333,2024,2-team
1.0250000000000006,102.50000000000006,26,26.0,13,0.32500000000000817,0.012500000000000315,2024,2-team
1.0300000000000007,103.00000000000007,26,26.0,13,0.39000000000000945,0.015000000000000364,2024,2-team
1.0350000000000006,103.50000000000006,26,26.0,13,0.4550000000000072,0.017500000000000276,2024,2-team
1.0400000000000007,104.00000000000007,26,26.0,13,0.5200000000000085,0.020000000000000327,2024,2-team
1.0450000000000006,104.50000000000006,26,26.0,13,0.585000000000008,0.022500000000000304,2024,2-team
1.0500000000000007,105.00000000000007,26,26.0,13,0.6500000000000092,0.025000000000000355,2024,2-team
1.0550000000000006,105.50000000000006,26,26.0,13,0.7150000000000079,0.027500000000000302,2024,2-team
1.0600000000000007,106.00000000000007,26,26.0,13,0.78000000000001,0.030000000000000384,2024,2-team
1.0650000000000006,106.50000000000006,26,26.0,13,0.8450000000000077,0.0325000000000003,2024,2-team
1.0700000000000007,107.00000000000007,26,26.0,13,0.910000000000009,0.03500000000000035,2024,2-team
1.0750000000000006,107.50000000000006,26,26.0,13,0.9750000000000085,0.037500000000000325,2024,2-team
1.0800000000000007,108.00000000000007,26,26.0,13,1.0400000000000098,0.040000000000000376,2024,2-team
1.0850000000000006,108.50000000000006,26,26.0,13,1.1050000000000075,0.04250000000000029,2024,2-team
1.0900000000000007,109.00000000000007,26,26.0,13,1.1700000000000097,0.04500000000000037,2024,2-team
1.0950000000000006,109.50000000000006,26,26.0,13,1.2350000000000083,0.04750000000000032,2024,2-team
1.1000000000000008,110.00000000000007,26,26.0,13,1.3000000000000096,0.05000000000000037,2024,2-team
1.1050000000000006,110.50000000000007,26,26.0,13,1.365000000000009,0.05250000000000035,2024,2-team
1.1100000000000008,111.00000000000007,26,26.0,13,1.4300000000000104,0.055000000000000396,2024,2-team
1.1150000000000007,111.50000000000007,26,26.0,13,1.495000000000008,0.057500000000000315,2024,2-team
1.1200000000000008,112.00000000000007,26,26.0,13,1.5600000000000094,0.06000000000000036,2024,2-team
1.1250000000000007,112.50000000000007,26,26.0,13,1.6250000000000089,0.06250000000000035,2024,2-team
1.1300000000000008,113.00000000000009,26,26.0,13,1.6900000000000102,0.06500000000000039,2024,2-team
1.1350000000000007,113.50000000000007,26,26.0,13,1.7550000000000088,0.06750000000000034,2024,2-team
1.1400000000000008,114.00000000000009,26,26.0,13,1.820000000000011,0.07000000000000042,2024,2-team
1.1450000000000007,114.50000000000007,26,26.0,13,1.8850000000000087,0.07250000000000033,2024,2-team
1.1500000000000008,115.00000000000009,26,26.0,13,1.95000000000001,0.07500000000000039,2024,2-team
1.1550000000000007,115.50000000000007,26,26.0,13,2.0150000000000095,0.07750000000000036,2024,2-team
1.1600000000000008,116.00000000000009,26,26.0,13,2.0800000000000107,0.08000000000000042,2024,2-team
1.1650000000000007,116.50000000000007,26,26.0,13,2.1450000000000085,0.08250000000000032,2024,2-team
1.1700000000000008,117.00000000000009,26,26.0,13,2.2100000000000106,0.08500000000000041,2024,2-team
1.1750000000000007,117.50000000000007,26,26.0,13,2.2750000000000092,0.08750000000000036,2024,2-team
1.1800000000000008,118.00000000000009,26,26.0,13,2.3400000000000105,0.0900000000000004,2024,2-team
1.1850000000000007,118.50000000000007,26,26.0,13,2.40500000000001,0.09250000000000039,2024,2-team
1.1900000000000008,119.00000000000009,26,26.0,13,2.4700000000000113,0.09500000000000043,2024,2-team
1.1950000000000007,119.50000000000007,26,26.0,13,2.535000000000009,0.09750000000000035,2024,2-team
1.2000000000000008,120.00000000000009,26,26.0,13,2.6000000000000103,0.1000000000000004,2024,2-team
1.2050000000000007,120.50000000000007,26,26.0,13,2.66500000000001,0.10250000000000038,2024,2-team
1.2100000000000009,121.00000000000009,26,26.0,13,2.730000000000011,0.10500000000000043,2024,2-team
1.2150000000000007,121.50000000000007,26,26.0,13,2.7950000000000097,0.10750000000000037,2024,2-team
1.2200000000000009,122.00000000000009,26,26.0,13,2.860000000000012,0.11000000000000046,2024,2-team
1.2250000000000008,122.50000000000007,26,26.0,13,2.9250000000000087,0.11250000000000034,2024,2-team
1.2300000000000009,123.00000000000009,26,26.0,13,2.990000000000011,0.11500000000000042,2024,2-team
1.2350000000000008,123.50000000000007,26,26.0,13,3.0550000000000104,0.1175000000000004,2024,2-team
1.2400000000000009,124.00000000000009,26,26.0,13,3.1200000000000108,0.12000000000000041,2024,2-team
1.2450000000000008,124.50000000000007,26,26.0,13,3.1850000000000085,0.12250000000000033,2024,2-team
1.2500000000000009,125.00000000000009,26,26.0,13,3.2500000000000107,0.12500000000000042,2024,2-team
1.2550000000000008,125.50000000000009,26,26.0,13,3.31500000000001,0.1275000000000004,2024,2-team
1.260000000000001,126.00000000000009,26,26.0,13,3.3800000000000106,0.1300000000000004,2024,2-team
1.2650000000000008,126.50000000000009,26,26.0,13,3.445000000000012,0.13250000000000045,2024,2-team
1.270000000000001,127.00000000000009,26,26.0,13,3.510000000000012,0.13500000000000048,2024,2-team
1.2750000000000008,127.50000000000009,26,26.0,13,3.57500000000001,0.13750000000000037,2024,2-team
1.280000000000001,128.00000000000009,26,26.0,13,3.6400000000000103,0.1400000000000004,2024,2-team
1.2850000000000008,128.50000000000009,26,26.0,13,3.7050000000000116,0.14250000000000046,2024,2-team
1.290000000000001,129.00000000000009,26,26.0,13,3.770000000000012,0.14500000000000046,2024,2-team
1.2950000000000008,129.50000000000009,26,26.0,13,3.8350000000000115,0.14750000000000044,2024,2-team
1.300000000000001,130.00000000000009,26,26.0,13,3.9000000000000137,0.15000000000000052,2024,2-team
1.3050000000000008,130.50000000000009,26,26.0,13,3.9650000000000114,0.15250000000000044,2024,2-team
1.310000000000001,131.00000000000009,26,26.0,13,4.030000000000012,0.15500000000000044,2024,2-team
1.315000000000001,131.5000000000001,26,26.0,13,4.095000000000012,0.15750000000000047,2024,2-team
1.320000000000001,132.00000000000009,26,26.0,13,4.1600000000000135,0.16000000000000053,2024,2-team
1.3250000000000008,132.50000000000009,26,26.0,13,4.225000000000011,0.16250000000000042,2024,2-team
1.330000000000001,133.00000000000009,26,26.0,13,4.290000000000013,0.1650000000000005,2024,2-team
1.335000000000001,133.5000000000001,26,26.0,13,4.3550000000000155,0.1675000000000006,2024,2-team
1.340000000000001,134.00000000000009,26,26.0,13,4.420000000000013,0.1700000000000005,2024,2-team
1.3450000000000009,134.50000000000009,26,26.0,13,4.485000000000011,0.17250000000000043,2024,2-team
1.350000000000001,135.00000000000009,26,26.0,13,4.550000000000013,0.17500000000000052,2024,2-team
1.355000000000001,135.5000000000001,26,26.0,13,4.615000000000015,0.1775000000000006,2024,2-team
1.360000000000001,136.00000000000009,26,26.0,13,4.680000000000013,0.1800000000000005,2024,2-team
1.3650000000000009,136.50000000000009,26,26.0,13,4.745000000000011,0.1825000000000004,2024,2-team
1.370000000000001,137.0000000000001,26,26.0,13,4.810000000000013,0.1850000000000005,2024,2-team
1.375000000000001,137.5000000000001,26,26.0,13,4.875000000000015,0.18750000000000058,2024,2-team
1.380000000000001,138.0000000000001,26,26.0,13,4.940000000000013,0.1900000000000005,2024,2-team
1.385000000000001,138.50000000000009,26,26.0,13,5.0050000000000106,0.1925000000000004,2024,2-team
1.390000000000001,139.0000000000001,26,26.0,13,5.070000000000013,0.19500000000000048,2024,2-team
1.3950000000000011,139.5000000000001,26,26.0,13,5.135000000000015,0.19750000000000056,2024,2-team
1.400000000000001,140.0000000000001,26,26.0,13,5.200000000000013,0.20000000000000048,2024,2-team
1.405000000000001,140.50000000000009,26,26.0,13,5.26500000000001,0.2025000000000004,2024,2-team
1.410000000000001,141.0000000000001,26,26.0,13,5.3300000000000125,0.2050000000000005,2024,2-team
1.4150000000000011,141.5000000000001,26,26.0,13,5.395000000000015,0.20750000000000057,2024,2-team
1.420000000000001,142.0000000000001,26,26.0,13,5.460000000000012,0.21000000000000046,2024,2-team
1.425000000000001,142.50000000000009,26,26.0,13,5.525000000000014,0.21250000000000052,2024,2-team
1.430000000000001,143.0000000000001,26,26.0,13,5.590000000000012,0.21500000000000047,2024,2-team
1.4350000000000012,143.5000000000001,26,26.0,13,5.6550000000000145,0.21750000000000055,2024,2-team
1.440000000000001,144.0000000000001,26,26.0,13,5.720000000000012,0.22000000000000047,2024,2-team
1.445000000000001,144.50000000000009,26,26.0,13,5.7850000000000135,0.22250000000000053,2024,2-team
1.450000000000001,145.0000000000001,26,26.0,13,5.850000000000014,0.22500000000000053,2024,2-team
1.4550000000000012,145.5000000000001,26,26.0,13,5.915000000000014,0.22750000000000054,2024,2-team
1.460000000000001,146.0000000000001,26,26.0,13,5.9800000000000155,0.2300000000000006,2024,2-team
1.465000000000001,146.50000000000009,26,26.0,13,6.045000000000012,0.23250000000000048,2024,2-team
1.470000000000001,147.0000000000001,26,26.0,13,6.110000000000015,0.2350000000000006,2024,2-team
1.4750000000000012,147.5000000000001,26,26.0,13,6.175000000000015,0.23750000000000057,2024,2-team
1.480000000000001,148.0000000000001,26,26.0,13,6.240000000000016,0.24000000000000063,2024,2-team
1.485000000000001,148.50000000000009,26,26.0,13,6.305000000000014,0.24250000000000055,2024,2-team
1.490000000000001,149.0000000000001,26,26.0,13,6.370000000000015,0.24500000000000058,2024,2-team
1.4950000000000012,149.5000000000001,26,26.0,13,6.4350000000000165,0.24750000000000064,2024,2-team
1.500000000000001,150.0000000000001,26,26.0,13,6.500000000000014,0.25000000000000056,2024,2-team
1.505000000000001,150.5000000000001,26,26.0,13,6.565000000000012,0.25250000000000045,2024,2-team
1.5100000000000011,151.0000000000001,26,26.0,13,6.630000000000015,0.25500000000000056,2024,2-team
1.5150000000000012,151.5000000000001,26,26.0,13,6.695000000000018,0.2575000000000007,2024,2-team
1.5200000000000011,152.0000000000001,26,26.0,13,6.760000000000016,0.2600000000000006,2024,2-team
1.525000000000001,152.5000000000001,26,26.0,13,6.8250000000000135,0.2625000000000005,2024,2-team
1.5300000000000011,153.0000000000001,26,26.0,13,6.890000000000015,0.26500000000000057,2024,2-team
1.5350000000000013,153.5000000000001,26,26.0,13,6.955000000000016,0.2675000000000006,2024,2-team
1.5400000000000011,154.0000000000001,26,26.0,13,7.020000000000014,0.2700000000000005,2024,2-team
1.545000000000001,154.5000000000001,26,26.0,13,7.0850000000000115,0.27250000000000046,2024,2-team
1.5500000000000012,155.0000000000001,26,26.0,13,7.150000000000015,0.2750000000000006,2024,2-team
1.5550000000000013,155.5000000000001,26,26.0,13,7.215000000000018,0.2775000000000007,2024,2-team
1.5600000000000012,156.0000000000001,26,26.0,13,7.280000000000015,0.2800000000000006,2024,2-team
1.565000000000001,156.5000000000001,26,26.0,13,7.345000000000013,0.28250000000000053,2024,2-team
1.5700000000000012,157.0000000000001,26,26.0,13,7.410000000000014,0.28500000000000053,2024,2-team
1.5750000000000013,157.50000000000014,26,26.0,13,7.475000000000016,0.2875000000000006,2024,2-team
1.5800000000000012,158.0000000000001,26,26.0,13,7.540000000000013,0.29000000000000054,2024,2-team
1.585000000000001,158.5000000000001,26,26.0,13,7.605000000000015,0.29250000000000054,2024,2-team
1.5900000000000012,159.0000000000001,26,26.0,13,7.670000000000014,0.29500000000000054,2024,2-team
1.5950000000000013,159.50000000000014,26,26.0,13,7.735000000000017,0.29750000000000065,2024,2-team
1.6000000000000012,160.0000000000001,26,26.0,13,7.800000000000015,0.3000000000000006,2024,2-team
1.605000000000001,160.5000000000001,26,26.0,13,7.865000000000016,0.3025000000000006,2024,2-team
1.6100000000000012,161.0000000000001,26,26.0,13,7.930000000000016,0.3050000000000006,2024,2-team
1.6150000000000013,161.50000000000014,26,26.0,13,7.995000000000015,0.3075000000000006,2024,2-team
1.6200000000000012,162.0000000000001,26,26.0,13,8.060000000000016,0.3100000000000006,2024,2-team
1.625000000000001,162.5000000000001,26,26.0,13,8.125000000000014,0.31250000000000056,2024,2-team
1.6300000000000012,163.0000000000001,26,26.0,13,8.190000000000017,0.31500000000000067,2024,2-team
1.6350000000000013,163.50000000000014,26,26.0,13,8.255000000000017,0.31750000000000067,2024,2-team
1.6400000000000012,164.0000000000001,26,26.0,13,8.320000000000018,0.3200000000000007,2024,2-team
1.6450000000000011,164.5000000000001,26,26.0,13,8.385000000000016,0.3225000000000006,2024,2-team
1.6500000000000012,165.0000000000001,26,26.0,13,8.450000000000017,0.3250000000000007,2024,2-team
1.6550000000000014,165.50000000000014,26,26.0,13,8.515000000000018,0.3275000000000007,2024,2-team
1.6600000000000013,166.0000000000001,26,26.0,13,8.580000000000016,0.3300000000000006,2024,2-team
1.6650000000000011,166.5000000000001,26,26.0,13,8.645000000000014,0.3325000000000005,2024,2-team
1.6700000000000013,167.0000000000001,26,26.0,13,8.710000000000017,0.33500000000000063,2024,2-team
1.6750000000000014,167.50000000000014,26,26.0,13,8.77500000000002,0.33750000000000074,2024,2-team
1.6800000000000013,168.0000000000001,26,26.0,13,8.840000000000018,0.3400000000000007,2024,2-team
1.6850000000000012,168.5000000000001,26,26.0,13,8.905000000000015,0.3425000000000006,2024,2-team
1.6900000000000013,169.0000000000001,26,26.0,13,8.970000000000017,0.34500000000000064,2024,2-team
1.6950000000000014,169.50000000000014,26,26.0,13,9.035000000000018,0.3475000000000007,2024,2-team
1.7000000000000013,170.00000000000014,26,26.0,13,9.100000000000016,0.3500000000000006,2024,2-team
1.7050000000000012,170.5000000000001,26,26.0,13,9.165000000000013,0.35250000000000054,2024,2-team
1.7100000000000013,171.00000000000014,26,26.0,13,9.230000000000016,0.35500000000000065,2024,2-team
1.7150000000000014,171.50000000000014,26,26.0,13,9.29500000000002,0.35750000000000076,2024,2-team
1.7200000000000013,172.00000000000014,26,26.0,13,9.360000000000017,0.36000000000000065,2024,2-team
1.7250000000000012,172.5000000000001,26,26.0,13,9.425000000000015,0.3625000000000006,2024,2-team
1.7300000000000013,173.00000000000014,26,26.0,13,9.490000000000016,0.3650000000000006,2024,2-team
1.7350000000000014,173.50000000000014,26,26.0,13,9.555000000000017,0.36750000000000066,2024,2-team
1.7400000000000013,174.00000000000014,26,26.0,13,9.620000000000015,0.3700000000000006,2024,2-team
1.7450000000000012,174.5000000000001,26,26.0,13,9.685000000000016,0.3725000000000006,2024,2-team
1.7500000000000013,175.00000000000014,26,26.0,13,9.750000000000016,0.3750000000000006,2024,2-team
1.7550000000000014,175.50000000000014,26,26.0,13,9.815000000000019,0.3775000000000007,2024,2-team
1.7600000000000013,176.00000000000014,26,26.0,13,9.880000000000017,0.38000000000000067,2024,2-team
1.7650000000000012,176.5000000000001,26,26.0,13,9.945000000000018,0.3825000000000007,2024,2-team
1.7700000000000014,177.00000000000014,26,26.0,13,10.010000000000018,0.3850000000000007,2024,2-team
1.7750000000000015,177.50000000000014,26,26.0,13,10.075000000000017,0.3875000000000007,2024,2-team
1.7800000000000014,178.00000000000014,26,26.0,13,10.140000000000018,0.3900000000000007,2024,2-team
1.7850000000000013,178.5000000000001,26,26.0,13,10.205000000000016,0.3925000000000006,2024,2-team
1.7900000000000014,179.00000000000014,26,26.0,13,10.27000000000002,0.39500000000000074,2024,2-team
1.7950000000000015,179.50000000000014,26,26.0,13,10.335000000000019,0.39750000000000074,2024,2-team
1.8000000000000014,180.00000000000014,26,26.0,13,10.40000000000002,0.40000000000000074,2024,2-team
1.8050000000000013,180.5000000000001,26,26.0,13,10.465000000000018,0.4025000000000007,2024,2-team
1.8100000000000014,181.00000000000014,26,26.0,13,10.530000000000019,0.40500000000000075,2024,2-team
1.8150000000000015,181.50000000000014,26,26.0,13,10.59500000000002,0.40750000000000075,2024,2-team
1.8200000000000014,182.00000000000014,26,26.0,13,10.660000000000018,0.4100000000000007,2024,2-team
1.8250000000000013,182.50000000000014,26,26.0,13,10.725000000000016,0.4125000000000006,2024,2-team
1.8300000000000014,183.00000000000014,26,26.0,13,10.790000000000017,0.41500000000000065,2024,2-team
1.8350000000000015,183.50000000000014,26,26.0,13,10.855000000000022,0.4175000000000008,2024,2-team
1.8400000000000014,184.00000000000014,26,26.0,13,10.92000000000002,0.42000000000000076,2024,2-team
1.8450000000000013,184.50000000000014,26,26.0,13,10.985000000000017,0.42250000000000065,2024,2-team
1.8500000000000014,185.00000000000014,26,26.0,13,11.050000000000018,0.4250000000000007,2024,2-team
1.8550000000000015,185.50000000000014,26,26.0,13,11.11500000000002,0.42750000000000077,2024,2-team
1.8600000000000014,186.00000000000014,26,26.0,13,11.180000000000017,0.43000000000000066,2024,2-team
1.8650000000000013,186.50000000000014,26,26.0,13,11.245000000000015,0.4325000000000006,2024,2-team
1.8700000000000014,187.00000000000014,26,26.0,13,11.31000000000002,0.4350000000000008,2024,2-team
1.8750000000000016,187.50000000000014,26,26.0,13,11.375000000000021,0.43750000000000083,2024,2-team
1.8800000000000014,188.00000000000014,26,26.0,13,11.440000000000019,0.4400000000000007,2024,2-team
1.8850000000000013,188.50000000000014,26,26.0,13,11.505000000000017,0.44250000000000067,2024,2-team
1.8900000000000015,189.00000000000014,26,26.0,13,11.570000000000018,0.4450000000000007,2024,2-team
1.8950000000000016,189.50000000000017,26,26.0,13,11.63500000000002,0.44750000000000073,2024,2-team
1.9000000000000015,190.00000000000014,26,26.0,13,11.700000000000017,0.4500000000000007,2024,2-team
1.9050000000000014,190.50000000000014,26,26.0,13,11.765000000000018,0.4525000000000007,2024,2-team
1.9100000000000015,191.00000000000014,26,26.0,13,11.83000000000002,0.45500000000000074,2024,2-team
1.9150000000000016,191.50000000000017,26,26.0,13,11.895000000000021,0.4575000000000008,2024,2-team
1.9200000000000015,192.00000000000014,26,26.0,13,11.960000000000019,0.46000000000000074,2024,2-team
1.9250000000000014,192.50000000000014,26,26.0,13,12.02500000000002,0.46250000000000074,2024,2-team
1.9300000000000015,193.00000000000014,26,26.0,13,12.09000000000002,0.46500000000000075,2024,2-team
1.9350000000000016,193.50000000000017,26,26.0,13,12.155000000000019,0.46750000000000075,2024,2-team
1.9400000000000015,194.00000000000014,26,26.0,13,12.22000000000002,0.47000000000000075,2024,2-team
1.9450000000000014,194.50000000000014,26,26.0,13,12.285000000000018,0.4725000000000007,2024,2-team
1.9500000000000015,195.00000000000014,26,26.0,13,12.35000000000002,0.47500000000000075,2024,2-team
1.9550000000000016,195.50000000000017,26,26.0,13,12.41500000000002,0.4775000000000008,2024,2-team
1.9600000000000015,196.00000000000014,26,26.0,13,12.480000000000022,0.4800000000000008,2024,2-team
1.9650000000000014,196.50000000000014,26,26.0,13,12.54500000000002,0.48250000000000076,2024,2-team
1.9700000000000015,197.00000000000014,26,26.0,13,12.61000000000002,0.4850000000000008,2024,2-team
1.9750000000000016,197.50000000000017,26,26.0,13,12.675000000000022,0.4875000000000008,2024,2-team
1.9800000000000015,198.00000000000014,26,26.0,13,12.74000000000002,0.49000000000000077,2024,2-team
1.9850000000000014,198.50000000000014,26,26.0,13,12.805000000000017,0.49250000000000066,2024,2-team
1.9900000000000015,199.00000000000014,26,26.0,13,12.870000000000019,0.4950000000000007,2024,2-team
1.9950000000000017,199.50000000000017,26,26.0,13,12.935000000000024,0.4975000000000009,2024,2-team
2.0000000000000013,200.00000000000014,26,26.0,13,13.000000000000018,0.5000000000000007,2024,2-team
2.0050000000000012,200.5000000000001,26,26.0,13,13.065000000000015,0.5025000000000006,2024,2-team
2.0100000000000016,201.00000000000017,26,26.0,13,13.13000000000002,0.5050000000000008,2024,2-team
2.0150000000000015,201.50000000000014,26,26.0,13,13.195000000000018,0.5075000000000007,2024,2-team
2.0200000000000014,202.00000000000014,26,26.0,13,13.260000000000018,0.5100000000000007,2024,2-team
2.0250000000000012,202.5000000000001,26,26.0,13,13.325000000000017,0.5125000000000006,2024,2-team
2.0300000000000016,203.00000000000017,26,26.0,13,13.390000000000022,0.5150000000000008,2024,2-team
2.0350000000000015,203.50000000000014,26,26.0,13,13.45500000000002,0.5175000000000007,2024,2-team
2.0400000000000014,204.00000000000014,26,26.0,13,13.520000000000017,0.5200000000000007,2024,2-team
2.0450000000000013,204.5000000000001,26,26.0,13,13.585000000000015,0.5225000000000006,2024,2-team
2.0500000000000016,205.00000000000017,26,26.0,13,13.65000000000002,0.5250000000000008,2024,2-team
2.0550000000000015,205.50000000000014,26,26.0,13,13.71500000000002,0.5275000000000007,2024,2-team
2.0600000000000014,206.00000000000014,26,26.0,13,13.780000000000019,0.5300000000000007,2024,2-team
2.0650000000000013,206.5000000000001,26,26.0,13,13.845000000000017,0.5325000000000006,2024,2-team
2.0700000000000016,207.00000000000017,26,26.0,13,13.910000000000021,0.5350000000000008,2024,2-team
2.0750000000000015,207.50000000000014,26,26.0,13,13.97500000000002,0.5375000000000008,2024,2-team
2.0800000000000014,208.00000000000014,26,26.0,13,14.040000000000017,0.5400000000000007,2024,2-team
2.0850000000000013,208.50000000000014,26,26.0,13,14.105000000000018,0.5425000000000006,2024,2-team
2.0900000000000016,209.00000000000017,26,26.0,13,14.170000000000023,0.5450000000000009,2024,2-team
2.0950000000000015,209.50000000000014,26,26.0,13,14.23500000000002,0.5475000000000008,2024,2-team
2.1000000000000014,210.00000000000014,26,26.0,13,14.300000000000018,0.5500000000000007,2024,2-team
2.1050000000000013,210.50000000000014,26,26.0,13,14.365000000000016,0.5525000000000007,2024,2-team
2.1100000000000017,211.00000000000017,26,26.0,13,14.430000000000021,0.5550000000000008,2024,2-team
2.1150000000000015,211.50000000000014,26,26.0,13,14.495000000000019,0.5575000000000008,2024,2-team
2.1200000000000014,212.00000000000014,26,26.0,13,14.560000000000016,0.5600000000000006,2024,2-team
2.1250000000000013,212.50000000000014,26,26.0,13,14.625000000000021,0.5625000000000008,2024,2-team
2.1300000000000017,213.00000000000017,26,26.0,13,14.690000000000023,0.5650000000000008,2024,2-team
2.1350000000000016,213.50000000000017,26,26.0,13,14.75500000000002,0.5675000000000008,2024,2-team
2.1400000000000015,214.00000000000014,26,26.0,13,14.820000000000018,0.5700000000000007,2024,2-team
2.1450000000000014,214.50000000000014,26,26.0,13,14.88500000000002,0.5725000000000008,2024,2-team
2.1500000000000017,215.00000000000017,26,26.0,13,14.950000000000024,0.575000000000001,2024,2-team
2.1550000000000016,215.50000000000017,26,26.0,13,15.015000000000022,0.5775000000000008,2024,2-team
2.1600000000000015,216.00000000000014,26,26.0,13,15.08000000000002,0.5800000000000007,2024,2-team
2.1650000000000014,216.50000000000014,26,26.0,13,15.145000000000017,0.5825000000000007,2024,2-team
2.1700000000000017,217.00000000000017,26,26.0,13,15.210000000000022,0.5850000000000009,2024,2-team
2.1750000000000016,217.50000000000017,26,26.0,13,15.27500000000002,0.5875000000000008,2024,2-team
2.1800000000000015,218.00000000000014,26,26.0,13,15.340000000000018,0.5900000000000006,2024,2-team
2.1850000000000014,218.50000000000014,26,26.0,13,15.405000000000019,0.5925000000000007,2024,2-team
2.1900000000000017,219.00000000000017,26,26.0,13,15.47000000000002,0.5950000000000008,2024,2-team
2.1950000000000016,219.50000000000017,26,26.0,13,15.535000000000025,0.5975000000000009,2024,2-team
2.2000000000000015,220.00000000000014,26,26.0,13,15.600000000000016,0.6000000000000006,2024,2-team
2.2050000000000014,220.50000000000014,26,26.0,13,15.66500000000002,0.6025000000000008,2024,2-team
2.2100000000000017,221.00000000000017,26,26.0,13,15.730000000000022,0.6050000000000009,2024,2-team
2.2150000000000016,221.50000000000017,26,26.0,13,15.795000000000023,0.6075000000000009,2024,2-team
2.2200000000000015,222.00000000000014,26,26.0,13,15.86000000000002,0.6100000000000008,2024,2-team
2.2250000000000014,222.50000000000014,26,26.0,13,15.925000000000018,0.6125000000000007,2024,2-team
2.2300000000000018,223.00000000000017,26,26.0,13,15.990000000000023,0.6150000000000009,2024,2-team
2.2350000000000017,223.50000000000017,26,26.0,13,16.05500000000002,0.6175000000000008,2024,2-team
2.2400000000000015,224.00000000000014,26,26.0,13,16.12000000000002,0.6200000000000008,2024,2-team
2.2450000000000014,224.50000000000014,26,26.0,13,16.185000000000016,0.6225000000000006,2024,2-team
2.2500000000000018,225.00000000000017,26,26.0,13,16.25000000000002,0.6250000000000008,2024,2-team
2.2550000000000017,225.50000000000017,26,26.0,13,16.315000000000023,0.6275000000000008,2024,2-team
2.2600000000000016,226.00000000000017,26,26.0,13,16.38000000000002,0.6300000000000008,2024,2-team
2.2650000000000015,226.50000000000014,26,26.0,13,16.445000000000018,0.6325000000000007,2024,2-team
2.270000000000002,227.00000000000017,26,26.0,13,16.51000000000002,0.6350000000000008,2024,2-team
2.2750000000000017,227.50000000000017,26,26.0,13,16.575000000000024,0.637500000000001,2024,2-team
2.2800000000000016,228.00000000000017,26,26.0,13,16.640000000000022,0.6400000000000008,2024,2-team
2.2850000000000015,228.50000000000014,26,26.0,13,16.70500000000002,0.6425000000000007,2024,2-team
2.290000000000002,229.00000000000017,26,26.0,13,16.770000000000024,0.6450000000000009,2024,2-team
2.2950000000000017,229.50000000000017,26,26.0,13,16.835000000000022,0.6475000000000009,2024,2-team
2.3000000000000016,230.00000000000017,26,26.0,13,16.90000000000002,0.6500000000000008,2024,2-team
2.3050000000000015,230.50000000000014,26,26.0,13,16.965000000000018,0.6525000000000006,2024,2-team
2.3100000000000014,231.00000000000014,26,26.0,13,17.03000000000002,0.6550000000000007,2024,2-team
2.3150000000000017,231.50000000000017,26,26.0,13,17.09500000000002,0.6575000000000008,2024,2-team
2.3200000000000016,232.00000000000017,26,26.0,13,17.160000000000025,0.6600000000000009,2024,2-team
2.3250000000000015,232.50000000000014,26,26.0,13,17.225000000000016,0.6625000000000006,2024,2-team
2.330000000000002,233.00000000000017,26,26.0,13,17.290000000000024,0.6650000000000009,2024,2-team
2.3350000000000017,233.50000000000017,26,26.0,13,17.35500000000002,0.6675000000000009,2024,2-team
2.3400000000000016,234.00000000000017,26,26.0,13,17.420000000000023,0.6700000000000009,2024,2-team
2.3450000000000015,234.50000000000014,26,26.0,13,17.48500000000002,0.6725000000000008,2024,2-team
2.3500000000000014,235.00000000000014,26,26.0,13,17.55000000000002,0.6750000000000007,2024,2-team
2.3550000000000018,235.50000000000017,26,26.0,13,17.615000000000023,0.6775000000000009,2024,2-team
2.3600000000000017,236.00000000000017,26,26.0,13,17.68000000000002,0.6800000000000008,2024,2-team
2.3650000000000015,236.50000000000014,26,26.0,13,17.74500000000002,0.6825000000000008,2024,2-team
2.370000000000002,237.0000000000002,26,26.0,13,17.810000000000024,0.6850000000000009,2024,2-team
2.3750000000000018,237.50000000000017,26,26.0,13,17.87500000000002,0.6875000000000008,2024,2-team
2.3800000000000017,238.00000000000017,26,26.0,13,17.940000000000023,0.6900000000000008,2024,2-team
2.3850000000000016,238.50000000000017,26,26.0,13,18.00500000000002,0.6925000000000008,2024,2-team
2.3900000000000015,239.00000000000014,26,26.0,13,18.070000000000018,0.6950000000000007,2024,2-team
2.395000000000002,239.50000000000017,26,26.0,13,18.13500000000002,0.6975000000000008,2024,2-team
2.4000000000000017,240.00000000000017,26,26.0,13,18.200000000000024,0.700000000000001,2024,2-team
2.4050000000000016,240.50000000000017,26,26.0,13,18.265000000000022,0.7025000000000008,2024,2-team
2.410000000000002,241.0000000000002,26,26.0,13,18.330000000000027,0.7050000000000011,2024,2-team
2.415000000000002,241.50000000000017,26,26.0,13,18.395000000000024,0.7075000000000009,2024,2-team
2.4200000000000017,242.00000000000017,26,26.0,13,18.460000000000022,0.7100000000000009,2024,2-team
2.4250000000000016,242.50000000000017,26,26.0,13,18.52500000000002,0.7125000000000008,2024,2-team
2.4300000000000015,243.00000000000014,26,26.0,13,18.590000000000018,0.7150000000000006,2024,2-team
2.435000000000002,243.50000000000017,26,26.0,13,18.655000000000022,0.7175000000000009,2024,2-team
2.4400000000000017,244.00000000000017,26,26.0,13,18.72000000000002,0.7200000000000008,2024,2-team
2.4450000000000016,244.50000000000017,26,26.0,13,18.785000000000025,0.7225000000000009,2024,2-team
2.450000000000002,245.0000000000002,26,26.0,13,18.850000000000026,0.725000000000001,2024,2-team
2.455000000000002,245.50000000000017,26,26.0,13,18.915000000000024,0.7275000000000009,2024,2-team
2.4600000000000017,246.00000000000017,26,26.0,13,18.98000000000002,0.7300000000000009,2024,2-team
2.4650000000000016,246.50000000000017,26,26.0,13,19.045000000000023,0.7325000000000009,2024,2-team
2.4700000000000015,247.00000000000014,26,26.0,13,19.11000000000002,0.7350000000000008,2024,2-team
2.475000000000002,247.5000000000002,26,26.0,13,19.175000000000026,0.7375000000000009,2024,2-team
2.4800000000000018,248.00000000000017,26,26.0,13,19.240000000000023,0.7400000000000009,2024,2-team
2.4850000000000017,248.50000000000017,26,26.0,13,19.30500000000002,0.7425000000000008,2024,2-team
2.490000000000002,249.0000000000002,26,26.0,13,19.370000000000026,0.745000000000001,2024,2-team
2.495000000000002,249.5000000000002,26,26.0,13,19.435000000000024,0.7475000000000009,2024,2-team
2.5000000000000018,250.00000000000017,26,26.0,13,19.50000000000002,0.7500000000000008,2024,2-team
2.5050000000000017,250.50000000000017,26,26.0,13,19.565000000000023,0.7525000000000008,2024,2-team
2.5100000000000016,251.00000000000017,26,26.0,13,19.63000000000002,0.7550000000000008,2024,2-team
2.515000000000002,251.5000000000002,26,26.0,13,19.69500000000003,0.7575000000000011,2024,2-team
2.520000000000002,252.00000000000017,26,26.0,13,19.76000000000002,0.7600000000000008,2024,2-team
2.5250000000000017,252.50000000000017,26,26.0,13,19.825000000000024,0.762500000000001,2024,2-team
2.530000000000002,253.0000000000002,26,26.0,13,19.890000000000025,0.765000000000001,2024,2-team
2.535000000000002,253.5000000000002,26,26.0,13,19.955000000000027,0.7675000000000011,2024,2-team
2.540000000000002,254.00000000000017,26,26.0,13,20.020000000000024,0.7700000000000009,2024,2-team
2.5450000000000017,254.50000000000017,26,26.0,13,20.085000000000022,0.7725000000000009,2024,2-team
2.5500000000000016,255.00000000000017,26,26.0,13,20.15000000000002,0.7750000000000008,2024,2-team
2.555000000000002,255.5000000000002,26,26.0,13,20.215000000000025,0.777500000000001,2024,2-team
2.560000000000002,256.00000000000017,26,26.0,13,20.280000000000022,0.7800000000000009,2024,2-team
2.5650000000000017,256.50000000000017,26,26.0,13,20.34500000000002,0.7825000000000008,2024,2-team
2.570000000000002,257.0000000000002,26,26.0,13,20.410000000000025,0.7850000000000009,2024,2-team
2.575000000000002,257.50000000000017,26,26.0,13,20.475000000000026,0.787500000000001,2024,2-team
2.580000000000002,258.00000000000017,26,26.0,13,20.540000000000024,0.7900000000000009,2024,2-team
2.5850000000000017,258.50000000000017,26,26.0,13,20.60500000000002,0.7925000000000009,2024,2-team
2.5900000000000016,259.00000000000017,26,26.0,13,20.670000000000023,0.7950000000000009,2024,2-team
2.595000000000002,259.50000000000017,26,26.0,13,20.735000000000028,0.7975000000000011,2024,2-team
2.600000000000002,260.00000000000017,26,26.0,13,20.800000000000026,0.8000000000000009,2024,2-team
2.6050000000000018,260.50000000000017,26,26.0,13,20.865000000000023,0.8025000000000009,2024,2-team
2.610000000000002,261.0000000000002,26,26.0,13,20.930000000000028,0.805000000000001,2024,2-team
2.615000000000002,261.5000000000002,26,26.0,13,20.995000000000026,0.807500000000001,2024,2-team
2.620000000000002,262.00000000000017,26,26.0,13,21.060000000000024,0.8100000000000009,2024,2-team
2.6250000000000018,262.50000000000017,26,26.0,13,21.12500000000002,0.8125000000000008,2024,2-team
2.6300000000000017,263.00000000000017,26,26.0,13,21.190000000000023,0.8150000000000008,2024,2-team
2.635000000000002,263.5000000000002,26,26.0,13,21.255000000000024,0.8175000000000009,2024,2-team
2.640000000000002,264.00000000000017,26,26.0,13,21.32000000000003,0.8200000000000011,2024,2-team
2.645000000000002,264.50000000000017,26,26.0,13,21.38500000000002,0.8225000000000008,2024,2-team
2.650000000000002,265.0000000000002,26,26.0,13,21.450000000000028,0.8250000000000011,2024,2-team
2.655000000000002,265.5000000000002,26,26.0,13,21.515000000000025,0.827500000000001,2024,2-team
2.660000000000002,266.00000000000017,26,26.0,13,21.580000000000027,0.8300000000000011,2024,2-team
2.665000000000002,266.50000000000017,26,26.0,13,21.645000000000024,0.8325000000000009,2024,2-team
2.6700000000000017,267.00000000000017,26,26.0,13,21.710000000000022,0.8350000000000009,2024,2-team
2.675000000000002,267.5000000000002,26,26.0,13,21.775000000000027,0.837500000000001,2024,2-team
2.680000000000002,268.00000000000017,26,26.0,13,21.840000000000025,0.840000000000001,2024,2-team
2.685000000000002,268.50000000000017,26,26.0,13,21.905000000000022,0.8425000000000009,2024,2-team
2.690000000000002,269.0000000000002,26,26.0,13,21.97000000000003,0.8450000000000012,2024,2-team
2.695000000000002,269.5000000000002,26,26.0,13,22.035000000000025,0.8475000000000009,2024,2-team
2.700000000000002,270.00000000000017,26,26.0,13,22.100000000000026,0.850000000000001,2024,2-team
2.705000000000002,270.50000000000017,26,26.0,13,22.165000000000024,0.8525000000000009,2024,2-team
2.7100000000000017,271.00000000000017,26,26.0,13,22.23000000000002,0.8550000000000009,2024,2-team
2.715000000000002,271.5000000000002,26,26.0,13,22.295000000000023,0.8575000000000009,2024,2-team
2.720000000000002,272.00000000000017,26,26.0,13,22.360000000000028,0.8600000000000011,2024,2-team
2.725000000000002,272.50000000000017,26,26.0,13,22.425000000000026,0.8625000000000009,2024,2-team
2.730000000000002,273.0000000000002,26,26.0,13,22.49000000000003,0.8650000000000012,2024,2-team
2.735000000000002,273.5000000000002,26,26.0,13,22.555000000000025,0.8675000000000009,2024,2-team
2.740000000000002,274.0000000000002,26,26.0,13,22.620000000000026,0.870000000000001,2024,2-team
2.745000000000002,274.50000000000017,26,26.0,13,22.685000000000027,0.872500000000001,2024,2-team
2.7500000000000018,275.00000000000017,26,26.0,13,22.75000000000002,0.8750000000000008,2024,2-team
2.755000000000002,275.5000000000002,26,26.0,13,22.815000000000026,0.8775000000000011,2024,2-team
2.760000000000002,276.0000000000002,26,26.0,13,22.880000000000024,0.8800000000000009,2024,2-team
2.765000000000002,276.50000000000017,26,26.0,13,22.94500000000003,0.8825000000000011,2024,2-team
2.7700000000000022,277.0000000000002,26,26.0,13,23.01000000000003,0.8850000000000011,2024,2-team
2.775000000000002,277.5000000000002,26,26.0,13,23.075000000000028,0.8875000000000011,2024,2-team
2.780000000000002,278.0000000000002,26,26.0,13,23.140000000000025,0.890000000000001,2024,2-team
2.785000000000002,278.50000000000017,26,26.0,13,23.205000000000027,0.8925000000000011,2024,2-team
2.790000000000002,279.00000000000017,26,26.0,13,23.27000000000002,0.8950000000000008,2024,2-team
2.795000000000002,279.5000000000002,26,26.0,13,23.33500000000003,0.8975000000000011,2024,2-team
2.800000000000002,280.0000000000002,26,26.0,13,23.400000000000027,0.900000000000001,2024,2-team
2.805000000000002,280.50000000000017,26,26.0,13,23.465000000000025,0.902500000000001,2024,2-team
2.8100000000000023,281.0000000000002,26,26.0,13,23.53000000000003,0.9050000000000011,2024,2-team
2.815000000000002,281.5000000000002,26,26.0,13,23.59500000000003,0.9075000000000012,2024,2-team
2.820000000000002,282.0000000000002,26,26.0,13,23.660000000000025,0.9100000000000009,2024,2-team
2.825000000000002,282.50000000000017,26,26.0,13,23.725000000000026,0.912500000000001,2024,2-team
2.830000000000002,283.00000000000017,26,26.0,13,23.790000000000024,0.9150000000000009,2024,2-team
2.835000000000002,283.5000000000002,26,26.0,13,23.855000000000032,0.9175000000000012,2024,2-team
2.840000000000002,284.0000000000002,26,26.0,13,23.920000000000023,0.9200000000000009,2024,2-team
2.845000000000002,284.50000000000017,26,26.0,13,23.985000000000028,0.9225000000000011,2024,2-team
2.8500000000000023,285.0000000000002,26,26.0,13,24.05000000000003,0.9250000000000012,2024,2-team
2.855000000000002,285.5000000000002,26,26.0,13,24.11500000000003,0.9275000000000012,2024,2-team
2.860000000000002,286.0000000000002,26,26.0,13,24.180000000000025,0.9300000000000009,2024,2-team
2.865000000000002,286.5000000000002,26,26.0,13,24.245000000000026,0.932500000000001,2024,2-team
2.870000000000002,287.00000000000017,26,26.0,13,24.310000000000027,0.935000000000001,2024,2-team
2.875000000000002,287.5000000000002,26,26.0,13,24.37500000000003,0.9375000000000011,2024,2-team
2.880000000000002,288.0000000000002,26,26.0,13,24.440000000000026,0.9400000000000011,2024,2-team
2.885000000000002,288.5000000000002,26,26.0,13,24.505000000000024,0.9425000000000009,2024,2-team
2.8900000000000023,289.0000000000002,26,26.0,13,24.57000000000003,0.9450000000000011,2024,2-team
2.8950000000000022,289.5000000000002,26,26.0,13,24.63500000000003,0.9475000000000011,2024,2-team
2.900000000000002,290.0000000000002,26,26.0,13,24.700000000000028,0.9500000000000011,2024,2-team
2.905000000000002,290.5000000000002,26,26.0,13,24.765000000000025,0.952500000000001,2024,2-team
2.910000000000002,291.00000000000017,26,26.0,13,24.830000000000027,0.9550000000000011,2024,2-team
2.9150000000000023,291.5000000000002,26,26.0,13,24.89500000000003,0.9575000000000012,2024,2-team
2.920000000000002,292.0000000000002,26,26.0,13,24.96000000000003,0.9600000000000011,2024,2-team
2.925000000000002,292.5000000000002,26,26.0,13,25.025000000000027,0.962500000000001,2024,2-team
2.9300000000000024,293.0000000000002,26,26.0,13,25.09000000000003,0.9650000000000011,2024,2-team
2.9350000000000023,293.5000000000002,26,26.0,13,25.15500000000003,0.9675000000000011,2024,2-team
2.940000000000002,294.0000000000002,26,26.0,13,25.22000000000003,0.9700000000000012,2024,2-team
2.945000000000002,294.5000000000002,26,26.0,13,25.285000000000025,0.9725000000000009,2024,2-team
2.950000000000002,295.00000000000017,26,26.0,13,25.350000000000026,0.975000000000001,2024,2-team
2.9550000000000023,295.5000000000002,26,26.0,13,25.415000000000028,0.977500000000001,2024,2-team
2.960000000000002,296.0000000000002,26,26.0,13,25.480000000000032,0.9800000000000012,2024,2-team
2.965000000000002,296.5000000000002,26,26.0,13,25.545000000000023,0.9825000000000009,2024,2-team
2.9700000000000024,297.0000000000002,26,26.0,13,25.61000000000003,0.9850000000000012,2024,2-team
2.9750000000000023,297.5000000000002,26,26.0,13,25.67500000000003,0.9875000000000012,2024,2-team
2.980000000000002,298.0000000000002,26,26.0,13,25.74000000000003,0.9900000000000012,2024,2-team
2.985000000000002,298.5000000000002,26,26.0,13,25.805000000000025,0.9925000000000009,2024,2-team
2.990000000000002,299.0000000000002,26,26.0,13,25.870000000000026,0.995000000000001,2024,2-team
2.9950000000000023,299.5000000000002,26,26.0,13,25.93500000000003,0.9975000000000012,2024,2-team
3.000000000000002,300.0000000000002,26,26.0,13,26.00000000000003,1.000000000000001,2024,2-team
0.3,-333.33333333333337,0,0.0,0,0.0,,2024,3-team
0.305,-327.8688524590164,0,0.0,0,0.0,,2024,3-team
0.31,-322.5806451612903,0,0.0,0,0.0,,2024,3-team
0.315,-317.46031746031747,0,0.0,0,0.0,,2024,3-team
0.32,-312.5,0,0.0,0,0.0,,2024,3-team
0.325,-307.6923076923077,0,0.0,0,0.0,,2024,3-team
0.33,-303.030303030303,0,0.0,0,0.0,,2024,3-team
0.335,-298.5074626865671,0,0.0,0,0.0,,2024,3-team
0.34,-294.11764705882354,0,0.0,0,0.0,,2024,3-team
0.34500000000000003,-289.85507246376807,0,0.0,0,0.0,,2024,3-team
0.35000000000000003,-285.71428571428567,0,0.0,0,0.0,,2024,3-team
0.35500000000000004,-281.6901408450704,0,0.0,0,0.0,,2024,3-team
0.36000000000000004,-277.77777777777777,0,0.0,0,0.0,,2024,3-team
0.36500000000000005,-273.97260273972597,0,0.0,0,0.0,,2024,3-team
0.37000000000000005,-270.27027027027026,0,0.0,0,0.0,,2024,3-team
0.37500000000000006,-266.66666666666663,0,0.0,0,0.0,,2024,3-team
0.38000000000000006,-263.1578947368421,0,0.0,0,0.0,,2024,3-team
0.38500000000000006,-259.7402597402597,0,0.0,0,0.0,,2024,3-team
0.39000000000000007,-256.41025641025635,0,0.0,0,0.0,,2024,3-team
0.3950000000000001,-253.16455696202527,0,0.0,0,0.0,,2024,3-team
0.4000000000000001,-249.99999999999994,0,0.0,0,0.0,,2024,3-team
0.4050000000000001,-246.91358024691354,0,0.0,0,0.0,,2024,3-team
0.4100000000000001,-243.9024390243902,0,0.0,0,0.0,,2024,3-team
0.4150000000000001,-240.9638554216867,0,0.0,0,0.0,,2024,3-team
0.4200000000000001,-238.09523809523805,0,0.0,0,0.0,,2024,3-team
0.4250000000000001,-235.29411764705875,0,0.0,0,0.0,,2024,3-team
0.4300000000000001,-232.55813953488365,0,0.0,0,0.0,,2024,3-team
0.4350000000000001,-229.8850574712643,0,0.0,0,0.0,,2024,3-team
0.4400000000000001,-227.27272727272722,0,0.0,0,0.0,,2024,3-team
0.4450000000000001,-224.71910112359544,0,0.0,0,0.0,,2024,3-team
0.4500000000000001,-222.22222222222217,0,0.0,0,0.0,,2024,3-team
0.4550000000000001,-219.7802197802197,0,0.0,0,0.0,,2024,3-team
0.46000000000000013,-217.39130434782604,0,0.0,0,0.0,,2024,3-team
0.46500000000000014,-215.05376344086017,0,0.0,0,0.0,,2024,3-team
0.47000000000000014,-212.76595744680844,0,0.0,0,0.0,,2024,3-team
0.47500000000000014,-210.5263157894736,0,0.0,0,0.0,,2024,3-team
0.48000000000000015,-208.33333333333326,0,0.0,0,0.0,,2024,3-team
0.48500000000000015,-206.1855670103092,0,0.0,0,0.0,,2024,3-team
0.49000000000000016,-204.08163265306115,0,0.0,0,0.0,,2024,3-team
0.49500000000000016,-202.02020202020196,0,0.0,0,0.0,,2024,3-team
0.5000000000000002,-199.99999999999991,0,0.0,0,0.0,,2024,3-team
0.5050000000000001,-198.01980198019797,0,0.0,0,0.0,,2024,3-team
0.5100000000000002,-196.07843137254892,0,0.0,0,0.0,,2024,3-team
0.5150000000000001,-194.17475728155335,0,0.0,0,0.0,,2024,3-team
0.5200000000000002,-192.3076923076922,0,0.0,0,0.0,,2024,3-team
0.5250000000000001,-190.47619047619042,0,0.0,0,0.0,,2024,3-team
0.5300000000000002,-188.6792452830188,0,0.0,0,0.0,,2024,3-team
0.5350000000000001,-186.91588785046724,0,0.0,0,0.0,,2024,3-team
0.5400000000000003,-185.1851851851851,0,0.0,0,0.0,,2024,3-team
0.5450000000000002,-183.48623853211004,0,0.0,0,0.0,,2024,3-team
0.5500000000000003,-181.81818181818173,0,0.0,0,0.0,,2024,3-team
0.5550000000000002,-180.18018018018012,0,0.0,0,0.0,,2024,3-team
0.5600000000000003,-178.57142857142847,0,0.0,0,0.0,,2024,3-team
0.5650000000000002,-176.99115044247782,0,0.0,0,0.0,,2024,3-team
0.5700000000000003,-175.43859649122797,0,0.0,0,0.0,,2024,3-team
0.5750000000000002,-173.91304347826082,0,0.0,0,0.0,,2024,3-team
0.5800000000000003,-172.4137931034482,0,0.0,0,0.0,,2024,3-team
0.5850000000000002,-170.94017094017087,0,0.0,0,0.0,,2024,3-team
0.5900000000000003,-169.49152542372872,0,0.0,0,0.0,,2024,3-team
0.5950000000000002,-168.06722689075625,0,0.0,0,0.0,,2024,3-team
0.6000000000000003,-166.66666666666657,0,0.0,0,0.0,,2024,3-team
0.6050000000000002,-165.28925619834706,0,0.0,0,0.0,,2024,3-team
0.6100000000000003,-163.93442622950812,0,0.0,0,0.0,,2024,3-team
0.6150000000000002,-162.6016260162601,0,0.0,0,0.0,,2024,3-team
0.6200000000000003,-161.29032258064507,0,0.0,0,0.0,,2024,3-team
0.6250000000000002,-159.99999999999994,0,0.0,0,0.0,,2024,3-team
0.6300000000000003,-158.73015873015865,0,0.0,0,0.0,,2024,3-team
0.6350000000000002,-157.48031496062987,0,0.0,0,0.0,,2024,3-team
0.6400000000000003,-156.24999999999991,0,0.0,0,0.0,,2024,3-team
0.6450000000000002,-155.03875968992241,0,0.0,0,0.0,,2024,3-team
0.6500000000000004,-153.84615384615375,0,0.0,0,0.0,,2024,3-team
0.6550000000000002,-152.6717557251908,0,0.0,0,0.0,,2024,3-team
0.6600000000000004,-151.51515151515144,0,0.0,0,0.0,,2024,3-team
0.6650000000000003,-150.375939849624,0,0.0,0,0.0,,2024,3-team
0.6700000000000004,-149.2537313432835,0,0.0,0,0.0,,2024,3-team
0.6750000000000003,-148.1481481481481,0,0.0,0,0.0,,2024,3-team
0.6800000000000004,-147.05882352941168,0,0.0,0,0.0,,2024,3-team
0.6850000000000003,-145.98540145985396,0,0.0,0,0.0,,2024,3-team
0.6900000000000004,-144.92753623188398,0,0.0,0,0.0,,2024,3-team
0.6950000000000003,-143.88489208633086,0,0.0,0,0.0,,2024,3-team
0.7000000000000004,-142.85714285714278,0,0.0,0,0.0,,2024,3-team
0.7050000000000003,-141.84397163120562,0,0.0,0,0.0,,2024,3-team
0.7100000000000004,-140.84507042253514,0,0.0,0,0.0,,2024,3-team
0.7150000000000003,-139.8601398601398,0,0.0,0,0.0,,2024,3-team
0.7200000000000004,-138.8888888888888,0,0.0,0,0.0,,2024,3-team
0.7250000000000003,-137.93103448275855,0,0.0,0,0.0,,2024,3-team
0.7300000000000004,-136.98630136986293,0,0.0,0,0.0,,2024,3-team
0.7350000000000003,-136.0544217687074,0,0.0,0,0.0,,2024,3-team
0.7400000000000004,-135.13513513513504,0,0.0,0,0.0,,2024,3-team
0.7450000000000003,-134.22818791946304,0,0.0,0,0.0,,2024,3-team
0.7500000000000004,-133.33333333333326,0,0.0,0,0.0,,2024,3-team
0.7550000000000003,-132.45033112582774,0,0.0,0,0.0,,2024,3-team
0.7600000000000005,-131.57894736842098,0,0.0,0,0.0,,2024,3-team
0.7650000000000003,-130.71895424836595,0,0.0,0,0.0,,2024,3-team
0.7700000000000005,-129.8701298701298,0,0.0,0,0.0,,2024,3-team
0.7750000000000004,-129.03225806451607,0,0.0,0,0.0,,2024,3-team
0.7800000000000005,-128.20512820512812,0,0.0,0,0.0,,2024,3-team
0.7850000000000004,-127.38853503184707,0,0.0,0,0.0,,2024,3-team
0.7900000000000005,-126.58227848101258,0,0.0,0,0.0,,2024,3-team
0.7950000000000004,-125.78616352201252,0,0.0,0,0.0,,2024,3-team
0.8000000000000005,-124.99999999999993,0,0.0,0,0.0,,2024,3-team
0.8050000000000004,-124.223602484472,0,0.0,0,0.0,,2024,3-team
0.8100000000000005,-123.45679012345671,0,0.0,0,0.0,,2024,3-team
0.8150000000000004,-122.69938650306743,0,0.0,0,0.0,,2024,3-team
0.8200000000000005,-121.95121951219505,0,0.0,0,0.0,,2024,3-team
0.8250000000000004,-121.21212121212115,0,0.0,0,0.0,,2024,3-team
0.8300000000000005,-120.4819277108433,0,0.0,0,0.0,,2024,3-team
0.8350000000000004,-119.76047904191611,0,0.0,0,0.0,,2024,3-team
0.8400000000000005,-119.04761904761898,0,0.0,0,0.0,,2024,3-team
0.8450000000000004,-118.34319526627213,0,0.0,0,0.0,,2024,3-team
0.8500000000000005,-117.64705882352933,0,0.0,0,0.0,,2024,3-team
0.8550000000000004,-116.95906432748532,0,0.0,0,0.0,,2024,3-team
0.8600000000000005,-116.27906976744178,0,0.0,0,0.0,,2024,3-team
0.8650000000000004,-115.60693641618491,0,0.0,0,0.0,,2024,3-team
0.8700000000000006,-114.94252873563211,0,0.0,0,0.0,,2024,3-team
0.8750000000000004,-114.28571428571422,0,0.0,0,0.0,,2024,3-team
0.8800000000000006,-113.63636363636357,0,0.0,0,0.0,,2024,3-team
0.8850000000000005,-112.99435028248581,0,0.0,0,0.0,,2024,3-team
0.8900000000000006,-112.35955056179768,0,0.0,0,0.0,,2024,3-team
0.8950000000000005,-111.73184357541894,0,0.0,0,0.0,,2024,3-team
0.9000000000000006,-111.11111111111104,0,0.0,0,0.0,,2024,3-team
0.9050000000000005,-110.49723756906072,0,0.0,0,0.0,,2024,3-team
0.9100000000000006,-109.89010989010981,0,0.0,0,0.0,,2024,3-team
0.9150000000000005,-109.28961748633874,0,0.0,0,0.0,,2024,3-team
0.9200000000000006,-108.69565217391298,0,0.0,0,0.0,,2024,3-team
0.9250000000000005,-108.10810810810806,0,0.0,0,0.0,,2024,3-team
0.9300000000000006,-107.52688172043004,0,0.0,0,0.0,,2024,3-team
0.9350000000000005,-106.95187165775395,0,0.0,0,0.0,,2024,3-team
0.9400000000000006,-106.3829787234042,0,0.0,0,0.0,,2024,3-team
0.9450000000000005,-105.82010582010577,0,0.0,0,0.0,,2024,3-team
0.9500000000000006,-105.26315789473678,0,0.0,0,0.0,,2024,3-team
0.9550000000000005,-104.7120418848167,0,0.0,0,0.0,,2024,3-team
0.9600000000000006,-104.1666666666666,0,0.0,0,0.0,,2024,3-team
0.9650000000000005,-103.62694300518129,0,0.0,0,0.0,,2024,3-team
0.9700000000000006,-103.09278350515457,0,0.0,0,0.0,,2024,3-team
0.9750000000000005,-102.56410256410251,0,0.0,0,0.0,,2024,3-team
0.9800000000000006,-102.04081632653055,0,0.0,0,0.0,,2024,3-team
0.9850000000000005,-101.52284263959385,0,0.0,0,0.0,,2024,3-team
0.9900000000000007,-101.01010101010094,0,0.0,0,0.0,,2024,3-team
0.9950000000000006,-100.50251256281402,0,0.0,0,0.0,,2024,3-team
1.0000000000000007,100.00000000000007,0,0.0,0,0.0,,2024,3-team
1.0050000000000006,100.50000000000006,0,0.0,0,0.0,,2024,3-team
1.0100000000000007,101.00000000000007,0,0.0,0,0.0,,2024,3-team
1.0150000000000006,101.50000000000006,0,0.0,0,0.0,,2024,3-team
1.0200000000000007,102.00000000000007,0,0.0,0,0.0,,2024,3-team
1.0250000000000006,102.50000000000006,0,0.0,0,0.0,,2024,3-team
1.0300000000000007,103.00000000000007,0,0.0,0,0.0,,2024,3-team
1.0350000000000006,103.50000000000006,0,0.0,0,0.0,,2024,3-team
1.0400000000000007,104.00000000000007,0,0.0,0,0.0,,2024,3-team
1.0450000000000006,104.50000000000006,0,0.0,0,0.0,,2024,3-team
1.0500000000000007,105.00000000000007,0,0.0,0,0.0,,2024,3-team
1.0550000000000006,105.50000000000006,0,0.0,0,0.0,,2024,3-team
1.0600000000000007,106.00000000000007,0,0.0,0,0.0,,2024,3-team
1.0650000000000006,106.50000000000006,0,0.0,0,0.0,,2024,3-team
1.0700000000000007,107.00000000000007,0,0.0,0,0.0,,2024,3-team
1.0750000000000006,107.50000000000006,0,0.0,0,0.0,,2024,3-team
1.0800000000000007,108.00000000000007,0,0.0,0,0.0,,2024,3-team
1.0850000000000006,108.50000000000006,0,0.0,0,0.0,,2024,3-team
1.0900000000000007,109.00000000000007,0,0.0,0,0.0,,2024,3-team
1.0950000000000006,109.50000000000006,0,0.0,0,0.0,,2024,3-team
1.1000000000000008,110.00000000000007,0,0.0,0,0.0,,2024,3-team
1.1050000000000006,110.50000000000007,0,0.0,0,0.0,,2024,3-team
1.1100000000000008,111.00000000000007,0,0.0,0,0.0,,2024,3-team
1.1150000000000007,111.50000000000007,0,0.0,0,0.0,,2024,3-team
1.1200000000000008,112.00000000000007,0,0.0,0,0.0,,2024,3-team
1.1250000000000007,112.50000000000007,0,0.0,0,0.0,,2024,3-team
1.1300000000000008,113.00000000000009,0,0.0,0,0.0,,2024,3-team
1.1350000000000007,113.50000000000007,0,0.0,0,0.0,,2024,3-team
1.1400000000000008,114.00000000000009,0,0.0,0,0.0,,2024,3-team
1.1450000000000007,114.50000000000007,0,0.0,0,0.0,,2024,3-team
1.1500000000000008,115.00000000000009,0,0.0,0,0.0,,2024,3-team
1.1550000000000007,115.50000000000007,0,0.0,0,0.0,,2024,3-team
1.1600000000000008,116.00000000000009,0,0.0,0,0.0,,2024,3-team
1.1650000000000007,116.50000000000007,0,0.0,0,0.0,,2024,3-team
1.1700000000000008,117.00000000000009,1,1.0,0,-1.0,-1.0,2024,3-team
1.1750000000000007,117.50000000000007,1,1.0,0,-1.0,-1.0,2024,3-team
1.1800000000000008,118.00000000000009,2,2.0,1,0.18000000000000083,0.09000000000000041,2024,3-team
1.1850000000000007,118.50000000000007,2,2.0,1,0.18500000000000072,0.09250000000000036,2024,3-team
1.1900000000000008,119.00000000000009,2,2.0,1,0.19000000000000083,0.09500000000000042,2024,3-team
1.1950000000000007,119.50000000000007,3,3.0,1,-0.8049999999999993,-0.2683333333333331,2024,3-team
1.2000000000000008,120.00000000000009,3,3.0,1,-0.7999999999999992,-0.2666666666666664,2024,3-team
1.2050000000000007,120.50000000000007,3,3.0,1,-0.7949999999999993,-0.26499999999999974,2024,3-team
1.2100000000000009,121.00000000000009,3,3.0,1,-0.7899999999999991,-0.26333333333333303,2024,3-team
1.2150000000000007,121.50000000000007,3,3.0,1,-0.7849999999999993,-0.26166666666666644,2024,3-team
1.2200000000000009,122.00000000000009,3,3.0,1,-0.7799999999999991,-0.25999999999999973,2024,3-team
1.2250000000000008,122.50000000000007,3,3.0,1,-0.7749999999999992,-0.2583333333333331,2024,3-team
1.2300000000000009,123.00000000000009,3,3.0,1,-0.7699999999999991,-0.2566666666666664,2024,3-team
1.2350000000000008,123.50000000000007,3,3.0,1,-0.7649999999999992,-0.2549999999999997,2024,3-team
1.2400000000000009,124.00000000000009,3,3.0,1,-0.7599999999999991,-0.253333333333333,2024,3-team
1.2450000000000008,124.50000000000007,3,3.0,1,-0.7549999999999992,-0.2516666666666664,2024,3-team
1.2500000000000009,125.00000000000009,3,3.0,1,-0.7499999999999991,-0.2499999999999997,2024,3-team
1.2550000000000008,125.50000000000009,3,3.0,1,-0.7449999999999992,-0.24833333333333307,2024,3-team
1.260000000000001,126.00000000000009,3,3.0,1,-0.7399999999999991,-0.24666666666666637,2024,3-team
1.2650000000000008,126.50000000000009,3,3.0,1,-0.7349999999999992,-0.24499999999999975,2024,3-team
1.270000000000001,127.00000000000009,3,3.0,1,-0.7299999999999991,-0.24333333333333304,2024,3-team
1.2750000000000008,127.50000000000009,3,3.0,1,-0.7249999999999992,-0.2416666666666664,2024,3-team
1.280000000000001,128.00000000000009,3,3.0,1,-0.7199999999999991,-0.23999999999999969,2024,3-team
1.2850000000000008,128.50000000000009,3,3.0,1,-0.7149999999999992,-0.23833333333333306,2024,3-team
1.290000000000001,129.00000000000009,3,3.0,1,-0.7099999999999991,-0.23666666666666636,2024,3-team
1.2950000000000008,129.50000000000009,3,3.0,1,-0.7049999999999992,-0.23499999999999974,2024,3-team
1.300000000000001,130.00000000000009,3,3.0,1,-0.6999999999999991,-0.23333333333333303,2024,3-team
1.3050000000000008,130.50000000000009,3,3.0,1,-0.6949999999999992,-0.23166666666666638,2024,3-team
1.310000000000001,131.00000000000009,3,3.0,1,-0.6899999999999991,-0.22999999999999968,2024,3-team
1.315000000000001,131.5000000000001,3,3.0,1,-0.6849999999999989,-0.22833333333333297,2024,3-team
1.320000000000001,132.00000000000009,3,3.0,1,-0.679999999999999,-0.22666666666666635,2024,3-team
1.3250000000000008,132.50000000000009,3,3.0,1,-0.6749999999999992,-0.22499999999999973,2024,3-team
1.330000000000001,133.00000000000009,3,3.0,1,-0.669999999999999,-0.22333333333333302,2024,3-team
1.335000000000001,133.5000000000001,3,3.0,1,-0.6649999999999989,-0.22166666666666632,2024,3-team
1.340000000000001,134.00000000000009,3,3.0,1,-0.659999999999999,-0.21999999999999967,2024,3-team
1.3450000000000009,134.50000000000009,3,3.0,1,-0.6549999999999991,-0.21833333333333305,2024,3-team
1.350000000000001,135.00000000000009,3,3.0,1,-0.649999999999999,-0.21666666666666634,2024,3-team
1.355000000000001,135.5000000000001,3,3.0,1,-0.6449999999999989,-0.21499999999999964,2024,3-team
1.360000000000001,136.00000000000009,3,3.0,1,-0.639999999999999,-0.21333333333333301,2024,3-team
1.3650000000000009,136.50000000000009,3,3.0,1,-0.6349999999999991,-0.21166666666666636,2024,3-team
1.370000000000001,137.0000000000001,3,3.0,1,-0.629999999999999,-0.20999999999999966,2024,3-team
1.375000000000001,137.5000000000001,3,3.0,1,-0.6249999999999989,-0.20833333333333295,2024,3-team
1.380000000000001,138.0000000000001,3,3.0,1,-0.619999999999999,-0.20666666666666633,2024,3-team
1.385000000000001,138.50000000000009,4,4.0,2,0.7700000000000018,0.19250000000000045,2024,3-team
1.390000000000001,139.0000000000001,4,4.0,2,0.780000000000002,0.1950000000000005,2024,3-team
1.3950000000000011,139.5000000000001,4,4.0,2,0.7900000000000023,0.19750000000000056,2024,3-team
1.400000000000001,140.0000000000001,4,4.0,2,0.800000000000002,0.2000000000000005,2024,3-team
1.405000000000001,140.50000000000009,4,4.0,2,0.8100000000000018,0.20250000000000046,2024,3-team
1.410000000000001,141.0000000000001,4,4.0,2,0.8200000000000021,0.20500000000000052,2024,3-team
1.4150000000000011,141.5000000000001,5,5.0,3,2.2450000000000037,0.44900000000000073,2024,3-team
1.420000000000001,142.0000000000001,5,5.0,3,2.2600000000000033,0.4520000000000007,2024,3-team
1.425000000000001,142.50000000000009,5,5.0,3,2.275000000000003,0.4550000000000006,2024,3-team
1.430000000000001,143.0000000000001,6,6.0,3,1.2900000000000031,0.21500000000000052,2024,3-team
1.4350000000000012,143.5000000000001,6,6.0,3,1.3050000000000033,0.21750000000000055,2024,3-team
1.440000000000001,144.0000000000001,7,7.0,3,0.32000000000000295,0.04571428571428614,2024,3-team
1.445000000000001,144.50000000000009,7,7.0,3,0.33500000000000263,0.04785714285714323,2024,3-team
1.450000000000001,145.0000000000001,7,7.0,3,0.3500000000000032,0.050000000000000454,2024,3-team
1.4550000000000012,145.5000000000001,7,7.0,3,0.36500000000000377,0.05214285714285768,2024,3-team
1.460000000000001,146.0000000000001,7,7.0,3,0.38000000000000345,0.05428571428571478,2024,3-team
1.465000000000001,146.50000000000009,7,7.0,3,0.3950000000000031,0.056428571428571876,2024,3-team
1.470000000000001,147.0000000000001,7,7.0,3,0.41000000000000325,0.05857142857142904,2024,3-team
1.4750000000000012,147.5000000000001,7,7.0,3,0.4250000000000034,0.0607142857142862,2024,3-team
1.480000000000001,148.0000000000001,7,7.0,3,0.44000000000000306,0.06285714285714329,2024,3-team
1.485000000000001,148.50000000000009,7,7.0,3,0.45500000000000274,0.06500000000000039,2024,3-team
1.490000000000001,149.0000000000001,8,8.0,3,-0.5299999999999967,-0.06624999999999959,2024,3-team
1.4950000000000012,149.5000000000001,8,8.0,3,-0.5149999999999963,-0.06437499999999954,2024,3-team
1.500000000000001,150.0000000000001,8,8.0,3,-0.49999999999999667,-0.062499999999999584,2024,3-team
1.505000000000001,150.5000000000001,8,8.0,3,-0.484999999999997,-0.060624999999999624,2024,3-team
1.5100000000000011,151.0000000000001,8,8.0,3,-0.46999999999999664,-0.05874999999999958,2024,3-team
1.5150000000000012,151.5000000000001,8,8.0,3,-0.4549999999999963,-0.05687499999999954,2024,3-team
1.5200000000000011,152.0000000000001,8,8.0,3,-0.4399999999999966,-0.05499999999999958,2024,3-team
1.525000000000001,152.5000000000001,8,8.0,3,-0.42499999999999694,-0.05312499999999962,2024,3-team
1.5300000000000011,153.0000000000001,8,8.0,3,-0.4099999999999966,-0.051249999999999574,2024,3-team
1.5350000000000013,153.5000000000001,8,8.0,3,-0.39499999999999624,-0.04937499999999953,2024,3-team
1.5400000000000011,154.0000000000001,8,8.0,3,-0.37999999999999656,-0.04749999999999957,2024,3-team
1.545000000000001,154.5000000000001,8,8.0,3,-0.3649999999999969,-0.04562499999999961,2024,3-team
1.5500000000000012,155.0000000000001,8,8.0,3,-0.34999999999999654,-0.04374999999999957,2024,3-team
1.5550000000000013,155.5000000000001,8,8.0,3,-0.3349999999999962,-0.041874999999999524,2024,3-team
1.5600000000000012,156.0000000000001,8,8.0,3,-0.3199999999999965,-0.039999999999999564,2024,3-team
1.565000000000001,156.5000000000001,8,8.0,3,-0.30499999999999683,-0.038124999999999604,2024,3-team
1.5700000000000012,157.0000000000001,8,8.0,3,-0.2899999999999965,-0.03624999999999956,2024,3-team
1.5750000000000013,157.50000000000014,8,8.0,3,-0.27499999999999614,-0.03437499999999952,2024,3-team
1.5800000000000012,158.0000000000001,8,8.0,3,-0.25999999999999646,-0.03249999999999956,2024,3-team
1.585000000000001,158.5000000000001,8,8.0,3,-0.24499999999999678,-0.030624999999999597,2024,3-team
1.5900000000000012,159.0000000000001,8,8.0,3,-0.22999999999999643,-0.028749999999999554,2024,3-team
1.5950000000000013,159.50000000000014,8,8.0,3,-0.21499999999999608,-0.02687499999999951,2024,3-team
1.6000000000000012,160.0000000000001,8,8.0,3,-0.1999999999999964,-0.02499999999999955,2024,3-team
1.605000000000001,160.5000000000001,8,8.0,3,-0.18499999999999672,-0.02312499999999959,2024,3-team
1.6100000000000012,161.0000000000001,8,8.0,3,-0.16999999999999638,-0.021249999999999547,2024,3-team
1.6150000000000013,161.50000000000014,8,8.0,3,-0.15499999999999603,-0.019374999999999504,2024,3-team
1.6200000000000012,162.0000000000001,8,8.0,3,-0.13999999999999635,-0.017499999999999544,2024,3-team
1.625000000000001,162.5000000000001,8,8.0,3,-0.12499999999999667,-0.015624999999999584,2024,3-team
1.6300000000000012,163.0000000000001,8,8.0,3,-0.10999999999999632,-0.01374999999999954,2024,3-team
1.6350000000000013,163.50000000000014,8,8.0,3,-0.09499999999999598,-0.011874999999999497,2024,3-team
1.6400000000000012,164.0000000000001,8,8.0,3,-0.0799999999999963,-0.009999999999999537,2024,3-team
1.6450000000000011,164.5000000000001,8,8.0,3,-0.06499999999999662,-0.008124999999999577,2024,3-team
1.6500000000000012,165.0000000000001,8,8.0,3,-0.04999999999999627,-0.006249999999999534,2024,3-team
1.6550000000000014,165.50000000000014,8,8.0,3,-0.03499999999999592,-0.00437499999999949,2024,3-team
1.6600000000000013,166.0000000000001,8,8.0,3,-0.019999999999996243,-0.0024999999999995304,2024,3-team
1.6650000000000011,166.5000000000001,8,8.0,3,-0.004999999999996563,-0.0006249999999995703,2024,3-team
1.6700000000000013,167.0000000000001,8,8.0,3,0.010000000000003784,0.001250000000000473,2024,3-team
1.6750000000000014,167.50000000000014,8,8.0,3,0.02500000000000413,0.0031250000000005163,2024,3-team
1.6800000000000013,168.0000000000001,8,8.0,3,0.04000000000000381,0.005000000000000476,2024,3-team
1.6850000000000012,168.5000000000001,8,8.0,3,0.05500000000000349,0.006875000000000436,2024,3-team
1.6900000000000013,169.0000000000001,8,8.0,3,0.07000000000000384,0.00875000000000048,2024,3-team
1.6950000000000014,169.50000000000014,8,8.0,3,0.08500000000000418,0.010625000000000523,2024,3-team
1.7000000000000013,170.00000000000014,8,8.0,3,0.10000000000000386,0.012500000000000483,2024,3-team
1.7050000000000012,170.5000000000001,8,8.0,3,0.11500000000000354,0.014375000000000443,2024,3-team
1.7100000000000013,171.00000000000014,8,8.0,3,0.1300000000000039,0.016250000000000486,2024,3-team
1.7150000000000014,171.50000000000014,8,8.0,3,0.14500000000000424,0.01812500000000053,2024,3-team
1.7200000000000013,172.00000000000014,8,8.0,3,0.16000000000000392,0.02000000000000049,2024,3-team
1.7250000000000012,172.5000000000001,8,8.0,3,0.1750000000000036,0.02187500000000045,2024,3-team
1.7300000000000013,173.00000000000014,8,8.0,3,0.19000000000000394,0.023750000000000493,2024,3-team
1.7350000000000014,173.50000000000014,8,8.0,3,0.2050000000000043,0.025625000000000536,2024,3-team
1.7400000000000013,174.00000000000014,8,8.0,3,0.22000000000000397,0.027500000000000496,2024,3-team
1.7450000000000012,174.5000000000001,8,8.0,3,0.23500000000000365,0.029375000000000456,2024,3-team
1.7500000000000013,175.00000000000014,8,8.0,3,0.250000000000004,0.0312500000000005,2024,3-team
1.7550000000000014,175.50000000000014,8,8.0,3,0.26500000000000434,0.03312500000000054,2024,3-team
1.7600000000000013,176.00000000000014,8,8.0,3,0.280000000000004,0.0350000000000005,2024,3-team
1.7650000000000012,176.5000000000001,8,8.0,3,0.2950000000000037,0.03687500000000046,2024,3-team
1.7700000000000014,177.00000000000014,8,8.0,3,0.31000000000000405,0.038750000000000506,2024,3-team
1.7750000000000015,177.50000000000014,8,8.0,3,0.3250000000000044,0.04062500000000055,2024,3-team
1.7800000000000014,178.00000000000014,8,8.0,3,0.3400000000000041,0.04250000000000051,2024,3-team
1.7850000000000013,178.5000000000001,8,8.0,3,0.35500000000000376,0.04437500000000047,2024,3-team
1.7900000000000014,179.00000000000014,8,8.0,3,0.3700000000000041,0.04625000000000051,2024,3-team
1.7950000000000015,179.50000000000014,8,8.0,3,0.38500000000000445,0.048125000000000556,2024,3-team
1.8000000000000014,180.00000000000014,8,8.0,3,0.40000000000000413,0.050000000000000516,2024,3-team
1.8050000000000013,180.5000000000001,8,8.0,3,0.4150000000000038,0.051875000000000476,2024,3-team
1.8100000000000014,181.00000000000014,8,8.0,3,0.43000000000000416,0.05375000000000052,2024,3-team
1.8150000000000015,181.50000000000014,8,8.0,3,0.4450000000000045,0.05562500000000056,2024,3-team
1.8200000000000014,182.00000000000014,8,8.0,3,0.4600000000000042,0.05750000000000052,2024,3-team
1.8250000000000013,182.50000000000014,8,8.0,3,0.47500000000000386,0.05937500000000048,2024,3-team
1.8300000000000014,183.00000000000014,8,8.0,3,0.4900000000000042,0.061250000000000526,2024,3-team
1.8350000000000015,183.50000000000014,8,8.0,3,0.5050000000000046,0.06312500000000057,2024,3-team
1.8400000000000014,184.00000000000014,8,8.0,3,0.5200000000000042,0.06500000000000053,2024,3-team
1.8450000000000013,184.50000000000014,8,8.0,3,0.5350000000000039,0.06687500000000049,2024,3-team
1.8500000000000014,185.00000000000014,8,8.0,3,0.5500000000000043,0.06875000000000053,2024,3-team
1.8550000000000015,185.50000000000014,8,8.0,3,0.5650000000000046,0.07062500000000058,2024,3-team
1.8600000000000014,186.00000000000014,8,8.0,3,0.5800000000000043,0.07250000000000054,2024,3-team
1.8650000000000013,186.50000000000014,8,8.0,3,0.595000000000004,0.0743750000000005,2024,3-team
1.8700000000000014,187.00000000000014,8,8.0,3,0.6100000000000043,0.07625000000000054,2024,3-team
1.8750000000000016,187.50000000000014,8,8.0,3,0.6250000000000047,0.07812500000000058,2024,3-team
1.8800000000000014,188.00000000000014,8,8.0,3,0.6400000000000043,0.08000000000000054,2024,3-team
1.8850000000000013,188.50000000000014,8,8.0,3,0.655000000000004,0.0818750000000005,2024,3-team
1.8900000000000015,189.00000000000014,8,8.0,3,0.6700000000000044,0.08375000000000055,2024,3-team
1.8950000000000016,189.50000000000017,8,8.0,3,0.6850000000000047,0.08562500000000059,2024,3-team
1.9000000000000015,190.00000000000014,8,8.0,3,0.7000000000000044,0.08750000000000055,2024,3-team
1.9050000000000014,190.50000000000014,8,8.0,3,0.7150000000000041,0.08937500000000051,2024,3-team
1.9100000000000015,191.00000000000014,8,8.0,3,0.7300000000000044,0.09125000000000055,2024,3-team
1.9150000000000016,191.50000000000017,8,8.0,3,0.7450000000000048,0.0931250000000006,2024,3-team
1.9200000000000015,192.00000000000014,8,8.0,3,0.7600000000000044,0.09500000000000056,2024,3-team
1.9250000000000014,192.50000000000014,8,8.0,3,0.7750000000000041,0.09687500000000052,2024,3-team
1.9300000000000015,193.00000000000014,8,8.0,3,0.7900000000000045,0.09875000000000056,2024,3-team
1.9350000000000016,193.50000000000017,8,8.0,3,0.8050000000000048,0.1006250000000006,2024,3-team
1.9400000000000015,194.00000000000014,8,8.0,3,0.8200000000000045,0.10250000000000056,2024,3-team
1.9450000000000014,194.50000000000014,8,8.0,3,0.8350000000000042,0.10437500000000052,2024,3-team
1.9500000000000015,195.00000000000014,8,8.0,3,0.8500000000000045,0.10625000000000057,2024,3-team
1.9550000000000016,195.50000000000017,8,8.0,3,0.8650000000000049,0.10812500000000061,2024,3-team
1.9600000000000015,196.00000000000014,8,8.0,3,0.8800000000000046,0.11000000000000057,2024,3-team
1.9650000000000014,196.50000000000014,8,8.0,3,0.8950000000000042,0.11187500000000053,2024,3-team
1.9700000000000015,197.00000000000014,8,8.0,3,0.9100000000000046,0.11375000000000057,2024,3-team
1.9750000000000016,197.50000000000017,8,8.0,3,0.9250000000000049,0.11562500000000062,2024,3-team
1.9800000000000015,198.00000000000014,8,8.0,3,0.9400000000000046,0.11750000000000058,2024,3-team
1.9850000000000014,198.50000000000014,8,8.0,3,0.9550000000000043,0.11937500000000054,2024,3-team
1.9900000000000015,199.00000000000014,8,8.0,3,0.9700000000000046,0.12125000000000058,2024,3-team
1.9950000000000017,199.50000000000017,8,8.0,3,0.985000000000005,0.12312500000000062,2024,3-team
2.0000000000000013,200.00000000000014,8,8.0,3,1.000000000000004,0.1250000000000005,2024,3-team
2.0050000000000012,200.5000000000001,8,8.0,3,1.0150000000000037,0.12687500000000046,2024,3-team
2.0100000000000016,201.00000000000017,8,8.0,3,1.0300000000000047,0.1287500000000006,2024,3-team
2.0150000000000015,201.50000000000014,8,8.0,3,1.0450000000000044,0.13062500000000055,2024,3-team
2.0200000000000014,202.00000000000014,8,8.0,3,1.060000000000004,0.1325000000000005,2024,3-team
2.0250000000000012,202.5000000000001,8,8.0,3,1.0750000000000037,0.13437500000000047,2024,3-team
2.0300000000000016,203.00000000000017,8,8.0,3,1.0900000000000047,0.1362500000000006,2024,3-team
2.0350000000000015,203.50000000000014,8,8.0,3,1.1050000000000044,0.13812500000000055,2024,3-team
2.0400000000000014,204.00000000000014,8,8.0,3,1.120000000000004,0.1400000000000005,2024,3-team
2.0450000000000013,204.5000000000001,8,8.0,3,1.1350000000000038,0.14187500000000047,2024,3-team
2.0500000000000016,205.00000000000017,8,8.0,3,1.1500000000000048,0.1437500000000006,2024,3-team
2.0550000000000015,205.50000000000014,8,8.0,3,1.1650000000000045,0.14562500000000056,2024,3-team
2.0600000000000014,206.00000000000014,8,8.0,3,1.1800000000000042,0.14750000000000052,2024,3-team
2.0650000000000013,206.5000000000001,8,8.0,3,1.1950000000000038,0.14937500000000048,2024,3-team
2.0700000000000016,207.00000000000017,8,8.0,3,1.2100000000000048,0.1512500000000006,2024,3-team
2.0750000000000015,207.50000000000014,8,8.0,3,1.2250000000000045,0.15312500000000057,2024,3-team
2.0800000000000014,208.00000000000014,8,8.0,3,1.2400000000000042,0.15500000000000053,2024,3-team
2.0850000000000013,208.50000000000014,8,8.0,3,1.255000000000004,0.1568750000000005,2024,3-team
2.0900000000000016,209.00000000000017,8,8.0,3,1.270000000000005,0.1587500000000006,2024,3-team
2.0950000000000015,209.50000000000014,8,8.0,3,1.2850000000000046,0.16062500000000057,2024,3-team
2.1000000000000014,210.00000000000014,8,8.0,3,1.3000000000000043,0.16250000000000053,2024,3-team
2.1050000000000013,210.50000000000014,8,8.0,3,1.315000000000004,0.1643750000000005,2024,3-team
2.1100000000000017,211.00000000000017,8,8.0,3,1.330000000000005,0.16625000000000062,2024,3-team
2.1150000000000015,211.50000000000014,8,8.0,3,1.3450000000000046,0.16812500000000058,2024,3-team
2.1200000000000014,212.00000000000014,8,8.0,3,1.3600000000000043,0.17000000000000054,2024,3-team
2.1250000000000013,212.50000000000014,8,8.0,3,1.375000000000004,0.1718750000000005,2024,3-team
2.1300000000000017,213.00000000000017,8,8.0,3,1.390000000000005,0.17375000000000063,2024,3-team
2.1350000000000016,213.50000000000017,8,8.0,3,1.4050000000000047,0.1756250000000006,2024,3-team
2.1400000000000015,214.00000000000014,8,8.0,3,1.4200000000000044,0.17750000000000055,2024,3-team
2.1450000000000014,214.50000000000014,8,8.0,3,1.435000000000004,0.1793750000000005,2024,3-team
2.1500000000000017,215.00000000000017,8,8.0,3,1.450000000000005,0.18125000000000063,2024,3-team
2.1550000000000016,215.50000000000017,8,8.0,3,1.4650000000000047,0.1831250000000006,2024,3-team
2.1600000000000015,216.00000000000014,8,8.0,3,1.4800000000000044,0.18500000000000055,2024,3-team
2.1650000000000014,216.50000000000014,8,8.0,3,1.495000000000004,0.1868750000000005,2024,3-team
2.1700000000000017,217.00000000000017,8,8.0,3,1.5100000000000051,0.18875000000000064,2024,3-team
2.1750000000000016,217.50000000000017,8,8.0,3,1.5250000000000048,0.1906250000000006,2024,3-team
2.1800000000000015,218.00000000000014,8,8.0,3,1.5400000000000045,0.19250000000000056,2024,3-team
2.1850000000000014,218.50000000000014,8,8.0,3,1.5550000000000042,0.19437500000000052,2024,3-team
2.1900000000000017,219.00000000000017,8,8.0,3,1.5700000000000052,0.19625000000000065,2024,3-team
2.1950000000000016,219.50000000000017,8,8.0,3,1.5850000000000048,0.1981250000000006,2024,3-team
2.2000000000000015,220.00000000000014,8,8.0,3,1.6000000000000045,0.20000000000000057,2024,3-team
2.2050000000000014,220.50000000000014,8,8.0,3,1.6150000000000042,0.20187500000000053,2024,3-team
2.2100000000000017,221.00000000000017,8,8.0,3,1.6300000000000052,0.20375000000000065,2024,3-team
2.2150000000000016,221.50000000000017,8,8.0,3,1.645000000000005,0.2056250000000006,2024,3-team
2.2200000000000015,222.00000000000014,8,8.0,3,1.6600000000000046,0.20750000000000057,2024,3-team
2.2250000000000014,222.50000000000014,8,8.0,3,1.6750000000000043,0.20937500000000053,2024,3-team
2.2300000000000018,223.00000000000017,8,8.0,3,1.6900000000000053,0.21125000000000066,2024,3-team
2.2350000000000017,223.50000000000017,8,8.0,3,1.705000000000005,0.21312500000000062,2024,3-team
2.2400000000000015,224.00000000000014,8,8.0,3,1.7200000000000046,0.21500000000000058,2024,3-team
2.2450000000000014,224.50000000000014,8,8.0,3,1.7350000000000043,0.21687500000000054,2024,3-team
2.2500000000000018,225.00000000000017,8,8.0,3,1.7500000000000053,0.21875000000000067,2024,3-team
2.2550000000000017,225.50000000000017,8,8.0,3,1.765000000000005,0.22062500000000063,2024,3-team
2.2600000000000016,226.00000000000017,8,8.0,3,1.7800000000000047,0.2225000000000006,2024,3-team
2.2650000000000015,226.50000000000014,8,8.0,3,1.7950000000000044,0.22437500000000055,2024,3-team
2.270000000000002,227.00000000000017,8,8.0,3,1.8100000000000054,0.22625000000000067,2024,3-team
2.2750000000000017,227.50000000000017,8,8.0,3,1.825000000000005,0.22812500000000063,2024,3-team
2.2800000000000016,228.00000000000017,8,8.0,3,1.8400000000000047,0.2300000000000006,2024,3-team
2.2850000000000015,228.50000000000014,8,8.0,3,1.8550000000000044,0.23187500000000055,2024,3-team
2.290000000000002,229.00000000000017,8,8.0,3,1.8700000000000054,0.23375000000000068,2024,3-team
2.2950000000000017,229.50000000000017,8,8.0,3,1.8850000000000051,0.23562500000000064,2024,3-team
2.3000000000000016,230.00000000000017,8,8.0,3,1.9000000000000048,0.2375000000000006,2024,3-team
2.3050000000000015,230.50000000000014,8,8.0,3,1.9150000000000045,0.23937500000000056,2024,3-team
2.3100000000000014,231.00000000000014,8,8.0,3,1.9300000000000042,0.24125000000000052,2024,3-team
2.3150000000000017,231.50000000000017,8,8.0,3,1.9450000000000052,0.24312500000000065,2024,3-team
2.3200000000000016,232.00000000000017,8,8.0,3,1.9600000000000048,0.2450000000000006,2024,3-team
2.3250000000000015,232.50000000000014,8,8.0,3,1.9750000000000045,0.24687500000000057,2024,3-team
2.330000000000002,233.00000000000017,8,8.0,3,1.9900000000000055,0.2487500000000007,2024,3-team
2.3350000000000017,233.50000000000017,8,8.0,3,2.0050000000000052,0.25062500000000065,2024,3-team
2.3400000000000016,234.00000000000017,8,8.0,3,2.020000000000005,0.2525000000000006,2024,3-team
2.3450000000000015,234.50000000000014,8,8.0,3,2.0350000000000046,0.2543750000000006,2024,3-team
2.3500000000000014,235.00000000000014,8,8.0,3,2.0500000000000043,0.25625000000000053,2024,3-team
2.3550000000000018,235.50000000000017,8,8.0,3,2.0650000000000053,0.25812500000000066,2024,3-team
2.3600000000000017,236.00000000000017,8,8.0,3,2.080000000000005,0.2600000000000006,2024,3-team
2.3650000000000015,236.50000000000014,8,8.0,3,2.0950000000000046,0.2618750000000006,2024,3-team
2.370000000000002,237.0000000000002,8,8.0,3,2.1100000000000056,0.2637500000000007,2024,3-team
2.3750000000000018,237.50000000000017,8,8.0,3,2.1250000000000053,0.26562500000000067,2024,3-team
2.3800000000000017,238.00000000000017,8,8.0,3,2.140000000000005,0.2675000000000006,2024,3-team
2.3850000000000016,238.50000000000017,8,8.0,3,2.1550000000000047,0.2693750000000006,2024,3-team
2.3900000000000015,239.00000000000014,8,8.0,3,2.1700000000000044,0.27125000000000055,2024,3-team
2.395000000000002,239.50000000000017,8,8.0,3,2.1850000000000054,0.2731250000000007,2024,3-team
2.4000000000000017,240.00000000000017,8,8.0,3,2.200000000000005,0.27500000000000063,2024,3-team
2.4050000000000016,240.50000000000017,8,8.0,3,2.2150000000000047,0.2768750000000006,2024,3-team
2.410000000000002,241.0000000000002,8,8.0,3,2.2300000000000058,0.2787500000000007,2024,3-team
2.415000000000002,241.50000000000017,8,8.0,3,2.2450000000000054,0.2806250000000007,2024,3-team
2.4200000000000017,242.00000000000017,8,8.0,3,2.260000000000005,0.28250000000000064,2024,3-team
2.4250000000000016,242.50000000000017,8,8.0,3,2.275000000000005,0.2843750000000006,2024,3-team
2.4300000000000015,243.00000000000014,8,8.0,3,2.2900000000000045,0.28625000000000056,2024,3-team
2.435000000000002,243.50000000000017,8,8.0,3,2.3050000000000055,0.2881250000000007,2024,3-team
2.4400000000000017,244.00000000000017,8,8.0,3,2.320000000000005,0.29000000000000065,2024,3-team
2.4450000000000016,244.50000000000017,8,8.0,3,2.335000000000005,0.2918750000000006,2024,3-team
2.450000000000002,245.0000000000002,8,8.0,3,2.350000000000006,0.29375000000000073,2024,3-team
2.455000000000002,245.50000000000017,8,8.0,3,2.3650000000000055,0.2956250000000007,2024,3-team
2.4600000000000017,246.00000000000017,8,8.0,3,2.3800000000000052,0.29750000000000065,2024,3-team
2.4650000000000016,246.50000000000017,8,8.0,3,2.395000000000005,0.2993750000000006,2024,3-team
2.4700000000000015,247.00000000000014,8,8.0,3,2.4100000000000046,0.3012500000000006,2024,3-team
2.475000000000002,247.5000000000002,8,8.0,3,2.4250000000000056,0.3031250000000007,2024,3-team
2.4800000000000018,248.00000000000017,8,8.0,3,2.4400000000000053,0.30500000000000066,2024,3-team
2.4850000000000017,248.50000000000017,8,8.0,3,2.455000000000005,0.3068750000000006,2024,3-team
2.490000000000002,249.0000000000002,8,8.0,3,2.470000000000006,0.30875000000000075,2024,3-team
2.495000000000002,249.5000000000002,8,8.0,3,2.4850000000000056,0.3106250000000007,2024,3-team
2.5000000000000018,250.00000000000017,8,8.0,3,2.5000000000000053,0.31250000000000067,2024,3-team
2.5050000000000017,250.50000000000017,8,8.0,3,2.515000000000005,0.3143750000000006,2024,3-team
2.5100000000000016,251.00000000000017,8,8.0,3,2.5300000000000047,0.3162500000000006,2024,3-team
2.515000000000002,251.5000000000002,8,8.0,3,2.5450000000000057,0.3181250000000007,2024,3-team
2.520000000000002,252.00000000000017,8,8.0,3,2.5600000000000054,0.3200000000000007,2024,3-team
2.5250000000000017,252.50000000000017,8,8.0,3,2.575000000000005,0.32187500000000063,2024,3-team
2.530000000000002,253.0000000000002,8,8.0,3,2.590000000000006,0.32375000000000076,2024,3-team
2.535000000000002,253.5000000000002,8,8.0,3,2.6050000000000058,0.3256250000000007,2024,3-team
2.540000000000002,254.00000000000017,8,8.0,3,2.6200000000000054,0.3275000000000007,2024,3-team
2.5450000000000017,254.50000000000017,8,8.0,3,2.635000000000005,0.32937500000000064,2024,3-team
2.5500000000000016,255.00000000000017,8,8.0,3,2.650000000000005,0.3312500000000006,2024,3-team
2.555000000000002,255.5000000000002,8,8.0,3,2.665000000000006,0.3331250000000007,2024,3-team
2.560000000000002,256.00000000000017,8,8.0,3,2.6800000000000055,0.3350000000000007,2024,3-team
2.5650000000000017,256.50000000000017,8,8.0,3,2.695000000000005,0.33687500000000065,2024,3-team
2.570000000000002,257.0000000000002,8,8.0,3,2.710000000000006,0.3387500000000008,2024,3-team
2.575000000000002,257.50000000000017,8,8.0,3,2.725000000000006,0.34062500000000073,2024,3-team
2.580000000000002,258.00000000000017,8,8.0,3,2.7400000000000055,0.3425000000000007,2024,3-team
2.5850000000000017,258.50000000000017,8,8.0,3,2.7550000000000052,0.34437500000000065,2024,3-team
2.5900000000000016,259.00000000000017,8,8.0,3,2.770000000000005,0.3462500000000006,2024,3-team
2.595000000000002,259.50000000000017,8,8.0,3,2.785000000000006,0.34812500000000074,2024,3-team
2.600000000000002,260.00000000000017,8,8.0,3,2.8000000000000056,0.3500000000000007,2024,3-team
2.6050000000000018,260.50000000000017,8,8.0,3,2.8150000000000053,0.35187500000000066,2024,3-team
2.610000000000002,261.0000000000002,8,8.0,3,2.8300000000000063,0.3537500000000008,2024,3-team
2.615000000000002,261.5000000000002,8,8.0,3,2.845000000000006,0.35562500000000075,2024,3-team
2.620000000000002,262.00000000000017,8,8.0,3,2.8600000000000056,0.3575000000000007,2024,3-team
2.6250000000000018,262.50000000000017,8,8.0,3,2.8750000000000053,0.35937500000000067,2024,3-team
2.6300000000000017,263.00000000000017,8,8.0,3,2.890000000000005,0.3612500000000006,2024,3-team
2.635000000000002,263.5000000000002,8,8.0,3,2.905000000000006,0.36312500000000075,2024,3-team
2.640000000000002,264.00000000000017,8,8.0,3,2.9200000000000057,0.3650000000000007,2024,3-team
2.645000000000002,264.50000000000017,8,8.0,3,2.9350000000000054,0.3668750000000007,2024,3-team
2.650000000000002,265.0000000000002,8,8.0,3,2.9500000000000064,0.3687500000000008,2024,3-team
2.655000000000002,265.5000000000002,8,8.0,3,2.965000000000006,0.37062500000000076,2024,3-team
2.660000000000002,266.00000000000017,8,8.0,3,2.9800000000000058,0.3725000000000007,2024,3-team
2.665000000000002,266.50000000000017,8,8.0,3,2.9950000000000054,0.3743750000000007,2024,3-team
2.6700000000000017,267.00000000000017,8,8.0,3,3.010000000000005,0.37625000000000064,2024,3-team
2.675000000000002,267.5000000000002,8,8.0,3,3.025000000000006,0.37812500000000077,2024,3-team
2.680000000000002,268.00000000000017,8,8.0,3,3.040000000000006,0.3800000000000007,2024,3-team
2.685000000000002,268.50000000000017,8,8.0,3,3.0550000000000055,0.3818750000000007,2024,3-team
2.690000000000002,269.0000000000002,8,8.0,3,3.0700000000000065,0.3837500000000008,2024,3-team
2.695000000000002,269.5000000000002,8,8.0,3,3.085000000000006,0.3856250000000008,2024,3-team
2.700000000000002,270.00000000000017,8,8.0,3,3.100000000000006,0.38750000000000073,2024,3-team
2.705000000000002,270.50000000000017,8,8.0,3,3.1150000000000055,0.3893750000000007,2024,3-team
2.7100000000000017,271.00000000000017,8,8.0,3,3.1300000000000052,0.39125000000000065,2024,3-team
2.715000000000002,271.5000000000002,8,8.0,3,3.1450000000000062,0.3931250000000008,2024,3-team
2.720000000000002,272.00000000000017,8,8.0,3,3.160000000000006,0.39500000000000074,2024,3-team
2.725000000000002,272.50000000000017,8,8.0,3,3.1750000000000056,0.3968750000000007,2024,3-team
2.730000000000002,273.0000000000002,8,8.0,3,3.1900000000000066,0.3987500000000008,2024,3-team
2.735000000000002,273.5000000000002,8,8.0,3,3.2050000000000063,0.4006250000000008,2024,3-team
2.740000000000002,274.0000000000002,8,8.0,3,3.220000000000006,0.40250000000000075,2024,3-team
2.745000000000002,274.50000000000017,8,8.0,3,3.2350000000000056,0.4043750000000007,2024,3-team
2.7500000000000018,275.00000000000017,8,8.0,3,3.2500000000000053,0.40625000000000067,2024,3-team
2.755000000000002,275.5000000000002,8,8.0,3,3.2650000000000063,0.4081250000000008,2024,3-team
2.760000000000002,276.0000000000002,8,8.0,3,3.280000000000006,0.41000000000000075,2024,3-team
2.765000000000002,276.50000000000017,8,8.0,3,3.2950000000000057,0.4118750000000007,2024,3-team
2.7700000000000022,277.0000000000002,8,8.0,3,3.3100000000000067,0.41375000000000084,2024,3-team
2.775000000000002,277.5000000000002,8,8.0,3,3.3250000000000064,0.4156250000000008,2024,3-team
2.780000000000002,278.0000000000002,8,8.0,3,3.340000000000006,0.41750000000000076,2024,3-team
2.785000000000002,278.50000000000017,8,8.0,3,3.3550000000000058,0.4193750000000007,2024,3-team
2.790000000000002,279.00000000000017,8,8.0,3,3.3700000000000054,0.4212500000000007,2024,3-team
2.795000000000002,279.5000000000002,8,8.0,3,3.3850000000000064,0.4231250000000008,2024,3-team
2.800000000000002,280.0000000000002,8,8.0,3,3.400000000000006,0.42500000000000077,2024,3-team
2.805000000000002,280.50000000000017,8,8.0,3,3.415000000000006,0.4268750000000007,2024,3-team
2.8100000000000023,281.0000000000002,8,8.0,3,3.430000000000007,0.42875000000000085,2024,3-team
2.815000000000002,281.5000000000002,8,8.0,3,3.4450000000000065,0.4306250000000008,2024,3-team
2.820000000000002,282.0000000000002,8,8.0,3,3.460000000000006,0.4325000000000008,2024,3-team
2.825000000000002,282.50000000000017,8,8.0,3,3.475000000000006,0.43437500000000073,2024,3-team
2.830000000000002,283.00000000000017,8,8.0,3,3.4900000000000055,0.4362500000000007,2024,3-team
2.835000000000002,283.5000000000002,8,8.0,3,3.5050000000000066,0.4381250000000008,2024,3-team
2.840000000000002,284.0000000000002,8,8.0,3,3.5200000000000062,0.4400000000000008,2024,3-team
2.845000000000002,284.50000000000017,8,8.0,3,3.535000000000006,0.44187500000000074,2024,3-team
2.8500000000000023,285.0000000000002,8,8.0,3,3.550000000000007,0.44375000000000087,2024,3-team
2.855000000000002,285.5000000000002,8,8.0,3,3.5650000000000066,0.4456250000000008,2024,3-team
2.860000000000002,286.0000000000002,8,8.0,3,3.5800000000000063,0.4475000000000008,2024,3-team
2.865000000000002,286.5000000000002,8,8.0,3,3.595000000000006,0.44937500000000075,2024,3-team
2.870000000000002,287.00000000000017,8,8.0,3,3.6100000000000056,0.4512500000000007,2024,3-team
2.875000000000002,287.5000000000002,8,8.0,3,3.6250000000000067,0.45312500000000083,2024,3-team
2.880000000000002,288.0000000000002,8,8.0,3,3.6400000000000063,0.4550000000000008,2024,3-team
2.885000000000002,288.5000000000002,8,8.0,3,3.655000000000006,0.45687500000000075,2024,3-team
2.8900000000000023,289.0000000000002,8,8.0,3,3.670000000000007,0.4587500000000009,2024,3-team
2.8950000000000022,289.5000000000002,8,8.0,3,3.6850000000000067,0.46062500000000084,2024,3-team
2.900000000000002,290.0000000000002,8,8.0,3,3.7000000000000064,0.4625000000000008,2024,3-team
2.905000000000002,290.5000000000002,8,8.0,3,3.715000000000006,0.46437500000000076,2024,3-team
2.910000000000002,291.00000000000017,8,8.0,3,3.7300000000000058,0.4662500000000007,2024,3-team
2.9150000000000023,291.5000000000002,8,8.0,3,3.7450000000000068,0.46812500000000085,2024,3-team
2.920000000000002,292.0000000000002,8,8.0,3,3.7600000000000064,0.4700000000000008,2024,3-team
2.925000000000002,292.5000000000002,8,8.0,3,3.775000000000006,0.47187500000000077,2024,3-team
2.9300000000000024,293.0000000000002,8,8.0,3,3.790000000000007,0.4737500000000009,2024,3-team
2.9350000000000023,293.5000000000002,8,8.0,3,3.805000000000007,0.47562500000000085,2024,3-team
2.940000000000002,294.0000000000002,8,8.0,3,3.8200000000000065,0.4775000000000008,2024,3-team
2.945000000000002,294.5000000000002,8,8.0,3,3.835000000000006,0.4793750000000008,2024,3-team
2.950000000000002,295.00000000000017,8,8.0,3,3.850000000000006,0.48125000000000073,2024,3-team
2.9550000000000023,295.5000000000002,8,8.0,3,3.865000000000007,0.48312500000000086,2024,3-team
2.960000000000002,296.0000000000002,8,8.0,3,3.8800000000000066,0.4850000000000008,2024,3-team
2.965000000000002,296.5000000000002,8,8.0,3,3.8950000000000062,0.4868750000000008,2024,3-team
2.9700000000000024,297.0000000000002,8,8.0,3,3.9100000000000072,0.4887500000000009,2024,3-team
2.9750000000000023,297.5000000000002,8,8.0,3,3.925000000000007,0.49062500000000087,2024,3-team
2.980000000000002,298.0000000000002,8,8.0,3,3.9400000000000066,0.4925000000000008,2024,3-team
2.985000000000002,298.5000000000002,8,8.0,3,3.9550000000000063,0.4943750000000008,2024,3-team
2.990000000000002,299.0000000000002,8,8.0,3,3.970000000000006,0.49625000000000075,2024,3-team
2.9950000000000023,299.5000000000002,8,8.0,3,3.985000000000007,0.4981250000000009,2024,3-team
3.000000000000002,300.0000000000002,8,8.0,3,4.000000000000007,0.5000000000000009,2024,3-team
0.3,-333.33333333333337,0,0.0,0,0.0,,2025,2-team
0.305,-327.8688524590164,0,0.0,0,0.0,,2025,2-team
0.31,-322.5806451612903,0,0.0,0,0.0,,2025,2-team
0.315,-317.46031746031747,0,0.0,0,0.0,,2025,2-team
0.32,-312.5,0,0.0,0,0.0,,2025,2-team
0.325,-307.6923076923077,0,0.0,0,0.0,,2025,2-team
0.33,-303.030303030303,0,0.0,0,0.0,,2025,2-team
0.335,-298.5074626865671,0,0.0,0,0.0,,2025,2-team
0.34,-294.11764705882354,0,0.0,0,0.0,,2025,2-team
0.34500000000000003,-289.85507246376807,0,0.0,0,0.0,,2025,2-team
0.35000000000000003,-285.71428571428567,0,0.0,0,0.0,,2025,2-team
0.35500000000000004,-281.6901408450704,0,0.0,0,0.0,,2025,2-team
0.36000000000000004,-277.77777777777777,0,0.0,0,0.0,,2025,2-team
0.36500000000000005,-273.97260273972597,0,0.0,0,0.0,,2025,2-team
0.37000000000000005,-270.27027027027026,0,0.0,0,0.0,,2025,2-team
0.37500000000000006,-266.66666666666663,0,0.0,0,0.0,,2025,2-team
0.38000000000000006,-263.1578947368421,0,0.0,0,0.0,,2025,2-team
0.38500000000000006,-259.7402597402597,0,0.0,0,0.0,,2025,2-team
0.39000000000000007,-256.41025641025635,0,0.0,0,0.0,,2025,2-team
0.3950000000000001,-253.16455696202527,0,0.0,0,0.0,,2025,2-team
0.4000000000000001,-249.99999999999994,0,0.0,0,0.0,,2025,2-team
0.4050000000000001,-246.91358024691354,0,0.0,0,0.0,,2025,2-team
0.4100000000000001,-243.9024390243902,0,0.0,0,0.0,,2025,2-team
0.4150000000000001,-240.9638554216867,0,0.0,0,0.0,,2025,2-team
0.4200000000000001,-238.09523809523805,0,0.0,0,0.0,,2025,2-team
0.4250000000000001,-235.29411764705875,0,0.0,0,0.0,,2025,2-team
0.4300000000000001,-232.55813953488365,0,0.0,0,0.0,,2025,2-team
0.4350000000000001,-229.8850574712643,0,0.0,0,0.0,,2025,2-team
0.4400000000000001,-227.27272727272722,0,0.0,0,0.0,,2025,2-team
0.4450000000000001,-224.71910112359544,0,0.0,0,0.0,,2025,2-team
0.4500000000000001,-222.22222222222217,0,0.0,0,0.0,,2025,2-team
0.4550000000000001,-219.7802197802197,0,0.0,0,0.0,,2025,2-team
0.46000000000000013,-217.39130434782604,0,0.0,0,0.0,,2025,2-team
0.46500000000000014,-215.05376344086017,0,0.0,0,0.0,,2025,2-team
0.47000000000000014,-212.76595744680844,0,0.0,0,0.0,,2025,2-team
0.47500000000000014,-210.5263157894736,0,0.0,0,0.0,,2025,2-team
0.48000000000000015,-208.33333333333326,0,0.0,0,0.0,,2025,2-team
0.48500000000000015,-206.1855670103092,0,0.0,0,0.0,,2025,2-team
0.49000000000000016,-204.08163265306115,0,0.0,0,0.0,,2025,2-team
0.49500000000000016,-202.02020202020196,0,0.0,0,0.0,,2025,2-team
0.5000000000000002,-199.99999999999991,0,0.0,0,0.0,,2025,2-team
0.5050000000000001,-198.01980198019797,0,0.0,0,0.0,,2025,2-team
0.5100000000000002,-196.07843137254892,0,0.0,0,0.0,,2025,2-team
0.5150000000000001,-194.17475728155335,0,0.0,0,0.0,,2025,2-team
0.5200000000000002,-192.3076923076922,0,0.0,0,0.0,,2025,2-team
0.5250000000000001,-190.47619047619042,0,0.0,0,0.0,,2025,2-team
0.5300000000000002,-188.6792452830188,0,0.0,0,0.0,,2025,2-team
0.5350000000000001,-186.91588785046724,0,0.0,0,0.0,,2025,2-team
0.5400000000000003,-185.1851851851851,0,0.0,0,0.0,,2025,2-team
0.5450000000000002,-183.48623853211004,0,0.0,0,0.0,,2025,2-team
0.5500000000000003,-181.81818181818173,0,0.0,0,0.0,,2025,2-team
0.5550000000000002,-180.18018018018012,0,0.0,0,0.0,,2025,2-team
0.5600000000000003,-178.57142857142847,0,0.0,0,0.0,,2025,2-team
0.5650000000000002,-176.99115044247782,0,0.0,0,0.0,,2025,2-team
0.5700000000000003,-175.43859649122797,0,0.0,0,0.0,,2025,2-team
0.5750000000000002,-173.91304347826082,0,0.0,0,0.0,,2025,2-team
0.5800000000000003,-172.4137931034482,0,0.0,0,0.0,,2025,2-team
0.5850000000000002,-170.94017094017087,0,0.0,0,0.0,,2025,2-team
0.5900000000000003,-169.49152542372872,0,0.0,0,0.0,,2025,2-team
0.5950000000000002,-168.06722689075625,0,0.0,0,0.0,,2025,2-team
0.6000000000000003,-166.66666666666657,0,0.0,0,0.0,,2025,2-team
0.6050000000000002,-165.28925619834706,0,0.0,0,0.0,,2025,2-team
0.6100000000000003,-163.93442622950812,0,0.0,0,0.0,,2025,2-team
0.6150000000000002,-162.6016260162601,0,0.0,0,0.0,,2025,2-team
0.6200000000000003,-161.29032258064507,0,0.0,0,0.0,,2025,2-team
0.6250000000000002,-159.99999999999994,0,0.0,0,0.0,,2025,2-team
0.6300000000000003,-158.73015873015865,0,0.0,0,0.0,,2025,2-team
0.6350000000000002,-157.48031496062987,0,0.0,0,0.0,,2025,2-team
0.6400000000000003,-156.24999999999991,0,0.0,0,0.0,,2025,2-team
0.6450000000000002,-155.03875968992241,0,0.0,0,0.0,,2025,2-team
0.6500000000000004,-153.84615384615375,0,0.0,0,0.0,,2025,2-team
0.6550000000000002,-152.6717557251908,0,0.0,0,0.0,,2025,2-team
0.6600000000000004,-151.51515151515144,2,2.0,0,-2.0,-1.0,2025,2-team
0.6650000000000003,-150.375939849624,2,2.0,0,-2.0,-1.0,2025,2-team
0.6700000000000004,-149.2537313432835,2,2.0,0,-2.0,-1.0,2025,2-team
0.6750000000000003,-148.1481481481481,3,3.0,1,-1.3249999999999997,-0.4416666666666666,2025,2-team
0.6800000000000004,-147.05882352941168,3,3.0,1,-1.3199999999999996,-0.4399999999999999,2025,2-team
0.6850000000000003,-145.98540145985396,3,3.0,1,-1.3149999999999997,-0.43833333333333324,2025,2-team
0.6900000000000004,-144.92753623188398,3,3.0,1,-1.3099999999999996,-0.43666666666666654,2025,2-team
0.6950000000000003,-143.88489208633086,3,3.0,1,-1.3049999999999997,-0.4349999999999999,2025,2-team
0.7000000000000004,-142.85714285714278,3,3.0,1,-1.2999999999999996,-0.4333333333333332,2025,2-team
0.7050000000000003,-141.84397163120562,4,4.0,1,-2.295,-0.57375,2025,2-team
0.7100000000000004,-140.84507042253514,4,4.0,1,-2.2899999999999996,-0.5724999999999999,2025,2-team
0.7150000000000003,-139.8601398601398,7,7.0,3,-1.854999999999999,-0.26499999999999985,2025,2-team
0.7200000000000004,-138.8888888888888,7,7.0,3,-1.8399999999999983,-0.2628571428571426,2025,2-team
0.7250000000000003,-137.93103448275855,9,9.0,4,-2.0999999999999988,-0.2333333333333332,2025,2-team
0.7300000000000004,-136.98630136986293,9,9.0,4,-2.0799999999999983,-0.23111111111111093,2025,2-team
0.7350000000000003,-136.0544217687074,11,11.0,6,-0.5899999999999981,-0.05363636363636346,2025,2-team
0.7400000000000004,-135.13513513513504,11,11.0,6,-0.5599999999999976,-0.05090909090909069,2025,2-team
0.7450000000000003,-134.22818791946304,13,13.0,6,-2.5299999999999985,-0.1946153846153845,2025,2-team
0.7500000000000004,-133.33333333333326,15,15.0,8,-0.9999999999999964,-0.06666666666666643,2025,2-team
0.7550000000000003,-132.45033112582774,21,21.0,9,-5.204999999999995,-0.2478571428571426,2025,2-team
0.7600000000000005,-131.57894736842098,22,22.0,10,-4.399999999999994,-0.19999999999999973,2025,2-team
0.7650000000000003,-130.71895424836595,25,25.0,13,-2.0549999999999957,-0.08219999999999983,2025,2-team
0.7700000000000005,-129.8701298701298,25,25.0,13,-1.989999999999994,-0.07959999999999975,2025,2-team
0.7750000000000004,-129.03225806451607,28,28.0,15,-1.3749999999999947,-0.04910714285714267,2025,2-team
0.7800000000000005,-128.20512820512812,28,28.0,15,-1.2999999999999923,-0.04642857142857115,2025,2-team
0.7850000000000004,-127.38853503184707,32,32.0,19,1.9150000000000071,0.05984375000000022,2025,2-team
0.7900000000000005,-126.58227848101258,32,32.0,19,2.0100000000000087,0.06281250000000027,2025,2-team
0.7950000000000004,-125.78616352201252,36,36.0,22,3.4900000000000073,0.09694444444444465,2025,2-team
0.8000000000000005,-124.99999999999993,38,38.0,24,5.200000000000013,0.13684210526315824,2025,2-team
0.8050000000000004,-124.223602484472,38,38.0,24,5.32000000000001,0.14000000000000026,2025,2-team
0.8100000000000005,-123.45679012345671,38,38.0,24,5.440000000000012,0.14315789473684243,2025,2-team
0.8150000000000004,-122.69938650306743,38,38.0,24,5.560000000000009,0.14631578947368445,2025,2-team
0.8200000000000005,-121.95121951219505,39,39.0,25,6.5000000000000115,0.16666666666666696,2025,2-team
0.8250000000000004,-121.21212121212115,39,39.0,25,6.625000000000009,0.1698717948717951,2025,2-team
0.8300000000000005,-120.4819277108433,39,39.0,25,6.750000000000011,0.17307692307692335,2025,2-team
0.8350000000000004,-119.76047904191611,39,39.0,25,6.875000000000012,0.1762820512820516,2025,2-team
0.8400000000000005,-119.04761904761898,39,39.0,25,7.000000000000012,0.1794871794871798,2025,2-team
0.8450000000000004,-118.34319526627213,39,39.0,25,7.125000000000011,0.18269230769230796,2025,2-team
0.8500000000000005,-117.64705882352933,39,39.0,25,7.250000000000014,0.18589743589743626,2025,2-team
0.8550000000000004,-116.95906432748532,39,39.0,25,7.375000000000011,0.18910256410256437,2025,2-team
0.8600000000000005,-116.27906976744178,39,39.0,25,7.500000000000014,0.19230769230769268,2025,2-team
0.8650000000000004,-115.60693641618491,39,39.0,25,7.625000000000011,0.1955128205128208,2025,2-team
0.8700000000000006,-114.94252873563211,39,39.0,25,7.750000000000016,0.19871794871794912,2025,2-team
0.8750000000000004,-114.28571428571422,39,39.0,25,7.875000000000009,0.20192307692307715,2025,2-team
0.8800000000000006,-113.63636363636357,39,39.0,25,8.000000000000014,0.20512820512820548,2025,2-team
0.8850000000000005,-112.99435028248581,39,39.0,25,8.12500000000001,0.20833333333333362,2025,2-team
0.8900000000000006,-112.35955056179768,39,39.0,25,8.250000000000014,0.2115384615384619,2025,2-team
0.8950000000000005,-111.73184357541894,39,39.0,25,8.37500000000001,0.21474358974359,2025,2-team
0.9000000000000006,-111.11111111111104,39,39.0,25,8.500000000000014,0.2179487179487183,2025,2-team
0.9050000000000005,-110.49723756906072,39,39.0,25,8.625000000000012,0.22115384615384648,2025,2-team
0.9100000000000006,-109.89010989010981,39,39.0,25,8.750000000000012,0.22435897435897467,2025,2-team
0.9150000000000005,-109.28961748633874,39,39.0,25,8.875000000000014,0.22756410256410292,2025,2-team
0.9200000000000006,-108.69565217391298,39,39.0,25,9.000000000000012,0.2307692307692311,2025,2-team
0.9250000000000005,-108.10810810810806,39,39.0,25,9.125000000000012,0.23397435897435928,2025,2-team
0.9300000000000006,-107.52688172043004,39,39.0,25,9.250000000000014,0.23717948717948753,2025,2-team
0.9350000000000005,-106.95187165775395,39,39.0,25,9.375000000000012,0.2403846153846157,2025,2-team
0.9400000000000006,-106.3829787234042,39,39.0,25,9.500000000000018,0.24358974358974406,2025,2-team
0.9450000000000005,-105.82010582010577,39,39.0,25,9.625000000000012,0.2467948717948721,2025,2-team
0.9500000000000006,-105.26315789473678,39,39.0,25,9.750000000000018,0.25000000000000044,2025,2-team
0.9550000000000005,-104.7120418848167,39,39.0,25,9.87500000000001,0.25320512820512847,2025,2-team
0.9600000000000006,-104.1666666666666,39,39.0,25,10.000000000000016,0.25641025641025683,2025,2-team
0.9650000000000005,-103.62694300518129,39,39.0,25,10.12500000000001,0.2596153846153849,2025,2-team
0.9700000000000006,-103.09278350515457,39,39.0,25,10.250000000000016,0.2628205128205132,2025,2-team
0.9750000000000005,-102.56410256410251,39,39.0,25,10.375000000000018,0.26602564102564147,2025,2-team
0.9800000000000006,-102.04081632653055,39,39.0,25,10.500000000000016,0.26923076923076966,2025,2-team
0.9850000000000005,-101.52284263959385,39,39.0,25,10.625000000000016,0.27243589743589786,2025,2-team
0.9900000000000007,-101.01010101010094,39,39.0,25,10.750000000000014,0.275641025641026,2025,2-team
0.9950000000000006,-100.50251256281402,39,39.0,25,10.875000000000016,0.27884615384615424,2025,2-team
1.0000000000000007,100.00000000000007,39,39.0,25,11.000000000000012,0.2820512820512824,2025,2-team
1.0050000000000006,100.50000000000006,39,39.0,25,11.125000000000014,0.28525641025641063,2025,2-team
1.0100000000000007,101.00000000000007,39,39.0,25,11.250000000000021,0.288461538461539,2025,2-team
1.0150000000000006,101.50000000000006,39,39.0,25,11.375000000000014,0.291666666666667,2025,2-team
1.0200000000000007,102.00000000000007,39,39.0,25,11.500000000000021,0.29487179487179543,2025,2-team
1.0250000000000006,102.50000000000006,39,39.0,25,11.625000000000014,0.29807692307692346,2025,2-team
1.0300000000000007,103.00000000000007,39,39.0,25,11.75000000000002,0.30128205128205177,2025,2-team
1.0350000000000006,103.50000000000006,39,39.0,25,11.875000000000012,0.3044871794871798,2025,2-team
1.0400000000000007,104.00000000000007,39,39.0,25,12.000000000000018,0.30769230769230815,2025,2-team
1.0450000000000006,104.50000000000006,39,39.0,25,12.12500000000001,0.3108974358974362,2025,2-team
1.0500000000000007,105.00000000000007,39,39.0,25,12.250000000000018,0.31410256410256454,2025,2-team
1.0550000000000006,105.50000000000006,39,39.0,25,12.37500000000001,0.31730769230769257,2025,2-team
1.0600000000000007,106.00000000000007,39,39.0,25,12.500000000000018,0.320512820512821,2025,2-team
1.0650000000000006,106.50000000000006,39,39.0,25,12.62500000000002,0.32371794871794923,2025,2-team
1.0700000000000007,107.00000000000007,39,39.0,25,12.750000000000016,0.3269230769230773,2025,2-team
1.0750000000000006,107.50000000000006,39,39.0,25,12.875000000000018,0.33012820512820557,2025,2-team
1.0800000000000007,108.00000000000007,39,39.0,25,13.000000000000014,0.3333333333333337,2025,2-team
1.0850000000000006,108.50000000000006,39,39.0,25,13.125000000000016,0.33653846153846195,2025,2-team
1.0900000000000007,109.00000000000007,39,39.0,25,13.250000000000014,0.3397435897435901,2025,2-team
1.0950000000000006,109.50000000000006,39,39.0,25,13.375000000000016,0.34294871794871834,2025,2-team
1.1000000000000008,110.00000000000007,39,39.0,25,13.500000000000023,0.34615384615384676,2025,2-team
1.1050000000000006,110.50000000000007,39,39.0,25,13.625000000000016,0.3493589743589748,2025,2-team
1.1100000000000008,111.00000000000007,39,39.0,25,13.750000000000021,0.3525641025641031,2025,2-team
1.1150000000000007,111.50000000000007,39,39.0,25,13.875000000000014,0.3557692307692311,2025,2-team
1.1200000000000008,112.00000000000007,39,39.0,25,14.00000000000002,0.3589743589743595,2025,2-team
1.1250000000000007,112.50000000000007,39,39.0,25,14.125000000000012,0.3621794871794875,2025,2-team
1.1300000000000008,113.00000000000009,39,39.0,25,14.25000000000002,0.36538461538461586,2025,2-team
1.1350000000000007,113.50000000000007,39,39.0,25,14.375000000000021,0.3685897435897441,2025,2-team
1.1400000000000008,114.00000000000009,39,39.0,25,14.50000000000002,0.3717948717948723,2025,2-team
1.1450000000000007,114.50000000000007,39,39.0,25,14.625000000000021,0.37500000000000056,2025,2-team
1.1500000000000008,115.00000000000009,39,39.0,25,14.750000000000018,0.37820512820512864,2025,2-team
1.1550000000000007,115.50000000000007,39,39.0,25,14.87500000000002,0.3814102564102569,2025,2-team
1.1600000000000008,116.00000000000009,39,39.0,25,15.000000000000018,0.3846153846153851,2025,2-team
1.1650000000000007,116.50000000000007,39,39.0,25,15.125000000000018,0.3878205128205133,2025,2-team
1.1700000000000008,117.00000000000009,39,39.0,25,15.250000000000025,0.3910256410256417,2025,2-team
1.1750000000000007,117.50000000000007,39,39.0,25,15.375000000000018,0.39423076923076966,2025,2-team
1.1800000000000008,118.00000000000009,39,39.0,25,15.500000000000021,0.39743589743589797,2025,2-team
1.1850000000000007,118.50000000000007,39,39.0,25,15.625000000000021,0.40064102564102616,2025,2-team
1.1900000000000008,119.00000000000009,39,39.0,25,15.750000000000021,0.4038461538461544,2025,2-team
1.1950000000000007,119.50000000000007,39,39.0,25,15.875000000000018,0.4070512820512825,2025,2-team
1.2000000000000008,120.00000000000009,39,39.0,25,16.000000000000018,0.4102564102564107,2025,2-team
1.2050000000000007,120.50000000000007,39,39.0,25,16.125000000000018,0.41346153846153894,2025,2-team
1.2100000000000009,121.00000000000009,39,39.0,25,16.25000000000002,0.41666666666666724,2025,2-team
1.2150000000000007,121.50000000000007,39,39.0,25,16.375000000000014,0.4198717948717952,2025,2-team
1.2200000000000009,122.00000000000009,39,39.0,25,16.500000000000025,0.42307692307692374,2025,2-team
1.2250000000000008,122.50000000000007,39,39.0,25,16.62500000000002,0.4262820512820518,2025,2-team
1.2300000000000009,123.00000000000009,39,39.0,25,16.75000000000002,0.42948717948718,2025,2-team
1.2350000000000008,123.50000000000007,39,39.0,25,16.875000000000018,0.43269230769230815,2025,2-team
1.2400000000000009,124.00000000000009,39,39.0,25,17.00000000000002,0.43589743589743646,2025,2-team
1.2450000000000008,124.50000000000007,39,39.0,25,17.125000000000018,0.43910256410256454,2025,2-team
1.2500000000000009,125.00000000000009,39,39.0,25,17.250000000000018,0.4423076923076928,2025,2-team
1.2550000000000008,125.50000000000009,39,39.0,25,17.37500000000002,0.44551282051282104,2025,2-team
1.260000000000001,126.00000000000009,39,39.0,25,17.500000000000025,0.44871794871794934,2025,2-team
1.2650000000000008,126.50000000000009,39,39.0,25,17.62500000000002,0.4519230769230775,2025,2-team
1.270000000000001,127.00000000000009,39,39.0,25,17.75000000000002,0.4551282051282057,2025,2-team
1.2750000000000008,127.50000000000009,39,39.0,25,17.875000000000025,0.458333333333334,2025,2-team
1.280000000000001,128.00000000000009,39,39.0,25,18.00000000000002,0.46153846153846206,2025,2-team
1.2850000000000008,128.50000000000009,39,39.0,25,18.125000000000018,0.4647435897435902,2025,2-team
1.290000000000001,129.00000000000009,39,39.0,25,18.25000000000002,0.4679487179487185,2025,2-team
1.2950000000000008,129.50000000000009,39,39.0,25,18.375000000000025,0.4711538461538468,2025,2-team
1.300000000000001,130.00000000000009,39,39.0,25,18.500000000000025,0.474358974358975,2025,2-team
1.3050000000000008,130.50000000000009,39,39.0,25,18.625000000000018,0.47756410256410303,2025,2-team
1.310000000000001,131.00000000000009,39,39.0,25,18.75000000000003,0.4807692307692315,2025,2-team
1.315000000000001,131.5000000000001,39,39.0,25,18.875000000000025,0.4839743589743596,2025,2-team
1.320000000000001,132.00000000000009,39,39.0,25,19.00000000000002,0.4871794871794877,2025,2-team
1.3250000000000008,132.50000000000009,39,39.0,25,19.125000000000014,0.49038461538461575,2025,2-team
1.330000000000001,133.00000000000009,39,39.0,25,19.25000000000003,0.49358974358974433,2025,2-team
1.335000000000001,133.5000000000001,39,39.0,25,19.37500000000003,0.49679487179487253,2025,2-team
1.340000000000001,134.00000000000009,39,39.0,25,19.50000000000002,0.5000000000000006,2025,2-team
1.3450000000000009,134.50000000000009,39,39.0,25,19.62500000000003,0.503205128205129,2025,2-team
1.350000000000001,135.00000000000009,39,39.0,25,19.750000000000025,0.506410256410257,2025,2-team
1.355000000000001,135.5000000000001,39,39.0,25,19.875000000000025,0.5096153846153852,2025,2-team
1.360000000000001,136.00000000000009,39,39.0,25,20.000000000000018,0.5128205128205133,2025,2-team
1.3650000000000009,136.50000000000009,39,39.0,25,20.125000000000025,0.5160256410256416,2025,2-team
1.370000000000001,137.0000000000001,39,39.0,25,20.250000000000025,0.5192307692307698,2025,2-team
1.375000000000001,137.5000000000001,39,39.0,25,20.375000000000025,0.522435897435898,2025,2-team
1.380000000000001,138.0000000000001,39,39.0,25,20.500000000000032,0.5256410256410264,2025,2-team
1.385000000000001,138.50000000000009,39,39.0,25,20.625000000000025,0.5288461538461545,2025,2-team
1.390000000000001,139.0000000000001,39,39.0,25,20.750000000000025,0.5320512820512827,2025,2-team
1.3950000000000011,139.5000000000001,39,39.0,25,20.87500000000002,0.5352564102564108,2025,2-team
1.400000000000001,140.0000000000001,39,39.0,25,21.000000000000032,0.5384615384615393,2025,2-team
1.405000000000001,140.50000000000009,39,39.0,25,21.12500000000002,0.5416666666666672,2025,2-team
1.410000000000001,141.0000000000001,39,39.0,25,21.25000000000002,0.5448717948717954,2025,2-team
1.4150000000000011,141.5000000000001,39,39.0,25,21.37500000000004,0.5480769230769241,2025,2-team
1.420000000000001,142.0000000000001,39,39.0,25,21.50000000000003,0.551282051282052,2025,2-team
1.425000000000001,142.50000000000009,39,39.0,25,21.625000000000025,0.5544871794871801,2025,2-team
1.430000000000001,143.0000000000001,39,39.0,25,21.75000000000002,0.5576923076923083,2025,2-team
1.4350000000000012,143.5000000000001,39,39.0,25,21.875000000000036,0.5608974358974368,2025,2-team
1.440000000000001,144.0000000000001,39,39.0,25,22.000000000000025,0.5641025641025648,2025,2-team
1.445000000000001,144.50000000000009,39,39.0,25,22.12500000000002,0.5673076923076928,2025,2-team
1.450000000000001,145.0000000000001,39,39.0,25,22.250000000000036,0.5705128205128214,2025,2-team
1.4550000000000012,145.5000000000001,39,39.0,25,22.375000000000032,0.5737179487179496,2025,2-team
1.460000000000001,146.0000000000001,39,39.0,25,22.50000000000003,0.5769230769230776,2025,2-team
1.465000000000001,146.50000000000009,39,39.0,25,22.625000000000018,0.5801282051282056,2025,2-team
1.470000000000001,147.0000000000001,39,39.0,25,22.750000000000032,0.5833333333333341,2025,2-team
1.4750000000000012,147.5000000000001,39,39.0,25,22.87500000000003,0.5865384615384622,2025,2-team
1.480000000000001,148.0000000000001,39,39.0,25,23.000000000000025,0.5897435897435904,2025,2-team
1.485000000000001,148.50000000000009,39,39.0,25,23.125000000000014,0.5929487179487183,2025,2-team
1.490000000000001,149.0000000000001,39,39.0,25,23.250000000000032,0.5961538461538469,2025,2-team
1.4950000000000012,149.5000000000001,39,39.0,25,23.375000000000032,0.5993589743589752,2025,2-team
1.500000000000001,150.0000000000001,39,39.0,25,23.50000000000002,0.6025641025641031,2025,2-team
1.505000000000001,150.5000000000001,39,39.0,25,23.625000000000036,0.6057692307692317,2025,2-team
1.5100000000000011,151.0000000000001,39,39.0,25,23.750000000000032,0.6089743589743598,2025,2-team
1.5150000000000012,151.5000000000001,39,39.0,25,23.87500000000003,0.6121794871794879,2025,2-team
1.5200000000000011,152.0000000000001,39,39.0,25,24.000000000000018,0.6153846153846159,2025,2-team
1.525000000000001,152.5000000000001,39,39.0,25,24.125000000000032,0.6185897435897444,2025,2-team
1.5300000000000011,153.0000000000001,39,39.0,25,24.25000000000003,0.6217948717948725,2025,2-team
1.5350000000000013,153.5000000000001,39,39.0,25,24.375000000000025,0.6250000000000007,2025,2-team
1.5400000000000011,154.0000000000001,39,39.0,25,24.50000000000004,0.6282051282051292,2025,2-team
1.545000000000001,154.5000000000001,39,39.0,25,24.62500000000003,0.6314102564102572,2025,2-team
1.5500000000000012,155.0000000000001,39,39.0,25,24.750000000000025,0.6346153846153852,2025,2-team
1.5550000000000013,155.5000000000001,39,39.0,25,24.87500000000002,0.6378205128205133,2025,2-team
1.5600000000000012,156.0000000000001,39,39.0,25,25.000000000000036,0.641025641025642,2025,2-team
1.565000000000001,156.5000000000001,39,39.0,25,25.125000000000025,0.6442307692307698,2025,2-team
1.5700000000000012,157.0000000000001,39,39.0,25,25.250000000000025,0.647435897435898,2025,2-team
1.5750000000000013,157.50000000000014,39,39.0,25,25.375000000000043,0.6506410256410268,2025,2-team
1.5800000000000012,158.0000000000001,39,39.0,25,25.500000000000032,0.6538461538461546,2025,2-team
1.585000000000001,158.5000000000001,39,39.0,25,25.62500000000003,0.6570512820512828,2025,2-team
1.5900000000000012,159.0000000000001,39,39.0,25,25.750000000000025,0.6602564102564109,2025,2-team
1.5950000000000013,159.50000000000014,39,39.0,25,25.87500000000004,0.6634615384615394,2025,2-team
1.6000000000000012,160.0000000000001,39,39.0,25,26.00000000000003,0.6666666666666674,2025,2-team
1.605000000000001,160.5000000000001,39,39.0,25,26.125000000000025,0.6698717948717955,2025,2-team
1.6100000000000012,161.0000000000001,39,39.0,25,26.25000000000002,0.6730769230769236,2025,2-team
1.6150000000000013,161.50000000000014,39,39.0,25,26.375000000000036,0.6762820512820522,2025,2-team
1.6200000000000012,162.0000000000001,39,39.0,25,26.500000000000032,0.6794871794871803,2025,2-team
1.625000000000001,162.5000000000001,39,39.0,25,26.62500000000002,0.6826923076923083,2025,2-team
1.6300000000000012,163.0000000000001,39,39.0,25,26.750000000000036,0.6858974358974368,2025,2-team
1.6350000000000013,163.50000000000014,39,39.0,25,26.875000000000032,0.6891025641025649,2025,2-team
1.6400000000000012,164.0000000000001,39,39.0,25,27.00000000000003,0.6923076923076931,2025,2-team
1.6450000000000011,164.5000000000001,39,39.0,25,27.125000000000018,0.6955128205128209,2025,2-team
1.6500000000000012,165.0000000000001,39,39.0,25,27.250000000000036,0.6987179487179497,2025,2-team
1.6550000000000014,165.50000000000014,39,39.0,25,27.375000000000036,0.7019230769230779,2025,2-team
1.6600000000000013,166.0000000000001,39,39.0,25,27.500000000000025,0.7051282051282057,2025,2-team
1.6650000000000011,166.5000000000001,39,39.0,25,27.62500000000004,0.7083333333333344,2025,2-team
1.6700000000000013,167.0000000000001,39,39.0,25,27.750000000000032,0.7115384615384623,2025,2-team
1.6750000000000014,167.50000000000014,39,39.0,25,27.875000000000032,0.7147435897435905,2025,2-team
1.6800000000000013,168.0000000000001,39,39.0,25,28.00000000000002,0.7179487179487185,2025,2-team
1.6850000000000012,168.5000000000001,39,39.0,25,28.125000000000036,0.721153846153847,2025,2-team
1.6900000000000013,169.0000000000001,39,39.0,25,28.250000000000032,0.7243589743589752,2025,2-team
1.6950000000000014,169.50000000000014,39,39.0,25,28.37500000000003,0.7275641025641033,2025,2-team
1.7000000000000013,170.00000000000014,39,39.0,25,28.500000000000043,0.7307692307692318,2025,2-team
1.7050000000000012,170.5000000000001,39,39.0,25,28.625000000000032,0.7339743589743598,2025,2-team
1.7100000000000013,171.00000000000014,39,39.0,25,28.750000000000032,0.737179487179488,2025,2-team
1.7150000000000014,171.50000000000014,39,39.0,25,28.875000000000025,0.740384615384616,2025,2-team
1.7200000000000013,172.00000000000014,39,39.0,25,29.00000000000004,0.7435897435897446,2025,2-team
1.7250000000000012,172.5000000000001,39,39.0,25,29.12500000000003,0.7467948717948725,2025,2-team
1.7300000000000013,173.00000000000014,39,39.0,25,29.25000000000003,0.7500000000000008,2025,2-team
1.7350000000000014,173.50000000000014,39,39.0,25,29.375000000000046,0.7532051282051294,2025,2-team
1.7400000000000013,174.00000000000014,39,39.0,25,29.500000000000036,0.7564102564102573,2025,2-team
1.7450000000000012,174.5000000000001,39,39.0,25,29.625000000000032,0.7596153846153855,2025,2-team
1.7500000000000013,175.00000000000014,39,39.0,25,29.750000000000025,0.7628205128205134,2025,2-team
1.7550000000000014,175.50000000000014,39,39.0,25,29.875000000000043,0.7660256410256421,2025,2-team
1.7600000000000013,176.00000000000014,39,39.0,25,30.000000000000032,0.76923076923077,2025,2-team
1.7650000000000012,176.5000000000001,39,39.0,25,30.12500000000003,0.7724358974358981,2025,2-team
1.7700000000000014,177.00000000000014,39,39.0,25,30.250000000000043,0.7756410256410268,2025,2-team
1.7750000000000015,177.50000000000014,39,39.0,25,30.37500000000004,0.7788461538461549,2025,2-team
1.7800000000000014,178.00000000000014,39,39.0,25,30.500000000000036,0.7820512820512829,2025,2-team
1.7850000000000013,178.5000000000001,39,39.0,25,30.625000000000025,0.7852564102564109,2025,2-team
1.7900000000000014,179.00000000000014,39,39.0,25,30.750000000000043,0.7884615384615395,2025,2-team
1.7950000000000015,179.50000000000014,39,39.0,25,30.875000000000036,0.7916666666666676,2025,2-team
1.8000000000000014,180.00000000000014,39,39.0,25,31.000000000000036,0.7948717948717958,2025,2-team
1.8050000000000013,180.5000000000001,39,39.0,25,31.12500000000002,0.7980769230769236,2025,2-team
1.8100000000000014,181.00000000000014,39,39.0,25,31.250000000000036,0.8012820512820522,2025,2-team
1.8150000000000015,181.50000000000014,39,39.0,25,31.375000000000043,0.8044871794871806,2025,2-team
1.8200000000000014,182.00000000000014,39,39.0,25,31.50000000000003,0.8076923076923084,2025,2-team
1.8250000000000013,182.50000000000014,39,39.0,25,31.625000000000043,0.810897435897437,2025,2-team
1.8300000000000014,183.00000000000014,39,39.0,25,31.750000000000036,0.814102564102565,2025,2-team
1.8350000000000015,183.50000000000014,39,39.0,25,31.875000000000036,0.8173076923076932,2025,2-team
1.8400000000000014,184.00000000000014,39,39.0,25,32.00000000000003,0.8205128205128213,2025,2-team
1.8450000000000013,184.50000000000014,39,39.0,25,32.125000000000036,0.8237179487179497,2025,2-team
1.8500000000000014,185.00000000000014,39,39.0,25,32.250000000000036,0.8269230769230779,2025,2-team
1.8550000000000015,185.50000000000014,39,39.0,25,32.375000000000036,0.8301282051282061,2025,2-team
1.8600000000000014,186.00000000000014,39,39.0,25,32.50000000000004,0.8333333333333345,2025,2-team
1.8650000000000013,186.50000000000014,39,39.0,25,32.625000000000036,0.8365384615384625,2025,2-team
1.8700000000000014,187.00000000000014,39,39.0,25,32.75000000000004,0.8397435897435909,2025,2-team
1.8750000000000016,187.50000000000014,39,39.0,25,32.87500000000003,0.8429487179487187,2025,2-team
1.8800000000000014,188.00000000000014,39,39.0,25,33.00000000000004,0.8461538461538473,2025,2-team
1.8850000000000013,188.50000000000014,39,39.0,25,33.12500000000003,0.8493589743589751,2025,2-team
1.8900000000000015,189.00000000000014,39,39.0,25,33.250000000000036,0.8525641025641034,2025,2-team
1.8950000000000016,189.50000000000017,39,39.0,25,33.37500000000005,0.8557692307692321,2025,2-team
1.9000000000000015,190.00000000000014,39,39.0,25,33.500000000000036,0.8589743589743599,2025,2-team
1.9050000000000014,190.50000000000014,39,39.0,25,33.625000000000036,0.8621794871794881,2025,2-team
1.9100000000000015,191.00000000000014,39,39.0,25,33.750000000000036,0.8653846153846163,2025,2-team
1.9150000000000016,191.50000000000017,39,39.0,25,33.875000000000036,0.8685897435897445,2025,2-team
1.9200000000000015,192.00000000000014,39,39.0,25,34.000000000000036,0.8717948717948727,2025,2-team
1.9250000000000014,192.50000000000014,39,39.0,25,34.12500000000004,0.8750000000000011,2025,2-team
1.9300000000000015,193.00000000000014,39,39.0,25,34.25000000000003,0.878205128205129,2025,2-team
1.9350000000000016,193.50000000000017,39,39.0,25,34.37500000000004,0.8814102564102575,2025,2-team
1.9400000000000015,194.00000000000014,39,39.0,25,34.50000000000005,0.8846153846153859,2025,2-team
1.9450000000000014,194.50000000000014,39,39.0,25,34.625000000000036,0.8878205128205138,2025,2-team
1.9500000000000015,195.00000000000014,39,39.0,25,34.75000000000004,0.8910256410256421,2025,2-team
1.9550000000000016,195.50000000000017,39,39.0,25,34.87500000000003,0.8942307692307699,2025,2-team
1.9600000000000015,196.00000000000014,39,39.0,25,35.000000000000036,0.8974358974358984,2025,2-team
1.9650000000000014,196.50000000000014,39,39.0,25,35.125000000000036,0.9006410256410265,2025,2-team
1.9700000000000015,197.00000000000014,39,39.0,25,35.250000000000036,0.9038461538461547,2025,2-team
1.9750000000000016,197.50000000000017,39,39.0,25,35.37500000000004,0.9070512820512832,2025,2-team
1.9800000000000015,198.00000000000014,39,39.0,25,35.50000000000004,0.9102564102564114,2025,2-team
1.9850000000000014,198.50000000000014,39,39.0,25,35.625000000000036,0.9134615384615393,2025,2-team
1.9900000000000015,199.00000000000014,39,39.0,25,35.750000000000036,0.9166666666666676,2025,2-team
1.9950000000000017,199.50000000000017,39,39.0,25,35.87500000000005,0.9198717948717962,2025,2-team
2.0000000000000013,200.00000000000014,39,39.0,25,36.00000000000003,0.9230769230769238,2025,2-team
2.0050000000000012,200.5000000000001,39,39.0,25,36.125000000000036,0.9262820512820522,2025,2-team
2.0100000000000016,201.00000000000017,39,39.0,25,36.25000000000004,0.9294871794871806,2025,2-team
2.0150000000000015,201.50000000000014,39,39.0,25,36.375000000000036,0.9326923076923086,2025,2-team
2.0200000000000014,202.00000000000014,39,39.0,25,36.50000000000004,0.935897435897437,2025,2-team
2.0250000000000012,202.5000000000001,39,39.0,25,36.62500000000002,0.9391025641025647,2025,2-team
2.0300000000000016,203.00000000000017,39,39.0,25,36.75000000000004,0.9423076923076934,2025,2-team
2.0350000000000015,203.50000000000014,39,39.0,25,36.87500000000004,0.9455128205128216,2025,2-team
2.0400000000000014,204.00000000000014,39,39.0,25,37.00000000000003,0.9487179487179495,2025,2-team
2.0450000000000013,204.5000000000001,39,39.0,25,37.12500000000003,0.9519230769230776,2025,2-team
2.0500000000000016,205.00000000000017,39,39.0,25,37.25000000000005,0.9551282051282064,2025,2-team
2.0550000000000015,205.50000000000014,39,39.0,25,37.37500000000003,0.958333333333334,2025,2-team
2.0600000000000014,206.00000000000014,39,39.0,25,37.500000000000036,0.9615384615384625,2025,2-team
2.0650000000000013,206.5000000000001,39,39.0,25,37.62500000000003,0.9647435897435904,2025,2-team
2.0700000000000016,207.00000000000017,39,39.0,25,37.750000000000036,0.9679487179487188,2025,2-team
2.0750000000000015,207.50000000000014,39,39.0,25,37.87500000000004,0.9711538461538473,2025,2-team
2.0800000000000014,208.00000000000014,39,39.0,25,38.00000000000002,0.9743589743589749,2025,2-team
2.0850000000000013,208.50000000000014,39,39.0,25,38.125000000000036,0.9775641025641034,2025,2-team
2.0900000000000016,209.00000000000017,39,39.0,25,38.25000000000005,0.9807692307692321,2025,2-team
2.0950000000000015,209.50000000000014,39,39.0,25,38.37500000000003,0.9839743589743597,2025,2-team
2.1000000000000014,210.00000000000014,39,39.0,25,38.500000000000036,0.9871794871794881,2025,2-team
2.1050000000000013,210.50000000000014,39,39.0,25,38.62500000000004,0.9903846153846165,2025,2-team
2.1100000000000017,211.00000000000017,39,39.0,25,38.750000000000036,0.9935897435897445,2025,2-team
2.1150000000000015,211.50000000000014,39,39.0,25,38.875000000000036,0.9967948717948727,2025,2-team
2.1200000000000014,212.00000000000014,39,39.0,25,39.00000000000005,1.0000000000000013,2025,2-team
2.1250000000000013,212.50000000000014,39,39.0,25,39.12500000000003,1.0032051282051289,2025,2-team
2.1300000000000017,213.00000000000017,39,39.0,25,39.25000000000004,1.0064102564102575,2025,2-team
2.1350000000000016,213.50000000000017,39,39.0,25,39.37500000000006,1.0096153846153861,2025,2-team
2.1400000000000015,214.00000000000014,39,39.0,25,39.500000000000036,1.0128205128205137,2025,2-team
2.1450000000000014,214.50000000000014,39,39.0,25,39.62500000000004,1.016025641025642,2025,2-team
2.1500000000000017,215.00000000000017,39,39.0,25,39.75000000000003,1.01923076923077,2025,2-team
2.1550000000000016,215.50000000000017,39,39.0,25,39.87500000000004,1.0224358974358985,2025,2-team
2.1600000000000015,216.00000000000014,39,39.0,25,40.00000000000004,1.0256410256410267,2025,2-team
2.1650000000000014,216.50000000000014,39,39.0,25,40.12500000000003,1.0288461538461546,2025,2-team
2.1700000000000017,217.00000000000017,39,39.0,25,40.25000000000004,1.032051282051283,2025,2-team
2.1750000000000016,217.50000000000017,39,39.0,25,40.37500000000005,1.0352564102564115,2025,2-team
2.1800000000000015,218.00000000000014,39,39.0,25,40.50000000000003,1.0384615384615392,2025,2-team
2.1850000000000014,218.50000000000014,39,39.0,25,40.625000000000036,1.0416666666666676,2025,2-team
2.1900000000000017,219.00000000000017,39,39.0,25,40.75000000000006,1.0448717948717963,2025,2-team
2.1950000000000016,219.50000000000017,39,39.0,25,40.875000000000036,1.048076923076924,2025,2-team
2.2000000000000015,220.00000000000014,39,39.0,25,41.00000000000004,1.0512820512820524,2025,2-team
2.2050000000000014,220.50000000000014,39,39.0,25,41.125000000000014,1.05448717948718,2025,2-team
2.2100000000000017,221.00000000000017,39,39.0,25,41.250000000000036,1.0576923076923086,2025,2-team
2.2150000000000016,221.50000000000017,39,39.0,25,41.37500000000005,1.0608974358974372,2025,2-team
2.2200000000000015,222.00000000000014,39,39.0,25,41.50000000000003,1.0641025641025648,2025,2-team
2.2250000000000014,222.50000000000014,39,39.0,25,41.625000000000036,1.0673076923076932,2025,2-team
2.2300000000000018,223.00000000000017,39,39.0,25,41.75000000000006,1.070512820512822,2025,2-team
2.2350000000000017,223.50000000000017,39,39.0,25,41.87500000000003,1.0737179487179493,2025,2-team
2.2400000000000015,224.00000000000014,39,39.0,25,42.000000000000036,1.0769230769230778,2025,2-team
2.2450000000000014,224.50000000000014,39,39.0,25,42.12500000000006,1.0801282051282066,2025,2-team
2.2500000000000018,225.00000000000017,39,39.0,25,42.250000000000036,1.0833333333333341,2025,2-team
2.2550000000000017,225.50000000000017,39,39.0,25,42.37500000000005,1.0865384615384628,2025,2-team
2.2600000000000016,226.00000000000017,39,39.0,25,42.50000000000006,1.0897435897435912,2025,2-team
2.2650000000000015,226.50000000000014,39,39.0,25,42.62500000000003,1.0929487179487187,2025,2-team
2.270000000000002,227.00000000000017,39,39.0,25,42.75000000000005,1.0961538461538474,2025,2-team
2.2750000000000017,227.50000000000017,39,39.0,25,42.87500000000002,1.099358974358975,2025,2-team
2.2800000000000016,228.00000000000017,39,39.0,25,43.00000000000004,1.1025641025641038,2025,2-team
2.2850000000000015,228.50000000000014,39,39.0,25,43.12500000000005,1.105769230769232,2025,2-team
2.290000000000002,229.00000000000017,39,39.0,25,43.250000000000036,1.10897435897436,2025,2-team
2.2950000000000017,229.50000000000017,39,39.0,25,43.37500000000004,1.1121794871794883,2025,2-team
2.3000000000000016,230.00000000000017,39,39.0,25,43.50000000000005,1.1153846153846168,2025,2-team
2.3050000000000015,230.50000000000014,39,39.0,25,43.62500000000003,1.1185897435897443,2025,2-team
2.3100000000000014,231.00000000000014,39,39.0,25,43.75000000000004,1.121794871794873,2025,2-team
2.3150000000000017,231.50000000000017,39,39.0,25,43.875000000000064,1.1250000000000016,2025,2-team
2.3200000000000016,232.00000000000017,39,39.0,25,44.000000000000036,1.128205128205129,2025,2-team
2.3250000000000015,232.50000000000014,39,39.0,25,44.12500000000004,1.1314102564102575,2025,2-team
2.330000000000002,233.00000000000017,39,39.0,25,44.25000000000003,1.1346153846153852,2025,2-team
2.3350000000000017,233.50000000000017,39,39.0,25,44.375000000000036,1.1378205128205137,2025,2-team
2.3400000000000016,234.00000000000017,39,39.0,25,44.50000000000005,1.1410256410256423,2025,2-team
2.3450000000000015,234.50000000000014,39,39.0,25,44.62500000000003,1.14423076923077,2025,2-team
2.3500000000000014,235.00000000000014,39,39.0,25,44.750000000000036,1.1474358974358982,2025,2-team
2.3550000000000018,235.50000000000017,39,39.0,25,44.87500000000006,1.150641025641027,2025,2-team
2.3600000000000017,236.00000000000017,39,39.0,25,45.00000000000003,1.1538461538461546,2025,2-team
2.3650000000000015,236.50000000000014,39,39.0,25,45.125000000000036,1.157051282051283,2025,2-team
2.370000000000002,237.0000000000002,39,39.0,25,45.25000000000006,1.1602564102564117,2025,2-team
2.3750000000000018,237.50000000000017,39,39.0,25,45.375000000000036,1.1634615384615394,2025,2-team
2.3800000000000017,238.00000000000017,39,39.0,25,45.50000000000005,1.1666666666666679,2025,2-team
2.3850000000000016,238.50000000000017,39,39.0,25,45.62500000000006,1.1698717948717963,2025,2-team
2.3900000000000015,239.00000000000014,39,39.0,25,45.75000000000003,1.1730769230769238,2025,2-team
2.395000000000002,239.50000000000017,39,39.0,25,45.87500000000005,1.1762820512820527,2025,2-team
2.4000000000000017,240.00000000000017,39,39.0,25,46.00000000000002,1.17948717948718,2025,2-team
2.4050000000000016,240.50000000000017,39,39.0,25,46.12500000000004,1.1826923076923088,2025,2-team
2.410000000000002,241.0000000000002,39,39.0,25,46.25000000000006,1.1858974358974375,2025,2-team
2.415000000000002,241.50000000000017,39,39.0,25,46.375000000000036,1.189102564102565,2025,2-team
2.4200000000000017,242.00000000000017,39,39.0,25,46.50000000000004,1.1923076923076934,2025,2-team
2.4250000000000016,242.50000000000017,39,39.0,25,46.62500000000005,1.1955128205128218,2025,2-team
2.4300000000000015,243.00000000000014,39,39.0,25,46.75000000000003,1.1987179487179493,2025,2-team
2.435000000000002,243.50000000000017,39,39.0,25,46.87500000000004,1.201923076923078,2025,2-team
2.4400000000000017,244.00000000000017,39,39.0,25,47.000000000000064,1.2051282051282068,2025,2-team
2.4450000000000016,244.50000000000017,39,39.0,25,47.125000000000036,1.2083333333333341,2025,2-team
2.450000000000002,245.0000000000002,39,39.0,25,47.25000000000006,1.211538461538463,2025,2-team
2.455000000000002,245.50000000000017,39,39.0,25,47.37500000000003,1.2147435897435905,2025,2-team
2.4600000000000017,246.00000000000017,39,39.0,25,47.500000000000036,1.217948717948719,2025,2-team
2.4650000000000016,246.50000000000017,39,39.0,25,47.62500000000005,1.2211538461538474,2025,2-team
2.4700000000000015,247.00000000000014,39,39.0,25,47.75000000000003,1.2243589743589751,2025,2-team
2.475000000000002,247.5000000000002,39,39.0,25,47.87500000000005,1.2275641025641038,2025,2-team
2.4800000000000018,248.00000000000017,39,39.0,25,48.00000000000006,1.2307692307692322,2025,2-team
2.4850000000000017,248.50000000000017,39,39.0,25,48.12500000000003,1.2339743589743597,2025,2-team
2.490000000000002,249.0000000000002,39,39.0,25,48.25000000000005,1.2371794871794886,2025,2-team
2.495000000000002,249.5000000000002,39,39.0,25,48.37500000000006,1.2403846153846168,2025,2-team
2.5000000000000018,250.00000000000017,39,39.0,25,48.500000000000036,1.2435897435897445,2025,2-team
2.5050000000000017,250.50000000000017,39,39.0,25,48.62500000000005,1.2467948717948731,2025,2-team
2.5100000000000016,251.00000000000017,39,39.0,25,48.75000000000006,1.2500000000000016,2025,2-team
2.515000000000002,251.5000000000002,39,39.0,25,48.87500000000004,1.2532051282051293,2025,2-team
2.520000000000002,252.00000000000017,39,39.0,25,49.00000000000005,1.2564102564102577,2025,2-team
2.5250000000000017,252.50000000000017,39,39.0,25,49.12500000000002,1.2596153846153852,2025,2-team
2.530000000000002,253.0000000000002,39,39.0,25,49.25000000000004,1.2628205128205139,2025,2-team
2.535000000000002,253.5000000000002,39,39.0,25,49.37500000000006,1.2660256410256425,2025,2-team
2.540000000000002,254.00000000000017,39,39.0,25,49.500000000000036,1.26923076923077,2025,2-team
2.5450000000000017,254.50000000000017,39,39.0,25,49.62500000000004,1.2724358974358985,2025,2-team
2.5500000000000016,255.00000000000017,39,39.0,25,49.75000000000005,1.2756410256410269,2025,2-team
2.555000000000002,255.5000000000002,39,39.0,25,49.875000000000036,1.2788461538461549,2025,2-team
2.560000000000002,256.00000000000017,39,39.0,25,50.00000000000004,1.282051282051283,2025,2-team
2.5650000000000017,256.50000000000017,39,39.0,25,50.125000000000064,1.285256410256412,2025,2-team
2.570000000000002,257.0000000000002,39,39.0,25,50.25000000000004,1.2884615384615397,2025,2-team
2.575000000000002,257.50000000000017,39,39.0,25,50.37500000000006,1.291666666666668,2025,2-team
2.580000000000002,258.00000000000017,39,39.0,25,50.50000000000003,1.2948717948717956,2025,2-team
2.5850000000000017,258.50000000000017,39,39.0,25,50.625000000000036,1.298076923076924,2025,2-team
2.5900000000000016,259.00000000000017,39,39.0,25,50.75000000000005,1.3012820512820527,2025,2-team
2.595000000000002,259.50000000000017,39,39.0,25,50.87500000000003,1.3044871794871802,2025,2-team
2.600000000000002,260.00000000000017,39,39.0,25,51.00000000000005,1.307692307692309,2025,2-team
2.6050000000000018,260.50000000000017,39,39.0,25,51.12500000000006,1.3108974358974375,2025,2-team
2.610000000000002,261.0000000000002,39,39.0,25,51.25000000000004,1.3141025641025652,2025,2-team
2.615000000000002,261.5000000000002,39,39.0,25,51.37500000000005,1.3173076923076936,2025,2-team
2.620000000000002,262.00000000000017,39,39.0,25,51.50000000000006,1.320512820512822,2025,2-team
2.6250000000000018,262.50000000000017,39,39.0,25,51.625000000000036,1.3237179487179496,2025,2-team
2.6300000000000017,263.00000000000017,39,39.0,25,51.75000000000005,1.3269230769230782,2025,2-team
2.635000000000002,263.5000000000002,39,39.0,25,51.87500000000007,1.3301282051282068,2025,2-team
2.640000000000002,264.00000000000017,39,39.0,25,52.00000000000004,1.3333333333333344,2025,2-team
2.645000000000002,264.50000000000017,39,39.0,25,52.12500000000005,1.3365384615384628,2025,2-team
2.650000000000002,265.0000000000002,39,39.0,25,52.25000000000007,1.3397435897435916,2025,2-team
2.655000000000002,265.5000000000002,39,39.0,25,52.37500000000004,1.342948717948719,2025,2-team
2.660000000000002,266.00000000000017,39,39.0,25,52.50000000000006,1.3461538461538476,2025,2-team
2.665000000000002,266.50000000000017,39,39.0,25,52.625000000000036,1.3493589743589753,2025,2-team
2.6700000000000017,267.00000000000017,39,39.0,25,52.75000000000004,1.3525641025641038,2025,2-team
2.675000000000002,267.5000000000002,39,39.0,25,52.875000000000064,1.3557692307692324,2025,2-team
2.680000000000002,268.00000000000017,39,39.0,25,53.000000000000036,1.35897435897436,2025,2-team
2.685000000000002,268.50000000000017,39,39.0,25,53.12500000000004,1.3621794871794883,2025,2-team
2.690000000000002,269.0000000000002,39,39.0,25,53.250000000000064,1.365384615384617,2025,2-team
2.695000000000002,269.5000000000002,39,39.0,25,53.37500000000004,1.3685897435897447,2025,2-team
2.700000000000002,270.00000000000017,39,39.0,25,53.50000000000006,1.3717948717948734,2025,2-team
2.705000000000002,270.50000000000017,39,39.0,25,53.62500000000003,1.3750000000000007,2025,2-team
2.7100000000000017,271.00000000000017,39,39.0,25,53.750000000000036,1.378205128205129,2025,2-team
2.715000000000002,271.5000000000002,39,39.0,25,53.87500000000006,1.381410256410258,2025,2-team
2.720000000000002,272.00000000000017,39,39.0,25,54.00000000000003,1.3846153846153852,2025,2-team
2.725000000000002,272.50000000000017,39,39.0,25,54.12500000000005,1.387820512820514,2025,2-team
2.730000000000002,273.0000000000002,39,39.0,25,54.250000000000064,1.3910256410256427,2025,2-team
2.735000000000002,273.5000000000002,39,39.0,25,54.37500000000004,1.3942307692307703,2025,2-team
2.740000000000002,274.0000000000002,39,39.0,25,54.50000000000005,1.3974358974358987,2025,2-team
2.745000000000002,274.50000000000017,39,39.0,25,54.62500000000006,1.400641025641027,2025,2-team
2.7500000000000018,275.00000000000017,39,39.0,25,54.750000000000036,1.4038461538461549,2025,2-team
2.755000000000002,275.5000000000002,39,39.0,25,54.87500000000005,1.4070512820512833,2025,2-team
2.760000000000002,276.0000000000002,39,39.0,25,55.00000000000007,1.4102564102564121,2025,2-team
2.765000000000002,276.50000000000017,39,39.0,25,55.12500000000004,1.4134615384615397,2025,2-team
2.7700000000000022,277.0000000000002,39,39.0,25,55.250000000000064,1.4166666666666683,2025,2-team
2.775000000000002,277.5000000000002,39,39.0,25,55.37500000000007,1.4198717948717967,2025,2-team
2.780000000000002,278.0000000000002,39,39.0,25,55.50000000000004,1.4230769230769242,2025,2-team
2.785000000000002,278.50000000000017,39,39.0,25,55.62500000000006,1.4262820512820527,2025,2-team
2.790000000000002,279.00000000000017,39,39.0,25,55.750000000000036,1.4294871794871804,2025,2-team
2.795000000000002,279.5000000000002,39,39.0,25,55.87500000000006,1.432692307692309,2025,2-team
2.800000000000002,280.0000000000002,39,39.0,25,56.000000000000064,1.4358974358974375,2025,2-team
2.805000000000002,280.50000000000017,39,39.0,25,56.125000000000036,1.439102564102565,2025,2-team
2.8100000000000023,281.0000000000002,39,39.0,25,56.25000000000006,1.4423076923076938,2025,2-team
2.815000000000002,281.5000000000002,39,39.0,25,56.375000000000064,1.4455128205128223,2025,2-team
2.820000000000002,282.0000000000002,39,39.0,25,56.50000000000004,1.4487179487179498,2025,2-team
2.825000000000002,282.50000000000017,39,39.0,25,56.62500000000006,1.4519230769230784,2025,2-team
2.830000000000002,283.00000000000017,39,39.0,25,56.75000000000003,1.455128205128206,2025,2-team
2.835000000000002,283.5000000000002,39,39.0,25,56.87500000000005,1.4583333333333346,2025,2-team
2.840000000000002,284.0000000000002,39,39.0,25,57.00000000000006,1.461538461538463,2025,2-team
2.845000000000002,284.50000000000017,39,39.0,25,57.12500000000003,1.4647435897435905,2025,2-team
2.8500000000000023,285.0000000000002,39,39.0,25,57.25000000000005,1.4679487179487192,2025,2-team
2.855000000000002,285.5000000000002,39,39.0,25,57.375000000000064,1.4711538461538478,2025,2-team
2.860000000000002,286.0000000000002,39,39.0,25,57.50000000000004,1.4743589743589756,2025,2-team
2.865000000000002,286.5000000000002,39,39.0,25,57.62500000000005,1.4775641025641038,2025,2-team
2.870000000000002,287.00000000000017,39,39.0,25,57.75000000000006,1.4807692307692322,2025,2-team
2.875000000000002,287.5000000000002,39,39.0,25,57.87500000000004,1.4839743589743601,2025,2-team
2.880000000000002,288.0000000000002,39,39.0,25,58.00000000000005,1.4871794871794886,2025,2-team
2.885000000000002,288.5000000000002,39,39.0,25,58.12500000000007,1.4903846153846172,2025,2-team
2.8900000000000023,289.0000000000002,39,39.0,25,58.25000000000005,1.493589743589745,2025,2-team
2.8950000000000022,289.5000000000002,39,39.0,25,58.375000000000064,1.4967948717948734,2025,2-team
2.900000000000002,290.0000000000002,39,39.0,25,58.50000000000007,1.5000000000000018,2025,2-team
2.905000000000002,290.5000000000002,39,39.0,25,58.62500000000004,1.5032051282051293,2025,2-team
2.910000000000002,291.00000000000017,39,39.0,25,58.75000000000006,1.506410256410258,2025,2-team
2.9150000000000023,291.5000000000002,39,39.0,25,58.875000000000036,1.5096153846153855,2025,2-team
2.920000000000002,292.0000000000002,39,39.0,25,59.00000000000006,1.5128205128205143,2025,2-team
2.925000000000002,292.5000000000002,39,39.0,25,59.125000000000064,1.5160256410256427,2025,2-team
2.9300000000000024,293.0000000000002,39,39.0,25,59.25000000000005,1.5192307692307705,2025,2-team
2.9350000000000023,293.5000000000002,39,39.0,25,59.37500000000006,1.522435897435899,2025,2-team
2.940000000000002,294.0000000000002,39,39.0,25,59.500000000000064,1.5256410256410273,2025,2-team
2.945000000000002,294.5000000000002,39,39.0,25,59.62500000000004,1.5288461538461549,2025,2-team
2.950000000000002,295.00000000000017,39,39.0,25,59.75000000000006,1.5320512820512835,2025,2-team
2.9550000000000023,295.5000000000002,39,39.0,25,59.87500000000008,1.5352564102564124,2025,2-team
2.960000000000002,296.0000000000002,39,39.0,25,60.00000000000005,1.5384615384615397,2025,2-team
2.965000000000002,296.5000000000002,39,39.0,25,60.12500000000006,1.541666666666668,2025,2-team
2.9700000000000024,297.0000000000002,39,39.0,25,60.25000000000004,1.544871794871796,2025,2-team
2.9750000000000023,297.5000000000002,39,39.0,25,60.37500000000005,1.5480769230769245,2025,2-team
2.980000000000002,298.0000000000002,39,39.0,25,60.500000000000064,1.5512820512820529,2025,2-team
2.985000000000002,298.5000000000002,39,39.0,25,60.62500000000004,1.5544871794871806,2025,2-team
2.990000000000002,299.0000000000002,39,39.0,25,60.75000000000005,1.557692307692309,2025,2-team
2.9950000000000023,299.5000000000002,39,39.0,25,60.87500000000007,1.5608974358974377,2025,2-team
3.000000000000002,300.0000000000002,39,39.0,25,61.00000000000004,1.5641025641025652,2025,2-team
0.3,-333.33333333333337,0,0.0,0,0.0,,2025,3-team
0.305,-327.8688524590164,0,0.0,0,0.0,,2025,3-team
0.31,-322.5806451612903,0,0.0,0,0.0,,2025,3-team
0.315,-317.46031746031747,0,0.0,0,0.0,,2025,3-team
0.32,-312.5,0,0.0,0,0.0,,2025,3-team
0.325,-307.6923076923077,0,0.0,0,0.0,,2025,3-team
0.33,-303.030303030303,0,0.0,0,0.0,,2025,3-team
0.335,-298.5074626865671,0,0.0,0,0.0,,2025,3-team
0.34,-294.11764705882354,0,0.0,0,0.0,,2025,3-team
0.34500000000000003,-289.85507246376807,0,0.0,0,0.0,,2025,3-team
0.35000000000000003,-285.71428571428567,0,0.0,0,0.0,,2025,3-team
0.35500000000000004,-281.6901408450704,0,0.0,0,0.0,,2025,3-team
0.36000000000000004,-277.77777777777777,0,0.0,0,0.0,,2025,3-team
0.36500000000000005,-273.97260273972597,0,0.0,0,0.0,,2025,3-team
0.37000000000000005,-270.27027027027026,0,0.0,0,0.0,,2025,3-team
0.37500000000000006,-266.66666666666663,0,0.0,0,0.0,,2025,3-team
0.38000000000000006,-263.1578947368421,0,0.0,0,0.0,,2025,3-team
0.38500000000000006,-259.7402597402597,0,0.0,0,0.0,,2025,3-team
0.39000000000000007,-256.41025641025635,0,0.0,0,0.0,,2025,3-team
0.3950000000000001,-253.16455696202527,0,0.0,0,0.0,,2025,3-team
0.4000000000000001,-249.99999999999994,0,0.0,0,0.0,,2025,3-team
0.4050000000000001,-246.91358024691354,0,0.0,0,0.0,,2025,3-team
0.4100000000000001,-243.9024390243902,0,0.0,0,0.0,,2025,3-team
0.4150000000000001,-240.9638554216867,0,0.0,0,0.0,,2025,3-team
0.4200000000000001,-238.09523809523805,0,0.0,0,0.0,,2025,3-team
0.4250000000000001,-235.29411764705875,0,0.0,0,0.0,,2025,3-team
0.4300000000000001,-232.55813953488365,0,0.0,0,0.0,,2025,3-team
0.4350000000000001,-229.8850574712643,0,0.0,0,0.0,,2025,3-team
0.4400000000000001,-227.27272727272722,0,0.0,0,0.0,,2025,3-team
0.4450000000000001,-224.71910112359544,0,0.0,0,0.0,,2025,3-team
0.4500000000000001,-222.22222222222217,0,0.0,0,0.0,,2025,3-team
0.4550000000000001,-219.7802197802197,0,0.0,0,0.0,,2025,3-team
0.46000000000000013,-217.39130434782604,0,0.0,0,0.0,,2025,3-team
0.46500000000000014,-215.05376344086017,0,0.0,0,0.0,,2025,3-team
0.47000000000000014,-212.76595744680844,0,0.0,0,0.0,,2025,3-team
0.47500000000000014,-210.5263157894736,0,0.0,0,0.0,,2025,3-team
0.48000000000000015,-208.33333333333326,0,0.0,0,0.0,,2025,3-team
0.48500000000000015,-206.1855670103092,0,0.0,0,0.0,,2025,3-team
0.49000000000000016,-204.08163265306115,0,0.0,0,0.0,,2025,3-team
0.49500000000000016,-202.02020202020196,0,0.0,0,0.0,,2025,3-team
0.5000000000000002,-199.99999999999991,0,0.0,0,0.0,,2025,3-team
0.5050000000000001,-198.01980198019797,0,0.0,0,0.0,,2025,3-team
0.5100000000000002,-196.07843137254892,0,0.0,0,0.0,,2025,3-team
0.5150000000000001,-194.17475728155335,0,0.0,0,0.0,,2025,3-team
0.5200000000000002,-192.3076923076922,0,0.0,0,0.0,,2025,3-team
0.5250000000000001,-190.47619047619042,0,0.0,0,0.0,,2025,3-team
0.5300000000000002,-188.6792452830188,0,0.0,0,0.0,,2025,3-team
0.5350000000000001,-186.91588785046724,0,0.0,0,0.0,,2025,3-team
0.5400000000000003,-185.1851851851851,0,0.0,0,0.0,,2025,3-team
0.5450000000000002,-183.48623853211004,0,0.0,0,0.0,,2025,3-team
0.5500000000000003,-181.81818181818173,0,0.0,0,0.0,,2025,3-team
0.5550000000000002,-180.18018018018012,0,0.0,0,0.0,,2025,3-team
0.5600000000000003,-178.57142857142847,0,0.0,0,0.0,,2025,3-team
0.5650000000000002,-176.99115044247782,0,0.0,0,0.0,,2025,3-team
0.5700000000000003,-175.43859649122797,0,0.0,0,0.0,,2025,3-team
0.5750000000000002,-173.91304347826082,0,0.0,0,0.0,,2025,3-team
0.5800000000000003,-172.4137931034482,0,0.0,0,0.0,,2025,3-team
0.5850000000000002,-170.94017094017087,0,0.0,0,0.0,,2025,3-team
0.5900000000000003,-169.49152542372872,0,0.0,0,0.0,,2025,3-team
0.5950000000000002,-168.06722689075625,0,0.0,0,0.0,,2025,3-team
0.6000000000000003,-166.66666666666657,0,0.0,0,0.0,,2025,3-team
0.6050000000000002,-165.28925619834706,0,0.0,0,0.0,,2025,3-team
0.6100000000000003,-163.93442622950812,0,0.0,0,0.0,,2025,3-team
0.6150000000000002,-162.6016260162601,0,0.0,0,0.0,,2025,3-team
0.6200000000000003,-161.29032258064507,0,0.0,0,0.0,,2025,3-team
0.6250000000000002,-159.99999999999994,0,0.0,0,0.0,,2025,3-team
0.6300000000000003,-158.73015873015865,0,0.0,0,0.0,,2025,3-team
0.6350000000000002,-157.48031496062987,0,0.0,0,0.0,,2025,3-team
0.6400000000000003,-156.24999999999991,0,0.0,0,0.0,,2025,3-team
0.6450000000000002,-155.03875968992241,0,0.0,0,0.0,,2025,3-team
0.6500000000000004,-153.84615384615375,0,0.0,0,0.0,,2025,3-team
0.6550000000000002,-152.6717557251908,0,0.0,0,0.0,,2025,3-team
0.6600000000000004,-151.51515151515144,0,0.0,0,0.0,,2025,3-team
0.6650000000000003,-150.375939849624,0,0.0,0,0.0,,2025,3-team
0.6700000000000004,-149.2537313432835,0,0.0,0,0.0,,2025,3-team
0.6750000000000003,-148.1481481481481,0,0.0,0,0.0,,2025,3-team
0.6800000000000004,-147.05882352941168,0,0.0,0,0.0,,2025,3-team
0.6850000000000003,-145.98540145985396,0,0.0,0,0.0,,2025,3-team
0.6900000000000004,-144.92753623188398,0,0.0,0,0.0,,2025,3-team
0.6950000000000003,-143.88489208633086,0,0.0,0,0.0,,2025,3-team
0.7000000000000004,-142.85714285714278,0,0.0,0,0.0,,2025,3-team
0.7050000000000003,-141.84397163120562,0,0.0,0,0.0,,2025,3-team
0.7100000000000004,-140.84507042253514,0,0.0,0,0.0,,2025,3-team
0.7150000000000003,-139.8601398601398,0,0.0,0,0.0,,2025,3-team
0.7200000000000004,-138.8888888888888,0,0.0,0,0.0,,2025,3-team
0.7250000000000003,-137.93103448275855,0,0.0,0,0.0,,2025,3-team
0.7300000000000004,-136.98630136986293,0,0.0,0,0.0,,2025,3-team
0.7350000000000003,-136.0544217687074,0,0.0,0,0.0,,2025,3-team
0.7400000000000004,-135.13513513513504,0,0.0,0,0.0,,2025,3-team
0.7450000000000003,-134.22818791946304,0,0.0,0,0.0,,2025,3-team
0.7500000000000004,-133.33333333333326,0,0.0,0,0.0,,2025,3-team
0.7550000000000003,-132.45033112582774,0,0.0,0,0.0,,2025,3-team
0.7600000000000005,-131.57894736842098,0,0.0,0,0.0,,2025,3-team
0.7650000000000003,-130.71895424836595,0,0.0,0,0.0,,2025,3-team
0.7700000000000005,-129.8701298701298,0,0.0,0,0.0,,2025,3-team
0.7750000000000004,-129.03225806451607,0,0.0,0,0.0,,2025,3-team
0.7800000000000005,-128.20512820512812,0,0.0,0,0.0,,2025,3-team
0.7850000000000004,-127.38853503184707,0,0.0,0,0.0,,2025,3-team
0.7900000000000005,-126.58227848101258,0,0.0,0,0.0,,2025,3-team
0.7950000000000004,-125.78616352201252,0,0.0,0,0.0,,2025,3-team
0.8000000000000005,-124.99999999999993,0,0.0,0,0.0,,2025,3-team
0.8050000000000004,-124.223602484472,0,0.0,0,0.0,,2025,3-team
0.8100000000000005,-123.45679012345671,0,0.0,0,0.0,,2025,3-team
0.8150000000000004,-122.69938650306743,0,0.0,0,0.0,,2025,3-team
0.8200000000000005,-121.95121951219505,0,0.0,0,0.0,,2025,3-team
0.8250000000000004,-121.21212121212115,0,0.0,0,0.0,,2025,3-team
0.8300000000000005,-120.4819277108433,0,0.0,0,0.0,,2025,3-team
0.8350000000000004,-119.76047904191611,0,0.0,0,0.0,,2025,3-team
0.8400000000000005,-119.04761904761898,0,0.0,0,0.0,,2025,3-team
0.8450000000000004,-118.34319526627213,0,0.0,0,0.0,,2025,3-team
0.8500000000000005,-117.64705882352933,0,0.0,0,0.0,,2025,3-team
0.8550000000000004,-116.95906432748532,0,0.0,0,0.0,,2025,3-team
0.8600000000000005,-116.27906976744178,0,0.0,0,0.0,,2025,3-team
0.8650000000000004,-115.60693641618491,0,0.0,0,0.0,,2025,3-team
0.8700000000000006,-114.94252873563211,0,0.0,0,0.0,,2025,3-team
0.8750000000000004,-114.28571428571422,0,0.0,0,0.0,,2025,3-team
0.8800000000000006,-113.63636363636357,0,0.0,0,0.0,,2025,3-team
0.8850000000000005,-112.99435028248581,0,0.0,0,0.0,,2025,3-team
0.8900000000000006,-112.35955056179768,0,0.0,0,0.0,,2025,3-team
0.8950000000000005,-111.73184357541894,0,0.0,0,0.0,,2025,3-team
0.9000000000000006,-111.11111111111104,0,0.0,0,0.0,,2025,3-team
0.9050000000000005,-110.49723756906072,0,0.0,0,0.0,,2025,3-team
0.9100000000000006,-109.89010989010981,0,0.0,0,0.0,,2025,3-team
0.9150000000000005,-109.28961748633874,0,0.0,0,0.0,,2025,3-team
0.9200000000000006,-108.69565217391298,0,0.0,0,0.0,,2025,3-team
0.9250000000000005,-108.10810810810806,0,0.0,0,0.0,,2025,3-team
0.9300000000000006,-107.52688172043004,0,0.0,0,0.0,,2025,3-team
0.9350000000000005,-106.95187165775395,0,0.0,0,0.0,,2025,3-team
0.9400000000000006,-106.3829787234042,0,0.0,0,0.0,,2025,3-team
0.9450000000000005,-105.82010582010577,0,0.0,0,0.0,,2025,3-team
0.9500000000000006,-105.26315789473678,0,0.0,0,0.0,,2025,3-team
0.9550000000000005,-104.7120418848167,0,0.0,0,0.0,,2025,3-team
0.9600000000000006,-104.1666666666666,0,0.0,0,0.0,,2025,3-team
0.9650000000000005,-103.62694300518129,0,0.0,0,0.0,,2025,3-team
0.9700000000000006,-103.09278350515457,0,0.0,0,0.0,,2025,3-team
0.9750000000000005,-102.56410256410251,0,0.0,0,0.0,,2025,3-team
0.9800000000000006,-102.04081632653055,0,0.0,0,0.0,,2025,3-team
0.9850000000000005,-101.52284263959385,0,0.0,0,0.0,,2025,3-team
0.9900000000000007,-101.01010101010094,0,0.0,0,0.0,,2025,3-team
0.9950000000000006,-100.50251256281402,0,0.0,0,0.0,,2025,3-team
1.0000000000000007,100.00000000000007,0,0.0,0,0.0,,2025,3-team
1.0050000000000006,100.50000000000006,0,0.0,0,0.0,,2025,3-team
1.0100000000000007,101.00000000000007,0,0.0,0,0.0,,2025,3-team
1.0150000000000006,101.50000000000006,0,0.0,0,0.0,,2025,3-team
1.0200000000000007,102.00000000000007,0,0.0,0,0.0,,2025,3-team
1.0250000000000006,102.50000000000006,0,0.0,0,0.0,,2025,3-team
1.0300000000000007,103.00000000000007,0,0.0,0,0.0,,2025,3-team
1.0350000000000006,103.50000000000006,0,0.0,0,0.0,,2025,3-team
1.0400000000000007,104.00000000000007,0,0.0,0,0.0,,2025,3-team
1.0450000000000006,104.50000000000006,0,0.0,0,0.0,,2025,3-team
1.0500000000000007,105.00000000000007,0,0.0,0,0.0,,2025,3-team
1.0550000000000006,105.50000000000006,0,0.0,0,0.0,,2025,3-team
1.0600000000000007,106.00000000000007,0,0.0,0,0.0,,2025,3-team
1.0650000000000006,106.50000000000006,0,0.0,0,0.0,,2025,3-team
1.0700000000000007,107.00000000000007,0,0.0,0,0.0,,2025,3-team
1.0750000000000006,107.50000000000006,0,0.0,0,0.0,,2025,3-team
1.0800000000000007,108.00000000000007,0,0.0,0,0.0,,2025,3-team
1.0850000000000006,108.50000000000006,0,0.0,0,0.0,,2025,3-team
1.0900000000000007,109.00000000000007,0,0.0,0,0.0,,2025,3-team
1.0950000000000006,109.50000000000006,0,0.0,0,0.0,,2025,3-team
1.1000000000000008,110.00000000000007,0,0.0,0,0.0,,2025,3-team
1.1050000000000006,110.50000000000007,0,0.0,0,0.0,,2025,3-team
1.1100000000000008,111.00000000000007,0,0.0,0,0.0,,2025,3-team
1.1150000000000007,111.50000000000007,0,0.0,0,0.0,,2025,3-team
1.1200000000000008,112.00000000000007,0,0.0,0,0.0,,2025,3-team
1.1250000000000007,112.50000000000007,0,0.0,0,0.0,,2025,3-team
1.1300000000000008,113.00000000000009,0,0.0,0,0.0,,2025,3-team
1.1350000000000007,113.50000000000007,0,0.0,0,0.0,,2025,3-team
1.1400000000000008,114.00000000000009,0,0.0,0,0.0,,2025,3-team
1.1450000000000007,114.50000000000007,0,0.0,0,0.0,,2025,3-team
1.1500000000000008,115.00000000000009,0,0.0,0,0.0,,2025,3-team
1.1550000000000007,115.50000000000007,0,0.0,0,0.0,,2025,3-team
1.1600000000000008,116.00000000000009,0,0.0,0,0.0,,2025,3-team
1.1650000000000007,116.50000000000007,0,0.0,0,0.0,,2025,3-team
1.1700000000000008,117.00000000000009,0,0.0,0,0.0,,2025,3-team
1.1750000000000007,117.50000000000007,1,1.0,0,-1.0,-1.0,2025,3-team
1.1800000000000008,118.00000000000009,1,1.0,0,-1.0,-1.0,2025,3-team
1.1850000000000007,118.50000000000007,1,1.0,0,-1.0,-1.0,2025,3-team
1.1900000000000008,119.00000000000009,1,1.0,0,-1.0,-1.0,2025,3-team
1.1950000000000007,119.50000000000007,1,1.0,0,-1.0,-1.0,2025,3-team
1.2000000000000008,120.00000000000009,1,1.0,0,-1.0,-1.0,2025,3-team
1.2050000000000007,120.50000000000007,1,1.0,0,-1.0,-1.0,2025,3-team
1.2100000000000009,121.00000000000009,1,1.0,0,-1.0,-1.0,2025,3-team
1.2150000000000007,121.50000000000007,1,1.0,0,-1.0,-1.0,2025,3-team
1.2200000000000009,122.00000000000009,1,1.0,0,-1.0,-1.0,2025,3-team
1.2250000000000008,122.50000000000007,2,2.0,0,-2.0,-1.0,2025,3-team
1.2300000000000009,123.00000000000009,2,2.0,0,-2.0,-1.0,2025,3-team
1.2350000000000008,123.50000000000007,2,2.0,0,-2.0,-1.0,2025,3-team
1.2400000000000009,124.00000000000009,2,2.0,0,-2.0,-1.0,2025,3-team
1.2450000000000008,124.50000000000007,3,3.0,0,-3.0,-1.0,2025,3-team
1.2500000000000009,125.00000000000009,3,3.0,0,-3.0,-1.0,2025,3-team
1.2550000000000008,125.50000000000009,3,3.0,0,-3.0,-1.0,2025,3-team
1.260000000000001,126.00000000000009,3,3.0,0,-3.0,-1.0,2025,3-team
1.2650000000000008,126.50000000000009,4,4.0,1,-1.7349999999999992,-0.4337499999999998,2025,3-team
1.270000000000001,127.00000000000009,4,4.0,1,-1.729999999999999,-0.4324999999999998,2025,3-team
1.2750000000000008,127.50000000000009,4,4.0,1,-1.7249999999999992,-0.4312499999999998,2025,3-team
1.280000000000001,128.00000000000009,4,4.0,1,-1.719999999999999,-0.42999999999999977,2025,3-team
1.2850000000000008,128.50000000000009,4,4.0,1,-1.7149999999999992,-0.4287499999999998,2025,3-team
1.290000000000001,129.00000000000009,4,4.0,1,-1.709999999999999,-0.42749999999999977,2025,3-team
1.2950000000000008,129.50000000000009,4,4.0,1,-1.7049999999999992,-0.4262499999999998,2025,3-team
1.300000000000001,130.00000000000009,5,5.0,2,-0.39999999999999813,-0.07999999999999963,2025,3-team
1.3050000000000008,130.50000000000009,5,5.0,2,-0.38999999999999835,-0.07799999999999967,2025,3-team
1.310000000000001,131.00000000000009,5,5.0,2,-0.3799999999999981,-0.07599999999999962,2025,3-team
1.315000000000001,131.5000000000001,7,7.0,2,-2.3699999999999974,-0.3385714285714282,2025,3-team
1.320000000000001,132.00000000000009,7,7.0,2,-2.3599999999999977,-0.3371428571428568,2025,3-team
1.3250000000000008,132.50000000000009,10,10.0,4,-0.6999999999999966,-0.06999999999999966,2025,3-team
1.330000000000001,133.00000000000009,11,11.0,5,0.6500000000000048,0.05909090909090953,2025,3-team
1.335000000000001,133.5000000000001,11,11.0,5,0.6750000000000054,0.06136363636363685,2025,3-team
1.340000000000001,134.00000000000009,11,11.0,5,0.7000000000000048,0.06363636363636407,2025,3-team
1.3450000000000009,134.50000000000009,12,12.0,6,2.070000000000005,0.17250000000000043,2025,3-team
1.350000000000001,135.00000000000009,15,15.0,6,-0.8999999999999941,-0.05999999999999961,2025,3-team
1.355000000000001,135.5000000000001,15,15.0,6,-0.8699999999999934,-0.057999999999999566,2025,3-team
1.360000000000001,136.00000000000009,15,15.0,6,-0.8399999999999941,-0.055999999999999606,2025,3-team
1.3650000000000009,136.50000000000009,15,15.0,6,-0.8099999999999947,-0.053999999999999646,2025,3-team
1.370000000000001,137.0000000000001,15,15.0,6,-0.779999999999994,-0.0519999999999996,2025,3-team
1.375000000000001,137.5000000000001,15,15.0,6,-0.7499999999999933,-0.04999999999999956,2025,3-team
1.380000000000001,138.0000000000001,15,15.0,6,-0.719999999999994,-0.0479999999999996,2025,3-team
1.385000000000001,138.50000000000009,16,16.0,7,0.6950000000000063,0.04343750000000039,2025,3-team
1.390000000000001,139.0000000000001,18,18.0,9,3.5100000000000087,0.19500000000000048,2025,3-team
1.3950000000000011,139.5000000000001,18,18.0,9,3.5550000000000104,0.19750000000000056,2025,3-team
1.400000000000001,140.0000000000001,19,19.0,10,5.000000000000011,0.26315789473684265,2025,3-team
1.405000000000001,140.50000000000009,19,19.0,10,5.05000000000001,0.265789473684211,2025,3-team
1.410000000000001,141.0000000000001,19,19.0,10,5.10000000000001,0.2684210526315795,2025,3-team
1.4150000000000011,141.5000000000001,19,19.0,10,5.150000000000011,0.27105263157894793,2025,3-team
1.420000000000001,142.0000000000001,20,20.0,11,6.620000000000011,0.3310000000000005,2025,3-team
1.425000000000001,142.50000000000009,20,20.0,11,6.67500000000001,0.3337500000000005,2025,3-team
1.430000000000001,143.0000000000001,20,20.0,11,6.730000000000013,0.33650000000000063,2025,3-team
1.4350000000000012,143.5000000000001,20,20.0,11,6.7850000000000135,0.33925000000000066,2025,3-team
1.440000000000001,144.0000000000001,20,20.0,11,6.840000000000012,0.34200000000000064,2025,3-team
1.445000000000001,144.50000000000009,20,20.0,11,6.895000000000011,0.34475000000000056,2025,3-team
1.450000000000001,145.0000000000001,20,20.0,11,6.950000000000012,0.3475000000000006,2025,3-team
1.4550000000000012,145.5000000000001,20,20.0,11,7.005000000000013,0.35025000000000067,2025,3-team
1.460000000000001,146.0000000000001,20,20.0,11,7.060000000000011,0.35300000000000054,2025,3-team
1.465000000000001,146.50000000000009,20,20.0,11,7.115000000000011,0.35575000000000057,2025,3-team
1.470000000000001,147.0000000000001,20,20.0,11,7.170000000000011,0.35850000000000054,2025,3-team
1.4750000000000012,147.5000000000001,20,20.0,11,7.225000000000014,0.3612500000000007,2025,3-team
1.480000000000001,148.0000000000001,20,20.0,11,7.280000000000012,0.3640000000000006,2025,3-team
1.485000000000001,148.50000000000009,20,20.0,11,7.3350000000000115,0.3667500000000006,2025,3-team
1.490000000000001,149.0000000000001,20,20.0,11,7.390000000000011,0.36950000000000055,2025,3-team
1.4950000000000012,149.5000000000001,20,20.0,11,7.445000000000013,0.37225000000000064,2025,3-team
1.500000000000001,150.0000000000001,20,20.0,11,7.500000000000012,0.3750000000000006,2025,3-team
1.505000000000001,150.5000000000001,20,20.0,11,7.55500000000001,0.37775000000000053,2025,3-team
1.5100000000000011,151.0000000000001,20,20.0,11,7.610000000000014,0.38050000000000067,2025,3-team
1.5150000000000012,151.5000000000001,20,20.0,11,7.665000000000013,0.38325000000000065,2025,3-team
1.5200000000000011,152.0000000000001,20,20.0,11,7.720000000000013,0.3860000000000007,2025,3-team
1.525000000000001,152.5000000000001,20,20.0,11,7.775000000000011,0.38875000000000054,2025,3-team
1.5300000000000011,153.0000000000001,20,20.0,11,7.8300000000000125,0.3915000000000006,2025,3-team
1.5350000000000013,153.5000000000001,20,20.0,11,7.885000000000014,0.3942500000000007,2025,3-team
1.5400000000000011,154.0000000000001,20,20.0,11,7.940000000000012,0.3970000000000006,2025,3-team
1.545000000000001,154.5000000000001,20,20.0,11,7.995000000000012,0.3997500000000006,2025,3-team
1.5500000000000012,155.0000000000001,20,20.0,11,8.050000000000011,0.4025000000000006,2025,3-team
1.5550000000000013,155.5000000000001,20,20.0,11,8.105000000000015,0.4052500000000007,2025,3-team
1.5600000000000012,156.0000000000001,20,20.0,11,8.160000000000013,0.40800000000000064,2025,3-team
1.565000000000001,156.5000000000001,20,20.0,11,8.215000000000012,0.4107500000000006,2025,3-team
1.5700000000000012,157.0000000000001,20,20.0,11,8.270000000000014,0.4135000000000007,2025,3-team
1.5750000000000013,157.50000000000014,20,20.0,11,8.325000000000014,0.4162500000000007,2025,3-team
1.5800000000000012,158.0000000000001,20,20.0,11,8.380000000000013,0.41900000000000065,2025,3-team
1.585000000000001,158.5000000000001,20,20.0,11,8.435000000000011,0.42175000000000057,2025,3-team
1.5900000000000012,159.0000000000001,20,20.0,11,8.490000000000014,0.4245000000000007,2025,3-team
1.5950000000000013,159.50000000000014,20,20.0,11,8.545000000000014,0.4272500000000007,2025,3-team
1.6000000000000012,160.0000000000001,20,20.0,11,8.600000000000014,0.4300000000000007,2025,3-team
1.605000000000001,160.5000000000001,20,20.0,11,8.655000000000012,0.4327500000000006,2025,3-team
1.6100000000000012,161.0000000000001,20,20.0,11,8.710000000000013,0.43550000000000066,2025,3-team
1.6150000000000013,161.50000000000014,20,20.0,11,8.765000000000015,0.43825000000000075,2025,3-team
1.6200000000000012,162.0000000000001,20,20.0,11,8.820000000000013,0.4410000000000006,2025,3-team
1.625000000000001,162.5000000000001,20,20.0,11,8.875000000000012,0.44375000000000064,2025,3-team
1.6300000000000012,163.0000000000001,20,20.0,11,8.930000000000012,0.4465000000000006,2025,3-team
1.6350000000000013,163.50000000000014,20,20.0,11,8.985000000000015,0.44925000000000076,2025,3-team
1.6400000000000012,164.0000000000001,20,20.0,11,9.040000000000013,0.4520000000000007,2025,3-team
1.6450000000000011,164.5000000000001,20,20.0,11,9.095000000000013,0.45475000000000065,2025,3-team
1.6500000000000012,165.0000000000001,20,20.0,11,9.150000000000013,0.45750000000000063,2025,3-team
1.6550000000000014,165.50000000000014,20,20.0,11,9.205000000000014,0.4602500000000007,2025,3-team
1.6600000000000013,166.0000000000001,20,20.0,11,9.260000000000014,0.4630000000000007,2025,3-team
1.6650000000000011,166.5000000000001,20,20.0,11,9.315000000000012,0.4657500000000006,2025,3-team
1.6700000000000013,167.0000000000001,20,20.0,11,9.370000000000015,0.46850000000000075,2025,3-team
1.6750000000000014,167.50000000000014,20,20.0,11,9.425000000000015,0.4712500000000007,2025,3-team
1.6800000000000013,168.0000000000001,20,20.0,11,9.480000000000015,0.47400000000000075,2025,3-team
1.6850000000000012,168.5000000000001,20,20.0,11,9.535000000000013,0.4767500000000006,2025,3-team
1.6900000000000013,169.0000000000001,20,20.0,11,9.590000000000014,0.4795000000000007,2025,3-team
1.6950000000000014,169.50000000000014,20,20.0,11,9.645000000000016,0.4822500000000008,2025,3-team
1.7000000000000013,170.00000000000014,20,20.0,11,9.700000000000014,0.48500000000000065,2025,3-team
1.7050000000000012,170.5000000000001,20,20.0,11,9.755000000000013,0.4877500000000007,2025,3-team
1.7100000000000013,171.00000000000014,20,20.0,11,9.810000000000013,0.49050000000000066,2025,3-team
1.7150000000000014,171.50000000000014,20,20.0,11,9.865000000000016,0.4932500000000008,2025,3-team
1.7200000000000013,172.00000000000014,20,20.0,11,9.920000000000014,0.4960000000000007,2025,3-team
1.7250000000000012,172.5000000000001,20,20.0,11,9.975000000000014,0.4987500000000007,2025,3-team
1.7300000000000013,173.00000000000014,20,20.0,11,10.030000000000015,0.5015000000000007,2025,3-team
1.7350000000000014,173.50000000000014,20,20.0,11,10.085000000000015,0.5042500000000008,2025,3-team
1.7400000000000013,174.00000000000014,20,20.0,11,10.140000000000015,0.5070000000000008,2025,3-team
1.7450000000000012,174.5000000000001,20,20.0,11,10.195000000000013,0.5097500000000006,2025,3-team
1.7500000000000013,175.00000000000014,20,20.0,11,10.250000000000016,0.5125000000000008,2025,3-team
1.7550000000000014,175.50000000000014,20,20.0,11,10.305000000000016,0.5152500000000008,2025,3-team
1.7600000000000013,176.00000000000014,20,20.0,11,10.360000000000015,0.5180000000000008,2025,3-team
1.7650000000000012,176.5000000000001,20,20.0,11,10.415000000000013,0.5207500000000007,2025,3-team
1.7700000000000014,177.00000000000014,20,20.0,11,10.470000000000015,0.5235000000000007,2025,3-team
1.7750000000000015,177.50000000000014,20,20.0,11,10.525000000000016,0.5262500000000008,2025,3-team
1.7800000000000014,178.00000000000014,20,20.0,11,10.580000000000014,0.5290000000000007,2025,3-team
1.7850000000000013,178.5000000000001,20,20.0,11,10.635000000000016,0.5317500000000008,2025,3-team
1.7900000000000014,179.00000000000014,20,20.0,11,10.690000000000014,0.5345000000000006,2025,3-team
1.7950000000000015,179.50000000000014,20,20.0,11,10.745000000000017,0.5372500000000009,2025,3-team
1.8000000000000014,180.00000000000014,20,20.0,11,10.800000000000013,0.5400000000000007,2025,3-team
1.8050000000000013,180.5000000000001,20,20.0,11,10.855000000000015,0.5427500000000007,2025,3-team
1.8100000000000014,181.00000000000014,20,20.0,11,10.910000000000018,0.5455000000000009,2025,3-team
1.8150000000000015,181.50000000000014,20,20.0,11,10.965000000000016,0.5482500000000008,2025,3-team
1.8200000000000014,182.00000000000014,20,20.0,11,11.020000000000017,0.5510000000000008,2025,3-team
1.8250000000000013,182.50000000000014,20,20.0,11,11.075000000000014,0.5537500000000006,2025,3-team
1.8300000000000014,183.00000000000014,20,20.0,11,11.130000000000017,0.5565000000000009,2025,3-team
1.8350000000000015,183.50000000000014,20,20.0,11,11.185000000000015,0.5592500000000007,2025,3-team
1.8400000000000014,184.00000000000014,20,20.0,11,11.240000000000016,0.5620000000000008,2025,3-team
1.8450000000000013,184.50000000000014,20,20.0,11,11.295000000000012,0.5647500000000006,2025,3-team
1.8500000000000014,185.00000000000014,20,20.0,11,11.350000000000016,0.5675000000000008,2025,3-team
1.8550000000000015,185.50000000000014,20,20.0,11,11.405000000000019,0.5702500000000009,2025,3-team
1.8600000000000014,186.00000000000014,20,20.0,11,11.460000000000015,0.5730000000000007,2025,3-team
1.8650000000000013,186.50000000000014,20,20.0,11,11.515000000000017,0.5757500000000009,2025,3-team
1.8700000000000014,187.00000000000014,20,20.0,11,11.570000000000014,0.5785000000000007,2025,3-team
1.8750000000000016,187.50000000000014,20,20.0,11,11.625000000000018,0.5812500000000009,2025,3-team
1.8800000000000014,188.00000000000014,20,20.0,11,11.680000000000014,0.5840000000000007,2025,3-team
1.8850000000000013,188.50000000000014,20,20.0,11,11.735000000000015,0.5867500000000008,2025,3-team
1.8900000000000015,189.00000000000014,20,20.0,11,11.790000000000013,0.5895000000000007,2025,3-team
1.8950000000000016,189.50000000000017,20,20.0,11,11.845000000000017,0.5922500000000008,2025,3-team
1.9000000000000015,190.00000000000014,20,20.0,11,11.900000000000018,0.5950000000000009,2025,3-team
1.9050000000000014,190.50000000000014,20,20.0,11,11.955000000000014,0.5977500000000007,2025,3-team
1.9100000000000015,191.00000000000014,20,20.0,11,12.010000000000018,0.6005000000000009,2025,3-team
1.9150000000000016,191.50000000000017,20,20.0,11,12.065000000000015,0.6032500000000007,2025,3-team
1.9200000000000015,192.00000000000014,20,20.0,11,12.120000000000017,0.6060000000000009,2025,3-team
1.9250000000000014,192.50000000000014,20,20.0,11,12.175000000000013,0.6087500000000007,2025,3-team
1.9300000000000015,193.00000000000014,20,20.0,11,12.230000000000016,0.6115000000000008,2025,3-team
1.9350000000000016,193.50000000000017,20,20.0,11,12.28500000000002,0.614250000000001,2025,3-team
1.9400000000000015,194.00000000000014,20,20.0,11,12.340000000000016,0.6170000000000008,2025,3-team
1.9450000000000014,194.50000000000014,20,20.0,11,12.395000000000017,0.6197500000000009,2025,3-team
1.9500000000000015,195.00000000000014,20,20.0,11,12.450000000000015,0.6225000000000007,2025,3-team
1.9550000000000016,195.50000000000017,20,20.0,11,12.505000000000019,0.625250000000001,2025,3-team
1.9600000000000015,196.00000000000014,20,20.0,11,12.560000000000015,0.6280000000000008,2025,3-team
1.9650000000000014,196.50000000000014,20,20.0,11,12.615000000000016,0.6307500000000008,2025,3-team
1.9700000000000015,197.00000000000014,20,20.0,11,12.67000000000002,0.633500000000001,2025,3-team
1.9750000000000016,197.50000000000017,20,20.0,11,12.725000000000017,0.6362500000000009,2025,3-team
1.9800000000000015,198.00000000000014,20,20.0,11,12.780000000000019,0.6390000000000009,2025,3-team
1.9850000000000014,198.50000000000014,20,20.0,11,12.835000000000015,0.6417500000000007,2025,3-team
1.9900000000000015,199.00000000000014,20,20.0,11,12.890000000000018,0.644500000000001,2025,3-team
1.9950000000000017,199.50000000000017,20,20.0,11,12.945000000000016,0.6472500000000008,2025,3-team
2.0000000000000013,200.00000000000014,20,20.0,11,13.000000000000016,0.6500000000000008,2025,3-team
2.0050000000000012,200.5000000000001,20,20.0,11,13.055000000000012,0.6527500000000006,2025,3-team
2.0100000000000016,201.00000000000017,20,20.0,11,13.110000000000017,0.6555000000000009,2025,3-team
2.0150000000000015,201.50000000000014,20,20.0,11,13.165000000000013,0.6582500000000007,2025,3-team
2.0200000000000014,202.00000000000014,20,20.0,11,13.220000000000015,0.6610000000000007,2025,3-team
2.0250000000000012,202.5000000000001,20,20.0,11,13.275000000000016,0.6637500000000008,2025,3-team
2.0300000000000016,203.00000000000017,20,20.0,11,13.330000000000016,0.6665000000000008,2025,3-team
2.0350000000000015,203.50000000000014,20,20.0,11,13.385000000000018,0.6692500000000009,2025,3-team
2.0400000000000014,204.00000000000014,20,20.0,11,13.440000000000014,0.6720000000000007,2025,3-team
2.0450000000000013,204.5000000000001,20,20.0,11,13.495000000000015,0.6747500000000007,2025,3-team
2.0500000000000016,205.00000000000017,20,20.0,11,13.550000000000015,0.6775000000000008,2025,3-team
2.0550000000000015,205.50000000000014,20,20.0,11,13.605000000000016,0.6802500000000008,2025,3-team
2.0600000000000014,206.00000000000014,20,20.0,11,13.660000000000018,0.6830000000000009,2025,3-team
2.0650000000000013,206.5000000000001,20,20.0,11,13.715000000000014,0.6857500000000007,2025,3-team
2.0700000000000016,207.00000000000017,20,20.0,11,13.77000000000002,0.688500000000001,2025,3-team
2.0750000000000015,207.50000000000014,20,20.0,11,13.825000000000015,0.6912500000000008,2025,3-team
2.0800000000000014,208.00000000000014,20,20.0,11,13.880000000000017,0.6940000000000008,2025,3-team
2.0850000000000013,208.50000000000014,20,20.0,11,13.935000000000013,0.6967500000000006,2025,3-team
2.0900000000000016,209.00000000000017,20,20.0,11,13.990000000000018,0.6995000000000009,2025,3-team
2.0950000000000015,209.50000000000014,20,20.0,11,14.04500000000002,0.7022500000000009,2025,3-team
2.1000000000000014,210.00000000000014,20,20.0,11,14.100000000000016,0.7050000000000007,2025,3-team
2.1050000000000013,210.50000000000014,20,20.0,11,14.155000000000012,0.7077500000000005,2025,3-team
2.1100000000000017,211.00000000000017,20,20.0,11,14.210000000000017,0.7105000000000008,2025,3-team
2.1150000000000015,211.50000000000014,20,20.0,11,14.265000000000018,0.7132500000000009,2025,3-team
2.1200000000000014,212.00000000000014,20,20.0,11,14.320000000000014,0.7160000000000007,2025,3-team
2.1250000000000013,212.50000000000014,20,20.0,11,14.375000000000016,0.7187500000000008,2025,3-team
2.1300000000000017,213.00000000000017,20,20.0,11,14.430000000000021,0.721500000000001,2025,3-team
2.1350000000000016,213.50000000000017,20,20.0,11,14.485000000000017,0.7242500000000008,2025,3-team
2.1400000000000015,214.00000000000014,20,20.0,11,14.540000000000013,0.7270000000000006,2025,3-team
2.1450000000000014,214.50000000000014,20,20.0,11,14.595000000000015,0.7297500000000008,2025,3-team
2.1500000000000017,215.00000000000017,20,20.0,11,14.65000000000002,0.732500000000001,2025,3-team
2.1550000000000016,215.50000000000017,20,20.0,11,14.705000000000016,0.7352500000000008,2025,3-team
2.1600000000000015,216.00000000000014,20,20.0,11,14.760000000000018,0.7380000000000009,2025,3-team
2.1650000000000014,216.50000000000014,20,20.0,11,14.815000000000014,0.7407500000000007,2025,3-team
2.1700000000000017,217.00000000000017,20,20.0,11,14.870000000000019,0.7435000000000009,2025,3-team
2.1750000000000016,217.50000000000017,20,20.0,11,14.925000000000015,0.7462500000000007,2025,3-team
2.1800000000000015,218.00000000000014,20,20.0,11,14.980000000000016,0.7490000000000008,2025,3-team
2.1850000000000014,218.50000000000014,20,20.0,11,15.035000000000018,0.7517500000000009,2025,3-team
2.1900000000000017,219.00000000000017,20,20.0,11,15.090000000000018,0.7545000000000008,2025,3-team
2.1950000000000016,219.50000000000017,20,20.0,11,15.145000000000017,0.7572500000000009,2025,3-team
2.2000000000000015,220.00000000000014,20,20.0,11,15.200000000000017,0.7600000000000009,2025,3-team
2.2050000000000014,220.50000000000014,20,20.0,11,15.255000000000017,0.7627500000000008,2025,3-team
2.2100000000000017,221.00000000000017,20,20.0,11,15.310000000000016,0.7655000000000008,2025,3-team
2.2150000000000016,221.50000000000017,20,20.0,11,15.365000000000016,0.7682500000000008,2025,3-team
2.2200000000000015,222.00000000000014,20,20.0,11,15.42000000000002,0.771000000000001,2025,3-team
2.2250000000000014,222.50000000000014,20,20.0,11,15.475000000000016,0.7737500000000008,2025,3-team
2.2300000000000018,223.00000000000017,20,20.0,11,15.530000000000019,0.776500000000001,2025,3-team
2.2350000000000017,223.50000000000017,20,20.0,11,15.585000000000019,0.7792500000000009,2025,3-team
2.2400000000000015,224.00000000000014,20,20.0,11,15.640000000000018,0.7820000000000009,2025,3-team
2.2450000000000014,224.50000000000014,20,20.0,11,15.695000000000014,0.7847500000000007,2025,3-team
2.2500000000000018,225.00000000000017,20,20.0,11,15.750000000000021,0.7875000000000011,2025,3-team
2.2550000000000017,225.50000000000017,20,20.0,11,15.805000000000021,0.790250000000001,2025,3-team
2.2600000000000016,226.00000000000017,20,20.0,11,15.860000000000017,0.7930000000000008,2025,3-team
2.2650000000000015,226.50000000000014,20,20.0,11,15.915000000000013,0.7957500000000006,2025,3-team
2.270000000000002,227.00000000000017,20,20.0,11,15.97000000000002,0.798500000000001,2025,3-team
2.2750000000000017,227.50000000000017,20,20.0,11,16.02500000000002,0.801250000000001,2025,3-team
2.2800000000000016,228.00000000000017,20,20.0,11,16.080000000000016,0.8040000000000008,2025,3-team
2.2850000000000015,228.50000000000014,20,20.0,11,16.135000000000016,0.8067500000000007,2025,3-team
2.290000000000002,229.00000000000017,20,20.0,11,16.190000000000023,0.8095000000000011,2025,3-team
2.2950000000000017,229.50000000000017,20,20.0,11,16.24500000000002,0.8122500000000009,2025,3-team
2.3000000000000016,230.00000000000017,20,20.0,11,16.300000000000015,0.8150000000000007,2025,3-team
2.3050000000000015,230.50000000000014,20,20.0,11,16.355000000000018,0.8177500000000009,2025,3-team
2.3100000000000014,231.00000000000014,20,20.0,11,16.410000000000018,0.8205000000000009,2025,3-team
2.3150000000000017,231.50000000000017,20,20.0,11,16.465000000000018,0.8232500000000009,2025,3-team
2.3200000000000016,232.00000000000017,20,20.0,11,16.520000000000017,0.8260000000000008,2025,3-team
2.3250000000000015,232.50000000000014,20,20.0,11,16.575000000000017,0.8287500000000009,2025,3-team
2.330000000000002,233.00000000000017,20,20.0,11,16.63000000000002,0.831500000000001,2025,3-team
2.3350000000000017,233.50000000000017,20,20.0,11,16.685000000000016,0.8342500000000008,2025,3-team
2.3400000000000016,234.00000000000017,20,20.0,11,16.740000000000016,0.8370000000000009,2025,3-team
2.3450000000000015,234.50000000000014,20,20.0,11,16.79500000000002,0.839750000000001,2025,3-team
2.3500000000000014,235.00000000000014,20,20.0,11,16.850000000000016,0.8425000000000008,2025,3-team
2.3550000000000018,235.50000000000017,20,20.0,11,16.90500000000002,0.845250000000001,2025,3-team
2.3600000000000017,236.00000000000017,20,20.0,11,16.96000000000002,0.848000000000001,2025,3-team
2.3650000000000015,236.50000000000014,20,20.0,11,17.01500000000002,0.8507500000000009,2025,3-team
2.370000000000002,237.0000000000002,20,20.0,11,17.070000000000018,0.8535000000000009,2025,3-team
2.3750000000000018,237.50000000000017,20,20.0,11,17.12500000000002,0.8562500000000011,2025,3-team
2.3800000000000017,238.00000000000017,20,20.0,11,17.18000000000002,0.8590000000000011,2025,3-team
2.3850000000000016,238.50000000000017,20,20.0,11,17.235000000000017,0.8617500000000009,2025,3-team
2.3900000000000015,239.00000000000014,20,20.0,11,17.290000000000013,0.8645000000000007,2025,3-team
2.395000000000002,239.50000000000017,20,20.0,11,17.34500000000002,0.867250000000001,2025,3-team
2.4000000000000017,240.00000000000017,20,20.0,11,17.40000000000002,0.870000000000001,2025,3-team
2.4050000000000016,240.50000000000017,20,20.0,11,17.455000000000016,0.8727500000000008,2025,3-team
2.410000000000002,241.0000000000002,20,20.0,11,17.51000000000002,0.8755000000000009,2025,3-team
2.415000000000002,241.50000000000017,20,20.0,11,17.565000000000023,0.8782500000000011,2025,3-team
2.4200000000000017,242.00000000000017,20,20.0,11,17.62000000000002,0.8810000000000009,2025,3-team
2.4250000000000016,242.50000000000017,20,20.0,11,17.675000000000015,0.8837500000000007,2025,3-team
2.4300000000000015,243.00000000000014,20,20.0,11,17.730000000000018,0.886500000000001,2025,3-team
2.435000000000002,243.50000000000017,20,20.0,11,17.78500000000002,0.8892500000000011,2025,3-team
2.4400000000000017,244.00000000000017,20,20.0,11,17.840000000000018,0.8920000000000009,2025,3-team
2.4450000000000016,244.50000000000017,20,20.0,11,17.895000000000017,0.8947500000000008,2025,3-team
2.450000000000002,245.0000000000002,20,20.0,11,17.950000000000024,0.8975000000000012,2025,3-team
2.455000000000002,245.50000000000017,20,20.0,11,18.00500000000002,0.900250000000001,2025,3-team
2.4600000000000017,246.00000000000017,20,20.0,11,18.060000000000016,0.9030000000000008,2025,3-team
2.4650000000000016,246.50000000000017,20,20.0,11,18.115000000000016,0.9057500000000008,2025,3-team
2.4700000000000015,247.00000000000014,20,20.0,11,18.17000000000002,0.908500000000001,2025,3-team
2.475000000000002,247.5000000000002,20,20.0,11,18.22500000000002,0.911250000000001,2025,3-team
2.4800000000000018,248.00000000000017,20,20.0,11,18.28000000000002,0.9140000000000009,2025,3-team
2.4850000000000017,248.50000000000017,20,20.0,11,18.33500000000002,0.916750000000001,2025,3-team
2.490000000000002,249.0000000000002,20,20.0,11,18.390000000000022,0.9195000000000011,2025,3-team
2.495000000000002,249.5000000000002,20,20.0,11,18.445000000000018,0.9222500000000009,2025,3-team
2.5000000000000018,250.00000000000017,20,20.0,11,18.50000000000002,0.925000000000001,2025,3-team
2.5050000000000017,250.50000000000017,20,20.0,11,18.55500000000002,0.9277500000000011,2025,3-team
2.5100000000000016,251.00000000000017,20,20.0,11,18.610000000000017,0.9305000000000009,2025,3-team
2.515000000000002,251.5000000000002,20,20.0,11,18.66500000000002,0.933250000000001,2025,3-team
2.520000000000002,252.00000000000017,20,20.0,11,18.72000000000002,0.936000000000001,2025,3-team
2.5250000000000017,252.50000000000017,20,20.0,11,18.77500000000002,0.938750000000001,2025,3-team
2.530000000000002,253.0000000000002,20,20.0,11,18.83000000000002,0.941500000000001,2025,3-team
2.535000000000002,253.5000000000002,20,20.0,11,18.88500000000002,0.9442500000000009,2025,3-team
2.540000000000002,254.00000000000017,20,20.0,11,18.940000000000023,0.9470000000000012,2025,3-team
2.5450000000000017,254.50000000000017,20,20.0,11,18.99500000000002,0.949750000000001,2025,3-team
2.5500000000000016,255.00000000000017,20,20.0,11,19.050000000000015,0.9525000000000008,2025,3-team
2.555000000000002,255.5000000000002,20,20.0,11,19.10500000000002,0.955250000000001,2025,3-team
2.560000000000002,256.00000000000017,20,20.0,11,19.16000000000002,0.9580000000000011,2025,3-team
2.5650000000000017,256.50000000000017,20,20.0,11,19.215000000000018,0.9607500000000009,2025,3-team
2.570000000000002,257.0000000000002,20,20.0,11,19.270000000000024,0.9635000000000012,2025,3-team
2.575000000000002,257.50000000000017,20,20.0,11,19.325000000000024,0.9662500000000012,2025,3-team
2.580000000000002,258.00000000000017,20,20.0,11,19.38000000000002,0.969000000000001,2025,3-team
2.5850000000000017,258.50000000000017,20,20.0,11,19.435000000000016,0.9717500000000008,2025,3-team
2.5900000000000016,259.00000000000017,20,20.0,11,19.490000000000016,0.9745000000000008,2025,3-team
2.595000000000002,259.50000000000017,20,20.0,11,19.545000000000023,0.9772500000000012,2025,3-team
2.600000000000002,260.00000000000017,20,20.0,11,19.60000000000002,0.980000000000001,2025,3-team
2.6050000000000018,260.50000000000017,20,20.0,11,19.65500000000002,0.9827500000000009,2025,3-team
2.610000000000002,261.0000000000002,20,20.0,11,19.710000000000026,0.9855000000000013,2025,3-team
2.615000000000002,261.5000000000002,20,20.0,11,19.765000000000022,0.9882500000000011,2025,3-team
2.620000000000002,262.00000000000017,20,20.0,11,19.820000000000018,0.9910000000000009,2025,3-team
2.6250000000000018,262.50000000000017,20,20.0,11,19.87500000000002,0.993750000000001,2025,3-team
2.6300000000000017,263.00000000000017,20,20.0,11,19.93000000000002,0.996500000000001,2025,3-team
2.635000000000002,263.5000000000002,20,20.0,11,19.98500000000002,0.9992500000000011,2025,3-team
2.640000000000002,264.00000000000017,20,20.0,11,20.04000000000002,1.0020000000000011,2025,3-team
2.645000000000002,264.50000000000017,20,20.0,11,20.09500000000002,1.004750000000001,2025,3-team
2.650000000000002,265.0000000000002,20,20.0,11,20.150000000000023,1.0075000000000012,2025,3-team
2.655000000000002,265.5000000000002,20,20.0,11,20.20500000000002,1.010250000000001,2025,3-team
2.660000000000002,266.00000000000017,20,20.0,11,20.26000000000002,1.013000000000001,2025,3-team
2.665000000000002,266.50000000000017,20,20.0,11,20.315000000000023,1.015750000000001,2025,3-team
2.6700000000000017,267.00000000000017,20,20.0,11,20.37000000000002,1.0185000000000008,2025,3-team
2.675000000000002,267.5000000000002,20,20.0,11,20.42500000000002,1.0212500000000009,2025,3-team
2.680000000000002,268.00000000000017,20,20.0,11,20.480000000000025,1.0240000000000014,2025,3-team
2.685000000000002,268.50000000000017,20,20.0,11,20.53500000000002,1.0267500000000012,2025,3-team
2.690000000000002,269.0000000000002,20,20.0,11,20.59000000000002,1.029500000000001,2025,3-team
2.695000000000002,269.5000000000002,20,20.0,11,20.645000000000017,1.0322500000000008,2025,3-team
2.700000000000002,270.00000000000017,20,20.0,11,20.700000000000024,1.0350000000000013,2025,3-team
2.705000000000002,270.50000000000017,20,20.0,11,20.75500000000002,1.037750000000001,2025,3-team
2.7100000000000017,271.00000000000017,20,20.0,11,20.810000000000016,1.0405000000000009,2025,3-team
2.715000000000002,271.5000000000002,20,20.0,11,20.865000000000027,1.0432500000000013,2025,3-team
2.720000000000002,272.00000000000017,20,20.0,11,20.920000000000023,1.0460000000000012,2025,3-team
2.725000000000002,272.50000000000017,20,20.0,11,20.97500000000002,1.048750000000001,2025,3-team
2.730000000000002,273.0000000000002,20,20.0,11,21.03000000000003,1.0515000000000014,2025,3-team
2.735000000000002,273.5000000000002,20,20.0,11,21.085000000000026,1.0542500000000012,2025,3-team
2.740000000000002,274.0000000000002,20,20.0,11,21.140000000000022,1.057000000000001,2025,3-team
2.745000000000002,274.50000000000017,20,20.0,11,21.195000000000018,1.0597500000000009,2025,3-team
2.7500000000000018,275.00000000000017,20,20.0,11,21.250000000000014,1.0625000000000007,2025,3-team
2.755000000000002,275.5000000000002,20,20.0,11,21.305000000000025,1.0652500000000011,2025,3-team
2.760000000000002,276.0000000000002,20,20.0,11,21.36000000000002,1.068000000000001,2025,3-team
2.765000000000002,276.50000000000017,20,20.0,11,21.415000000000017,1.0707500000000008,2025,3-team
2.7700000000000022,277.0000000000002,20,20.0,11,21.470000000000027,1.0735000000000015,2025,3-team
2.775000000000002,277.5000000000002,20,20.0,11,21.525000000000023,1.0762500000000013,2025,3-team
2.780000000000002,278.0000000000002,20,20.0,11,21.58000000000002,1.079000000000001,2025,3-team
2.785000000000002,278.50000000000017,20,20.0,11,21.635000000000026,1.0817500000000013,2025,3-team
2.790000000000002,279.00000000000017,20,20.0,11,21.690000000000023,1.0845000000000011,2025,3-team
2.795000000000002,279.5000000000002,20,20.0,11,21.745000000000022,1.0872500000000012,2025,3-team
2.800000000000002,280.0000000000002,20,20.0,11,21.80000000000002,1.090000000000001,2025,3-team
2.805000000000002,280.50000000000017,20,20.0,11,21.855000000000025,1.0927500000000012,2025,3-team
2.8100000000000023,281.0000000000002,20,20.0,11,21.910000000000025,1.0955000000000013,2025,3-team
2.815000000000002,281.5000000000002,20,20.0,11,21.96500000000002,1.098250000000001,2025,3-team
2.820000000000002,282.0000000000002,20,20.0,11,22.020000000000017,1.1010000000000009,2025,3-team
2.825000000000002,282.50000000000017,20,20.0,11,22.075000000000024,1.1037500000000011,2025,3-team
2.830000000000002,283.00000000000017,20,20.0,11,22.13000000000002,1.106500000000001,2025,3-team
2.835000000000002,283.5000000000002,20,20.0,11,22.18500000000002,1.109250000000001,2025,3-team
2.840000000000002,284.0000000000002,20,20.0,11,22.240000000000027,1.1120000000000014,2025,3-team
2.845000000000002,284.50000000000017,20,20.0,11,22.295000000000023,1.1147500000000012,2025,3-team
2.8500000000000023,285.0000000000002,20,20.0,11,22.350000000000023,1.117500000000001,2025,3-team
2.855000000000002,285.5000000000002,20,20.0,11,22.40500000000003,1.1202500000000015,2025,3-team
2.860000000000002,286.0000000000002,20,20.0,11,22.460000000000026,1.1230000000000013,2025,3-team
2.865000000000002,286.5000000000002,20,20.0,11,22.515000000000022,1.1257500000000011,2025,3-team
2.870000000000002,287.00000000000017,20,20.0,11,22.570000000000018,1.128500000000001,2025,3-team
2.875000000000002,287.5000000000002,20,20.0,11,22.62500000000003,1.1312500000000014,2025,3-team
2.880000000000002,288.0000000000002,20,20.0,11,22.680000000000025,1.1340000000000012,2025,3-team
2.885000000000002,288.5000000000002,20,20.0,11,22.73500000000002,1.136750000000001,2025,3-team
2.8900000000000023,289.0000000000002,20,20.0,11,22.79000000000002,1.139500000000001,2025,3-team
2.8950000000000022,289.5000000000002,20,20.0,11,22.845000000000027,1.1422500000000013,2025,3-team
2.900000000000002,290.0000000000002,20,20.0,11,22.900000000000023,1.1450000000000011,2025,3-team
2.905000000000002,290.5000000000002,20,20.0,11,22.95500000000002,1.147750000000001,2025,3-team
2.910000000000002,291.00000000000017,20,20.0,11,23.010000000000026,1.1505000000000014,2025,3-team
2.9150000000000023,291.5000000000002,20,20.0,11,23.065000000000026,1.1532500000000012,2025,3-team
2.920000000000002,292.0000000000002,20,20.0,11,23.120000000000022,1.156000000000001,2025,3-team
2.925000000000002,292.5000000000002,20,20.0,11,23.17500000000002,1.1587500000000008,2025,3-team
2.9300000000000024,293.0000000000002,20,20.0,11,23.23000000000003,1.1615000000000015,2025,3-team
2.9350000000000023,293.5000000000002,20,20.0,11,23.285000000000025,1.1642500000000013,2025,3-team
2.940000000000002,294.0000000000002,20,20.0,11,23.34000000000002,1.1670000000000011,2025,3-team
2.945000000000002,294.5000000000002,20,20.0,11,23.395000000000017,1.169750000000001,2025,3-team
2.950000000000002,295.00000000000017,20,20.0,11,23.450000000000024,1.1725000000000012,2025,3-team
2.9550000000000023,295.5000000000002,20,20.0,11,23.505000000000024,1.1752500000000012,2025,3-team
2.960000000000002,296.0000000000002,20,20.0,11,23.56000000000002,1.178000000000001,2025,3-team
2.965000000000002,296.5000000000002,20,20.0,11,23.615000000000027,1.1807500000000013,2025,3-team
2.9700000000000024,297.0000000000002,20,20.0,11,23.670000000000027,1.1835000000000013,2025,3-team
2.9750000000000023,297.5000000000002,20,20.0,11,23.725000000000023,1.1862500000000011,2025,3-team
2.980000000000002,298.0000000000002,20,20.0,11,23.78000000000003,1.1890000000000014,2025,3-team
2.985000000000002,298.5000000000002,20,20.0,11,23.835000000000026,1.1917500000000012,2025,3-team
2.990000000000002,299.0000000000002,20,20.0,11,23.890000000000022,1.194500000000001,2025,3-team
2.9950000000000023,299.5000000000002,20,20.0,11,23.94500000000002,1.197250000000001,2025,3-team
3.000000000000002,300.0000000000002,20,20.0,11,24.00000000000003,1.2000000000000015,2025,3-team
0.3,-333.33333333333337,0,0.0,0,0.0,,SUPPLEMENTARY 2018-2025 all years,2-team
0.305,-327.8688524590164,0,0.0,0,0.0,,SUPPLEMENTARY 2018-2025 all years,2-team
0.31,-322.5806451612903,0,0.0,0,0.0,,SUPPLEMENTARY 2018-2025 all years,2-team
0.315,-317.46031746031747,0,0.0,0,0.0,,SUPPLEMENTARY 2018-2025 all years,2-team
0.32,-312.5,0,0.0,0,0.0,,SUPPLEMENTARY 2018-2025 all years,2-team
0.325,-307.6923076923077,0,0.0,0,0.0,,SUPPLEMENTARY 2018-2025 all years,2-team
0.33,-303.030303030303,0,0.0,0,0.0,,SUPPLEMENTARY 2018-2025 all years,2-team
0.335,-298.5074626865671,0,0.0,0,0.0,,SUPPLEMENTARY 2018-2025 all years,2-team
0.34,-294.11764705882354,0,0.0,0,0.0,,SUPPLEMENTARY 2018-2025 all years,2-team
0.34500000000000003,-289.85507246376807,0,0.0,0,0.0,,SUPPLEMENTARY 2018-2025 all years,2-team
0.35000000000000003,-285.71428571428567,0,0.0,0,0.0,,SUPPLEMENTARY 2018-2025 all years,2-team
0.35500000000000004,-281.6901408450704,0,0.0,0,0.0,,SUPPLEMENTARY 2018-2025 all years,2-team
0.36000000000000004,-277.77777777777777,0,0.0,0,0.0,,SUPPLEMENTARY 2018-2025 all years,2-team
0.36500000000000005,-273.97260273972597,0,0.0,0,0.0,,SUPPLEMENTARY 2018-2025 all years,2-team
0.37000000000000005,-270.27027027027026,0,0.0,0,0.0,,SUPPLEMENTARY 2018-2025 all years,2-team
0.37500000000000006,-266.66666666666663,0,0.0,0,0.0,,SUPPLEMENTARY 2018-2025 all years,2-team
0.38000000000000006,-263.1578947368421,0,0.0,0,0.0,,SUPPLEMENTARY 2018-2025 all years,2-team
0.38500000000000006,-259.7402597402597,0,0.0,0,0.0,,SUPPLEMENTARY 2018-2025 all years,2-team
0.39000000000000007,-256.41025641025635,0,0.0,0,0.0,,SUPPLEMENTARY 2018-2025 all years,2-team
0.3950000000000001,-253.16455696202527,0,0.0,0,0.0,,SUPPLEMENTARY 2018-2025 all years,2-team
0.4000000000000001,-249.99999999999994,0,0.0,0,0.0,,SUPPLEMENTARY 2018-2025 all years,2-team
0.4050000000000001,-246.91358024691354,0,0.0,0,0.0,,SUPPLEMENTARY 2018-2025 all years,2-team
0.4100000000000001,-243.9024390243902,0,0.0,0,0.0,,SUPPLEMENTARY 2018-2025 all years,2-team
0.4150000000000001,-240.9638554216867,0,0.0,0,0.0,,SUPPLEMENTARY 2018-2025 all years,2-team
0.4200000000000001,-238.09523809523805,0,0.0,0,0.0,,SUPPLEMENTARY 2018-2025 all years,2-team
0.4250000000000001,-235.29411764705875,0,0.0,0,0.0,,SUPPLEMENTARY 2018-2025 all years,2-team
0.4300000000000001,-232.55813953488365,0,0.0,0,0.0,,SUPPLEMENTARY 2018-2025 all years,2-team
0.4350000000000001,-229.8850574712643,0,0.0,0,0.0,,SUPPLEMENTARY 2018-2025 all years,2-team
0.4400000000000001,-227.27272727272722,0,0.0,0,0.0,,SUPPLEMENTARY 2018-2025 all years,2-team
0.4450000000000001,-224.71910112359544,0,0.0,0,0.0,,SUPPLEMENTARY 2018-2025 all years,2-team
0.4500000000000001,-222.22222222222217,0,0.0,0,0.0,,SUPPLEMENTARY 2018-2025 all years,2-team
0.4550000000000001,-219.7802197802197,0,0.0,0,0.0,,SUPPLEMENTARY 2018-2025 all years,2-team
0.46000000000000013,-217.39130434782604,0,0.0,0,0.0,,SUPPLEMENTARY 2018-2025 all years,2-team
0.46500000000000014,-215.05376344086017,0,0.0,0,0.0,,SUPPLEMENTARY 2018-2025 all years,2-team
0.47000000000000014,-212.76595744680844,0,0.0,0,0.0,,SUPPLEMENTARY 2018-2025 all years,2-team
0.47500000000000014,-210.5263157894736,0,0.0,0,0.0,,SUPPLEMENTARY 2018-2025 all years,2-team
0.48000000000000015,-208.33333333333326,0,0.0,0,0.0,,SUPPLEMENTARY 2018-2025 all years,2-team
0.48500000000000015,-206.1855670103092,0,0.0,0,0.0,,SUPPLEMENTARY 2018-2025 all years,2-team
0.49000000000000016,-204.08163265306115,0,0.0,0,0.0,,SUPPLEMENTARY 2018-2025 all years,2-team
0.49500000000000016,-202.02020202020196,0,0.0,0,0.0,,SUPPLEMENTARY 2018-2025 all years,2-team
0.5000000000000002,-199.99999999999991,0,0.0,0,0.0,,SUPPLEMENTARY 2018-2025 all years,2-team
0.5050000000000001,-198.01980198019797,0,0.0,0,0.0,,SUPPLEMENTARY 2018-2025 all years,2-team
0.5100000000000002,-196.07843137254892,0,0.0,0,0.0,,SUPPLEMENTARY 2018-2025 all years,2-team
0.5150000000000001,-194.17475728155335,0,0.0,0,0.0,,SUPPLEMENTARY 2018-2025 all years,2-team
0.5200000000000002,-192.3076923076922,0,0.0,0,0.0,,SUPPLEMENTARY 2018-2025 all years,2-team
0.5250000000000001,-190.47619047619042,0,0.0,0,0.0,,SUPPLEMENTARY 2018-2025 all years,2-team
0.5300000000000002,-188.6792452830188,0,0.0,0,0.0,,SUPPLEMENTARY 2018-2025 all years,2-team
0.5350000000000001,-186.91588785046724,0,0.0,0,0.0,,SUPPLEMENTARY 2018-2025 all years,2-team
0.5400000000000003,-185.1851851851851,0,0.0,0,0.0,,SUPPLEMENTARY 2018-2025 all years,2-team
0.5450000000000002,-183.48623853211004,0,0.0,0,0.0,,SUPPLEMENTARY 2018-2025 all years,2-team
0.5500000000000003,-181.81818181818173,0,0.0,0,0.0,,SUPPLEMENTARY 2018-2025 all years,2-team
0.5550000000000002,-180.18018018018012,0,0.0,0,0.0,,SUPPLEMENTARY 2018-2025 all years,2-team
0.5600000000000003,-178.57142857142847,1,1.0,1,0.5600000000000003,0.5600000000000003,SUPPLEMENTARY 2018-2025 all years,2-team
0.5650000000000002,-176.99115044247782,1,1.0,1,0.5650000000000002,0.5650000000000002,SUPPLEMENTARY 2018-2025 all years,2-team
0.5700000000000003,-175.43859649122797,1,1.0,1,0.5700000000000003,0.5700000000000003,SUPPLEMENTARY 2018-2025 all years,2-team
0.5750000000000002,-173.91304347826082,1,1.0,1,0.5750000000000002,0.5750000000000002,SUPPLEMENTARY 2018-2025 all years,2-team
0.5800000000000003,-172.4137931034482,1,1.0,1,0.5800000000000003,0.5800000000000003,SUPPLEMENTARY 2018-2025 all years,2-team
0.5850000000000002,-170.94017094017087,1,1.0,1,0.5850000000000002,0.5850000000000002,SUPPLEMENTARY 2018-2025 all years,2-team
0.5900000000000003,-169.49152542372872,1,1.0,1,0.5900000000000003,0.5900000000000003,SUPPLEMENTARY 2018-2025 all years,2-team
0.5950000000000002,-168.06722689075625,1,1.0,1,0.5950000000000002,0.5950000000000002,SUPPLEMENTARY 2018-2025 all years,2-team
0.6000000000000003,-166.66666666666657,1,1.0,1,0.6000000000000003,0.6000000000000003,SUPPLEMENTARY 2018-2025 all years,2-team
0.6050000000000002,-165.28925619834706,1,1.0,1,0.6050000000000002,0.6050000000000002,SUPPLEMENTARY 2018-2025 all years,2-team
0.6100000000000003,-163.93442622950812,1,1.0,1,0.6100000000000003,0.6100000000000003,SUPPLEMENTARY 2018-2025 all years,2-team
0.6150000000000002,-162.6016260162601,1,1.0,1,0.6150000000000002,0.6150000000000002,SUPPLEMENTARY 2018-2025 all years,2-team
0.6200000000000003,-161.29032258064507,1,1.0,1,0.6200000000000003,0.6200000000000003,SUPPLEMENTARY 2018-2025 all years,2-team
0.6250000000000002,-159.99999999999994,1,1.0,1,0.6250000000000002,0.6250000000000002,SUPPLEMENTARY 2018-2025 all years,2-team
0.6300000000000003,-158.73015873015865,1,1.0,1,0.6300000000000003,0.6300000000000003,SUPPLEMENTARY 2018-2025 all years,2-team
0.6350000000000002,-157.48031496062987,2,2.0,2,1.2700000000000005,0.6350000000000002,SUPPLEMENTARY 2018-2025 all years,2-team
0.6400000000000003,-156.24999999999991,2,2.0,2,1.2800000000000007,0.6400000000000003,SUPPLEMENTARY 2018-2025 all years,2-team
0.6450000000000002,-155.03875968992241,2,2.0,2,1.2900000000000005,0.6450000000000002,SUPPLEMENTARY 2018-2025 all years,2-team
0.6500000000000004,-153.84615384615375,3,3.0,2,0.3000000000000007,0.10000000000000024,SUPPLEMENTARY 2018-2025 all years,2-team
0.6550000000000002,-152.6717557251908,3,3.0,2,0.3100000000000005,0.1033333333333335,SUPPLEMENTARY 2018-2025 all years,2-team
0.6600000000000004,-151.51515151515144,6,6.0,3,-1.019999999999999,-0.16999999999999982,SUPPLEMENTARY 2018-2025 all years,2-team
0.6650000000000003,-150.375939849624,7,7.0,3,-2.004999999999999,-0.2864285714285713,SUPPLEMENTARY 2018-2025 all years,2-team
0.6700000000000004,-149.2537313432835,7,7.0,3,-1.9899999999999989,-0.28428571428571414,SUPPLEMENTARY 2018-2025 all years,2-team
0.6750000000000003,-148.1481481481481,10,10.0,6,0.0500000000000016,0.00500000000000016,SUPPLEMENTARY 2018-2025 all years,2-team
0.6800000000000004,-147.05882352941168,10,10.0,6,0.08000000000000229,0.00800000000000023,SUPPLEMENTARY 2018-2025 all years,2-team
0.6850000000000003,-145.98540145985396,15,15.0,6,-4.889999999999998,-0.32599999999999985,SUPPLEMENTARY 2018-2025 all years,2-team
0.6900000000000004,-144.92753623188398,17,17.0,7,-5.169999999999997,-0.3041176470588234,SUPPLEMENTARY 2018-2025 all years,2-team
0.6950000000000003,-143.88489208633086,20,20.0,9,-4.744999999999997,-0.23724999999999988,SUPPLEMENTARY 2018-2025 all years,2-team
0.7000000000000004,-142.85714285714278,22,22.0,10,-4.9999999999999964,-0.2272727272727271,SUPPLEMENTARY 2018-2025 all years,2-team
0.7050000000000003,-141.84397163120562,27,27.0,11,-8.244999999999997,-0.3053703703703703,SUPPLEMENTARY 2018-2025 all years,2-team
0.7100000000000004,-140.84507042253514,28,28.0,11,-9.189999999999994,-0.3282142857142855,SUPPLEMENTARY 2018-2025 all years,2-team
0.7150000000000003,-139.8601398601398,33,33.0,15,-7.274999999999997,-0.22045454545454535,SUPPLEMENTARY 2018-2025 all years,2-team
0.7200000000000004,-138.8888888888888,37,37.0,17,-7.759999999999993,-0.20972972972972953,SUPPLEMENTARY 2018-2025 all years,2-team
0.7250000000000003,-137.93103448275855,42,42.0,20,-7.499999999999993,-0.1785714285714284,SUPPLEMENTARY 2018-2025 all years,2-team
0.7300000000000004,-136.98630136986293,45,45.0,22,-6.939999999999991,-0.154222222222222,SUPPLEMENTARY 2018-2025 all years,2-team
0.7350000000000003,-136.0544217687074,53,53.0,30,-0.9499999999999904,-0.01792452830188661,SUPPLEMENTARY 2018-2025 all years,2-team
0.7400000000000004,-135.13513513513504,55,55.0,32,0.6800000000000133,0.012363636363636604,SUPPLEMENTARY 2018-2025 all years,2-team
0.7450000000000003,-134.22818791946304,63,63.0,34,-3.669999999999992,-0.05825396825396813,SUPPLEMENTARY 2018-2025 all years,2-team
0.7500000000000004,-133.33333333333326,68,68.0,38,-1.4999999999999831,-0.022058823529411516,SUPPLEMENTARY 2018-2025 all years,2-team
0.7550000000000003,-132.45033112582774,78,78.0,41,-6.044999999999984,-0.07749999999999979,SUPPLEMENTARY 2018-2025 all years,2-team
0.7600000000000005,-131.57894736842098,81,81.0,44,-3.5599999999999774,-0.04395061728395034,SUPPLEMENTARY 2018-2025 all years,2-team
0.7650000000000003,-130.71895424836595,90,90.0,50,-1.7499999999999807,-0.01944444444444423,SUPPLEMENTARY 2018-2025 all years,2-team
0.7700000000000005,-129.8701298701298,96,96.0,54,-0.41999999999997684,-0.004374999999999758,SUPPLEMENTARY 2018-2025 all years,2-team
0.7750000000000004,-129.03225806451607,103,103.0,58,-0.049999999999979394,-0.00048543689320368344,SUPPLEMENTARY 2018-2025 all years,2-team
0.7800000000000005,-128.20512820512812,109,109.0,63,3.140000000000027,0.028807339449541534,SUPPLEMENTARY 2018-2025 all years,2-team
0.7850000000000004,-127.38853503184707,117,117.0,68,4.380000000000019,0.037435897435897605,SUPPLEMENTARY 2018-2025 all years,2-team
0.7900000000000005,-126.58227848101258,124,124.0,73,6.670000000000037,0.053790322580645464,SUPPLEMENTARY 2018-2025 all years,2-team
0.7950000000000004,-125.78616352201252,133,133.0,78,7.01000000000003,0.05270676691729346,SUPPLEMENTARY 2018-2025 all years,2-team
0.8000000000000005,-124.99999999999993,146,146.0,84,5.200000000000044,0.03561643835616468,SUPPLEMENTARY 2018-2025 all years,2-team
0.8050000000000004,-124.223602484472,153,153.0,89,7.64500000000004,0.04996732026143817,SUPPLEMENTARY 2018-2025 all years,2-team
0.8100000000000005,-123.45679012345671,160,160.0,92,6.520000000000046,0.040750000000000286,SUPPLEMENTARY 2018-2025 all years,2-team
0.8150000000000004,-122.69938650306743,164,164.0,94,6.610000000000037,0.04030487804878071,SUPPLEMENTARY 2018-2025 all years,2-team
0.8200000000000005,-121.95121951219505,172,172.0,98,6.360000000000041,0.03697674418604675,SUPPLEMENTARY 2018-2025 all years,2-team
0.8250000000000004,-121.21212121212115,176,176.0,100,6.500000000000034,0.03693181818181837,SUPPLEMENTARY 2018-2025 all years,2-team
0.8300000000000005,-120.4819277108433,184,184.0,102,2.6600000000000525,0.01445652173913072,SUPPLEMENTARY 2018-2025 all years,2-team
0.8350000000000004,-119.76047904191611,188,188.0,103,1.005000000000043,0.005345744680851292,SUPPLEMENTARY 2018-2025 all years,2-team
0.8400000000000005,-119.04761904761898,195,195.0,108,3.7200000000000633,0.0190769230769234,SUPPLEMENTARY 2018-2025 all years,2-team
0.8450000000000004,-118.34319526627213,197,197.0,110,5.950000000000052,0.03020304568527945,SUPPLEMENTARY 2018-2025 all years,2-team
0.8500000000000005,-117.64705882352933,201,201.0,114,9.90000000000006,0.04925373134328388,SUPPLEMENTARY 2018-2025 all years,2-team
0.8550000000000004,-116.95906432748532,203,203.0,115,10.325000000000049,0.05086206896551748,SUPPLEMENTARY 2018-2025 all years,2-team
0.8600000000000005,-116.27906976744178,203,203.0,115,10.900000000000052,0.05369458128078843,SUPPLEMENTARY 2018-2025 all years,2-team
0.8650000000000004,-115.60693641618491,203,203.0,115,11.475000000000037,0.05652709359605929,SUPPLEMENTARY 2018-2025 all years,2-team
0.8700000000000006,-114.94252873563211,203,203.0,115,12.050000000000063,0.05935960591133036,SUPPLEMENTARY 2018-2025 all years,2-team
0.8750000000000004,-114.28571428571422,203,203.0,115,12.625000000000048,0.06219211822660122,SUPPLEMENTARY 2018-2025 all years,2-team
0.8800000000000006,-113.63636363636357,203,203.0,115,13.200000000000077,0.0650246305418723,SUPPLEMENTARY 2018-2025 all years,2-team
0.8850000000000005,-112.99435028248581,203,203.0,115,13.775000000000063,0.06785714285714317,SUPPLEMENTARY 2018-2025 all years,2-team
0.8900000000000006,-112.35955056179768,203,203.0,115,14.350000000000065,0.07068965517241411,SUPPLEMENTARY 2018-2025 all years,2-team
0.8950000000000005,-111.73184357541894,203,203.0,115,14.925000000000052,0.07352216748768499,SUPPLEMENTARY 2018-2025 all years,2-team
0.9000000000000006,-111.11111111111104,203,203.0,115,15.500000000000053,0.07635467980295593,SUPPLEMENTARY 2018-2025 all years,2-team
0.9050000000000005,-110.49723756906072,203,203.0,115,16.075000000000042,0.0791871921182268,SUPPLEMENTARY 2018-2025 all years,2-team
0.9100000000000006,-109.89010989010981,203,203.0,115,16.650000000000063,0.08201970443349785,SUPPLEMENTARY 2018-2025 all years,2-team
0.9150000000000005,-109.28961748633874,203,203.0,115,17.22500000000006,0.08485221674876876,SUPPLEMENTARY 2018-2025 all years,2-team
0.9200000000000006,-108.69565217391298,203,203.0,115,17.80000000000008,0.0876847290640398,SUPPLEMENTARY 2018-2025 all years,2-team
0.9250000000000005,-108.10810810810806,203,203.0,115,18.37500000000007,0.09051724137931069,SUPPLEMENTARY 2018-2025 all years,2-team
0.9300000000000006,-107.52688172043004,203,203.0,115,18.950000000000067,0.09334975369458161,SUPPLEMENTARY 2018-2025 all years,2-team
0.9350000000000005,-106.95187165775395,203,203.0,115,19.525000000000055,0.0961822660098525,SUPPLEMENTARY 2018-2025 all years,2-team
0.9400000000000006,-106.3829787234042,203,203.0,115,20.10000000000006,0.09901477832512344,SUPPLEMENTARY 2018-2025 all years,2-team
0.9450000000000005,-105.82010582010577,203,203.0,115,20.675000000000047,0.10184729064039431,SUPPLEMENTARY 2018-2025 all years,2-team
0.9500000000000006,-105.26315789473678,203,203.0,115,21.250000000000075,0.1046798029556654,SUPPLEMENTARY 2018-2025 all years,2-team
0.9550000000000005,-104.7120418848167,203,203.0,115,21.825000000000056,0.10751231527093624,SUPPLEMENTARY 2018-2025 all years,2-team
0.9600000000000006,-104.1666666666666,203,203.0,115,22.400000000000084,0.11034482758620731,SUPPLEMENTARY 2018-2025 all years,2-team
0.9650000000000005,-103.62694300518129,203,203.0,115,22.975000000000072,0.11317733990147819,SUPPLEMENTARY 2018-2025 all years,2-team
0.9700000000000006,-103.09278350515457,203,203.0,115,23.55000000000007,0.11600985221674912,SUPPLEMENTARY 2018-2025 all years,2-team
0.9750000000000005,-102.56410256410251,203,203.0,115,24.125000000000064,0.11884236453202002,SUPPLEMENTARY 2018-2025 all years,2-team
0.9800000000000006,-102.04081632653055,203,203.0,115,24.700000000000063,0.12167487684729095,SUPPLEMENTARY 2018-2025 all years,2-team
0.9850000000000005,-101.52284263959385,203,203.0,115,25.275000000000052,0.12450738916256184,SUPPLEMENTARY 2018-2025 all years,2-team
0.9900000000000007,-101.01010101010094,203,203.0,115,25.850000000000072,0.12733990147783286,SUPPLEMENTARY 2018-2025 all years,2-team
0.9950000000000006,-100.50251256281402,203,203.0,115,26.425000000000068,0.1301724137931038,SUPPLEMENTARY 2018-2025 all years,2-team
1.0000000000000007,100.00000000000007,203,203.0,115,27.000000000000085,0.1330049261083748,SUPPLEMENTARY 2018-2025 all years,2-team
1.0050000000000006,100.50000000000006,203,203.0,115,27.575000000000074,0.13583743842364568,SUPPLEMENTARY 2018-2025 all years,2-team
1.0100000000000007,101.00000000000007,203,203.0,115,28.15000000000008,0.13866995073891666,SUPPLEMENTARY 2018-2025 all years,2-team
1.0150000000000006,101.50000000000006,203,203.0,115,28.725000000000065,0.1415024630541875,SUPPLEMENTARY 2018-2025 all years,2-team
1.0200000000000007,102.00000000000007,203,203.0,115,29.30000000000007,0.14433497536945847,SUPPLEMENTARY 2018-2025 all years,2-team
1.0250000000000006,102.50000000000006,203,203.0,115,29.875000000000057,0.14716748768472934,SUPPLEMENTARY 2018-2025 all years,2-team
1.0300000000000007,103.00000000000007,203,203.0,115,30.45000000000008,0.1500000000000004,SUPPLEMENTARY 2018-2025 all years,2-team
1.0350000000000006,103.50000000000006,203,203.0,115,31.025000000000063,0.15283251231527126,SUPPLEMENTARY 2018-2025 all years,2-team
1.0400000000000007,104.00000000000007,203,203.0,115,31.600000000000087,0.1556650246305423,SUPPLEMENTARY 2018-2025 all years,2-team
1.0450000000000006,104.50000000000006,203,203.0,115,32.175000000000075,0.15849753694581317,SUPPLEMENTARY 2018-2025 all years,2-team
1.0500000000000007,105.00000000000007,203,203.0,115,32.750000000000085,0.16133004926108416,SUPPLEMENTARY 2018-2025 all years,2-team
1.0550000000000006,105.50000000000006,203,203.0,115,33.32500000000007,0.164162561576355,SUPPLEMENTARY 2018-2025 all years,2-team
1.0600000000000007,106.00000000000007,203,203.0,115,33.90000000000008,0.166995073891626,SUPPLEMENTARY 2018-2025 all years,2-team
1.0650000000000006,106.50000000000006,203,203.0,115,34.475000000000065,0.16982758620689686,SUPPLEMENTARY 2018-2025 all years,2-team
1.0700000000000007,107.00000000000007,203,203.0,115,35.05000000000008,0.1726600985221679,SUPPLEMENTARY 2018-2025 all years,2-team
1.0750000000000006,107.50000000000006,203,203.0,115,35.62500000000008,0.1754926108374388,SUPPLEMENTARY 2018-2025 all years,2-team
1.0800000000000007,108.00000000000007,203,203.0,115,36.20000000000009,0.1783251231527098,SUPPLEMENTARY 2018-2025 all years,2-team
1.0850000000000006,108.50000000000006,203,203.0,115,36.775000000000084,0.18115763546798072,SUPPLEMENTARY 2018-2025 all years,2-team
1.0900000000000007,109.00000000000007,203,203.0,115,37.35000000000008,0.18399014778325162,SUPPLEMENTARY 2018-2025 all years,2-team
1.0950000000000006,109.50000000000006,203,203.0,115,37.92500000000007,0.1868226600985225,SUPPLEMENTARY 2018-2025 all years,2-team
1.1000000000000008,110.00000000000007,203,203.0,115,38.50000000000008,0.18965517241379348,SUPPLEMENTARY 2018-2025 all years,2-team
1.1050000000000006,110.50000000000007,203,203.0,115,39.07500000000007,0.19248768472906436,SUPPLEMENTARY 2018-2025 all years,2-team
1.1100000000000008,111.00000000000007,203,203.0,115,39.65000000000009,0.19532019704433543,SUPPLEMENTARY 2018-2025 all years,2-team
1.1150000000000007,111.50000000000007,203,203.0,115,40.22500000000007,0.19815270935960627,SUPPLEMENTARY 2018-2025 all years,2-team
1.1200000000000008,112.00000000000007,203,203.0,115,40.8000000000001,0.2009852216748773,SUPPLEMENTARY 2018-2025 all years,2-team
1.1250000000000007,112.50000000000007,203,203.0,115,41.375000000000085,0.20381773399014821,SUPPLEMENTARY 2018-2025 all years,2-team
1.1300000000000008,113.00000000000009,203,203.0,115,41.950000000000095,0.2066502463054192,SUPPLEMENTARY 2018-2025 all years,2-team
1.1350000000000007,113.50000000000007,203,203.0,115,42.52500000000008,0.20948275862069005,SUPPLEMENTARY 2018-2025 all years,2-team
1.1400000000000008,114.00000000000009,203,203.0,115,43.10000000000008,0.21231527093596098,SUPPLEMENTARY 2018-2025 all years,2-team
1.1450000000000007,114.50000000000007,203,203.0,115,43.67500000000007,0.21514778325123185,SUPPLEMENTARY 2018-2025 all years,2-team
1.1500000000000008,115.00000000000009,203,203.0,115,44.250000000000085,0.2179802955665029,SUPPLEMENTARY 2018-2025 all years,2-team
1.1550000000000007,115.50000000000007,203,203.0,115,44.82500000000009,0.22081280788177382,SUPPLEMENTARY 2018-2025 all years,2-team
1.1600000000000008,116.00000000000009,203,203.0,115,45.4000000000001,0.2236453201970448,SUPPLEMENTARY 2018-2025 all years,2-team
1.1650000000000007,116.50000000000007,203,203.0,115,45.97500000000009,0.2264778325123157,SUPPLEMENTARY 2018-2025 all years,2-team
1.1700000000000008,117.00000000000009,203,203.0,115,46.5500000000001,0.2293103448275867,SUPPLEMENTARY 2018-2025 all years,2-team
1.1750000000000007,117.50000000000007,203,203.0,115,47.125000000000085,0.23214285714285757,SUPPLEMENTARY 2018-2025 all years,2-team
1.1800000000000008,118.00000000000009,203,203.0,115,47.70000000000009,0.23497536945812852,SUPPLEMENTARY 2018-2025 all years,2-team
1.1850000000000007,118.50000000000007,203,203.0,115,48.27500000000008,0.2378078817733994,SUPPLEMENTARY 2018-2025 all years,2-team
1.1900000000000008,119.00000000000009,203,203.0,115,48.850000000000094,0.2406403940886704,SUPPLEMENTARY 2018-2025 all years,2-team
1.1950000000000007,119.50000000000007,203,203.0,115,49.42500000000008,0.24347290640394129,SUPPLEMENTARY 2018-2025 all years,2-team
1.2000000000000008,120.00000000000009,203,203.0,115,50.00000000000011,0.24630541871921235,SUPPLEMENTARY 2018-2025 all years,2-team
1.2050000000000007,120.50000000000007,203,203.0,115,50.57500000000009,0.2491379310344832,SUPPLEMENTARY 2018-2025 all years,2-team
1.2100000000000009,121.00000000000009,203,203.0,115,51.1500000000001,0.25197044334975416,SUPPLEMENTARY 2018-2025 all years,2-team
1.2150000000000007,121.50000000000007,203,203.0,115,51.72500000000008,0.25480295566502503,SUPPLEMENTARY 2018-2025 all years,2-team
1.2200000000000009,122.00000000000009,203,203.0,115,52.3000000000001,0.257635467980296,SUPPLEMENTARY 2018-2025 all years,2-team
1.2250000000000008,122.50000000000007,203,203.0,115,52.875000000000085,0.26046798029556695,SUPPLEMENTARY 2018-2025 all years,2-team
1.2300000000000009,123.00000000000009,203,203.0,115,53.45000000000009,0.2633004926108379,SUPPLEMENTARY 2018-2025 all years,2-team
1.2350000000000008,123.50000000000007,203,203.0,115,54.0250000000001,0.26613300492610886,SUPPLEMENTARY 2018-2025 all years,2-team
1.2400000000000009,124.00000000000009,203,203.0,115,54.60000000000011,0.26896551724137985,SUPPLEMENTARY 2018-2025 all years,2-team
1.2450000000000008,124.50000000000007,203,203.0,115,55.1750000000001,0.2717980295566507,SUPPLEMENTARY 2018-2025 all years,2-team
1.2500000000000009,125.00000000000009,203,203.0,115,55.75000000000011,0.2746305418719217,SUPPLEMENTARY 2018-2025 all years,2-team
1.2550000000000008,125.50000000000009,203,203.0,115,56.325000000000095,0.2774630541871926,SUPPLEMENTARY 2018-2025 all years,2-team
1.260000000000001,126.00000000000009,203,203.0,115,56.900000000000105,0.28029556650246357,SUPPLEMENTARY 2018-2025 all years,2-team
1.2650000000000008,126.50000000000009,203,203.0,115,57.47500000000008,0.2831280788177344,SUPPLEMENTARY 2018-2025 all years,2-team
1.270000000000001,127.00000000000009,203,203.0,115,58.05000000000011,0.2859605911330055,SUPPLEMENTARY 2018-2025 all years,2-team
1.2750000000000008,127.50000000000009,203,203.0,115,58.625000000000085,0.2887931034482763,SUPPLEMENTARY 2018-2025 all years,2-team
1.280000000000001,128.00000000000009,203,203.0,115,59.20000000000012,0.2916256157635474,SUPPLEMENTARY 2018-2025 all years,2-team
1.2850000000000008,128.50000000000009,203,203.0,115,59.77500000000009,0.29445812807881816,SUPPLEMENTARY 2018-2025 all years,2-team
1.290000000000001,129.00000000000009,203,203.0,115,60.3500000000001,0.29729064039408915,SUPPLEMENTARY 2018-2025 all years,2-team
1.2950000000000008,129.50000000000009,203,203.0,115,60.92500000000009,0.30012315270936,SUPPLEMENTARY 2018-2025 all years,2-team
1.300000000000001,130.00000000000009,203,203.0,115,61.5000000000001,0.302955665024631,SUPPLEMENTARY 2018-2025 all years,2-team
1.3050000000000008,130.50000000000009,203,203.0,115,62.07500000000009,0.30578817733990193,SUPPLEMENTARY 2018-2025 all years,2-team
1.310000000000001,131.00000000000009,203,203.0,115,62.65000000000009,0.30862068965517286,SUPPLEMENTARY 2018-2025 all years,2-team
1.315000000000001,131.5000000000001,203,203.0,115,63.22500000000012,0.31145320197044396,SUPPLEMENTARY 2018-2025 all years,2-team
1.320000000000001,132.00000000000009,203,203.0,115,63.80000000000011,0.31428571428571483,SUPPLEMENTARY 2018-2025 all years,2-team
1.3250000000000008,132.50000000000009,203,203.0,115,64.3750000000001,0.3171182266009857,SUPPLEMENTARY 2018-2025 all years,2-team
1.330000000000001,133.00000000000009,203,203.0,115,64.95000000000012,0.31995073891625675,SUPPLEMENTARY 2018-2025 all years,2-team
1.335000000000001,133.5000000000001,203,203.0,115,65.52500000000012,0.3227832512315277,SUPPLEMENTARY 2018-2025 all years,2-team
1.340000000000001,134.00000000000009,203,203.0,115,66.10000000000011,0.32561576354679855,SUPPLEMENTARY 2018-2025 all years,2-team
1.3450000000000009,134.50000000000009,203,203.0,115,66.6750000000001,0.3284482758620694,SUPPLEMENTARY 2018-2025 all years,2-team
1.350000000000001,135.00000000000009,203,203.0,115,67.25000000000013,0.3312807881773405,SUPPLEMENTARY 2018-2025 all years,2-team
1.355000000000001,135.5000000000001,203,203.0,115,67.82500000000013,0.3341133004926115,SUPPLEMENTARY 2018-2025 all years,2-team
1.360000000000001,136.00000000000009,203,203.0,115,68.40000000000012,0.3369458128078824,SUPPLEMENTARY 2018-2025 all years,2-team
1.3650000000000009,136.50000000000009,203,203.0,115,68.97500000000011,0.33977832512315326,SUPPLEMENTARY 2018-2025 all years,2-team
1.370000000000001,137.0000000000001,203,203.0,115,69.55000000000013,0.34261083743842424,SUPPLEMENTARY 2018-2025 all years,2-team
1.375000000000001,137.5000000000001,203,203.0,115,70.12500000000011,0.3454433497536951,SUPPLEMENTARY 2018-2025 all years,2-team
1.380000000000001,138.0000000000001,203,203.0,115,70.7000000000001,0.34827586206896605,SUPPLEMENTARY 2018-2025 all years,2-team
1.385000000000001,138.50000000000009,203,203.0,115,71.27500000000009,0.3511083743842369,SUPPLEMENTARY 2018-2025 all years,2-team
1.390000000000001,139.0000000000001,203,203.0,115,71.85000000000011,0.3539408866995079,SUPPLEMENTARY 2018-2025 all years,2-team
1.3950000000000011,139.5000000000001,203,203.0,115,72.42500000000013,0.35677339901477895,SUPPLEMENTARY 2018-2025 all years,2-team
1.400000000000001,140.0000000000001,203,203.0,115,73.00000000000013,0.3596059113300499,SUPPLEMENTARY 2018-2025 all years,2-team
1.405000000000001,140.50000000000009,203,203.0,115,73.5750000000001,0.3624384236453207,SUPPLEMENTARY 2018-2025 all years,2-team
1.410000000000001,141.0000000000001,203,203.0,115,74.15000000000012,0.36527093596059174,SUPPLEMENTARY 2018-2025 all years,2-team
1.4150000000000011,141.5000000000001,203,203.0,115,74.72500000000014,0.3681034482758627,SUPPLEMENTARY 2018-2025 all years,2-team
1.420000000000001,142.0000000000001,203,203.0,115,75.30000000000011,0.37093596059113354,SUPPLEMENTARY 2018-2025 all years,2-team
1.425000000000001,142.50000000000009,203,203.0,115,75.87500000000011,0.3737684729064045,SUPPLEMENTARY 2018-2025 all years,2-team
1.430000000000001,143.0000000000001,203,203.0,115,76.45000000000013,0.3766009852216755,SUPPLEMENTARY 2018-2025 all years,2-team
1.4350000000000012,143.5000000000001,203,203.0,115,77.02500000000015,0.37943349753694655,SUPPLEMENTARY 2018-2025 all years,2-team
1.440000000000001,144.0000000000001,203,203.0,115,77.60000000000011,0.38226600985221726,SUPPLEMENTARY 2018-2025 all years,2-team
1.445000000000001,144.50000000000009,203,203.0,115,78.1750000000001,0.38509852216748813,SUPPLEMENTARY 2018-2025 all years,2-team
1.450000000000001,145.0000000000001,203,203.0,115,78.75000000000013,0.38793103448275923,SUPPLEMENTARY 2018-2025 all years,2-team
1.4550000000000012,145.5000000000001,203,203.0,115,79.32500000000013,0.3907635467980302,SUPPLEMENTARY 2018-2025 all years,2-team
1.460000000000001,146.0000000000001,203,203.0,115,79.90000000000012,0.3935960591133011,SUPPLEMENTARY 2018-2025 all years,2-team
1.465000000000001,146.50000000000009,203,203.0,115,80.47500000000011,0.39642857142857196,SUPPLEMENTARY 2018-2025 all years,2-team
1.470000000000001,147.0000000000001,203,203.0,115,81.05000000000011,0.3992610837438429,SUPPLEMENTARY 2018-2025 all years,2-team
1.4750000000000012,147.5000000000001,203,203.0,115,81.62500000000014,0.402093596059114,SUPPLEMENTARY 2018-2025 all years,2-team
1.480000000000001,148.0000000000001,203,203.0,115,82.20000000000013,0.40492610837438486,SUPPLEMENTARY 2018-2025 all years,2-team
1.485000000000001,148.50000000000009,203,203.0,115,82.77500000000012,0.40775862068965574,SUPPLEMENTARY 2018-2025 all years,2-team
1.490000000000001,149.0000000000001,203,203.0,115,83.35000000000014,0.4105911330049268,SUPPLEMENTARY 2018-2025 all years,2-team
1.4950000000000012,149.5000000000001,203,203.0,115,83.92500000000015,0.4134236453201978,SUPPLEMENTARY 2018-2025 all years,2-team
1.500000000000001,150.0000000000001,203,203.0,115,84.50000000000011,0.4162561576354685,SUPPLEMENTARY 2018-2025 all years,2-team
1.505000000000001,150.5000000000001,203,203.0,115,85.0750000000001,0.4190886699507394,SUPPLEMENTARY 2018-2025 all years,2-team
1.5100000000000011,151.0000000000001,203,203.0,115,85.65000000000015,0.42192118226601055,SUPPLEMENTARY 2018-2025 all years,2-team
1.5150000000000012,151.5000000000001,203,203.0,115,86.22500000000014,0.4247536945812815,SUPPLEMENTARY 2018-2025 all years,2-team
1.5200000000000011,152.0000000000001,203,203.0,115,86.80000000000013,0.42758620689655236,SUPPLEMENTARY 2018-2025 all years,2-team
1.525000000000001,152.5000000000001,203,203.0,115,87.37500000000011,0.43041871921182323,SUPPLEMENTARY 2018-2025 all years,2-team
1.5300000000000011,153.0000000000001,203,203.0,115,87.95000000000013,0.4332512315270942,SUPPLEMENTARY 2018-2025 all years,2-team
1.5350000000000013,153.5000000000001,203,203.0,115,88.52500000000015,0.43608374384236526,SUPPLEMENTARY 2018-2025 all years,2-team
1.5400000000000011,154.0000000000001,203,203.0,115,89.10000000000014,0.43891625615763613,SUPPLEMENTARY 2018-2025 all years,2-team
1.545000000000001,154.5000000000001,203,203.0,115,89.67500000000013,0.441748768472907,SUPPLEMENTARY 2018-2025 all years,2-team
1.5500000000000012,155.0000000000001,203,203.0,115,90.25000000000011,0.4445812807881779,SUPPLEMENTARY 2018-2025 all years,2-team
1.5550000000000013,155.5000000000001,203,203.0,115,90.82500000000016,0.4474137931034491,SUPPLEMENTARY 2018-2025 all years,2-team
1.5600000000000012,156.0000000000001,203,203.0,115,91.40000000000015,0.45024630541871996,SUPPLEMENTARY 2018-2025 all years,2-team
1.565000000000001,156.5000000000001,203,203.0,115,91.97500000000011,0.45307881773399067,SUPPLEMENTARY 2018-2025 all years,2-team
1.5700000000000012,157.0000000000001,203,203.0,115,92.55000000000013,0.4559113300492617,SUPPLEMENTARY 2018-2025 all years,2-team
1.5750000000000013,157.50000000000014,203,203.0,115,93.12500000000014,0.4587438423645327,SUPPLEMENTARY 2018-2025 all years,2-team
1.5800000000000012,158.0000000000001,203,203.0,115,93.70000000000013,0.4615763546798036,SUPPLEMENTARY 2018-2025 all years,2-team
1.585000000000001,158.5000000000001,203,203.0,115,94.27500000000012,0.4644088669950745,SUPPLEMENTARY 2018-2025 all years,2-team
1.5900000000000012,159.0000000000001,203,203.0,115,94.85000000000016,0.46724137931034565,SUPPLEMENTARY 2018-2025 all years,2-team
1.5950000000000013,159.50000000000014,203,203.0,115,95.42500000000015,0.4700738916256165,SUPPLEMENTARY 2018-2025 all years,2-team
1.6000000000000012,160.0000000000001,203,203.0,115,96.00000000000014,0.4729064039408874,SUPPLEMENTARY 2018-2025 all years,2-team
1.605000000000001,160.5000000000001,203,203.0,115,96.57500000000013,0.4757389162561583,SUPPLEMENTARY 2018-2025 all years,2-team
1.6100000000000012,161.0000000000001,203,203.0,115,97.15000000000013,0.4785714285714292,SUPPLEMENTARY 2018-2025 all years,2-team
1.6150000000000013,161.50000000000014,203,203.0,115,97.72500000000016,0.4814039408867003,SUPPLEMENTARY 2018-2025 all years,2-team
1.6200000000000012,162.0000000000001,203,203.0,115,98.30000000000015,0.4842364532019712,SUPPLEMENTARY 2018-2025 all years,2-team
1.625000000000001,162.5000000000001,203,203.0,115,98.87500000000011,0.48706896551724194,SUPPLEMENTARY 2018-2025 all years,2-team
1.6300000000000012,163.0000000000001,203,203.0,115,99.45000000000013,0.489901477832513,SUPPLEMENTARY 2018-2025 all years,2-team
1.6350000000000013,163.50000000000014,203,203.0,115,100.02500000000015,0.49273399014778396,SUPPLEMENTARY 2018-2025 all years,2-team
1.6400000000000012,164.0000000000001,203,203.0,115,100.60000000000014,0.49556650246305484,SUPPLEMENTARY 2018-2025 all years,2-team
1.6450000000000011,164.5000000000001,203,203.0,115,101.17500000000013,0.49839901477832577,SUPPLEMENTARY 2018-2025 all years,2-team
1.6500000000000012,165.0000000000001,203,203.0,115,101.75000000000014,0.5012315270935968,SUPPLEMENTARY 2018-2025 all years,2-team
1.6550000000000014,165.50000000000014,203,203.0,115,102.32500000000016,0.5040640394088678,SUPPLEMENTARY 2018-2025 all years,2-team
1.6600000000000013,166.0000000000001,203,203.0,115,102.90000000000015,0.5068965517241386,SUPPLEMENTARY 2018-2025 all years,2-team
1.6650000000000011,166.5000000000001,203,203.0,115,103.47500000000014,0.5097290640394095,SUPPLEMENTARY 2018-2025 all years,2-team
1.6700000000000013,167.0000000000001,203,203.0,115,104.05000000000017,0.5125615763546806,SUPPLEMENTARY 2018-2025 all years,2-team
1.6750000000000014,167.50000000000014,203,203.0,115,104.62500000000017,0.5153940886699516,SUPPLEMENTARY 2018-2025 all years,2-team
1.6800000000000013,168.0000000000001,203,203.0,115,105.20000000000016,0.5182266009852224,SUPPLEMENTARY 2018-2025 all years,2-team
1.6850000000000012,168.5000000000001,203,203.0,115,105.77500000000013,0.5210591133004933,SUPPLEMENTARY 2018-2025 all years,2-team
1.6900000000000013,169.0000000000001,203,203.0,115,106.35000000000014,0.5238916256157642,SUPPLEMENTARY 2018-2025 all years,2-team
1.6950000000000014,169.50000000000014,203,203.0,115,106.92500000000015,0.5267241379310352,SUPPLEMENTARY 2018-2025 all years,2-team
1.7000000000000013,170.00000000000014,203,203.0,115,107.50000000000014,0.5295566502463062,SUPPLEMENTARY 2018-2025 all years,2-team
1.7050000000000012,170.5000000000001,203,203.0,115,108.07500000000014,0.5323891625615771,SUPPLEMENTARY 2018-2025 all years,2-team
1.7100000000000013,171.00000000000014,203,203.0,115,108.65000000000012,0.5352216748768479,SUPPLEMENTARY 2018-2025 all years,2-team
1.7150000000000014,171.50000000000014,203,203.0,115,109.22500000000016,0.5380541871921191,SUPPLEMENTARY 2018-2025 all years,2-team
1.7200000000000013,172.00000000000014,203,203.0,115,109.80000000000014,0.5408866995073899,SUPPLEMENTARY 2018-2025 all years,2-team
1.7250000000000012,172.5000000000001,203,203.0,115,110.37500000000014,0.5437192118226608,SUPPLEMENTARY 2018-2025 all years,2-team
1.7300000000000013,173.00000000000014,203,203.0,115,110.95000000000014,0.5465517241379317,SUPPLEMENTARY 2018-2025 all years,2-team
1.7350000000000014,173.50000000000014,203,203.0,115,111.52500000000016,0.5493842364532028,SUPPLEMENTARY 2018-2025 all years,2-team
1.7400000000000013,174.00000000000014,203,203.0,115,112.10000000000016,0.5522167487684737,SUPPLEMENTARY 2018-2025 all years,2-team
1.7450000000000012,174.5000000000001,203,203.0,115,112.67500000000015,0.5550492610837446,SUPPLEMENTARY 2018-2025 all years,2-team
1.7500000000000013,175.00000000000014,203,203.0,115,113.25000000000017,0.5578817733990156,SUPPLEMENTARY 2018-2025 all years,2-team
1.7550000000000014,175.50000000000014,203,203.0,115,113.82500000000016,0.5607142857142865,SUPPLEMENTARY 2018-2025 all years,2-team
1.7600000000000013,176.00000000000014,203,203.0,115,114.40000000000015,0.5635467980295574,SUPPLEMENTARY 2018-2025 all years,2-team
1.7650000000000012,176.5000000000001,203,203.0,115,114.97500000000014,0.5663793103448282,SUPPLEMENTARY 2018-2025 all years,2-team
1.7700000000000014,177.00000000000014,203,203.0,115,115.55000000000015,0.5692118226600993,SUPPLEMENTARY 2018-2025 all years,2-team
1.7750000000000015,177.50000000000014,203,203.0,115,116.12500000000017,0.5720443349753703,SUPPLEMENTARY 2018-2025 all years,2-team
1.7800000000000014,178.00000000000014,203,203.0,115,116.70000000000016,0.5748768472906411,SUPPLEMENTARY 2018-2025 all years,2-team
1.7850000000000013,178.5000000000001,203,203.0,115,117.27500000000015,0.5777093596059121,SUPPLEMENTARY 2018-2025 all years,2-team
1.7900000000000014,179.00000000000014,203,203.0,115,117.85000000000014,0.5805418719211829,SUPPLEMENTARY 2018-2025 all years,2-team
1.7950000000000015,179.50000000000014,203,203.0,115,118.42500000000017,0.583374384236454,SUPPLEMENTARY 2018-2025 all years,2-team
1.8000000000000014,180.00000000000014,203,203.0,115,119.00000000000017,0.586206896551725,SUPPLEMENTARY 2018-2025 all years,2-team
1.8050000000000013,180.5000000000001,203,203.0,115,119.57500000000014,0.5890394088669958,SUPPLEMENTARY 2018-2025 all years,2-team
1.8100000000000014,181.00000000000014,203,203.0,115,120.15000000000016,0.5918719211822668,SUPPLEMENTARY 2018-2025 all years,2-team
1.8150000000000015,181.50000000000014,203,203.0,115,120.7250000000002,0.5947044334975379,SUPPLEMENTARY 2018-2025 all years,2-team
1.8200000000000014,182.00000000000014,203,203.0,115,121.30000000000015,0.5975369458128086,SUPPLEMENTARY 2018-2025 all years,2-team
1.8250000000000013,182.50000000000014,203,203.0,115,121.87500000000016,0.6003694581280796,SUPPLEMENTARY 2018-2025 all years,2-team
1.8300000000000014,183.00000000000014,203,203.0,115,122.45000000000017,0.6032019704433506,SUPPLEMENTARY 2018-2025 all years,2-team
1.8350000000000015,183.50000000000014,203,203.0,115,123.02500000000016,0.6060344827586215,SUPPLEMENTARY 2018-2025 all years,2-team
1.8400000000000014,184.00000000000014,203,203.0,115,123.60000000000016,0.6088669950738924,SUPPLEMENTARY 2018-2025 all years,2-team
1.8450000000000013,184.50000000000014,203,203.0,115,124.17500000000014,0.6116995073891632,SUPPLEMENTARY 2018-2025 all years,2-team
1.8500000000000014,185.00000000000014,203,203.0,115,124.75000000000016,0.6145320197044343,SUPPLEMENTARY 2018-2025 all years,2-team
1.8550000000000015,185.50000000000014,203,203.0,115,125.3250000000002,0.6173645320197054,SUPPLEMENTARY 2018-2025 all years,2-team
1.8600000000000014,186.00000000000014,203,203.0,115,125.90000000000016,0.6201970443349761,SUPPLEMENTARY 2018-2025 all years,2-team
1.8650000000000013,186.50000000000014,203,203.0,115,126.47500000000018,0.6230295566502472,SUPPLEMENTARY 2018-2025 all years,2-team
1.8700000000000014,187.00000000000014,203,203.0,115,127.05000000000014,0.6258620689655179,SUPPLEMENTARY 2018-2025 all years,2-team
1.8750000000000016,187.50000000000014,203,203.0,115,127.62500000000017,0.628694581280789,SUPPLEMENTARY 2018-2025 all years,2-team
1.8800000000000014,188.00000000000014,203,203.0,115,128.20000000000016,0.6315270935960599,SUPPLEMENTARY 2018-2025 all years,2-team
1.8850000000000013,188.50000000000014,203,203.0,115,128.77500000000015,0.6343596059113308,SUPPLEMENTARY 2018-2025 all years,2-team
1.8900000000000015,189.00000000000014,203,203.0,115,129.35000000000014,0.6371921182266017,SUPPLEMENTARY 2018-2025 all years,2-team
1.8950000000000016,189.50000000000017,203,203.0,115,129.92500000000018,0.6400246305418729,SUPPLEMENTARY 2018-2025 all years,2-team
1.9000000000000015,190.00000000000014,203,203.0,115,130.5000000000002,0.6428571428571438,SUPPLEMENTARY 2018-2025 all years,2-team
1.9050000000000014,190.50000000000014,203,203.0,115,131.07500000000016,0.6456896551724146,SUPPLEMENTARY 2018-2025 all years,2-team
1.9100000000000015,191.00000000000014,203,203.0,115,131.65000000000018,0.6485221674876857,SUPPLEMENTARY 2018-2025 all years,2-team
1.9150000000000016,191.50000000000017,203,203.0,115,132.22500000000016,0.6513546798029565,SUPPLEMENTARY 2018-2025 all years,2-team
1.9200000000000015,192.00000000000014,203,203.0,115,132.80000000000015,0.6541871921182274,SUPPLEMENTARY 2018-2025 all years,2-team
1.9250000000000014,192.50000000000014,203,203.0,115,133.37500000000014,0.6570197044334982,SUPPLEMENTARY 2018-2025 all years,2-team
1.9300000000000015,193.00000000000014,203,203.0,115,133.95000000000016,0.6598522167487693,SUPPLEMENTARY 2018-2025 all years,2-team
1.9350000000000016,193.50000000000017,203,203.0,115,134.5250000000002,0.6626847290640404,SUPPLEMENTARY 2018-2025 all years,2-team
1.9400000000000015,194.00000000000014,203,203.0,115,135.1000000000002,0.6655172413793113,SUPPLEMENTARY 2018-2025 all years,2-team
1.9450000000000014,194.50000000000014,203,203.0,115,135.67500000000018,0.6683497536945822,SUPPLEMENTARY 2018-2025 all years,2-team
1.9500000000000015,195.00000000000014,203,203.0,115,136.25000000000017,0.6711822660098531,SUPPLEMENTARY 2018-2025 all years,2-team
1.9550000000000016,195.50000000000017,203,203.0,115,136.82500000000016,0.6740147783251239,SUPPLEMENTARY 2018-2025 all years,2-team
1.9600000000000015,196.00000000000014,203,203.0,115,137.40000000000018,0.676847290640395,SUPPLEMENTARY 2018-2025 all years,2-team
1.9650000000000014,196.50000000000014,203,203.0,115,137.97500000000016,0.6796798029556659,SUPPLEMENTARY 2018-2025 all years,2-team
1.9700000000000015,197.00000000000014,203,203.0,115,138.55000000000018,0.6825123152709368,SUPPLEMENTARY 2018-2025 all years,2-team
1.9750000000000016,197.50000000000017,203,203.0,115,139.12500000000023,0.6853448275862081,SUPPLEMENTARY 2018-2025 all years,2-team
1.9800000000000015,198.00000000000014,203,203.0,115,139.70000000000022,0.6881773399014789,SUPPLEMENTARY 2018-2025 all years,2-team
1.9850000000000014,198.50000000000014,203,203.0,115,140.27500000000015,0.6910098522167495,SUPPLEMENTARY 2018-2025 all years,2-team
1.9900000000000015,199.00000000000014,203,203.0,115,140.8500000000002,0.6938423645320206,SUPPLEMENTARY 2018-2025 all years,2-team
1.9950000000000017,199.50000000000017,203,203.0,115,141.42500000000018,0.6966748768472916,SUPPLEMENTARY 2018-2025 all years,2-team
2.0000000000000013,200.00000000000014,203,203.0,115,142.00000000000017,0.6995073891625624,SUPPLEMENTARY 2018-2025 all years,2-team
2.0050000000000012,200.5000000000001,203,203.0,115,142.5750000000001,0.702339901477833,SUPPLEMENTARY 2018-2025 all years,2-team
2.0100000000000016,201.00000000000017,203,203.0,115,143.1500000000002,0.7051724137931045,SUPPLEMENTARY 2018-2025 all years,2-team
2.0150000000000015,201.50000000000014,203,203.0,115,143.72500000000014,0.7080049261083751,SUPPLEMENTARY 2018-2025 all years,2-team
2.0200000000000014,202.00000000000014,203,203.0,115,144.30000000000013,0.7108374384236459,SUPPLEMENTARY 2018-2025 all years,2-team
2.0250000000000012,202.5000000000001,203,203.0,115,144.87500000000017,0.7136699507389171,SUPPLEMENTARY 2018-2025 all years,2-team
2.0300000000000016,203.00000000000017,203,203.0,115,145.45000000000016,0.716502463054188,SUPPLEMENTARY 2018-2025 all years,2-team
2.0350000000000015,203.50000000000014,203,203.0,115,146.02500000000018,0.719334975369459,SUPPLEMENTARY 2018-2025 all years,2-team
2.0400000000000014,204.00000000000014,203,203.0,115,146.60000000000014,0.7221674876847297,SUPPLEMENTARY 2018-2025 all years,2-team
2.0450000000000013,204.5000000000001,203,203.0,115,147.17500000000018,0.7250000000000009,SUPPLEMENTARY 2018-2025 all years,2-team
2.0500000000000016,205.00000000000017,203,203.0,115,147.75000000000017,0.7278325123152718,SUPPLEMENTARY 2018-2025 all years,2-team
2.0550000000000015,205.50000000000014,203,203.0,115,148.32500000000016,0.7306650246305426,SUPPLEMENTARY 2018-2025 all years,2-team
2.0600000000000014,206.00000000000014,203,203.0,115,148.9000000000002,0.7334975369458138,SUPPLEMENTARY 2018-2025 all years,2-team
2.0650000000000013,206.5000000000001,203,203.0,115,149.47500000000014,0.7363300492610844,SUPPLEMENTARY 2018-2025 all years,2-team
2.0700000000000016,207.00000000000017,203,203.0,115,150.05000000000018,0.7391625615763556,SUPPLEMENTARY 2018-2025 all years,2-team
2.0750000000000015,207.50000000000014,203,203.0,115,150.62500000000017,0.7419950738916264,SUPPLEMENTARY 2018-2025 all years,2-team
2.0800000000000014,208.00000000000014,203,203.0,115,151.20000000000016,0.7448275862068974,SUPPLEMENTARY 2018-2025 all years,2-team
2.0850000000000013,208.50000000000014,203,203.0,115,151.77500000000015,0.7476600985221682,SUPPLEMENTARY 2018-2025 all years,2-team
2.0900000000000016,209.00000000000017,203,203.0,115,152.3500000000002,0.7504926108374393,SUPPLEMENTARY 2018-2025 all years,2-team
2.0950000000000015,209.50000000000014,203,203.0,115,152.9250000000002,0.7533251231527104,SUPPLEMENTARY 2018-2025 all years,2-team
2.1000000000000014,210.00000000000014,203,203.0,115,153.50000000000014,0.756157635467981,SUPPLEMENTARY 2018-2025 all years,2-team
2.1050000000000013,210.50000000000014,203,203.0,115,154.07500000000016,0.758990147783252,SUPPLEMENTARY 2018-2025 all years,2-team
2.1100000000000017,211.00000000000017,203,203.0,115,154.65000000000015,0.7618226600985228,SUPPLEMENTARY 2018-2025 all years,2-team
2.1150000000000015,211.50000000000014,203,203.0,115,155.2250000000002,0.7646551724137941,SUPPLEMENTARY 2018-2025 all years,2-team
2.1200000000000014,212.00000000000014,203,203.0,115,155.80000000000013,0.7674876847290647,SUPPLEMENTARY 2018-2025 all years,2-team
2.1250000000000013,212.50000000000014,203,203.0,115,156.37500000000017,0.7703201970443359,SUPPLEMENTARY 2018-2025 all years,2-team
2.1300000000000017,213.00000000000017,203,203.0,115,156.95000000000022,0.773152709359607,SUPPLEMENTARY 2018-2025 all years,2-team
2.1350000000000016,213.50000000000017,203,203.0,115,157.5250000000002,0.7759852216748778,SUPPLEMENTARY 2018-2025 all years,2-team
2.1400000000000015,214.00000000000014,203,203.0,115,158.10000000000014,0.7788177339901484,SUPPLEMENTARY 2018-2025 all years,2-team
2.1450000000000014,214.50000000000014,203,203.0,115,158.67500000000013,0.7816502463054193,SUPPLEMENTARY 2018-2025 all years,2-team
2.1500000000000017,215.00000000000017,203,203.0,115,159.2500000000002,0.7844827586206906,SUPPLEMENTARY 2018-2025 all years,2-team
2.1550000000000016,215.50000000000017,203,203.0,115,159.8250000000002,0.7873152709359615,SUPPLEMENTARY 2018-2025 all years,2-team
2.1600000000000015,216.00000000000014,203,203.0,115,160.40000000000018,0.7901477832512324,SUPPLEMENTARY 2018-2025 all years,2-team
2.1650000000000014,216.50000000000014,203,203.0,115,160.97500000000014,0.7929802955665032,SUPPLEMENTARY 2018-2025 all years,2-team
2.1700000000000017,217.00000000000017,203,203.0,115,161.55000000000018,0.7958128078817743,SUPPLEMENTARY 2018-2025 all years,2-team
2.1750000000000016,217.50000000000017,203,203.0,115,162.12500000000017,0.7986453201970451,SUPPLEMENTARY 2018-2025 all years,2-team
2.1800000000000015,218.00000000000014,203,203.0,115,162.70000000000016,0.8014778325123161,SUPPLEMENTARY 2018-2025 all years,2-team
2.1850000000000014,218.50000000000014,203,203.0,115,163.2750000000002,0.8043103448275872,SUPPLEMENTARY 2018-2025 all years,2-team
2.1900000000000017,219.00000000000017,203,203.0,115,163.8500000000002,0.807142857142858,SUPPLEMENTARY 2018-2025 all years,2-team
2.1950000000000016,219.50000000000017,203,203.0,115,164.42500000000018,0.809975369458129,SUPPLEMENTARY 2018-2025 all years,2-team
2.2000000000000015,220.00000000000014,203,203.0,115,165.00000000000017,0.8128078817733999,SUPPLEMENTARY 2018-2025 all years,2-team
2.2050000000000014,220.50000000000014,203,203.0,115,165.57500000000016,0.8156403940886707,SUPPLEMENTARY 2018-2025 all years,2-team
2.2100000000000017,221.00000000000017,203,203.0,115,166.15000000000018,0.8184729064039418,SUPPLEMENTARY 2018-2025 all years,2-team
2.2150000000000016,221.50000000000017,203,203.0,115,166.7250000000002,0.8213054187192128,SUPPLEMENTARY 2018-2025 all years,2-team
2.2200000000000015,222.00000000000014,203,203.0,115,167.3000000000002,0.8241379310344837,SUPPLEMENTARY 2018-2025 all years,2-team
2.2250000000000014,222.50000000000014,203,203.0,115,167.87500000000014,0.8269704433497544,SUPPLEMENTARY 2018-2025 all years,2-team
2.2300000000000018,223.00000000000017,203,203.0,115,168.45000000000022,0.8298029556650257,SUPPLEMENTARY 2018-2025 all years,2-team
2.2350000000000017,223.50000000000017,203,203.0,115,169.02500000000018,0.8326354679802964,SUPPLEMENTARY 2018-2025 all years,2-team
2.2400000000000015,224.00000000000014,203,203.0,115,169.6000000000002,0.8354679802955675,SUPPLEMENTARY 2018-2025 all years,2-team
2.2450000000000014,224.50000000000014,203,203.0,115,170.17500000000015,0.8383004926108382,SUPPLEMENTARY 2018-2025 all years,2-team
2.2500000000000018,225.00000000000017,203,203.0,115,170.75000000000023,0.8411330049261095,SUPPLEMENTARY 2018-2025 all years,2-team
2.2550000000000017,225.50000000000017,203,203.0,115,171.32500000000022,0.8439655172413804,SUPPLEMENTARY 2018-2025 all years,2-team
2.2600000000000016,226.00000000000017,203,203.0,115,171.9000000000002,0.8467980295566513,SUPPLEMENTARY 2018-2025 all years,2-team
2.2650000000000015,226.50000000000014,203,203.0,115,172.47500000000014,0.8496305418719219,SUPPLEMENTARY 2018-2025 all years,2-team
2.270000000000002,227.00000000000017,203,203.0,115,173.05000000000018,0.852463054187193,SUPPLEMENTARY 2018-2025 all years,2-team
2.2750000000000017,227.50000000000017,203,203.0,115,173.6250000000002,0.8552955665024641,SUPPLEMENTARY 2018-2025 all years,2-team
2.2800000000000016,228.00000000000017,203,203.0,115,174.2000000000002,0.8581280788177349,SUPPLEMENTARY 2018-2025 all years,2-team
2.2850000000000015,228.50000000000014,203,203.0,115,174.77500000000018,0.8609605911330058,SUPPLEMENTARY 2018-2025 all years,2-team
2.290000000000002,229.00000000000017,203,203.0,115,175.35000000000025,0.8637931034482771,SUPPLEMENTARY 2018-2025 all years,2-team
2.2950000000000017,229.50000000000017,203,203.0,115,175.92500000000018,0.8666256157635477,SUPPLEMENTARY 2018-2025 all years,2-team
2.3000000000000016,230.00000000000017,203,203.0,115,176.50000000000017,0.8694581280788186,SUPPLEMENTARY 2018-2025 all years,2-team
2.3050000000000015,230.50000000000014,203,203.0,115,177.07500000000016,0.8722906403940894,SUPPLEMENTARY 2018-2025 all years,2-team
2.3100000000000014,231.00000000000014,203,203.0,115,177.6500000000002,0.8751231527093606,SUPPLEMENTARY 2018-2025 all years,2-team
2.3150000000000017,231.50000000000017,203,203.0,115,178.2250000000002,0.8779556650246315,SUPPLEMENTARY 2018-2025 all years,2-team
2.3200000000000016,232.00000000000017,203,203.0,115,178.80000000000018,0.8807881773399023,SUPPLEMENTARY 2018-2025 all years,2-team
2.3250000000000015,232.50000000000014,203,203.0,115,179.37500000000017,0.8836206896551733,SUPPLEMENTARY 2018-2025 all years,2-team
2.330000000000002,233.00000000000017,203,203.0,115,179.95000000000022,0.8864532019704444,SUPPLEMENTARY 2018-2025 all years,2-team
2.3350000000000017,233.50000000000017,203,203.0,115,180.52500000000018,0.8892857142857151,SUPPLEMENTARY 2018-2025 all years,2-team
2.3400000000000016,234.00000000000017,203,203.0,115,181.1000000000002,0.8921182266009862,SUPPLEMENTARY 2018-2025 all years,2-team
2.3450000000000015,234.50000000000014,203,203.0,115,181.6750000000002,0.8949507389162572,SUPPLEMENTARY 2018-2025 all years,2-team
2.3500000000000014,235.00000000000014,203,203.0,115,182.25000000000014,0.8977832512315278,SUPPLEMENTARY 2018-2025 all years,2-team
2.3550000000000018,235.50000000000017,203,203.0,115,182.82500000000022,0.9006157635467991,SUPPLEMENTARY 2018-2025 all years,2-team
2.3600000000000017,236.00000000000017,203,203.0,115,183.40000000000018,0.9034482758620699,SUPPLEMENTARY 2018-2025 all years,2-team
2.3650000000000015,236.50000000000014,203,203.0,115,183.9750000000002,0.9062807881773408,SUPPLEMENTARY 2018-2025 all years,2-team
2.370000000000002,237.0000000000002,203,203.0,115,184.55000000000018,0.9091133004926117,SUPPLEMENTARY 2018-2025 all years,2-team
2.3750000000000018,237.50000000000017,203,203.0,115,185.12500000000023,0.9119458128078829,SUPPLEMENTARY 2018-2025 all years,2-team
2.3800000000000017,238.00000000000017,203,203.0,115,185.70000000000022,0.9147783251231538,SUPPLEMENTARY 2018-2025 all years,2-team
2.3850000000000016,238.50000000000017,203,203.0,115,186.2750000000002,0.9176108374384246,SUPPLEMENTARY 2018-2025 all years,2-team
2.3900000000000015,239.00000000000014,203,203.0,115,186.85000000000014,0.9204433497536952,SUPPLEMENTARY 2018-2025 all years,2-team
2.395000000000002,239.50000000000017,203,203.0,115,187.42500000000018,0.9232758620689664,SUPPLEMENTARY 2018-2025 all years,2-team
2.4000000000000017,240.00000000000017,203,203.0,115,188.0000000000002,0.9261083743842374,SUPPLEMENTARY 2018-2025 all years,2-team
2.4050000000000016,240.50000000000017,203,203.0,115,188.5750000000002,0.9289408866995084,SUPPLEMENTARY 2018-2025 all years,2-team
2.410000000000002,241.0000000000002,203,203.0,115,189.15000000000023,0.9317733990147795,SUPPLEMENTARY 2018-2025 all years,2-team
2.415000000000002,241.50000000000017,203,203.0,115,189.72500000000025,0.9346059113300504,SUPPLEMENTARY 2018-2025 all years,2-team
2.4200000000000017,242.00000000000017,203,203.0,115,190.30000000000018,0.937438423645321,SUPPLEMENTARY 2018-2025 all years,2-team
2.4250000000000016,242.50000000000017,203,203.0,115,190.87500000000014,0.9402709359605919,SUPPLEMENTARY 2018-2025 all years,2-team
2.4300000000000015,243.00000000000014,203,203.0,115,191.45000000000016,0.9431034482758629,SUPPLEMENTARY 2018-2025 all years,2-team
2.435000000000002,243.50000000000017,203,203.0,115,192.0250000000002,0.945935960591134,SUPPLEMENTARY 2018-2025 all years,2-team
2.4400000000000017,244.00000000000017,203,203.0,115,192.6000000000002,0.9487684729064049,SUPPLEMENTARY 2018-2025 all years,2-team
2.4450000000000016,244.50000000000017,203,203.0,115,193.17500000000018,0.9516009852216758,SUPPLEMENTARY 2018-2025 all years,2-team
2.450000000000002,245.0000000000002,203,203.0,115,193.75000000000028,0.9544334975369472,SUPPLEMENTARY 2018-2025 all years,2-team
2.455000000000002,245.50000000000017,203,203.0,115,194.32500000000022,0.9572660098522178,SUPPLEMENTARY 2018-2025 all years,2-team
2.4600000000000017,246.00000000000017,203,203.0,115,194.90000000000018,0.9600985221674886,SUPPLEMENTARY 2018-2025 all years,2-team
2.4650000000000016,246.50000000000017,203,203.0,115,195.4750000000002,0.9629310344827595,SUPPLEMENTARY 2018-2025 all years,2-team
2.4700000000000015,247.00000000000014,203,203.0,115,196.0500000000002,0.9657635467980306,SUPPLEMENTARY 2018-2025 all years,2-team
2.475000000000002,247.5000000000002,203,203.0,115,196.62500000000023,0.9685960591133016,SUPPLEMENTARY 2018-2025 all years,2-team
2.4800000000000018,248.00000000000017,203,203.0,115,197.20000000000022,0.9714285714285725,SUPPLEMENTARY 2018-2025 all years,2-team
2.4850000000000017,248.50000000000017,203,203.0,115,197.7750000000002,0.9742610837438433,SUPPLEMENTARY 2018-2025 all years,2-team
2.490000000000002,249.0000000000002,203,203.0,115,198.35000000000025,0.9770935960591145,SUPPLEMENTARY 2018-2025 all years,2-team
2.495000000000002,249.5000000000002,203,203.0,115,198.92500000000018,0.9799261083743851,SUPPLEMENTARY 2018-2025 all years,2-team
2.5000000000000018,250.00000000000017,203,203.0,115,199.50000000000023,0.9827586206896562,SUPPLEMENTARY 2018-2025 all years,2-team
2.5050000000000017,250.50000000000017,203,203.0,115,200.07500000000022,0.9855911330049272,SUPPLEMENTARY 2018-2025 all years,2-team
2.5100000000000016,251.00000000000017,203,203.0,115,200.6500000000002,0.9884236453201981,SUPPLEMENTARY 2018-2025 all years,2-team
2.515000000000002,251.5000000000002,203,203.0,115,201.2250000000002,0.9912561576354689,SUPPLEMENTARY 2018-2025 all years,2-team
2.520000000000002,252.00000000000017,203,203.0,115,201.80000000000018,0.9940886699507399,SUPPLEMENTARY 2018-2025 all years,2-team
2.5250000000000017,252.50000000000017,203,203.0,115,202.3750000000002,0.9969211822660108,SUPPLEMENTARY 2018-2025 all years,2-team
2.530000000000002,253.0000000000002,203,203.0,115,202.9500000000002,0.9997536945812817,SUPPLEMENTARY 2018-2025 all years,2-team
2.535000000000002,253.5000000000002,203,203.0,115,203.52500000000023,1.002586206896553,SUPPLEMENTARY 2018-2025 all years,2-team
2.540000000000002,254.00000000000017,203,203.0,115,204.10000000000025,1.0054187192118238,SUPPLEMENTARY 2018-2025 all years,2-team
2.5450000000000017,254.50000000000017,203,203.0,115,204.67500000000018,1.0082512315270944,SUPPLEMENTARY 2018-2025 all years,2-team
2.5500000000000016,255.00000000000017,203,203.0,115,205.25000000000014,1.0110837438423652,SUPPLEMENTARY 2018-2025 all years,2-team
2.555000000000002,255.5000000000002,203,203.0,115,205.82500000000022,1.0139162561576365,SUPPLEMENTARY 2018-2025 all years,2-team
2.560000000000002,256.00000000000017,203,203.0,115,206.4000000000002,1.0167487684729075,SUPPLEMENTARY 2018-2025 all years,2-team
2.5650000000000017,256.50000000000017,203,203.0,115,206.9750000000002,1.0195812807881783,SUPPLEMENTARY 2018-2025 all years,2-team
2.570000000000002,257.0000000000002,203,203.0,115,207.55000000000024,1.0224137931034494,SUPPLEMENTARY 2018-2025 all years,2-team
2.575000000000002,257.50000000000017,203,203.0,115,208.12500000000028,1.0252463054187206,SUPPLEMENTARY 2018-2025 all years,2-team
2.580000000000002,258.00000000000017,203,203.0,115,208.70000000000022,1.0280788177339912,SUPPLEMENTARY 2018-2025 all years,2-team
2.5850000000000017,258.50000000000017,203,203.0,115,209.27500000000018,1.030911330049262,SUPPLEMENTARY 2018-2025 all years,2-team
2.5900000000000016,259.00000000000017,203,203.0,115,209.8500000000002,1.0337438423645329,SUPPLEMENTARY 2018-2025 all years,2-team
2.595000000000002,259.50000000000017,203,203.0,115,210.42500000000024,1.0365763546798041,SUPPLEMENTARY 2018-2025 all years,2-team
2.600000000000002,260.00000000000017,203,203.0,115,211.00000000000023,1.039408866995075,SUPPLEMENTARY 2018-2025 all years,2-team
2.6050000000000018,260.50000000000017,203,203.0,115,211.57500000000022,1.042241379310346,SUPPLEMENTARY 2018-2025 all years,2-team
2.610000000000002,261.0000000000002,203,203.0,115,212.15000000000026,1.045073891625617,SUPPLEMENTARY 2018-2025 all years,2-team
2.615000000000002,261.5000000000002,203,203.0,115,212.72500000000025,1.0479064039408879,SUPPLEMENTARY 2018-2025 all years,2-team
2.620000000000002,262.00000000000017,203,203.0,115,213.30000000000018,1.0507389162561585,SUPPLEMENTARY 2018-2025 all years,2-team
2.6250000000000018,262.50000000000017,203,203.0,115,213.87500000000023,1.0535714285714297,SUPPLEMENTARY 2018-2025 all years,2-team
2.6300000000000017,263.00000000000017,203,203.0,115,214.45000000000022,1.0564039408867005,SUPPLEMENTARY 2018-2025 all years,2-team
2.635000000000002,263.5000000000002,203,203.0,115,215.0250000000002,1.0592364532019714,SUPPLEMENTARY 2018-2025 all years,2-team
2.640000000000002,264.00000000000017,203,203.0,115,215.6000000000002,1.0620689655172424,SUPPLEMENTARY 2018-2025 all years,2-team
2.645000000000002,264.50000000000017,203,203.0,115,216.17500000000018,1.0649014778325132,SUPPLEMENTARY 2018-2025 all years,2-team
2.650000000000002,265.0000000000002,203,203.0,115,216.75000000000026,1.0677339901477845,SUPPLEMENTARY 2018-2025 all years,2-team
2.655000000000002,265.5000000000002,203,203.0,115,217.3250000000002,1.070566502463055,SUPPLEMENTARY 2018-2025 all years,2-team
2.660000000000002,266.00000000000017,203,203.0,115,217.90000000000023,1.0733990147783263,SUPPLEMENTARY 2018-2025 all years,2-team
2.665000000000002,266.50000000000017,203,203.0,115,218.47500000000025,1.0762315270935974,SUPPLEMENTARY 2018-2025 all years,2-team
2.6700000000000017,267.00000000000017,203,203.0,115,219.05000000000018,1.079064039408868,SUPPLEMENTARY 2018-2025 all years,2-team
2.675000000000002,267.5000000000002,203,203.0,115,219.62500000000023,1.081896551724139,SUPPLEMENTARY 2018-2025 all years,2-team
2.680000000000002,268.00000000000017,203,203.0,115,220.20000000000022,1.0847290640394098,SUPPLEMENTARY 2018-2025 all years,2-team
2.685000000000002,268.50000000000017,203,203.0,115,220.7750000000002,1.0875615763546809,SUPPLEMENTARY 2018-2025 all years,2-team
2.690000000000002,269.0000000000002,203,203.0,115,221.3500000000002,1.0903940886699517,SUPPLEMENTARY 2018-2025 all years,2-team
2.695000000000002,269.5000000000002,203,203.0,115,221.92500000000024,1.093226600985223,SUPPLEMENTARY 2018-2025 all years,2-team
2.700000000000002,270.00000000000017,203,203.0,115,222.50000000000028,1.096059113300494,SUPPLEMENTARY 2018-2025 all years,2-team
2.705000000000002,270.50000000000017,203,203.0,115,223.07500000000022,1.0988916256157646,SUPPLEMENTARY 2018-2025 all years,2-team
2.7100000000000017,271.00000000000017,203,203.0,115,223.65000000000018,1.1017241379310354,SUPPLEMENTARY 2018-2025 all years,2-team
2.715000000000002,271.5000000000002,203,203.0,115,224.22500000000022,1.1045566502463064,SUPPLEMENTARY 2018-2025 all years,2-team
2.720000000000002,272.00000000000017,203,203.0,115,224.80000000000024,1.1073891625615775,SUPPLEMENTARY 2018-2025 all years,2-team
2.725000000000002,272.50000000000017,203,203.0,115,225.37500000000023,1.1102216748768483,SUPPLEMENTARY 2018-2025 all years,2-team
2.730000000000002,273.0000000000002,203,203.0,115,225.95000000000027,1.1130541871921196,SUPPLEMENTARY 2018-2025 all years,2-team
2.735000000000002,273.5000000000002,203,203.0,115,226.52500000000026,1.1158866995073904,SUPPLEMENTARY 2018-2025 all years,2-team
2.740000000000002,274.0000000000002,203,203.0,115,227.10000000000025,1.1187192118226614,SUPPLEMENTARY 2018-2025 all years,2-team
2.745000000000002,274.50000000000017,203,203.0,115,227.67500000000018,1.121551724137932,SUPPLEMENTARY 2018-2025 all years,2-team
2.7500000000000018,275.00000000000017,203,203.0,115,228.25000000000023,1.124384236453203,SUPPLEMENTARY 2018-2025 all years,2-team
2.755000000000002,275.5000000000002,203,203.0,115,228.82500000000022,1.1272167487684739,SUPPLEMENTARY 2018-2025 all years,2-team
2.760000000000002,276.0000000000002,203,203.0,115,229.4000000000002,1.130049261083745,SUPPLEMENTARY 2018-2025 all years,2-team
2.765000000000002,276.50000000000017,203,203.0,115,229.9750000000002,1.1328817733990157,SUPPLEMENTARY 2018-2025 all years,2-team
2.7700000000000022,277.0000000000002,203,203.0,115,230.5500000000003,1.1357142857142872,SUPPLEMENTARY 2018-2025 all years,2-team
2.775000000000002,277.5000000000002,203,203.0,115,231.12500000000026,1.1385467980295578,SUPPLEMENTARY 2018-2025 all years,2-team
2.780000000000002,278.0000000000002,203,203.0,115,231.7000000000002,1.1413793103448284,SUPPLEMENTARY 2018-2025 all years,2-team
2.785000000000002,278.50000000000017,203,203.0,115,232.27500000000023,1.1442118226600997,SUPPLEMENTARY 2018-2025 all years,2-team
2.790000000000002,279.00000000000017,203,203.0,115,232.85000000000025,1.1470443349753707,SUPPLEMENTARY 2018-2025 all years,2-team
2.795000000000002,279.5000000000002,203,203.0,115,233.42500000000024,1.1498768472906415,SUPPLEMENTARY 2018-2025 all years,2-team
2.800000000000002,280.0000000000002,203,203.0,115,234.00000000000023,1.1527093596059124,SUPPLEMENTARY 2018-2025 all years,2-team
2.805000000000002,280.50000000000017,203,203.0,115,234.57500000000022,1.1555418719211834,SUPPLEMENTARY 2018-2025 all years,2-team
2.8100000000000023,281.0000000000002,203,203.0,115,235.15000000000026,1.1583743842364544,SUPPLEMENTARY 2018-2025 all years,2-team
2.815000000000002,281.5000000000002,203,203.0,115,235.7250000000002,1.161206896551725,SUPPLEMENTARY 2018-2025 all years,2-team
2.820000000000002,282.0000000000002,203,203.0,115,236.30000000000024,1.1640394088669963,SUPPLEMENTARY 2018-2025 all years,2-team
2.825000000000002,282.50000000000017,203,203.0,115,236.87500000000028,1.1668719211822673,SUPPLEMENTARY 2018-2025 all years,2-team
2.830000000000002,283.00000000000017,203,203.0,115,237.45000000000022,1.169704433497538,SUPPLEMENTARY 2018-2025 all years,2-team
2.835000000000002,283.5000000000002,203,203.0,115,238.02500000000026,1.1725369458128092,SUPPLEMENTARY 2018-2025 all years,2-team
2.840000000000002,284.0000000000002,203,203.0,115,238.60000000000025,1.17536945812808,SUPPLEMENTARY 2018-2025 all years,2-team
2.845000000000002,284.50000000000017,203,203.0,115,239.17500000000024,1.1782019704433508,SUPPLEMENTARY 2018-2025 all years,2-team
2.8500000000000023,285.0000000000002,203,203.0,115,239.75000000000023,1.1810344827586219,SUPPLEMENTARY 2018-2025 all years,2-team
2.855000000000002,285.5000000000002,203,203.0,115,240.32500000000027,1.183866995073893,SUPPLEMENTARY 2018-2025 all years,2-team
2.860000000000002,286.0000000000002,203,203.0,115,240.90000000000026,1.1866995073891637,SUPPLEMENTARY 2018-2025 all years,2-team
2.865000000000002,286.5000000000002,203,203.0,115,241.47500000000025,1.1895320197044348,SUPPLEMENTARY 2018-2025 all years,2-team
2.870000000000002,287.00000000000017,203,203.0,115,242.05000000000018,1.1923645320197054,SUPPLEMENTARY 2018-2025 all years,2-team
2.875000000000002,287.5000000000002,203,203.0,115,242.62500000000023,1.1951970443349764,SUPPLEMENTARY 2018-2025 all years,2-team
2.880000000000002,288.0000000000002,203,203.0,115,243.20000000000024,1.1980295566502475,SUPPLEMENTARY 2018-2025 all years,2-team
2.885000000000002,288.5000000000002,203,203.0,115,243.7750000000002,1.2008620689655183,SUPPLEMENTARY 2018-2025 all years,2-team
2.8900000000000023,289.0000000000002,203,203.0,115,244.35000000000025,1.2036945812807893,SUPPLEMENTARY 2018-2025 all years,2-team
2.8950000000000022,289.5000000000002,203,203.0,115,244.9250000000003,1.2065270935960606,SUPPLEMENTARY 2018-2025 all years,2-team
2.900000000000002,290.0000000000002,203,203.0,115,245.50000000000023,1.2093596059113312,SUPPLEMENTARY 2018-2025 all years,2-team
2.905000000000002,290.5000000000002,203,203.0,115,246.0750000000002,1.212192118226602,SUPPLEMENTARY 2018-2025 all years,2-team
2.910000000000002,291.00000000000017,203,203.0,115,246.65000000000023,1.215024630541873,SUPPLEMENTARY 2018-2025 all years,2-team
2.9150000000000023,291.5000000000002,203,203.0,115,247.22500000000025,1.217857142857144,SUPPLEMENTARY 2018-2025 all years,2-team
2.920000000000002,292.0000000000002,203,203.0,115,247.80000000000024,1.220689655172415,SUPPLEMENTARY 2018-2025 all years,2-team
2.925000000000002,292.5000000000002,203,203.0,115,248.37500000000023,1.223522167487686,SUPPLEMENTARY 2018-2025 all years,2-team
2.9300000000000024,293.0000000000002,203,203.0,115,248.95000000000033,1.2263546798029572,SUPPLEMENTARY 2018-2025 all years,2-team
2.9350000000000023,293.5000000000002,203,203.0,115,249.52500000000026,1.2291871921182278,SUPPLEMENTARY 2018-2025 all years,2-team
2.940000000000002,294.0000000000002,203,203.0,115,250.1000000000002,1.2320197044334984,SUPPLEMENTARY 2018-2025 all years,2-team
2.945000000000002,294.5000000000002,203,203.0,115,250.67500000000024,1.2348522167487697,SUPPLEMENTARY 2018-2025 all years,2-team
2.950000000000002,295.00000000000017,203,203.0,115,251.25000000000028,1.2376847290640407,SUPPLEMENTARY 2018-2025 all years,2-team
2.9550000000000023,295.5000000000002,203,203.0,115,251.82500000000024,1.2405172413793115,SUPPLEMENTARY 2018-2025 all years,2-team
2.960000000000002,296.0000000000002,203,203.0,115,252.40000000000023,1.2433497536945823,SUPPLEMENTARY 2018-2025 all years,2-team
2.965000000000002,296.5000000000002,203,203.0,115,252.97500000000025,1.2461822660098534,SUPPLEMENTARY 2018-2025 all years,2-team
2.9700000000000024,297.0000000000002,203,203.0,115,253.55000000000027,1.2490147783251244,SUPPLEMENTARY 2018-2025 all years,2-team
2.9750000000000023,297.5000000000002,203,203.0,115,254.12500000000023,1.2518472906403952,SUPPLEMENTARY 2018-2025 all years,2-team
2.980000000000002,298.0000000000002,203,203.0,115,254.70000000000027,1.2546798029556663,SUPPLEMENTARY 2018-2025 all years,2-team
2.985000000000002,298.5000000000002,203,203.0,115,255.2750000000003,1.2575123152709373,SUPPLEMENTARY 2018-2025 all years,2-team
2.990000000000002,299.0000000000002,203,203.0,115,255.85000000000025,1.2603448275862081,SUPPLEMENTARY 2018-2025 all years,2-team
2.9950000000000023,299.5000000000002,203,203.0,115,256.4250000000003,1.2631773399014792,SUPPLEMENTARY 2018-2025 all years,2-team
3.000000000000002,300.0000000000002,203,203.0,115,257.0000000000002,1.26600985221675,SUPPLEMENTARY 2018-2025 all years,2-team
0.3,-333.33333333333337,0,0.0,0,0.0,,SUPPLEMENTARY 2018-2025 all years,3-team
0.305,-327.8688524590164,0,0.0,0,0.0,,SUPPLEMENTARY 2018-2025 all years,3-team
0.31,-322.5806451612903,0,0.0,0,0.0,,SUPPLEMENTARY 2018-2025 all years,3-team
0.315,-317.46031746031747,0,0.0,0,0.0,,SUPPLEMENTARY 2018-2025 all years,3-team
0.32,-312.5,0,0.0,0,0.0,,SUPPLEMENTARY 2018-2025 all years,3-team
0.325,-307.6923076923077,0,0.0,0,0.0,,SUPPLEMENTARY 2018-2025 all years,3-team
0.33,-303.030303030303,0,0.0,0,0.0,,SUPPLEMENTARY 2018-2025 all years,3-team
0.335,-298.5074626865671,0,0.0,0,0.0,,SUPPLEMENTARY 2018-2025 all years,3-team
0.34,-294.11764705882354,0,0.0,0,0.0,,SUPPLEMENTARY 2018-2025 all years,3-team
0.34500000000000003,-289.85507246376807,0,0.0,0,0.0,,SUPPLEMENTARY 2018-2025 all years,3-team
0.35000000000000003,-285.71428571428567,0,0.0,0,0.0,,SUPPLEMENTARY 2018-2025 all years,3-team
0.35500000000000004,-281.6901408450704,0,0.0,0,0.0,,SUPPLEMENTARY 2018-2025 all years,3-team
0.36000000000000004,-277.77777777777777,0,0.0,0,0.0,,SUPPLEMENTARY 2018-2025 all years,3-team
0.36500000000000005,-273.97260273972597,0,0.0,0,0.0,,SUPPLEMENTARY 2018-2025 all years,3-team
0.37000000000000005,-270.27027027027026,0,0.0,0,0.0,,SUPPLEMENTARY 2018-2025 all years,3-team
0.37500000000000006,-266.66666666666663,0,0.0,0,0.0,,SUPPLEMENTARY 2018-2025 all years,3-team
0.38000000000000006,-263.1578947368421,0,0.0,0,0.0,,SUPPLEMENTARY 2018-2025 all years,3-team
0.38500000000000006,-259.7402597402597,0,0.0,0,0.0,,SUPPLEMENTARY 2018-2025 all years,3-team
0.39000000000000007,-256.41025641025635,0,0.0,0,0.0,,SUPPLEMENTARY 2018-2025 all years,3-team
0.3950000000000001,-253.16455696202527,0,0.0,0,0.0,,SUPPLEMENTARY 2018-2025 all years,3-team
0.4000000000000001,-249.99999999999994,0,0.0,0,0.0,,SUPPLEMENTARY 2018-2025 all years,3-team
0.4050000000000001,-246.91358024691354,0,0.0,0,0.0,,SUPPLEMENTARY 2018-2025 all years,3-team
0.4100000000000001,-243.9024390243902,0,0.0,0,0.0,,SUPPLEMENTARY 2018-2025 all years,3-team
0.4150000000000001,-240.9638554216867,0,0.0,0,0.0,,SUPPLEMENTARY 2018-2025 all years,3-team
0.4200000000000001,-238.09523809523805,0,0.0,0,0.0,,SUPPLEMENTARY 2018-2025 all years,3-team
0.4250000000000001,-235.29411764705875,0,0.0,0,0.0,,SUPPLEMENTARY 2018-2025 all years,3-team
0.4300000000000001,-232.55813953488365,0,0.0,0,0.0,,SUPPLEMENTARY 2018-2025 all years,3-team
0.4350000000000001,-229.8850574712643,0,0.0,0,0.0,,SUPPLEMENTARY 2018-2025 all years,3-team
0.4400000000000001,-227.27272727272722,0,0.0,0,0.0,,SUPPLEMENTARY 2018-2025 all years,3-team
0.4450000000000001,-224.71910112359544,0,0.0,0,0.0,,SUPPLEMENTARY 2018-2025 all years,3-team
0.4500000000000001,-222.22222222222217,0,0.0,0,0.0,,SUPPLEMENTARY 2018-2025 all years,3-team
0.4550000000000001,-219.7802197802197,0,0.0,0,0.0,,SUPPLEMENTARY 2018-2025 all years,3-team
0.46000000000000013,-217.39130434782604,0,0.0,0,0.0,,SUPPLEMENTARY 2018-2025 all years,3-team
0.46500000000000014,-215.05376344086017,0,0.0,0,0.0,,SUPPLEMENTARY 2018-2025 all years,3-team
0.47000000000000014,-212.76595744680844,0,0.0,0,0.0,,SUPPLEMENTARY 2018-2025 all years,3-team
0.47500000000000014,-210.5263157894736,0,0.0,0,0.0,,SUPPLEMENTARY 2018-2025 all years,3-team
0.48000000000000015,-208.33333333333326,0,0.0,0,0.0,,SUPPLEMENTARY 2018-2025 all years,3-team
0.48500000000000015,-206.1855670103092,0,0.0,0,0.0,,SUPPLEMENTARY 2018-2025 all years,3-team
0.49000000000000016,-204.08163265306115,0,0.0,0,0.0,,SUPPLEMENTARY 2018-2025 all years,3-team
0.49500000000000016,-202.02020202020196,0,0.0,0,0.0,,SUPPLEMENTARY 2018-2025 all years,3-team
0.5000000000000002,-199.99999999999991,0,0.0,0,0.0,,SUPPLEMENTARY 2018-2025 all years,3-team
0.5050000000000001,-198.01980198019797,0,0.0,0,0.0,,SUPPLEMENTARY 2018-2025 all years,3-team
0.5100000000000002,-196.07843137254892,0,0.0,0,0.0,,SUPPLEMENTARY 2018-2025 all years,3-team
0.5150000000000001,-194.17475728155335,0,0.0,0,0.0,,SUPPLEMENTARY 2018-2025 all years,3-team
0.5200000000000002,-192.3076923076922,0,0.0,0,0.0,,SUPPLEMENTARY 2018-2025 all years,3-team
0.5250000000000001,-190.47619047619042,0,0.0,0,0.0,,SUPPLEMENTARY 2018-2025 all years,3-team
0.5300000000000002,-188.6792452830188,0,0.0,0,0.0,,SUPPLEMENTARY 2018-2025 all years,3-team
0.5350000000000001,-186.91588785046724,0,0.0,0,0.0,,SUPPLEMENTARY 2018-2025 all years,3-team
0.5400000000000003,-185.1851851851851,0,0.0,0,0.0,,SUPPLEMENTARY 2018-2025 all years,3-team
0.5450000000000002,-183.48623853211004,0,0.0,0,0.0,,SUPPLEMENTARY 2018-2025 all years,3-team
0.5500000000000003,-181.81818181818173,0,0.0,0,0.0,,SUPPLEMENTARY 2018-2025 all years,3-team
0.5550000000000002,-180.18018018018012,0,0.0,0,0.0,,SUPPLEMENTARY 2018-2025 all years,3-team
0.5600000000000003,-178.57142857142847,0,0.0,0,0.0,,SUPPLEMENTARY 2018-2025 all years,3-team
0.5650000000000002,-176.99115044247782,0,0.0,0,0.0,,SUPPLEMENTARY 2018-2025 all years,3-team
0.5700000000000003,-175.43859649122797,0,0.0,0,0.0,,SUPPLEMENTARY 2018-2025 all years,3-team
0.5750000000000002,-173.91304347826082,0,0.0,0,0.0,,SUPPLEMENTARY 2018-2025 all years,3-team
0.5800000000000003,-172.4137931034482,0,0.0,0,0.0,,SUPPLEMENTARY 2018-2025 all years,3-team
0.5850000000000002,-170.94017094017087,0,0.0,0,0.0,,SUPPLEMENTARY 2018-2025 all years,3-team
0.5900000000000003,-169.49152542372872,0,0.0,0,0.0,,SUPPLEMENTARY 2018-2025 all years,3-team
0.5950000000000002,-168.06722689075625,0,0.0,0,0.0,,SUPPLEMENTARY 2018-2025 all years,3-team
0.6000000000000003,-166.66666666666657,0,0.0,0,0.0,,SUPPLEMENTARY 2018-2025 all years,3-team
0.6050000000000002,-165.28925619834706,0,0.0,0,0.0,,SUPPLEMENTARY 2018-2025 all years,3-team
0.6100000000000003,-163.93442622950812,0,0.0,0,0.0,,SUPPLEMENTARY 2018-2025 all years,3-team
0.6150000000000002,-162.6016260162601,0,0.0,0,0.0,,SUPPLEMENTARY 2018-2025 all years,3-team
0.6200000000000003,-161.29032258064507,0,0.0,0,0.0,,SUPPLEMENTARY 2018-2025 all years,3-team
0.6250000000000002,-159.99999999999994,0,0.0,0,0.0,,SUPPLEMENTARY 2018-2025 all years,3-team
0.6300000000000003,-158.73015873015865,0,0.0,0,0.0,,SUPPLEMENTARY 2018-2025 all years,3-team
0.6350000000000002,-157.48031496062987,0,0.0,0,0.0,,SUPPLEMENTARY 2018-2025 all years,3-team
0.6400000000000003,-156.24999999999991,0,0.0,0,0.0,,SUPPLEMENTARY 2018-2025 all years,3-team
0.6450000000000002,-155.03875968992241,0,0.0,0,0.0,,SUPPLEMENTARY 2018-2025 all years,3-team
0.6500000000000004,-153.84615384615375,0,0.0,0,0.0,,SUPPLEMENTARY 2018-2025 all years,3-team
0.6550000000000002,-152.6717557251908,0,0.0,0,0.0,,SUPPLEMENTARY 2018-2025 all years,3-team
0.6600000000000004,-151.51515151515144,0,0.0,0,0.0,,SUPPLEMENTARY 2018-2025 all years,3-team
0.6650000000000003,-150.375939849624,0,0.0,0,0.0,,SUPPLEMENTARY 2018-2025 all years,3-team
0.6700000000000004,-149.2537313432835,0,0.0,0,0.0,,SUPPLEMENTARY 2018-2025 all years,3-team
0.6750000000000003,-148.1481481481481,0,0.0,0,0.0,,SUPPLEMENTARY 2018-2025 all years,3-team
0.6800000000000004,-147.05882352941168,0,0.0,0,0.0,,SUPPLEMENTARY 2018-2025 all years,3-team
0.6850000000000003,-145.98540145985396,0,0.0,0,0.0,,SUPPLEMENTARY 2018-2025 all years,3-team
0.6900000000000004,-144.92753623188398,0,0.0,0,0.0,,SUPPLEMENTARY 2018-2025 all years,3-team
0.6950000000000003,-143.88489208633086,0,0.0,0,0.0,,SUPPLEMENTARY 2018-2025 all years,3-team
0.7000000000000004,-142.85714285714278,0,0.0,0,0.0,,SUPPLEMENTARY 2018-2025 all years,3-team
0.7050000000000003,-141.84397163120562,0,0.0,0,0.0,,SUPPLEMENTARY 2018-2025 all years,3-team
0.7100000000000004,-140.84507042253514,0,0.0,0,0.0,,SUPPLEMENTARY 2018-2025 all years,3-team
0.7150000000000003,-139.8601398601398,0,0.0,0,0.0,,SUPPLEMENTARY 2018-2025 all years,3-team
0.7200000000000004,-138.8888888888888,0,0.0,0,0.0,,SUPPLEMENTARY 2018-2025 all years,3-team
0.7250000000000003,-137.93103448275855,0,0.0,0,0.0,,SUPPLEMENTARY 2018-2025 all years,3-team
0.7300000000000004,-136.98630136986293,0,0.0,0,0.0,,SUPPLEMENTARY 2018-2025 all years,3-team
0.7350000000000003,-136.0544217687074,0,0.0,0,0.0,,SUPPLEMENTARY 2018-2025 all years,3-team
0.7400000000000004,-135.13513513513504,0,0.0,0,0.0,,SUPPLEMENTARY 2018-2025 all years,3-team
0.7450000000000003,-134.22818791946304,0,0.0,0,0.0,,SUPPLEMENTARY 2018-2025 all years,3-team
0.7500000000000004,-133.33333333333326,0,0.0,0,0.0,,SUPPLEMENTARY 2018-2025 all years,3-team
0.7550000000000003,-132.45033112582774,0,0.0,0,0.0,,SUPPLEMENTARY 2018-2025 all years,3-team
0.7600000000000005,-131.57894736842098,0,0.0,0,0.0,,SUPPLEMENTARY 2018-2025 all years,3-team
0.7650000000000003,-130.71895424836595,0,0.0,0,0.0,,SUPPLEMENTARY 2018-2025 all years,3-team
0.7700000000000005,-129.8701298701298,0,0.0,0,0.0,,SUPPLEMENTARY 2018-2025 all years,3-team
0.7750000000000004,-129.03225806451607,0,0.0,0,0.0,,SUPPLEMENTARY 2018-2025 all years,3-team
0.7800000000000005,-128.20512820512812,0,0.0,0,0.0,,SUPPLEMENTARY 2018-2025 all years,3-team
0.7850000000000004,-127.38853503184707,0,0.0,0,0.0,,SUPPLEMENTARY 2018-2025 all years,3-team
0.7900000000000005,-126.58227848101258,0,0.0,0,0.0,,SUPPLEMENTARY 2018-2025 all years,3-team
0.7950000000000004,-125.78616352201252,0,0.0,0,0.0,,SUPPLEMENTARY 2018-2025 all years,3-team
0.8000000000000005,-124.99999999999993,0,0.0,0,0.0,,SUPPLEMENTARY 2018-2025 all years,3-team
0.8050000000000004,-124.223602484472,0,0.0,0,0.0,,SUPPLEMENTARY 2018-2025 all years,3-team
0.8100000000000005,-123.45679012345671,0,0.0,0,0.0,,SUPPLEMENTARY 2018-2025 all years,3-team
0.8150000000000004,-122.69938650306743,0,0.0,0,0.0,,SUPPLEMENTARY 2018-2025 all years,3-team
0.8200000000000005,-121.95121951219505,0,0.0,0,0.0,,SUPPLEMENTARY 2018-2025 all years,3-team
0.8250000000000004,-121.21212121212115,0,0.0,0,0.0,,SUPPLEMENTARY 2018-2025 all years,3-team
0.8300000000000005,-120.4819277108433,0,0.0,0,0.0,,SUPPLEMENTARY 2018-2025 all years,3-team
0.8350000000000004,-119.76047904191611,0,0.0,0,0.0,,SUPPLEMENTARY 2018-2025 all years,3-team
0.8400000000000005,-119.04761904761898,0,0.0,0,0.0,,SUPPLEMENTARY 2018-2025 all years,3-team
0.8450000000000004,-118.34319526627213,0,0.0,0,0.0,,SUPPLEMENTARY 2018-2025 all years,3-team
0.8500000000000005,-117.64705882352933,0,0.0,0,0.0,,SUPPLEMENTARY 2018-2025 all years,3-team
0.8550000000000004,-116.95906432748532,0,0.0,0,0.0,,SUPPLEMENTARY 2018-2025 all years,3-team
0.8600000000000005,-116.27906976744178,0,0.0,0,0.0,,SUPPLEMENTARY 2018-2025 all years,3-team
0.8650000000000004,-115.60693641618491,0,0.0,0,0.0,,SUPPLEMENTARY 2018-2025 all years,3-team
0.8700000000000006,-114.94252873563211,0,0.0,0,0.0,,SUPPLEMENTARY 2018-2025 all years,3-team
0.8750000000000004,-114.28571428571422,0,0.0,0,0.0,,SUPPLEMENTARY 2018-2025 all years,3-team
0.8800000000000006,-113.63636363636357,0,0.0,0,0.0,,SUPPLEMENTARY 2018-2025 all years,3-team
0.8850000000000005,-112.99435028248581,0,0.0,0,0.0,,SUPPLEMENTARY 2018-2025 all years,3-team
0.8900000000000006,-112.35955056179768,0,0.0,0,0.0,,SUPPLEMENTARY 2018-2025 all years,3-team
0.8950000000000005,-111.73184357541894,0,0.0,0,0.0,,SUPPLEMENTARY 2018-2025 all years,3-team
0.9000000000000006,-111.11111111111104,0,0.0,0,0.0,,SUPPLEMENTARY 2018-2025 all years,3-team
0.9050000000000005,-110.49723756906072,0,0.0,0,0.0,,SUPPLEMENTARY 2018-2025 all years,3-team
0.9100000000000006,-109.89010989010981,0,0.0,0,0.0,,SUPPLEMENTARY 2018-2025 all years,3-team
0.9150000000000005,-109.28961748633874,0,0.0,0,0.0,,SUPPLEMENTARY 2018-2025 all years,3-team
0.9200000000000006,-108.69565217391298,0,0.0,0,0.0,,SUPPLEMENTARY 2018-2025 all years,3-team
0.9250000000000005,-108.10810810810806,0,0.0,0,0.0,,SUPPLEMENTARY 2018-2025 all years,3-team
0.9300000000000006,-107.52688172043004,0,0.0,0,0.0,,SUPPLEMENTARY 2018-2025 all years,3-team
0.9350000000000005,-106.95187165775395,0,0.0,0,0.0,,SUPPLEMENTARY 2018-2025 all years,3-team
0.9400000000000006,-106.3829787234042,0,0.0,0,0.0,,SUPPLEMENTARY 2018-2025 all years,3-team
0.9450000000000005,-105.82010582010577,0,0.0,0,0.0,,SUPPLEMENTARY 2018-2025 all years,3-team
0.9500000000000006,-105.26315789473678,0,0.0,0,0.0,,SUPPLEMENTARY 2018-2025 all years,3-team
0.9550000000000005,-104.7120418848167,0,0.0,0,0.0,,SUPPLEMENTARY 2018-2025 all years,3-team
0.9600000000000006,-104.1666666666666,0,0.0,0,0.0,,SUPPLEMENTARY 2018-2025 all years,3-team
0.9650000000000005,-103.62694300518129,0,0.0,0,0.0,,SUPPLEMENTARY 2018-2025 all years,3-team
0.9700000000000006,-103.09278350515457,0,0.0,0,0.0,,SUPPLEMENTARY 2018-2025 all years,3-team
0.9750000000000005,-102.56410256410251,0,0.0,0,0.0,,SUPPLEMENTARY 2018-2025 all years,3-team
0.9800000000000006,-102.04081632653055,0,0.0,0,0.0,,SUPPLEMENTARY 2018-2025 all years,3-team
0.9850000000000005,-101.52284263959385,0,0.0,0,0.0,,SUPPLEMENTARY 2018-2025 all years,3-team
0.9900000000000007,-101.01010101010094,0,0.0,0,0.0,,SUPPLEMENTARY 2018-2025 all years,3-team
0.9950000000000006,-100.50251256281402,0,0.0,0,0.0,,SUPPLEMENTARY 2018-2025 all years,3-team
1.0000000000000007,100.00000000000007,0,0.0,0,0.0,,SUPPLEMENTARY 2018-2025 all years,3-team
1.0050000000000006,100.50000000000006,0,0.0,0,0.0,,SUPPLEMENTARY 2018-2025 all years,3-team
1.0100000000000007,101.00000000000007,0,0.0,0,0.0,,SUPPLEMENTARY 2018-2025 all years,3-team
1.0150000000000006,101.50000000000006,0,0.0,0,0.0,,SUPPLEMENTARY 2018-2025 all years,3-team
1.0200000000000007,102.00000000000007,0,0.0,0,0.0,,SUPPLEMENTARY 2018-2025 all years,3-team
1.0250000000000006,102.50000000000006,0,0.0,0,0.0,,SUPPLEMENTARY 2018-2025 all years,3-team
1.0300000000000007,103.00000000000007,0,0.0,0,0.0,,SUPPLEMENTARY 2018-2025 all years,3-team
1.0350000000000006,103.50000000000006,0,0.0,0,0.0,,SUPPLEMENTARY 2018-2025 all years,3-team
1.0400000000000007,104.00000000000007,0,0.0,0,0.0,,SUPPLEMENTARY 2018-2025 all years,3-team
1.0450000000000006,104.50000000000006,0,0.0,0,0.0,,SUPPLEMENTARY 2018-2025 all years,3-team
1.0500000000000007,105.00000000000007,0,0.0,0,0.0,,SUPPLEMENTARY 2018-2025 all years,3-team
1.0550000000000006,105.50000000000006,0,0.0,0,0.0,,SUPPLEMENTARY 2018-2025 all years,3-team
1.0600000000000007,106.00000000000007,0,0.0,0,0.0,,SUPPLEMENTARY 2018-2025 all years,3-team
1.0650000000000006,106.50000000000006,0,0.0,0,0.0,,SUPPLEMENTARY 2018-2025 all years,3-team
1.0700000000000007,107.00000000000007,0,0.0,0,0.0,,SUPPLEMENTARY 2018-2025 all years,3-team
1.0750000000000006,107.50000000000006,0,0.0,0,0.0,,SUPPLEMENTARY 2018-2025 all years,3-team
1.0800000000000007,108.00000000000007,0,0.0,0,0.0,,SUPPLEMENTARY 2018-2025 all years,3-team
1.0850000000000006,108.50000000000006,0,0.0,0,0.0,,SUPPLEMENTARY 2018-2025 all years,3-team
1.0900000000000007,109.00000000000007,0,0.0,0,0.0,,SUPPLEMENTARY 2018-2025 all years,3-team
1.0950000000000006,109.50000000000006,0,0.0,0,0.0,,SUPPLEMENTARY 2018-2025 all years,3-team
1.1000000000000008,110.00000000000007,0,0.0,0,0.0,,SUPPLEMENTARY 2018-2025 all years,3-team
1.1050000000000006,110.50000000000007,1,1.0,1,1.1050000000000006,1.1050000000000006,SUPPLEMENTARY 2018-2025 all years,3-team
1.1100000000000008,111.00000000000007,1,1.0,1,1.1100000000000008,1.1100000000000008,SUPPLEMENTARY 2018-2025 all years,3-team
1.1150000000000007,111.50000000000007,1,1.0,1,1.1150000000000007,1.1150000000000007,SUPPLEMENTARY 2018-2025 all years,3-team
1.1200000000000008,112.00000000000007,1,1.0,1,1.1200000000000008,1.1200000000000008,SUPPLEMENTARY 2018-2025 all years,3-team
1.1250000000000007,112.50000000000007,1,1.0,1,1.1250000000000007,1.1250000000000007,SUPPLEMENTARY 2018-2025 all years,3-team
1.1300000000000008,113.00000000000009,1,1.0,1,1.1300000000000008,1.1300000000000008,SUPPLEMENTARY 2018-2025 all years,3-team
1.1350000000000007,113.50000000000007,1,1.0,1,1.1350000000000007,1.1350000000000007,SUPPLEMENTARY 2018-2025 all years,3-team
1.1400000000000008,114.00000000000009,1,1.0,1,1.1400000000000008,1.1400000000000008,SUPPLEMENTARY 2018-2025 all years,3-team
1.1450000000000007,114.50000000000007,1,1.0,1,1.1450000000000007,1.1450000000000007,SUPPLEMENTARY 2018-2025 all years,3-team
1.1500000000000008,115.00000000000009,1,1.0,1,1.1500000000000008,1.1500000000000008,SUPPLEMENTARY 2018-2025 all years,3-team
1.1550000000000007,115.50000000000007,1,1.0,1,1.1550000000000007,1.1550000000000007,SUPPLEMENTARY 2018-2025 all years,3-team
1.1600000000000008,116.00000000000009,1,1.0,1,1.1600000000000008,1.1600000000000008,SUPPLEMENTARY 2018-2025 all years,3-team
1.1650000000000007,116.50000000000007,1,1.0,1,1.1650000000000007,1.1650000000000007,SUPPLEMENTARY 2018-2025 all years,3-team
1.1700000000000008,117.00000000000009,2,2.0,1,0.17000000000000082,0.08500000000000041,SUPPLEMENTARY 2018-2025 all years,3-team
1.1750000000000007,117.50000000000007,3,3.0,1,-0.8249999999999993,-0.27499999999999974,SUPPLEMENTARY 2018-2025 all years,3-team
1.1800000000000008,118.00000000000009,5,5.0,2,-0.6399999999999983,-0.12799999999999967,SUPPLEMENTARY 2018-2025 all years,3-team
1.1850000000000007,118.50000000000007,5,5.0,2,-0.6299999999999986,-0.12599999999999972,SUPPLEMENTARY 2018-2025 all years,3-team
1.1900000000000008,119.00000000000009,5,5.0,2,-0.6199999999999983,-0.12399999999999967,SUPPLEMENTARY 2018-2025 all years,3-team
1.1950000000000007,119.50000000000007,6,6.0,2,-1.6099999999999985,-0.2683333333333331,SUPPLEMENTARY 2018-2025 all years,3-team
1.2000000000000008,120.00000000000009,6,6.0,2,-1.5999999999999983,-0.2666666666666664,SUPPLEMENTARY 2018-2025 all years,3-team
1.2050000000000007,120.50000000000007,6,6.0,2,-1.5899999999999985,-0.26499999999999974,SUPPLEMENTARY 2018-2025 all years,3-team
1.2100000000000009,121.00000000000009,7,7.0,2,-2.5799999999999983,-0.36857142857142833,SUPPLEMENTARY 2018-2025 all years,3-team
1.2150000000000007,121.50000000000007,7,7.0,2,-2.5699999999999985,-0.36714285714285694,SUPPLEMENTARY 2018-2025 all years,3-team
1.2200000000000009,122.00000000000009,8,8.0,3,-1.3399999999999974,-0.16749999999999968,SUPPLEMENTARY 2018-2025 all years,3-team
1.2250000000000008,122.50000000000007,10,10.0,3,-3.3249999999999975,-0.33249999999999974,SUPPLEMENTARY 2018-2025 all years,3-team
1.2300000000000009,123.00000000000009,10,10.0,3,-3.3099999999999974,-0.33099999999999974,SUPPLEMENTARY 2018-2025 all years,3-team
1.2350000000000008,123.50000000000007,11,11.0,3,-4.294999999999998,-0.3904545454545453,SUPPLEMENTARY 2018-2025 all years,3-team
1.2400000000000009,124.00000000000009,12,12.0,4,-3.0399999999999965,-0.253333333333333,SUPPLEMENTARY 2018-2025 all years,3-team
1.2450000000000008,124.50000000000007,14,14.0,4,-5.019999999999997,-0.3585714285714284,SUPPLEMENTARY 2018-2025 all years,3-team
1.2500000000000009,125.00000000000009,15,15.0,5,-3.7499999999999956,-0.2499999999999997,SUPPLEMENTARY 2018-2025 all years,3-team
1.2550000000000008,125.50000000000009,15,15.0,5,-3.724999999999996,-0.24833333333333307,SUPPLEMENTARY 2018-2025 all years,3-team
1.260000000000001,126.00000000000009,15,15.0,5,-3.6999999999999957,-0.2466666666666664,SUPPLEMENTARY 2018-2025 all years,3-team
1.2650000000000008,126.50000000000009,19,19.0,6,-5.409999999999995,-0.2847368421052629,SUPPLEMENTARY 2018-2025 all years,3-team
1.270000000000001,127.00000000000009,19,19.0,6,-5.379999999999994,-0.2831578947368418,SUPPLEMENTARY 2018-2025 all years,3-team
1.2750000000000008,127.50000000000009,21,21.0,7,-5.074999999999996,-0.24166666666666647,SUPPLEMENTARY 2018-2025 all years,3-team
1.280000000000001,128.00000000000009,21,21.0,7,-5.039999999999993,-0.23999999999999966,SUPPLEMENTARY 2018-2025 all years,3-team
1.2850000000000008,128.50000000000009,22,22.0,7,-6.004999999999994,-0.27295454545454517,SUPPLEMENTARY 2018-2025 all years,3-team
1.290000000000001,129.00000000000009,22,22.0,7,-5.9699999999999935,-0.2713636363636361,SUPPLEMENTARY 2018-2025 all years,3-team
1.2950000000000008,129.50000000000009,23,23.0,8,-4.6399999999999935,-0.20173913043478234,SUPPLEMENTARY 2018-2025 all years,3-team
1.300000000000001,130.00000000000009,24,24.0,9,-3.299999999999992,-0.13749999999999965,SUPPLEMENTARY 2018-2025 all years,3-team
1.3050000000000008,130.50000000000009,25,25.0,10,-1.9499999999999917,-0.07799999999999967,SUPPLEMENTARY 2018-2025 all years,3-team
1.310000000000001,131.00000000000009,26,26.0,10,-2.8999999999999906,-0.11153846153846117,SUPPLEMENTARY 2018-2025 all years,3-team
1.315000000000001,131.5000000000001,29,29.0,11,-3.5349999999999877,-0.1218965517241375,SUPPLEMENTARY 2018-2025 all years,3-team
1.320000000000001,132.00000000000009,29,29.0,11,-3.479999999999989,-0.11999999999999962,SUPPLEMENTARY 2018-2025 all years,3-team
1.3250000000000008,132.50000000000009,33,33.0,14,-0.44999999999998863,-0.013636363636363292,SUPPLEMENTARY 2018-2025 all years,3-team
1.330000000000001,133.00000000000009,35,35.0,15,-0.04999999999998561,-0.0014285714285710174,SUPPLEMENTARY 2018-2025 all years,3-team
1.335000000000001,133.5000000000001,36,36.0,16,1.3600000000000172,0.03777777777777826,SUPPLEMENTARY 2018-2025 all years,3-team
1.340000000000001,134.00000000000009,37,37.0,17,2.7800000000000162,0.07513513513513558,SUPPLEMENTARY 2018-2025 all years,3-team
1.3450000000000009,134.50000000000009,39,39.0,18,3.210000000000015,0.08230769230769269,SUPPLEMENTARY 2018-2025 all years,3-team
1.350000000000001,135.00000000000009,45,45.0,21,4.350000000000021,0.09666666666666714,SUPPLEMENTARY 2018-2025 all years,3-team
1.355000000000001,135.5000000000001,46,46.0,22,5.8100000000000245,0.1263043478260875,SUPPLEMENTARY 2018-2025 all years,3-team
1.360000000000001,136.00000000000009,47,47.0,23,7.2800000000000225,0.15489361702127707,SUPPLEMENTARY 2018-2025 all years,3-team
1.3650000000000009,136.50000000000009,47,47.0,23,7.395000000000019,0.1573404255319153,SUPPLEMENTARY 2018-2025 all years,3-team
1.370000000000001,137.0000000000001,48,48.0,24,8.880000000000024,0.1850000000000005,SUPPLEMENTARY 2018-2025 all years,3-team
1.375000000000001,137.5000000000001,50,50.0,25,9.375000000000028,0.18750000000000056,SUPPLEMENTARY 2018-2025 all years,3-team
1.380000000000001,138.0000000000001,51,51.0,26,10.880000000000027,0.21333333333333387,SUPPLEMENTARY 2018-2025 all years,3-team
1.385000000000001,138.50000000000009,54,54.0,28,12.780000000000026,0.23666666666666714,SUPPLEMENTARY 2018-2025 all years,3-team
1.390000000000001,139.0000000000001,57,57.0,30,14.70000000000003,0.2578947368421058,SUPPLEMENTARY 2018-2025 all years,3-team
1.3950000000000011,139.5000000000001,57,57.0,30,14.850000000000033,0.26052631578947427,SUPPLEMENTARY 2018-2025 all years,3-team
1.400000000000001,140.0000000000001,59,59.0,31,15.40000000000003,0.26101694915254287,SUPPLEMENTARY 2018-2025 all years,3-team
1.405000000000001,140.50000000000009,59,59.0,31,15.555000000000028,0.26364406779661065,SUPPLEMENTARY 2018-2025 all years,3-team
1.410000000000001,141.0000000000001,61,61.0,32,16.120000000000033,0.26426229508196775,SUPPLEMENTARY 2018-2025 all years,3-team
1.4150000000000011,141.5000000000001,62,62.0,33,17.695000000000036,0.28540322580645217,SUPPLEMENTARY 2018-2025 all years,3-team
1.420000000000001,142.0000000000001,63,63.0,34,19.280000000000037,0.3060317460317466,SUPPLEMENTARY 2018-2025 all years,3-team
1.425000000000001,142.50000000000009,64,64.0,34,18.45000000000003,0.2882812500000005,SUPPLEMENTARY 2018-2025 all years,3-team
1.430000000000001,143.0000000000001,66,66.0,35,19.050000000000036,0.2886363636363642,SUPPLEMENTARY 2018-2025 all years,3-team
1.4350000000000012,143.5000000000001,66,66.0,35,19.225000000000044,0.29128787878787943,SUPPLEMENTARY 2018-2025 all years,3-team
1.440000000000001,144.0000000000001,68,68.0,35,17.400000000000038,0.255882352941177,SUPPLEMENTARY 2018-2025 all years,3-team
1.445000000000001,144.50000000000009,68,68.0,35,17.57500000000003,0.25845588235294165,SUPPLEMENTARY 2018-2025 all years,3-team
1.450000000000001,145.0000000000001,68,68.0,35,17.750000000000036,0.2610294117647064,SUPPLEMENTARY 2018-2025 all years,3-team
1.4550000000000012,145.5000000000001,68,68.0,35,17.925000000000043,0.2636029411764712,SUPPLEMENTARY 2018-2025 all years,3-team
1.460000000000001,146.0000000000001,68,68.0,35,18.100000000000037,0.26617647058823585,SUPPLEMENTARY 2018-2025 all years,3-team
1.465000000000001,146.50000000000009,71,71.0,36,17.740000000000034,0.24985915492957794,SUPPLEMENTARY 2018-2025 all years,3-team
1.470000000000001,147.0000000000001,71,71.0,36,17.920000000000037,0.25239436619718364,SUPPLEMENTARY 2018-2025 all years,3-team
1.4750000000000012,147.5000000000001,72,72.0,36,17.100000000000044,0.2375000000000006,SUPPLEMENTARY 2018-2025 all years,3-team
1.480000000000001,148.0000000000001,73,73.0,37,18.76000000000004,0.25698630136986356,SUPPLEMENTARY 2018-2025 all years,3-team
1.485000000000001,148.50000000000009,74,74.0,38,20.430000000000035,0.27608108108108154,SUPPLEMENTARY 2018-2025 all years,3-team
1.490000000000001,149.0000000000001,75,75.0,38,19.620000000000044,0.26160000000000055,SUPPLEMENTARY 2018-2025 all years,3-team
1.4950000000000012,149.5000000000001,75,75.0,38,19.810000000000045,0.26413333333333394,SUPPLEMENTARY 2018-2025 all years,3-team
1.500000000000001,150.0000000000001,76,76.0,39,21.500000000000036,0.28289473684210575,SUPPLEMENTARY 2018-2025 all years,3-team
1.505000000000001,150.5000000000001,76,76.0,39,21.69500000000004,0.28546052631579,SUPPLEMENTARY 2018-2025 all years,3-team
1.5100000000000011,151.0000000000001,76,76.0,39,21.890000000000047,0.2880263157894743,SUPPLEMENTARY 2018-2025 all years,3-team
1.5150000000000012,151.5000000000001,76,76.0,39,22.085000000000047,0.29059210526315854,SUPPLEMENTARY 2018-2025 all years,3-team
1.5200000000000011,152.0000000000001,77,77.0,40,23.800000000000043,0.30909090909090964,SUPPLEMENTARY 2018-2025 all years,3-team
1.525000000000001,152.5000000000001,77,77.0,40,24.000000000000046,0.3116883116883123,SUPPLEMENTARY 2018-2025 all years,3-team
1.5300000000000011,153.0000000000001,77,77.0,40,24.200000000000045,0.3142857142857149,SUPPLEMENTARY 2018-2025 all years,3-team
1.5350000000000013,153.5000000000001,77,77.0,40,24.400000000000045,0.3168831168831175,SUPPLEMENTARY 2018-2025 all years,3-team
1.5400000000000011,154.0000000000001,77,77.0,40,24.600000000000048,0.3194805194805201,SUPPLEMENTARY 2018-2025 all years,3-team
1.545000000000001,154.5000000000001,77,77.0,40,24.80000000000004,0.3220779220779226,SUPPLEMENTARY 2018-2025 all years,3-team
1.5500000000000012,155.0000000000001,77,77.0,40,25.000000000000043,0.3246753246753252,SUPPLEMENTARY 2018-2025 all years,3-team
1.5550000000000013,155.5000000000001,77,77.0,40,25.200000000000045,0.3272727272727279,SUPPLEMENTARY 2018-2025 all years,3-team
1.5600000000000012,156.0000000000001,77,77.0,40,25.400000000000052,0.32987012987013054,SUPPLEMENTARY 2018-2025 all years,3-team
1.565000000000001,156.5000000000001,77,77.0,40,25.600000000000044,0.332467532467533,SUPPLEMENTARY 2018-2025 all years,3-team
1.5700000000000012,157.0000000000001,77,77.0,40,25.800000000000043,0.3350649350649356,SUPPLEMENTARY 2018-2025 all years,3-team
1.5750000000000013,157.50000000000014,77,77.0,40,26.000000000000057,0.3376623376623384,SUPPLEMENTARY 2018-2025 all years,3-team
1.5800000000000012,158.0000000000001,77,77.0,40,26.20000000000005,0.3402597402597409,SUPPLEMENTARY 2018-2025 all years,3-team
1.585000000000001,158.5000000000001,77,77.0,40,26.40000000000004,0.3428571428571434,SUPPLEMENTARY 2018-2025 all years,3-team
1.5900000000000012,159.0000000000001,77,77.0,40,26.600000000000048,0.34545454545454607,SUPPLEMENTARY 2018-2025 all years,3-team
1.5950000000000013,159.50000000000014,77,77.0,40,26.800000000000058,0.3480519480519488,SUPPLEMENTARY 2018-2025 all years,3-team
1.6000000000000012,160.0000000000001,77,77.0,40,27.00000000000005,0.3506493506493513,SUPPLEMENTARY 2018-2025 all years,3-team
1.605000000000001,160.5000000000001,77,77.0,40,27.200000000000042,0.3532467532467538,SUPPLEMENTARY 2018-2025 all years,3-team
1.6100000000000012,161.0000000000001,77,77.0,40,27.40000000000004,0.3558441558441564,SUPPLEMENTARY 2018-2025 all years,3-team
1.6150000000000013,161.50000000000014,77,77.0,40,27.60000000000005,0.3584415584415591,SUPPLEMENTARY 2018-2025 all years,3-team
1.6200000000000012,162.0000000000001,77,77.0,40,27.800000000000047,0.36103896103896166,SUPPLEMENTARY 2018-2025 all years,3-team
1.625000000000001,162.5000000000001,77,77.0,40,28.00000000000004,0.36363636363636415,SUPPLEMENTARY 2018-2025 all years,3-team
1.6300000000000012,163.0000000000001,77,77.0,40,28.200000000000053,0.3662337662337669,SUPPLEMENTARY 2018-2025 all years,3-team
1.6350000000000013,163.50000000000014,77,77.0,40,28.400000000000055,0.36883116883116956,SUPPLEMENTARY 2018-2025 all years,3-team
1.6400000000000012,164.0000000000001,77,77.0,40,28.60000000000005,0.3714285714285721,SUPPLEMENTARY 2018-2025 all years,3-team
1.6450000000000011,164.5000000000001,77,77.0,40,28.800000000000043,0.3740259740259746,SUPPLEMENTARY 2018-2025 all years,3-team
1.6500000000000012,165.0000000000001,77,77.0,40,29.000000000000053,0.3766233766233773,SUPPLEMENTARY 2018-2025 all years,3-team
1.6550000000000014,165.50000000000014,77,77.0,40,29.200000000000053,0.3792207792207799,SUPPLEMENTARY 2018-2025 all years,3-team
1.6600000000000013,166.0000000000001,77,77.0,40,29.400000000000045,0.3818181818181824,SUPPLEMENTARY 2018-2025 all years,3-team
1.6650000000000011,166.5000000000001,77,77.0,40,29.600000000000048,0.38441558441558504,SUPPLEMENTARY 2018-2025 all years,3-team
1.6700000000000013,167.0000000000001,77,77.0,40,29.800000000000054,0.3870129870129877,SUPPLEMENTARY 2018-2025 all years,3-team
1.6750000000000014,167.50000000000014,77,77.0,40,30.000000000000053,0.3896103896103903,SUPPLEMENTARY 2018-2025 all years,3-team
1.6800000000000013,168.0000000000001,77,77.0,40,30.200000000000045,0.3922077922077928,SUPPLEMENTARY 2018-2025 all years,3-team
1.6850000000000012,168.5000000000001,77,77.0,40,30.400000000000052,0.3948051948051955,SUPPLEMENTARY 2018-2025 all years,3-team
1.6900000000000013,169.0000000000001,77,77.0,40,30.60000000000005,0.3974025974025981,SUPPLEMENTARY 2018-2025 all years,3-team
1.6950000000000014,169.50000000000014,77,77.0,40,30.80000000000005,0.40000000000000063,SUPPLEMENTARY 2018-2025 all years,3-team
1.7000000000000013,170.00000000000014,77,77.0,40,31.000000000000057,0.40259740259740334,SUPPLEMENTARY 2018-2025 all years,3-team
1.7050000000000012,170.5000000000001,77,77.0,40,31.200000000000045,0.4051948051948058,SUPPLEMENTARY 2018-2025 all years,3-team
1.7100000000000013,171.00000000000014,77,77.0,40,31.40000000000005,0.4077922077922084,SUPPLEMENTARY 2018-2025 all years,3-team
1.7150000000000014,171.50000000000014,77,77.0,40,31.60000000000006,0.41038961038961114,SUPPLEMENTARY 2018-2025 all years,3-team
1.7200000000000013,172.00000000000014,77,77.0,40,31.800000000000054,0.4129870129870137,SUPPLEMENTARY 2018-2025 all years,3-team
1.7250000000000012,172.5000000000001,77,77.0,40,32.00000000000005,0.4155844155844162,SUPPLEMENTARY 2018-2025 all years,3-team
1.7300000000000013,173.00000000000014,77,77.0,40,32.20000000000005,0.4181818181818189,SUPPLEMENTARY 2018-2025 all years,3-team
1.7350000000000014,173.50000000000014,77,77.0,40,32.400000000000055,0.4207792207792215,SUPPLEMENTARY 2018-2025 all years,3-team
1.7400000000000013,174.00000000000014,77,77.0,40,32.60000000000005,0.423376623376624,SUPPLEMENTARY 2018-2025 all years,3-team
1.7450000000000012,174.5000000000001,77,77.0,40,32.800000000000054,0.42597402597402667,SUPPLEMENTARY 2018-2025 all years,3-team
1.7500000000000013,175.00000000000014,77,77.0,40,33.00000000000005,0.4285714285714292,SUPPLEMENTARY 2018-2025 all years,3-team
1.7550000000000014,175.50000000000014,77,77.0,40,33.20000000000006,0.4311688311688319,SUPPLEMENTARY 2018-2025 all years,3-team
1.7600000000000013,176.00000000000014,77,77.0,40,33.40000000000005,0.4337662337662344,SUPPLEMENTARY 2018-2025 all years,3-team
1.7650000000000012,176.5000000000001,77,77.0,40,33.60000000000005,0.436363636363637,SUPPLEMENTARY 2018-2025 all years,3-team
1.7700000000000014,177.00000000000014,77,77.0,40,33.80000000000006,0.4389610389610398,SUPPLEMENTARY 2018-2025 all years,3-team
1.7750000000000015,177.50000000000014,77,77.0,40,34.00000000000006,0.4415584415584423,SUPPLEMENTARY 2018-2025 all years,3-team
1.7800000000000014,178.00000000000014,77,77.0,40,34.20000000000005,0.44415584415584486,SUPPLEMENTARY 2018-2025 all years,3-team
1.7850000000000013,178.5000000000001,77,77.0,40,34.40000000000005,0.4467532467532474,SUPPLEMENTARY 2018-2025 all years,3-team
1.7900000000000014,179.00000000000014,77,77.0,40,34.600000000000044,0.44935064935064994,SUPPLEMENTARY 2018-2025 all years,3-team
1.7950000000000015,179.50000000000014,77,77.0,40,34.80000000000006,0.45194805194805276,SUPPLEMENTARY 2018-2025 all years,3-team
1.8000000000000014,180.00000000000014,77,77.0,40,35.000000000000064,0.45454545454545536,SUPPLEMENTARY 2018-2025 all years,3-team
1.8050000000000013,180.5000000000001,77,77.0,40,35.200000000000045,0.45714285714285774,SUPPLEMENTARY 2018-2025 all years,3-team
1.8100000000000014,181.00000000000014,77,77.0,40,35.400000000000055,0.45974025974026045,SUPPLEMENTARY 2018-2025 all years,3-team
1.8150000000000015,181.50000000000014,77,77.0,40,35.60000000000007,0.46233766233766327,SUPPLEMENTARY 2018-2025 all years,3-team
1.8200000000000014,182.00000000000014,77,77.0,40,35.80000000000005,0.46493506493506553,SUPPLEMENTARY 2018-2025 all years,3-team
1.8250000000000013,182.50000000000014,77,77.0,40,36.00000000000006,0.46753246753246824,SUPPLEMENTARY 2018-2025 all years,3-team
1.8300000000000014,183.00000000000014,77,77.0,40,36.200000000000045,0.47012987012987073,SUPPLEMENTARY 2018-2025 all years,3-team
1.8350000000000015,183.50000000000014,77,77.0,40,36.400000000000055,0.47272727272727344,SUPPLEMENTARY 2018-2025 all years,3-team
1.8400000000000014,184.00000000000014,77,77.0,40,36.600000000000065,0.47532467532467615,SUPPLEMENTARY 2018-2025 all years,3-team
1.8450000000000013,184.50000000000014,77,77.0,40,36.80000000000005,0.4779220779220785,SUPPLEMENTARY 2018-2025 all years,3-team
1.8500000000000014,185.00000000000014,77,77.0,40,37.00000000000006,0.48051948051948123,SUPPLEMENTARY 2018-2025 all years,3-team
1.8550000000000015,185.50000000000014,77,77.0,40,37.20000000000007,0.483116883116884,SUPPLEMENTARY 2018-2025 all years,3-team
1.8600000000000014,186.00000000000014,77,77.0,40,37.40000000000005,0.4857142857142863,SUPPLEMENTARY 2018-2025 all years,3-team
1.8650000000000013,186.50000000000014,77,77.0,40,37.60000000000006,0.4883116883116891,SUPPLEMENTARY 2018-2025 all years,3-team
1.8700000000000014,187.00000000000014,77,77.0,40,37.80000000000007,0.4909090909090918,SUPPLEMENTARY 2018-2025 all years,3-team
1.8750000000000016,187.50000000000014,77,77.0,40,38.00000000000006,0.4935064935064942,SUPPLEMENTARY 2018-2025 all years,3-team
1.8800000000000014,188.00000000000014,77,77.0,40,38.20000000000007,0.496103896103897,SUPPLEMENTARY 2018-2025 all years,3-team
1.8850000000000013,188.50000000000014,77,77.0,40,38.40000000000004,0.49870129870129926,SUPPLEMENTARY 2018-2025 all years,3-team
1.8900000000000015,189.00000000000014,77,77.0,40,38.60000000000005,0.5012987012987019,SUPPLEMENTARY 2018-2025 all years,3-team
1.8950000000000016,189.50000000000017,77,77.0,40,38.80000000000007,0.5038961038961047,SUPPLEMENTARY 2018-2025 all years,3-team
1.9000000000000015,190.00000000000014,77,77.0,40,39.00000000000005,0.5064935064935071,SUPPLEMENTARY 2018-2025 all years,3-team
1.9050000000000014,190.50000000000014,77,77.0,40,39.20000000000006,0.5090909090909098,SUPPLEMENTARY 2018-2025 all years,3-team
1.9100000000000015,191.00000000000014,77,77.0,40,39.40000000000007,0.5116883116883126,SUPPLEMENTARY 2018-2025 all years,3-team
1.9150000000000016,191.50000000000017,77,77.0,40,39.60000000000006,0.514285714285715,SUPPLEMENTARY 2018-2025 all years,3-team
1.9200000000000015,192.00000000000014,77,77.0,40,39.800000000000054,0.5168831168831176,SUPPLEMENTARY 2018-2025 all years,3-team
1.9250000000000014,192.50000000000014,77,77.0,40,40.000000000000064,0.5194805194805203,SUPPLEMENTARY 2018-2025 all years,3-team
1.9300000000000015,193.00000000000014,77,77.0,40,40.20000000000005,0.5220779220779228,SUPPLEMENTARY 2018-2025 all years,3-team
1.9350000000000016,193.50000000000017,77,77.0,40,40.40000000000006,0.5246753246753255,SUPPLEMENTARY 2018-2025 all years,3-team
1.9400000000000015,194.00000000000014,77,77.0,40,40.60000000000007,0.5272727272727282,SUPPLEMENTARY 2018-2025 all years,3-team
1.9450000000000014,194.50000000000014,77,77.0,40,40.800000000000054,0.5298701298701306,SUPPLEMENTARY 2018-2025 all years,3-team
1.9500000000000015,195.00000000000014,77,77.0,40,41.000000000000064,0.5324675324675333,SUPPLEMENTARY 2018-2025 all years,3-team
1.9550000000000016,195.50000000000017,77,77.0,40,41.20000000000005,0.5350649350649358,SUPPLEMENTARY 2018-2025 all years,3-team
1.9600000000000015,196.00000000000014,77,77.0,40,41.40000000000006,0.5376623376623385,SUPPLEMENTARY 2018-2025 all years,3-team
1.9650000000000014,196.50000000000014,77,77.0,40,41.600000000000065,0.5402597402597411,SUPPLEMENTARY 2018-2025 all years,3-team
1.9700000000000015,197.00000000000014,77,77.0,40,41.800000000000054,0.5428571428571436,SUPPLEMENTARY 2018-2025 all years,3-team
1.9750000000000016,197.50000000000017,77,77.0,40,42.000000000000064,0.5454545454545463,SUPPLEMENTARY 2018-2025 all years,3-team
1.9800000000000015,198.00000000000014,77,77.0,40,42.20000000000007,0.5480519480519489,SUPPLEMENTARY 2018-2025 all years,3-team
1.9850000000000014,198.50000000000014,77,77.0,40,42.40000000000005,0.5506493506493513,SUPPLEMENTARY 2018-2025 all years,3-team
1.9900000000000015,199.00000000000014,77,77.0,40,42.600000000000065,0.5532467532467541,SUPPLEMENTARY 2018-2025 all years,3-team
1.9950000000000017,199.50000000000017,77,77.0,40,42.800000000000075,0.5558441558441568,SUPPLEMENTARY 2018-2025 all years,3-team
2.0000000000000013,200.00000000000014,77,77.0,40,43.00000000000005,0.5584415584415591,SUPPLEMENTARY 2018-2025 all years,3-team
2.0050000000000012,200.5000000000001,77,77.0,40,43.20000000000005,0.5610389610389617,SUPPLEMENTARY 2018-2025 all years,3-team
2.0100000000000016,201.00000000000017,77,77.0,40,43.40000000000008,0.5636363636363646,SUPPLEMENTARY 2018-2025 all years,3-team
2.0150000000000015,201.50000000000014,77,77.0,40,43.60000000000005,0.5662337662337669,SUPPLEMENTARY 2018-2025 all years,3-team
2.0200000000000014,202.00000000000014,77,77.0,40,43.80000000000006,0.5688311688311696,SUPPLEMENTARY 2018-2025 all years,3-team
2.0250000000000012,202.5000000000001,77,77.0,40,44.00000000000005,0.5714285714285721,SUPPLEMENTARY 2018-2025 all years,3-team
2.0300000000000016,203.00000000000017,77,77.0,40,44.20000000000006,0.5740259740259748,SUPPLEMENTARY 2018-2025 all years,3-team
2.0350000000000015,203.50000000000014,77,77.0,40,44.40000000000007,0.5766233766233775,SUPPLEMENTARY 2018-2025 all years,3-team
2.0400000000000014,204.00000000000014,77,77.0,40,44.600000000000044,0.5792207792207797,SUPPLEMENTARY 2018-2025 all years,3-team
2.0450000000000013,204.5000000000001,77,77.0,40,44.800000000000054,0.5818181818181826,SUPPLEMENTARY 2018-2025 all years,3-team
2.0500000000000016,205.00000000000017,77,77.0,40,45.000000000000064,0.5844155844155853,SUPPLEMENTARY 2018-2025 all years,3-team
2.0550000000000015,205.50000000000014,77,77.0,40,45.20000000000005,0.5870129870129877,SUPPLEMENTARY 2018-2025 all years,3-team
2.0600000000000014,206.00000000000014,77,77.0,40,45.40000000000006,0.5896103896103905,SUPPLEMENTARY 2018-2025 all years,3-team
2.0650000000000013,206.5000000000001,77,77.0,40,45.60000000000004,0.5922077922077927,SUPPLEMENTARY 2018-2025 all years,3-team
2.0700000000000016,207.00000000000017,77,77.0,40,45.80000000000006,0.5948051948051956,SUPPLEMENTARY 2018-2025 all years,3-team
2.0750000000000015,207.50000000000014,77,77.0,40,46.000000000000064,0.5974025974025983,SUPPLEMENTARY 2018-2025 all years,3-team
2.0800000000000014,208.00000000000014,77,77.0,40,46.200000000000045,0.6000000000000006,SUPPLEMENTARY 2018-2025 all years,3-team
2.0850000000000013,208.50000000000014,77,77.0,40,46.40000000000005,0.6025974025974032,SUPPLEMENTARY 2018-2025 all years,3-team
2.0900000000000016,209.00000000000017,77,77.0,40,46.60000000000007,0.6051948051948062,SUPPLEMENTARY 2018-2025 all years,3-team
2.0950000000000015,209.50000000000014,77,77.0,40,46.800000000000054,0.6077922077922084,SUPPLEMENTARY 2018-2025 all years,3-team
2.1000000000000014,210.00000000000014,77,77.0,40,47.00000000000006,0.6103896103896111,SUPPLEMENTARY 2018-2025 all years,3-team
2.1050000000000013,210.50000000000014,77,77.0,40,47.20000000000006,0.6129870129870137,SUPPLEMENTARY 2018-2025 all years,3-team
2.1100000000000017,211.00000000000017,77,77.0,40,47.400000000000055,0.6155844155844163,SUPPLEMENTARY 2018-2025 all years,3-team
2.1150000000000015,211.50000000000014,77,77.0,40,47.600000000000065,0.618181818181819,SUPPLEMENTARY 2018-2025 all years,3-team
2.1200000000000014,212.00000000000014,77,77.0,40,47.80000000000007,0.6207792207792217,SUPPLEMENTARY 2018-2025 all years,3-team
2.1250000000000013,212.50000000000014,77,77.0,40,48.00000000000005,0.623376623376624,SUPPLEMENTARY 2018-2025 all years,3-team
2.1300000000000017,213.00000000000017,77,77.0,40,48.200000000000074,0.625974025974027,SUPPLEMENTARY 2018-2025 all years,3-team
2.1350000000000016,213.50000000000017,77,77.0,40,48.40000000000008,0.6285714285714296,SUPPLEMENTARY 2018-2025 all years,3-team
2.1400000000000015,214.00000000000014,77,77.0,40,48.60000000000005,0.6311688311688318,SUPPLEMENTARY 2018-2025 all years,3-team
2.1450000000000014,214.50000000000014,77,77.0,40,48.80000000000006,0.6337662337662345,SUPPLEMENTARY 2018-2025 all years,3-team
2.1500000000000017,215.00000000000017,77,77.0,40,49.000000000000064,0.6363636363636372,SUPPLEMENTARY 2018-2025 all years,3-team
2.1550000000000016,215.50000000000017,77,77.0,40,49.20000000000006,0.6389610389610397,SUPPLEMENTARY 2018-2025 all years,3-team
2.1600000000000015,216.00000000000014,77,77.0,40,49.40000000000007,0.6415584415584424,SUPPLEMENTARY 2018-2025 all years,3-team
2.1650000000000014,216.50000000000014,77,77.0,40,49.600000000000044,0.6441558441558447,SUPPLEMENTARY 2018-2025 all years,3-team
2.1700000000000017,217.00000000000017,77,77.0,40,49.80000000000007,0.6467532467532476,SUPPLEMENTARY 2018-2025 all years,3-team
2.1750000000000016,217.50000000000017,77,77.0,40,50.000000000000064,0.6493506493506502,SUPPLEMENTARY 2018-2025 all years,3-team
2.1800000000000015,218.00000000000014,77,77.0,40,50.20000000000005,0.6519480519480526,SUPPLEMENTARY 2018-2025 all years,3-team
2.1850000000000014,218.50000000000014,77,77.0,40,50.40000000000006,0.6545454545454553,SUPPLEMENTARY 2018-2025 all years,3-team
2.1900000000000017,219.00000000000017,77,77.0,40,50.60000000000007,0.6571428571428581,SUPPLEMENTARY 2018-2025 all years,3-team
2.1950000000000016,219.50000000000017,77,77.0,40,50.80000000000006,0.6597402597402605,SUPPLEMENTARY 2018-2025 all years,3-team
2.2000000000000015,220.00000000000014,77,77.0,40,51.000000000000064,0.6623376623376631,SUPPLEMENTARY 2018-2025 all years,3-team
2.2050000000000014,220.50000000000014,77,77.0,40,51.200000000000045,0.6649350649350655,SUPPLEMENTARY 2018-2025 all years,3-team
2.2100000000000017,221.00000000000017,77,77.0,40,51.40000000000006,0.6675324675324683,SUPPLEMENTARY 2018-2025 all years,3-team
2.2150000000000016,221.50000000000017,77,77.0,40,51.60000000000007,0.670129870129871,SUPPLEMENTARY 2018-2025 all years,3-team
2.2200000000000015,222.00000000000014,77,77.0,40,51.800000000000054,0.6727272727272734,SUPPLEMENTARY 2018-2025 all years,3-team
2.2250000000000014,222.50000000000014,77,77.0,40,52.00000000000006,0.6753246753246761,SUPPLEMENTARY 2018-2025 all years,3-team
2.2300000000000018,223.00000000000017,77,77.0,40,52.20000000000008,0.6779220779220789,SUPPLEMENTARY 2018-2025 all years,3-team
2.2350000000000017,223.50000000000017,77,77.0,40,52.400000000000055,0.6805194805194812,SUPPLEMENTARY 2018-2025 all years,3-team
2.2400000000000015,224.00000000000014,77,77.0,40,52.600000000000065,0.683116883116884,SUPPLEMENTARY 2018-2025 all years,3-team
2.2450000000000014,224.50000000000014,77,77.0,40,52.80000000000007,0.6857142857142866,SUPPLEMENTARY 2018-2025 all years,3-team
2.2500000000000018,225.00000000000017,77,77.0,40,53.000000000000064,0.6883116883116891,SUPPLEMENTARY 2018-2025 all years,3-team
2.2550000000000017,225.50000000000017,77,77.0,40,53.200000000000074,0.6909090909090919,SUPPLEMENTARY 2018-2025 all years,3-team
2.2600000000000016,226.00000000000017,77,77.0,40,53.40000000000008,0.6935064935064945,SUPPLEMENTARY 2018-2025 all years,3-team
2.2650000000000015,226.50000000000014,77,77.0,40,53.60000000000005,0.6961038961038968,SUPPLEMENTARY 2018-2025 all years,3-team
2.270000000000002,227.00000000000017,77,77.0,40,53.800000000000075,0.6987012987012997,SUPPLEMENTARY 2018-2025 all years,3-team
2.2750000000000017,227.50000000000017,77,77.0,40,54.000000000000064,0.7012987012987021,SUPPLEMENTARY 2018-2025 all years,3-team
2.2800000000000016,228.00000000000017,77,77.0,40,54.20000000000006,0.7038961038961047,SUPPLEMENTARY 2018-2025 all years,3-team
2.2850000000000015,228.50000000000014,77,77.0,40,54.40000000000007,0.7064935064935074,SUPPLEMENTARY 2018-2025 all years,3-team
2.290000000000002,229.00000000000017,77,77.0,40,54.60000000000007,0.70909090909091,SUPPLEMENTARY 2018-2025 all years,3-team
2.2950000000000017,229.50000000000017,77,77.0,40,54.80000000000007,0.7116883116883126,SUPPLEMENTARY 2018-2025 all years,3-team
2.3000000000000016,230.00000000000017,77,77.0,40,55.000000000000064,0.7142857142857151,SUPPLEMENTARY 2018-2025 all years,3-team
2.3050000000000015,230.50000000000014,77,77.0,40,55.20000000000005,0.7168831168831176,SUPPLEMENTARY 2018-2025 all years,3-team
2.3100000000000014,231.00000000000014,77,77.0,40,55.40000000000006,0.7194805194805203,SUPPLEMENTARY 2018-2025 all years,3-team
2.3150000000000017,231.50000000000017,77,77.0,40,55.60000000000007,0.722077922077923,SUPPLEMENTARY 2018-2025 all years,3-team
2.3200000000000016,232.00000000000017,77,77.0,40,55.80000000000006,0.7246753246753255,SUPPLEMENTARY 2018-2025 all years,3-team
2.3250000000000015,232.50000000000014,77,77.0,40,56.000000000000064,0.7272727272727281,SUPPLEMENTARY 2018-2025 all years,3-team
2.330000000000002,233.00000000000017,77,77.0,40,56.20000000000006,0.7298701298701307,SUPPLEMENTARY 2018-2025 all years,3-team
2.3350000000000017,233.50000000000017,77,77.0,40,56.40000000000006,0.7324675324675333,SUPPLEMENTARY 2018-2025 all years,3-team
2.3400000000000016,234.00000000000017,77,77.0,40,56.60000000000007,0.735064935064936,SUPPLEMENTARY 2018-2025 all years,3-team
2.3450000000000015,234.50000000000014,77,77.0,40,56.800000000000054,0.7376623376623384,SUPPLEMENTARY 2018-2025 all years,3-team
2.3500000000000014,235.00000000000014,77,77.0,40,57.00000000000006,0.740259740259741,SUPPLEMENTARY 2018-2025 all years,3-team
2.3550000000000018,235.50000000000017,77,77.0,40,57.20000000000008,0.7428571428571439,SUPPLEMENTARY 2018-2025 all years,3-team
2.3600000000000017,236.00000000000017,77,77.0,40,57.400000000000055,0.7454545454545461,SUPPLEMENTARY 2018-2025 all years,3-team
2.3650000000000015,236.50000000000014,77,77.0,40,57.600000000000065,0.7480519480519489,SUPPLEMENTARY 2018-2025 all years,3-team
2.370000000000002,237.0000000000002,77,77.0,40,57.80000000000008,0.7506493506493517,SUPPLEMENTARY 2018-2025 all years,3-team
2.3750000000000018,237.50000000000017,77,77.0,40,58.000000000000064,0.753246753246754,SUPPLEMENTARY 2018-2025 all years,3-team
2.3800000000000017,238.00000000000017,77,77.0,40,58.200000000000074,0.7558441558441568,SUPPLEMENTARY 2018-2025 all years,3-team
2.3850000000000016,238.50000000000017,77,77.0,40,58.40000000000008,0.7584415584415595,SUPPLEMENTARY 2018-2025 all years,3-team
2.3900000000000015,239.00000000000014,77,77.0,40,58.60000000000005,0.7610389610389617,SUPPLEMENTARY 2018-2025 all years,3-team
2.395000000000002,239.50000000000017,77,77.0,40,58.800000000000075,0.7636363636363647,SUPPLEMENTARY 2018-2025 all years,3-team
2.4000000000000017,240.00000000000017,77,77.0,40,59.000000000000064,0.766233766233767,SUPPLEMENTARY 2018-2025 all years,3-team
2.4050000000000016,240.50000000000017,77,77.0,40,59.20000000000006,0.7688311688311696,SUPPLEMENTARY 2018-2025 all years,3-team
2.410000000000002,241.0000000000002,77,77.0,40,59.400000000000084,0.7714285714285725,SUPPLEMENTARY 2018-2025 all years,3-team
2.415000000000002,241.50000000000017,77,77.0,40,59.60000000000007,0.774025974025975,SUPPLEMENTARY 2018-2025 all years,3-team
2.4200000000000017,242.00000000000017,77,77.0,40,59.80000000000007,0.7766233766233775,SUPPLEMENTARY 2018-2025 all years,3-team
2.4250000000000016,242.50000000000017,77,77.0,40,60.000000000000064,0.77922077922078,SUPPLEMENTARY 2018-2025 all years,3-team
2.4300000000000015,243.00000000000014,77,77.0,40,60.20000000000005,0.7818181818181825,SUPPLEMENTARY 2018-2025 all years,3-team
2.435000000000002,243.50000000000017,77,77.0,40,60.40000000000008,0.7844155844155855,SUPPLEMENTARY 2018-2025 all years,3-team
2.4400000000000017,244.00000000000017,77,77.0,40,60.60000000000007,0.7870129870129879,SUPPLEMENTARY 2018-2025 all years,3-team
2.4450000000000016,244.50000000000017,77,77.0,40,60.80000000000006,0.7896103896103904,SUPPLEMENTARY 2018-2025 all years,3-team
2.450000000000002,245.0000000000002,77,77.0,40,61.000000000000085,0.7922077922077934,SUPPLEMENTARY 2018-2025 all years,3-team
2.455000000000002,245.50000000000017,77,77.0,40,61.20000000000006,0.7948051948051956,SUPPLEMENTARY 2018-2025 all years,3-team
2.4600000000000017,246.00000000000017,77,77.0,40,61.40000000000006,0.7974025974025982,SUPPLEMENTARY 2018-2025 all years,3-team
2.4650000000000016,246.50000000000017,77,77.0,40,61.60000000000007,0.8000000000000009,SUPPLEMENTARY 2018-2025 all years,3-team
2.4700000000000015,247.00000000000014,77,77.0,40,61.800000000000054,0.8025974025974033,SUPPLEMENTARY 2018-2025 all years,3-team
2.475000000000002,247.5000000000002,77,77.0,40,62.00000000000007,0.8051948051948061,SUPPLEMENTARY 2018-2025 all years,3-team
2.4800000000000018,248.00000000000017,77,77.0,40,62.20000000000008,0.8077922077922088,SUPPLEMENTARY 2018-2025 all years,3-team
2.4850000000000017,248.50000000000017,77,77.0,40,62.400000000000055,0.8103896103896111,SUPPLEMENTARY 2018-2025 all years,3-team
2.490000000000002,249.0000000000002,77,77.0,40,62.60000000000008,0.812987012987014,SUPPLEMENTARY 2018-2025 all years,3-team
2.495000000000002,249.5000000000002,77,77.0,40,62.80000000000008,0.8155844155844166,SUPPLEMENTARY 2018-2025 all years,3-team
2.5000000000000018,250.00000000000017,77,77.0,40,63.00000000000007,0.8181818181818191,SUPPLEMENTARY 2018-2025 all years,3-team
2.5050000000000017,250.50000000000017,77,77.0,40,63.200000000000074,0.8207792207792217,SUPPLEMENTARY 2018-2025 all years,3-team
2.5100000000000016,251.00000000000017,77,77.0,40,63.40000000000008,0.8233766233766244,SUPPLEMENTARY 2018-2025 all years,3-team
2.515000000000002,251.5000000000002,77,77.0,40,63.60000000000008,0.825974025974027,SUPPLEMENTARY 2018-2025 all years,3-team
2.520000000000002,252.00000000000017,77,77.0,40,63.80000000000007,0.8285714285714294,SUPPLEMENTARY 2018-2025 all years,3-team
2.5250000000000017,252.50000000000017,77,77.0,40,64.00000000000007,0.8311688311688321,SUPPLEMENTARY 2018-2025 all years,3-team
2.530000000000002,253.0000000000002,77,77.0,40,64.20000000000007,0.8337662337662347,SUPPLEMENTARY 2018-2025 all years,3-team
2.535000000000002,253.5000000000002,77,77.0,40,64.40000000000008,0.8363636363636373,SUPPLEMENTARY 2018-2025 all years,3-team
2.540000000000002,254.00000000000017,77,77.0,40,64.60000000000008,0.83896103896104,SUPPLEMENTARY 2018-2025 all years,3-team
2.5450000000000017,254.50000000000017,77,77.0,40,64.80000000000007,0.8415584415584424,SUPPLEMENTARY 2018-2025 all years,3-team
2.5500000000000016,255.00000000000017,77,77.0,40,65.00000000000006,0.8441558441558449,SUPPLEMENTARY 2018-2025 all years,3-team
2.555000000000002,255.5000000000002,77,77.0,40,65.20000000000007,0.8467532467532477,SUPPLEMENTARY 2018-2025 all years,3-team
2.560000000000002,256.00000000000017,77,77.0,40,65.40000000000008,0.8493506493506503,SUPPLEMENTARY 2018-2025 all years,3-team
2.5650000000000017,256.50000000000017,77,77.0,40,65.60000000000007,0.8519480519480528,SUPPLEMENTARY 2018-2025 all years,3-team
2.570000000000002,257.0000000000002,77,77.0,40,65.80000000000008,0.8545454545454556,SUPPLEMENTARY 2018-2025 all years,3-team
2.575000000000002,257.50000000000017,77,77.0,40,66.00000000000009,0.8571428571428582,SUPPLEMENTARY 2018-2025 all years,3-team
2.580000000000002,258.00000000000017,77,77.0,40,66.20000000000006,0.8597402597402605,SUPPLEMENTARY 2018-2025 all years,3-team
2.5850000000000017,258.50000000000017,77,77.0,40,66.40000000000008,0.8623376623376633,SUPPLEMENTARY 2018-2025 all years,3-team
2.5900000000000016,259.00000000000017,77,77.0,40,66.60000000000007,0.8649350649350658,SUPPLEMENTARY 2018-2025 all years,3-team
2.595000000000002,259.50000000000017,77,77.0,40,66.80000000000007,0.8675324675324684,SUPPLEMENTARY 2018-2025 all years,3-team
2.600000000000002,260.00000000000017,77,77.0,40,67.00000000000009,0.8701298701298712,SUPPLEMENTARY 2018-2025 all years,3-team
2.6050000000000018,260.50000000000017,77,77.0,40,67.20000000000007,0.8727272727272737,SUPPLEMENTARY 2018-2025 all years,3-team
2.610000000000002,261.0000000000002,77,77.0,40,67.40000000000008,0.8753246753246763,SUPPLEMENTARY 2018-2025 all years,3-team
2.615000000000002,261.5000000000002,77,77.0,40,67.60000000000008,0.877922077922079,SUPPLEMENTARY 2018-2025 all years,3-team
2.620000000000002,262.00000000000017,77,77.0,40,67.80000000000008,0.8805194805194816,SUPPLEMENTARY 2018-2025 all years,3-team
2.6250000000000018,262.50000000000017,77,77.0,40,68.00000000000007,0.8831168831168841,SUPPLEMENTARY 2018-2025 all years,3-team
2.6300000000000017,263.00000000000017,77,77.0,40,68.20000000000006,0.8857142857142865,SUPPLEMENTARY 2018-2025 all years,3-team
2.635000000000002,263.5000000000002,77,77.0,40,68.40000000000009,0.8883116883116895,SUPPLEMENTARY 2018-2025 all years,3-team
2.640000000000002,264.00000000000017,77,77.0,40,68.60000000000008,0.890909090909092,SUPPLEMENTARY 2018-2025 all years,3-team
2.645000000000002,264.50000000000017,77,77.0,40,68.80000000000005,0.8935064935064942,SUPPLEMENTARY 2018-2025 all years,3-team
2.650000000000002,265.0000000000002,77,77.0,40,69.0000000000001,0.8961038961038974,SUPPLEMENTARY 2018-2025 all years,3-team
2.655000000000002,265.5000000000002,77,77.0,40,69.20000000000007,0.8987012987012997,SUPPLEMENTARY 2018-2025 all years,3-team
2.660000000000002,266.00000000000017,77,77.0,40,69.40000000000006,0.9012987012987022,SUPPLEMENTARY 2018-2025 all years,3-team
2.665000000000002,266.50000000000017,77,77.0,40,69.6000000000001,0.9038961038961051,SUPPLEMENTARY 2018-2025 all years,3-team
2.6700000000000017,267.00000000000017,77,77.0,40,69.80000000000007,0.9064935064935074,SUPPLEMENTARY 2018-2025 all years,3-team
2.675000000000002,267.5000000000002,77,77.0,40,70.00000000000007,0.9090909090909101,SUPPLEMENTARY 2018-2025 all years,3-team
2.680000000000002,268.00000000000017,77,77.0,40,70.20000000000009,0.9116883116883129,SUPPLEMENTARY 2018-2025 all years,3-team
2.685000000000002,268.50000000000017,77,77.0,40,70.40000000000008,0.9142857142857153,SUPPLEMENTARY 2018-2025 all years,3-team
2.690000000000002,269.0000000000002,77,77.0,40,70.60000000000007,0.9168831168831177,SUPPLEMENTARY 2018-2025 all years,3-team
2.695000000000002,269.5000000000002,77,77.0,40,70.8000000000001,0.9194805194805208,SUPPLEMENTARY 2018-2025 all years,3-team
2.700000000000002,270.00000000000017,77,77.0,40,71.00000000000009,0.9220779220779232,SUPPLEMENTARY 2018-2025 all years,3-team
2.705000000000002,270.50000000000017,77,77.0,40,71.20000000000006,0.9246753246753254,SUPPLEMENTARY 2018-2025 all years,3-team
2.7100000000000017,271.00000000000017,77,77.0,40,71.40000000000009,0.9272727272727285,SUPPLEMENTARY 2018-2025 all years,3-team
2.715000000000002,271.5000000000002,77,77.0,40,71.60000000000008,0.929870129870131,SUPPLEMENTARY 2018-2025 all years,3-team
2.720000000000002,272.00000000000017,77,77.0,40,71.80000000000007,0.9324675324675333,SUPPLEMENTARY 2018-2025 all years,3-team
2.725000000000002,272.50000000000017,77,77.0,40,72.0000000000001,0.9350649350649364,SUPPLEMENTARY 2018-2025 all years,3-team
2.730000000000002,273.0000000000002,77,77.0,40,72.20000000000009,0.9376623376623388,SUPPLEMENTARY 2018-2025 all years,3-team
2.735000000000002,273.5000000000002,77,77.0,40,72.40000000000008,0.9402597402597412,SUPPLEMENTARY 2018-2025 all years,3-team
2.740000000000002,274.0000000000002,77,77.0,40,72.60000000000011,0.9428571428571443,SUPPLEMENTARY 2018-2025 all years,3-team
2.745000000000002,274.50000000000017,77,77.0,40,72.80000000000008,0.9454545454545465,SUPPLEMENTARY 2018-2025 all years,3-team
2.7500000000000018,275.00000000000017,77,77.0,40,73.00000000000006,0.9480519480519488,SUPPLEMENTARY 2018-2025 all years,3-team
2.755000000000002,275.5000000000002,77,77.0,40,73.20000000000007,0.9506493506493516,SUPPLEMENTARY 2018-2025 all years,3-team
2.760000000000002,276.0000000000002,77,77.0,40,73.40000000000009,0.9532467532467545,SUPPLEMENTARY 2018-2025 all years,3-team
2.765000000000002,276.50000000000017,77,77.0,40,73.60000000000007,0.9558441558441567,SUPPLEMENTARY 2018-2025 all years,3-team
2.7700000000000022,277.0000000000002,77,77.0,40,73.80000000000008,0.9584415584415595,SUPPLEMENTARY 2018-2025 all years,3-team
2.775000000000002,277.5000000000002,77,77.0,40,74.0000000000001,0.9610389610389624,SUPPLEMENTARY 2018-2025 all years,3-team
2.780000000000002,278.0000000000002,77,77.0,40,74.20000000000007,0.9636363636363646,SUPPLEMENTARY 2018-2025 all years,3-team
2.785000000000002,278.50000000000017,77,77.0,40,74.40000000000006,0.966233766233767,SUPPLEMENTARY 2018-2025 all years,3-team
2.790000000000002,279.00000000000017,77,77.0,40,74.6000000000001,0.96883116883117,SUPPLEMENTARY 2018-2025 all years,3-team
2.795000000000002,279.5000000000002,77,77.0,40,74.80000000000008,0.9714285714285725,SUPPLEMENTARY 2018-2025 all years,3-team
2.800000000000002,280.0000000000002,77,77.0,40,75.00000000000007,0.9740259740259749,SUPPLEMENTARY 2018-2025 all years,3-team
2.805000000000002,280.50000000000017,77,77.0,40,75.20000000000009,0.9766233766233777,SUPPLEMENTARY 2018-2025 all years,3-team
2.8100000000000023,281.0000000000002,77,77.0,40,75.40000000000009,0.9792207792207804,SUPPLEMENTARY 2018-2025 all years,3-team
2.815000000000002,281.5000000000002,77,77.0,40,75.60000000000007,0.9818181818181827,SUPPLEMENTARY 2018-2025 all years,3-team
2.820000000000002,282.0000000000002,77,77.0,40,75.8000000000001,0.9844155844155856,SUPPLEMENTARY 2018-2025 all years,3-team
2.825000000000002,282.50000000000017,77,77.0,40,76.00000000000009,0.9870129870129881,SUPPLEMENTARY 2018-2025 all years,3-team
2.830000000000002,283.00000000000017,77,77.0,40,76.20000000000006,0.9896103896103904,SUPPLEMENTARY 2018-2025 all years,3-team
2.835000000000002,283.5000000000002,77,77.0,40,76.4000000000001,0.9922077922077935,SUPPLEMENTARY 2018-2025 all years,3-team
2.840000000000002,284.0000000000002,77,77.0,40,76.60000000000008,0.9948051948051958,SUPPLEMENTARY 2018-2025 all years,3-team
2.845000000000002,284.50000000000017,77,77.0,40,76.80000000000007,0.9974025974025983,SUPPLEMENTARY 2018-2025 all years,3-team
2.8500000000000023,285.0000000000002,77,77.0,40,77.0000000000001,1.0000000000000013,SUPPLEMENTARY 2018-2025 all years,3-team
2.855000000000002,285.5000000000002,77,77.0,40,77.20000000000009,1.0025974025974038,SUPPLEMENTARY 2018-2025 all years,3-team
2.860000000000002,286.0000000000002,77,77.0,40,77.40000000000008,1.005194805194806,SUPPLEMENTARY 2018-2025 all years,3-team
2.865000000000002,286.5000000000002,77,77.0,40,77.60000000000011,1.0077922077922092,SUPPLEMENTARY 2018-2025 all years,3-team
2.870000000000002,287.00000000000017,77,77.0,40,77.80000000000008,1.0103896103896115,SUPPLEMENTARY 2018-2025 all years,3-team
2.875000000000002,287.5000000000002,77,77.0,40,78.00000000000009,1.012987012987014,SUPPLEMENTARY 2018-2025 all years,3-team
2.880000000000002,288.0000000000002,77,77.0,40,78.20000000000007,1.0155844155844165,SUPPLEMENTARY 2018-2025 all years,3-team
2.885000000000002,288.5000000000002,77,77.0,40,78.40000000000009,1.0181818181818194,SUPPLEMENTARY 2018-2025 all years,3-team
2.8900000000000023,289.0000000000002,77,77.0,40,78.6000000000001,1.020779220779222,SUPPLEMENTARY 2018-2025 all years,3-team
2.8950000000000022,289.5000000000002,77,77.0,40,78.80000000000008,1.0233766233766244,SUPPLEMENTARY 2018-2025 all years,3-team
2.900000000000002,290.0000000000002,77,77.0,40,79.0000000000001,1.0259740259740273,SUPPLEMENTARY 2018-2025 all years,3-team
2.905000000000002,290.5000000000002,77,77.0,40,79.20000000000007,1.0285714285714296,SUPPLEMENTARY 2018-2025 all years,3-team
2.910000000000002,291.00000000000017,77,77.0,40,79.40000000000006,1.031168831168832,SUPPLEMENTARY 2018-2025 all years,3-team
2.9150000000000023,291.5000000000002,77,77.0,40,79.60000000000011,1.0337662337662352,SUPPLEMENTARY 2018-2025 all years,3-team
2.920000000000002,292.0000000000002,77,77.0,40,79.80000000000008,1.0363636363636375,SUPPLEMENTARY 2018-2025 all years,3-team
2.925000000000002,292.5000000000002,77,77.0,40,80.00000000000007,1.03896103896104,SUPPLEMENTARY 2018-2025 all years,3-team
2.9300000000000024,293.0000000000002,77,77.0,40,80.20000000000012,1.0415584415584431,SUPPLEMENTARY 2018-2025 all years,3-team
2.9350000000000023,293.5000000000002,77,77.0,40,80.40000000000009,1.0441558441558454,SUPPLEMENTARY 2018-2025 all years,3-team
2.940000000000002,294.0000000000002,77,77.0,40,80.60000000000007,1.0467532467532477,SUPPLEMENTARY 2018-2025 all years,3-team
2.945000000000002,294.5000000000002,77,77.0,40,80.8000000000001,1.0493506493506506,SUPPLEMENTARY 2018-2025 all years,3-team
2.950000000000002,295.00000000000017,77,77.0,40,81.00000000000009,1.051948051948053,SUPPLEMENTARY 2018-2025 all years,3-team
2.9550000000000023,295.5000000000002,77,77.0,40,81.20000000000007,1.0545454545454556,SUPPLEMENTARY 2018-2025 all years,3-team
2.960000000000002,296.0000000000002,77,77.0,40,81.4000000000001,1.0571428571428585,SUPPLEMENTARY 2018-2025 all years,3-team
2.965000000000002,296.5000000000002,77,77.0,40,81.60000000000008,1.0597402597402608,SUPPLEMENTARY 2018-2025 all years,3-team
2.9700000000000024,297.0000000000002,77,77.0,40,81.80000000000008,1.0623376623376635,SUPPLEMENTARY 2018-2025 all years,3-team
2.9750000000000023,297.5000000000002,77,77.0,40,82.0000000000001,1.0649350649350662,SUPPLEMENTARY 2018-2025 all years,3-team
2.980000000000002,298.0000000000002,77,77.0,40,82.20000000000009,1.0675324675324687,SUPPLEMENTARY 2018-2025 all years,3-team
2.985000000000002,298.5000000000002,77,77.0,40,82.40000000000008,1.0701298701298712,SUPPLEMENTARY 2018-2025 all years,3-team
2.990000000000002,299.0000000000002,77,77.0,40,82.60000000000011,1.072727272727274,SUPPLEMENTARY 2018-2025 all years,3-team
2.9950000000000023,299.5000000000002,77,77.0,40,82.8000000000001,1.0753246753246766,SUPPLEMENTARY 2018-2025 all years,3-team
3.000000000000002,300.0000000000002,77,77.0,40,83.00000000000009,1.077922077922079,SUPPLEMENTARY 2018-2025 all years,3-team
