leg_id,season,week,game_type,gameday,game_id,league,team,opponent,side,archived_reference_line,source_spread_line,teased_line,game_total,geometry_class,track,shape,secondary_reason,key_numbers_crossed,p_raw,bump,p_est,total_ok,final_margin,home_score,away_score,outcome,won,cover_margin,total_bucket,p_est_bucket,line_provenance
2024_01_ARI_BUF-ARI,2024,1,REG,2024-09-08,2024_01_ARI_BUF,NFL,ARI,BUF,away,6.5,6.5,12.5,46.0,SECONDARY,PAPER,6.5,other_half_point_shape,1,0.6681398851771989,0.04,0.708139885177199,True,-6,34,28,WIN,1.0,6.5,45.5-47,70-71.9%,archived_reference_line
2024_01_ARI_BUF-BUF,2024,1,REG,2024-09-08,2024_01_ARI_BUF,NFL,BUF,ARI,home,-6.5,6.5,-0.5,46.0,SECONDARY,PAPER,-6.5,other_half_point_shape,1,0.6681398851771989,0.04,0.708139885177199,True,6,34,28,WIN,1.0,5.5,45.5-47,70-71.9%,archived_reference_line
2024_01_BAL_KC-BAL,2024,1,REG,2024-09-05,2024_01_BAL_KC,NFL,BAL,KC,away,3.0,3.0,9.0,46.0,SECONDARY,PAPER,3.0,whole_number_line,2,0.6681398851771989,0.07,0.738139885177199,True,-7,27,20,WIN,1.0,2.0,45.5-47,72-73.9%,archived_reference_line
2024_01_BAL_KC-KC,2024,1,REG,2024-09-05,2024_01_BAL_KC,NFL,KC,BAL,home,-3.0,3.0,3.0,46.0,SECONDARY,PAPER,-3.0,whole_number_line,1,0.6681398851771989,0.04,0.708139885177199,True,7,27,20,WIN,1.0,10.0,45.5-47,70-71.9%,archived_reference_line
2024_01_CAR_NO-CAR,2024,1,REG,2024-09-08,2024_01_CAR_NO,NFL,CAR,NO,away,3.5,3.5,9.5,41.5,SECONDARY,PAPER,3.5,other_half_point_shape,1,0.6850713499837193,0.04,0.7250713499837194,True,-37,47,10,LOSS,0.0,-27.5,40.5-43,72-73.9%,archived_reference_line
2024_01_CAR_NO-NO,2024,1,REG,2024-09-08,2024_01_CAR_NO,NFL,NO,CAR,home,-3.5,3.5,2.5,41.5,SECONDARY,PAPER,-3.5,other_half_point_shape,1,0.6850713499837193,0.04,0.7250713499837194,True,37,47,10,WIN,1.0,39.5,40.5-43,72-73.9%,archived_reference_line
2024_01_DAL_CLE-DAL,2024,1,REG,2024-09-08,2024_01_DAL_CLE,NFL,DAL,CLE,away,2.5,2.5,8.5,42.0,PRIMARY,LIVE,+2.5,,2,0.6830306580593271,0.07,0.7530306580593271,True,16,17,33,WIN,1.0,24.5,40.5-43,>=74%,archived_reference_line
2024_01_DAL_CLE-CLE,2024,1,REG,2024-09-08,2024_01_DAL_CLE,NFL,CLE,DAL,home,-2.5,2.5,3.5,42.0,SECONDARY,PAPER,-2.5,other_half_point_shape,1,0.6830306580593271,0.04,0.7230306580593271,True,-16,17,33,LOSS,0.0,-12.5,40.5-43,72-73.9%,archived_reference_line
2024_01_DEN_SEA-DEN,2024,1,REG,2024-09-08,2024_01_DEN_SEA,NFL,DEN,SEA,away,6.5,6.5,12.5,42.0,SECONDARY,PAPER,6.5,other_half_point_shape,1,0.6830306580593271,0.04,0.7230306580593271,True,-6,26,20,WIN,1.0,6.5,40.5-43,72-73.9%,archived_reference_line
2024_01_DEN_SEA-SEA,2024,1,REG,2024-09-08,2024_01_DEN_SEA,NFL,SEA,DEN,home,-6.5,6.5,-0.5,42.0,SECONDARY,PAPER,-6.5,other_half_point_shape,1,0.6830306580593271,0.04,0.7230306580593271,True,6,26,20,WIN,1.0,5.5,40.5-43,72-73.9%,archived_reference_line
2024_01_GB_PHI-GB,2024,1,REG,2024-09-06,2024_01_GB_PHI,NFL,GB,PHI,away,2.0,2.0,8.0,49.5,SECONDARY,PAPER,2.0,whole_number_line,2,0.6569084959850626,0.07,0.7269084959850627,False,-5,34,29,WIN,1.0,3.0,out-of-range,72-73.9%,archived_reference_line
2024_01_GB_PHI-PHI,2024,1,REG,2024-09-06,2024_01_GB_PHI,NFL,PHI,GB,home,-2.0,2.0,4.0,49.5,SECONDARY,PAPER,-2.0,whole_number_line,1,0.6569084959850626,0.04,0.6969084959850627,False,5,34,29,WIN,1.0,9.0,out-of-range,<70%,archived_reference_line
2024_01_HOU_IND-HOU,2024,1,REG,2024-09-08,2024_01_HOU_IND,NFL,HOU,IND,away,-3.0,-3.0,3.0,49.0,SECONDARY,PAPER,-3.0,whole_number_line,1,0.6584230922771453,0.04,0.6984230922771454,False,2,27,29,WIN,1.0,5.0,out-of-range,<70%,archived_reference_line
2024_01_HOU_IND-IND,2024,1,REG,2024-09-08,2024_01_HOU_IND,NFL,IND,HOU,home,3.0,-3.0,9.0,49.0,SECONDARY,PAPER,3.0,whole_number_line,2,0.6584230922771453,0.07,0.7284230922771453,False,-2,27,29,WIN,1.0,7.0,out-of-range,72-73.9%,archived_reference_line
2024_01_JAX_MIA-JAX,2024,1,REG,2024-09-08,2024_01_JAX_MIA,NFL,JAX,MIA,away,3.5,3.5,9.5,49.5,SECONDARY,PAPER,3.5,other_half_point_shape,1,0.6569084959850626,0.04,0.6969084959850627,False,-3,20,17,WIN,1.0,6.5,out-of-range,<70%,archived_reference_line
2024_01_JAX_MIA-MIA,2024,1,REG,2024-09-08,2024_01_JAX_MIA,NFL,MIA,JAX,home,-3.5,3.5,2.5,49.5,SECONDARY,PAPER,-3.5,other_half_point_shape,1,0.6569084959850626,0.04,0.6969084959850627,False,3,20,17,WIN,1.0,5.5,out-of-range,<70%,archived_reference_line
2024_01_LA_DET-LA,2024,1,REG,2024-09-08,2024_01_LA_DET,NFL,LA,DET,away,5.0,5.0,11.0,54.0,SECONDARY,PAPER,5.0,whole_number_line,1,0.6444467262025981,0.04,0.6844467262025982,False,-6,26,20,WIN,1.0,5.0,out-of-range,<70%,archived_reference_line
2024_01_LA_DET-DET,2024,1,REG,2024-09-08,2024_01_LA_DET,NFL,DET,LA,home,-5.0,5.0,1.0,54.0,SECONDARY,PAPER,-5.0,whole_number_line,1,0.6444467262025981,0.04,0.6844467262025982,False,6,26,20,WIN,1.0,7.0,out-of-range,<70%,archived_reference_line
2024_01_LV_LAC-LV,2024,1,REG,2024-09-08,2024_01_LV_LAC,NFL,LV,LAC,away,3.0,3.0,9.0,41.0,SECONDARY,PAPER,3.0,whole_number_line,2,0.6871559720637167,0.07,0.7571559720637167,True,-12,22,10,LOSS,0.0,-3.0,40.5-43,>=74%,archived_reference_line
2024_01_LV_LAC-LAC,2024,1,REG,2024-09-08,2024_01_LV_LAC,NFL,LAC,LV,home,-3.0,3.0,3.0,41.0,SECONDARY,PAPER,-3.0,whole_number_line,1,0.6871559720637167,0.04,0.7271559720637167,True,12,22,10,WIN,1.0,15.0,40.5-43,72-73.9%,archived_reference_line
2024_01_MIN_NYG-MIN,2024,1,REG,2024-09-08,2024_01_MIN_NYG,NFL,MIN,NYG,away,-1.0,-1.0,5.0,42.5,SECONDARY,PAPER,-1.0,whole_number_line,1,0.6810325947045215,0.04,0.7210325947045215,True,22,6,28,WIN,1.0,27.0,40.5-43,72-73.9%,archived_reference_line
2024_01_MIN_NYG-NYG,2024,1,REG,2024-09-08,2024_01_MIN_NYG,NFL,NYG,MIN,home,1.0,-1.0,7.0,42.5,SECONDARY,PAPER,1.0,whole_number_line,1,0.6810325947045215,0.04,0.7210325947045215,True,-22,6,28,LOSS,0.0,-15.0,40.5-43,72-73.9%,archived_reference_line
2024_01_NE_CIN-NE,2024,1,REG,2024-09-08,2024_01_NE_CIN,NFL,NE,CIN,away,8.0,8.0,14.0,40.5,SECONDARY,PAPER,8.0,whole_number_line,0,0.6892858751269062,0.0,0.6892858751269062,True,6,10,16,WIN,1.0,20.0,40.5-43,<70%,archived_reference_line
2024_01_NE_CIN-CIN,2024,1,REG,2024-09-08,2024_01_NE_CIN,NFL,CIN,NE,home,-8.0,8.0,-2.0,40.5,SECONDARY,PAPER,-8.0,whole_number_line,2,0.6892858751269062,0.07,0.7592858751269063,True,-6,10,16,LOSS,0.0,-8.0,40.5-43,>=74%,archived_reference_line
2024_01_NYJ_SF-NYJ,2024,1,REG,2024-09-09,2024_01_NYJ_SF,NFL,NYJ,SF,away,3.5,3.5,9.5,43.0,SECONDARY,PAPER,3.5,other_half_point_shape,1,0.6790759056139628,0.04,0.7190759056139628,True,-13,32,19,LOSS,0.0,-3.5,40.5-43,70-71.9%,archived_reference_line
2024_01_NYJ_SF-SF,2024,1,REG,2024-09-09,2024_01_NYJ_SF,NFL,SF,NYJ,home,-3.5,3.5,2.5,43.0,SECONDARY,PAPER,-3.5,other_half_point_shape,1,0.6790759056139628,0.04,0.7190759056139628,True,13,32,19,WIN,1.0,15.5,40.5-43,70-71.9%,archived_reference_line
2024_01_PIT_ATL-PIT,2024,1,REG,2024-09-08,2024_01_PIT_ATL,NFL,PIT,ATL,away,4.0,4.0,10.0,43.0,SECONDARY,PAPER,4.0,whole_number_line,1,0.6790759056139628,0.04,0.7190759056139628,True,8,10,18,WIN,1.0,18.0,40.5-43,70-71.9%,archived_reference_line
2024_01_PIT_ATL-ATL,2024,1,REG,2024-09-08,2024_01_PIT_ATL,NFL,ATL,PIT,home,-4.0,4.0,2.0,43.0,SECONDARY,PAPER,-4.0,whole_number_line,1,0.6790759056139628,0.04,0.7190759056139628,True,-8,10,18,LOSS,0.0,-6.0,40.5-43,70-71.9%,archived_reference_line
2024_01_TEN_CHI-TEN,2024,1,REG,2024-09-08,2024_01_TEN_CHI,NFL,TEN,CHI,away,4.0,4.0,10.0,43.0,SECONDARY,PAPER,4.0,whole_number_line,1,0.6790759056139628,0.04,0.7190759056139628,True,-7,24,17,WIN,1.0,3.0,40.5-43,70-71.9%,archived_reference_line
2024_01_TEN_CHI-CHI,2024,1,REG,2024-09-08,2024_01_TEN_CHI,NFL,CHI,TEN,home,-4.0,4.0,2.0,43.0,SECONDARY,PAPER,-4.0,whole_number_line,1,0.6790759056139628,0.04,0.7190759056139628,True,7,24,17,WIN,1.0,9.0,40.5-43,70-71.9%,archived_reference_line
2024_01_WAS_TB-WAS,2024,1,REG,2024-09-08,2024_01_WAS_TB,NFL,WAS,TB,away,4.0,4.0,10.0,42.0,SECONDARY,PAPER,4.0,whole_number_line,1,0.6830306580593271,0.04,0.7230306580593271,True,-17,37,20,LOSS,0.0,-7.0,40.5-43,72-73.9%,archived_reference_line
2024_01_WAS_TB-TB,2024,1,REG,2024-09-08,2024_01_WAS_TB,NFL,TB,WAS,home,-4.0,4.0,2.0,42.0,SECONDARY,PAPER,-4.0,whole_number_line,1,0.6830306580593271,0.04,0.7230306580593271,True,17,37,20,WIN,1.0,19.0,40.5-43,72-73.9%,archived_reference_line
2024_02_ATL_PHI-ATL,2024,2,REG,2024-09-16,2024_02_ATL_PHI,NFL,ATL,PHI,away,5.5,5.5,11.5,46.5,SECONDARY,PAPER,5.5,other_half_point_shape,1,0.6664412874896358,0.04,0.7064412874896359,True,1,21,22,WIN,1.0,12.5,45.5-47,70-71.9%,archived_reference_line
2024_02_ATL_PHI-PHI,2024,2,REG,2024-09-16,2024_02_ATL_PHI,NFL,PHI,ATL,home,-5.5,5.5,0.5,46.5,SECONDARY,PAPER,-5.5,other_half_point_shape,1,0.6664412874896358,0.04,0.7064412874896359,True,-1,21,22,LOSS,0.0,-0.5,45.5-47,70-71.9%,archived_reference_line
2024_02_BUF_MIA-BUF,2024,2,REG,2024-09-12,2024_02_BUF_MIA,NFL,BUF,MIA,away,2.5,2.5,8.5,48.5,PRIMARY,LIVE,+2.5,,2,0.6599662912879087,0.07,0.7299662912879088,False,21,10,31,WIN,1.0,29.5,out-of-range,72-73.9%,archived_reference_line
2024_02_BUF_MIA-MIA,2024,2,REG,2024-09-12,2024_02_BUF_MIA,NFL,MIA,BUF,home,-2.5,2.5,3.5,48.5,SECONDARY,PAPER,-2.5,other_half_point_shape,1,0.6599662912879087,0.04,0.6999662912879088,False,-21,10,31,LOSS,0.0,-17.5,out-of-range,<70%,archived_reference_line
2024_02_CHI_HOU-CHI,2024,2,REG,2024-09-15,2024_02_CHI_HOU,NFL,CHI,HOU,away,6.0,6.0,12.0,45.5,SECONDARY,PAPER,6.0,whole_number_line,1,0.6698722507821999,0.04,0.7098722507822,True,-6,19,13,WIN,1.0,6.0,45.5-47,70-71.9%,archived_reference_line
2024_02_CHI_HOU-HOU,2024,2,REG,2024-09-15,2024_02_CHI_HOU,NFL,HOU,CHI,home,-6.0,6.0,0.0,45.5,SECONDARY,PAPER,-6.0,whole_number_line,1,0.6698722507821999,0.04,0.7098722507822,True,6,19,13,WIN,1.0,6.0,45.5-47,70-71.9%,archived_reference_line
2024_02_CIN_KC-CIN,2024,2,REG,2024-09-15,2024_02_CIN_KC,NFL,CIN,KC,away,6.5,6.5,12.5,47.5,SECONDARY,PAPER,6.5,other_half_point_shape,1,0.6631416751252381,0.04,0.7031416751252382,False,-1,26,25,WIN,1.0,11.5,out-of-range,70-71.9%,archived_reference_line
2024_02_CIN_KC-KC,2024,2,REG,2024-09-15,2024_02_CIN_KC,NFL,KC,CIN,home,-6.5,6.5,-0.5,47.5,SECONDARY,PAPER,-6.5,other_half_point_shape,1,0.6631416751252381,0.04,0.7031416751252382,False,1,26,25,WIN,1.0,0.5,out-of-range,70-71.9%,archived_reference_line
2024_02_CLE_JAX-CLE,2024,2,REG,2024-09-15,2024_02_CLE_JAX,NFL,CLE,JAX,away,3.0,3.0,9.0,41.5,SECONDARY,PAPER,3.0,whole_number_line,2,0.6850713499837193,0.07,0.7550713499837194,True,5,13,18,WIN,1.0,14.0,40.5-43,>=74%,archived_reference_line
2024_02_CLE_JAX-JAX,2024,2,REG,2024-09-15,2024_02_CLE_JAX,NFL,JAX,CLE,home,-3.0,3.0,3.0,41.5,SECONDARY,PAPER,-3.0,whole_number_line,1,0.6850713499837193,0.04,0.7250713499837194,True,-5,13,18,LOSS,0.0,-2.0,40.5-43,72-73.9%,archived_reference_line
2024_02_IND_GB-IND,2024,2,REG,2024-09-15,2024_02_IND_GB,NFL,IND,GB,away,-3.0,-3.0,3.0,41.5,SECONDARY,PAPER,-3.0,whole_number_line,1,0.6850713499837193,0.04,0.7250713499837194,True,-6,16,10,LOSS,0.0,-3.0,40.5-43,72-73.9%,archived_reference_line
2024_02_IND_GB-GB,2024,2,REG,2024-09-15,2024_02_IND_GB,NFL,GB,IND,home,3.0,-3.0,9.0,41.5,SECONDARY,PAPER,3.0,whole_number_line,2,0.6850713499837193,0.07,0.7550713499837194,True,6,16,10,WIN,1.0,15.0,40.5-43,>=74%,archived_reference_line
2024_02_LAC_CAR-LAC,2024,2,REG,2024-09-15,2024_02_LAC_CAR,NFL,LAC,CAR,away,-5.0,-5.0,1.0,39.0,SECONDARY,PAPER,-5.0,whole_number_line,1,0.6959615602670386,0.04,0.7359615602670386,True,23,3,26,WIN,1.0,24.0,<=40,72-73.9%,archived_reference_line
2024_02_LAC_CAR-CAR,2024,2,REG,2024-09-15,2024_02_LAC_CAR,NFL,CAR,LAC,home,5.0,-5.0,11.0,39.0,SECONDARY,PAPER,5.0,whole_number_line,1,0.6959615602670386,0.04,0.7359615602670386,True,-23,3,26,LOSS,0.0,-12.0,<=40,72-73.9%,archived_reference_line
2024_02_LA_ARI-LA,2024,2,REG,2024-09-15,2024_02_LA_ARI,NFL,LA,ARI,away,-1.0,-1.0,5.0,47.5,SECONDARY,PAPER,-1.0,whole_number_line,1,0.6631416751252381,0.04,0.7031416751252382,False,-31,41,10,LOSS,0.0,-26.0,out-of-range,70-71.9%,archived_reference_line
2024_02_LA_ARI-ARI,2024,2,REG,2024-09-15,2024_02_LA_ARI,NFL,ARI,LA,home,1.0,-1.0,7.0,47.5,SECONDARY,PAPER,1.0,whole_number_line,1,0.6631416751252381,0.04,0.7031416751252382,False,31,41,10,WIN,1.0,38.0,out-of-range,70-71.9%,archived_reference_line
2024_02_LV_BAL-LV,2024,2,REG,2024-09-15,2024_02_LV_BAL,NFL,LV,BAL,away,9.0,9.0,15.0,41.0,SECONDARY,PAPER,9.0,whole_number_line,0,0.6871559720637167,0.0,0.6871559720637167,True,3,23,26,WIN,1.0,18.0,40.5-43,<70%,archived_reference_line
2024_02_LV_BAL-BAL,2024,2,REG,2024-09-15,2024_02_LV_BAL,NFL,BAL,LV,home,-9.0,9.0,-3.0,41.0,SECONDARY,PAPER,-9.0,whole_number_line,1,0.6871559720637167,0.04,0.7271559720637167,True,-3,23,26,LOSS,0.0,-6.0,40.5-43,72-73.9%,archived_reference_line
2024_02_NO_DAL-NO,2024,2,REG,2024-09-15,2024_02_NO_DAL,NFL,NO,DAL,away,6.5,6.5,12.5,47.0,SECONDARY,PAPER,6.5,other_half_point_shape,1,0.664775519361947,0.04,0.704775519361947,True,25,19,44,WIN,1.0,37.5,45.5-47,70-71.9%,archived_reference_line
2024_02_NO_DAL-DAL,2024,2,REG,2024-09-15,2024_02_NO_DAL,NFL,DAL,NO,home,-6.5,6.5,-0.5,47.0,SECONDARY,PAPER,-6.5,other_half_point_shape,1,0.664775519361947,0.04,0.704775519361947,True,-25,19,44,LOSS,0.0,-25.5,45.5-47,70-71.9%,archived_reference_line
2024_02_NYG_WAS-NYG,2024,2,REG,2024-09-15,2024_02_NYG_WAS,NFL,NYG,WAS,away,1.5,1.5,7.5,42.5,PRIMARY,LIVE,+1.5,,2,0.6810325947045215,0.07,0.7510325947045215,True,-3,21,18,WIN,1.0,4.5,40.5-43,>=74%,archived_reference_line
2024_02_NYG_WAS-WAS,2024,2,REG,2024-09-15,2024_02_NYG_WAS,NFL,WAS,NYG,home,-1.5,1.5,4.5,42.5,SECONDARY,PAPER,-1.5,other_half_point_shape,1,0.6810325947045215,0.04,0.7210325947045215,True,3,21,18,WIN,1.0,7.5,40.5-43,72-73.9%,archived_reference_line
2024_02_NYJ_TEN-NYJ,2024,2,REG,2024-09-15,2024_02_NYJ_TEN,NFL,NYJ,TEN,away,-3.5,-3.5,2.5,41.5,SECONDARY,PAPER,-3.5,other_half_point_shape,1,0.6850713499837193,0.04,0.7250713499837194,True,7,17,24,WIN,1.0,9.5,40.5-43,72-73.9%,archived_reference_line
2024_02_NYJ_TEN-TEN,2024,2,REG,2024-09-15,2024_02_NYJ_TEN,NFL,TEN,NYJ,home,3.5,-3.5,9.5,41.5,SECONDARY,PAPER,3.5,other_half_point_shape,1,0.6850713499837193,0.04,0.7250713499837194,True,-7,17,24,WIN,1.0,2.5,40.5-43,72-73.9%,archived_reference_line
2024_02_PIT_DEN-PIT,2024,2,REG,2024-09-15,2024_02_PIT_DEN,NFL,PIT,DEN,away,-3.0,-3.0,3.0,36.5,SECONDARY,PAPER,-3.0,whole_number_line,1,0.7081352362117709,0.04,0.7481352362117709,True,7,6,13,WIN,1.0,10.0,<=40,>=74%,archived_reference_line
2024_02_PIT_DEN-DEN,2024,2,REG,2024-09-15,2024_02_PIT_DEN,NFL,DEN,PIT,home,3.0,-3.0,9.0,36.5,SECONDARY,PAPER,3.0,whole_number_line,2,0.7081352362117709,0.07,0.7781352362117708,True,-7,6,13,WIN,1.0,2.0,<=40,>=74%,archived_reference_line
2024_02_SEA_NE-SEA,2024,2,REG,2024-09-15,2024_02_SEA_NE,NFL,SEA,NE,away,-3.5,-3.5,2.5,39.0,SECONDARY,PAPER,-3.5,other_half_point_shape,1,0.6959615602670386,0.04,0.7359615602670386,True,3,20,23,WIN,1.0,5.5,<=40,72-73.9%,archived_reference_line
2024_02_SEA_NE-NE,2024,2,REG,2024-09-15,2024_02_SEA_NE,NFL,NE,SEA,home,3.5,-3.5,9.5,39.0,SECONDARY,PAPER,3.5,other_half_point_shape,1,0.6959615602670386,0.04,0.7359615602670386,True,-3,20,23,WIN,1.0,6.5,<=40,72-73.9%,archived_reference_line
2024_02_SF_MIN-SF,2024,2,REG,2024-09-15,2024_02_SF_MIN,NFL,SF,MIN,away,-4.5,-4.5,1.5,46.5,SECONDARY,PAPER,-4.5,other_half_point_shape,1,0.6664412874896358,0.04,0.7064412874896359,True,-6,23,17,LOSS,0.0,-4.5,45.5-47,70-71.9%,archived_reference_line
2024_02_SF_MIN-MIN,2024,2,REG,2024-09-15,2024_02_SF_MIN,NFL,MIN,SF,home,4.5,-4.5,10.5,46.5,SECONDARY,PAPER,4.5,other_half_point_shape,1,0.6664412874896358,0.04,0.7064412874896359,True,6,23,17,WIN,1.0,16.5,45.5-47,70-71.9%,archived_reference_line
2024_02_TB_DET-TB,2024,2,REG,2024-09-15,2024_02_TB_DET,NFL,TB,DET,away,7.5,7.5,13.5,51.5,SECONDARY,PAPER,7.5,other_half_point_shape,0,0.651121300213464,0.0,0.651121300213464,False,4,16,20,WIN,1.0,17.5,out-of-range,<70%,archived_reference_line
2024_02_TB_DET-DET,2024,2,REG,2024-09-15,2024_02_TB_DET,NFL,DET,TB,home,-7.5,7.5,-1.5,51.5,PRIMARY,LIVE,-7.5,,2,0.651121300213464,0.07,0.721121300213464,False,-4,16,20,LOSS,0.0,-5.5,out-of-range,72-73.9%,archived_reference_line
2024_03_BAL_DAL-BAL,2024,3,REG,2024-09-22,2024_03_BAL_DAL,NFL,BAL,DAL,away,-1.5,-1.5,4.5,47.5,SECONDARY,PAPER,-1.5,other_half_point_shape,1,0.6631416751252381,0.04,0.7031416751252382,False,3,25,28,WIN,1.0,7.5,out-of-range,70-71.9%,archived_reference_line
2024_03_BAL_DAL-DAL,2024,3,REG,2024-09-22,2024_03_BAL_DAL,NFL,DAL,BAL,home,1.5,-1.5,7.5,47.5,PRIMARY,LIVE,+1.5,,2,0.6631416751252381,0.07,0.7331416751252382,False,-3,25,28,WIN,1.0,4.5,out-of-range,72-73.9%,archived_reference_line
2024_03_CAR_LV-CAR,2024,3,REG,2024-09-22,2024_03_CAR_LV,NFL,CAR,LV,away,5.5,5.5,11.5,40.0,SECONDARY,PAPER,5.5,other_half_point_shape,1,0.6914624612740131,0.04,0.7314624612740132,True,14,22,36,WIN,1.0,25.5,<=40,72-73.9%,archived_reference_line
2024_03_CAR_LV-LV,2024,3,REG,2024-09-22,2024_03_CAR_LV,NFL,LV,CAR,home,-5.5,5.5,0.5,40.0,SECONDARY,PAPER,-5.5,other_half_point_shape,1,0.6914624612740131,0.04,0.7314624612740132,True,-14,22,36,LOSS,0.0,-13.5,<=40,72-73.9%,archived_reference_line
2024_03_CHI_IND-CHI,2024,3,REG,2024-09-22,2024_03_CHI_IND,NFL,CHI,IND,away,1.5,1.5,7.5,43.0,PRIMARY,LIVE,+1.5,,2,0.6790759056139628,0.07,0.7490759056139629,True,-5,21,16,WIN,1.0,2.5,40.5-43,>=74%,archived_reference_line
2024_03_CHI_IND-IND,2024,3,REG,2024-09-22,2024_03_CHI_IND,NFL,IND,CHI,home,-1.5,1.5,4.5,43.0,SECONDARY,PAPER,-1.5,other_half_point_shape,1,0.6790759056139628,0.04,0.7190759056139628,True,5,21,16,WIN,1.0,9.5,40.5-43,70-71.9%,archived_reference_line
2024_03_DEN_TB-DEN,2024,3,REG,2024-09-22,2024_03_DEN_TB,NFL,DEN,TB,away,6.0,6.0,12.0,40.5,SECONDARY,PAPER,6.0,whole_number_line,1,0.6892858751269062,0.04,0.7292858751269062,True,19,7,26,WIN,1.0,31.0,40.5-43,72-73.9%,archived_reference_line
2024_03_DEN_TB-TB,2024,3,REG,2024-09-22,2024_03_DEN_TB,NFL,TB,DEN,home,-6.0,6.0,0.0,40.5,SECONDARY,PAPER,-6.0,whole_number_line,1,0.6892858751269062,0.04,0.7292858751269062,True,-19,7,26,LOSS,0.0,-19.0,40.5-43,72-73.9%,archived_reference_line
2024_03_DET_ARI-DET,2024,3,REG,2024-09-22,2024_03_DET_ARI,NFL,DET,ARI,away,-3.0,-3.0,3.0,51.5,SECONDARY,PAPER,-3.0,whole_number_line,1,0.651121300213464,0.04,0.6911213002134641,False,7,13,20,WIN,1.0,10.0,out-of-range,<70%,archived_reference_line
2024_03_DET_ARI-ARI,2024,3,REG,2024-09-22,2024_03_DET_ARI,NFL,ARI,DET,home,3.0,-3.0,9.0,51.5,SECONDARY,PAPER,3.0,whole_number_line,2,0.651121300213464,0.07,0.721121300213464,False,-7,13,20,WIN,1.0,2.0,out-of-range,72-73.9%,archived_reference_line
2024_03_GB_TEN-GB,2024,3,REG,2024-09-22,2024_03_GB_TEN,NFL,GB,TEN,away,3.0,3.0,9.0,37.0,SECONDARY,PAPER,3.0,whole_number_line,2,0.7055878446841711,0.07,0.7755878446841711,True,16,14,30,WIN,1.0,25.0,<=40,>=74%,archived_reference_line
2024_03_GB_TEN-TEN,2024,3,REG,2024-09-22,2024_03_GB_TEN,NFL,TEN,GB,home,-3.0,3.0,3.0,37.0,SECONDARY,PAPER,-3.0,whole_number_line,1,0.7055878446841711,0.04,0.7455878446841712,True,-16,14,30,LOSS,0.0,-13.0,<=40,>=74%,archived_reference_line
2024_03_HOU_MIN-HOU,2024,3,REG,2024-09-22,2024_03_HOU_MIN,NFL,HOU,MIN,away,-2.0,-2.0,4.0,46.0,SECONDARY,PAPER,-2.0,whole_number_line,1,0.6681398851771989,0.04,0.708139885177199,True,-27,34,7,LOSS,0.0,-23.0,45.5-47,70-71.9%,archived_reference_line
2024_03_HOU_MIN-MIN,2024,3,REG,2024-09-22,2024_03_HOU_MIN,NFL,MIN,HOU,home,2.0,-2.0,8.0,46.0,SECONDARY,PAPER,2.0,whole_number_line,2,0.6681398851771989,0.07,0.738139885177199,True,27,34,7,WIN,1.0,35.0,45.5-47,72-73.9%,archived_reference_line
2024_03_JAX_BUF-JAX,2024,3,REG,2024-09-23,2024_03_JAX_BUF,NFL,JAX,BUF,away,4.0,4.0,10.0,46.5,SECONDARY,PAPER,4.0,whole_number_line,1,0.6664412874896358,0.04,0.7064412874896359,True,-37,47,10,LOSS,0.0,-27.0,45.5-47,70-71.9%,archived_reference_line
2024_03_JAX_BUF-BUF,2024,3,REG,2024-09-23,2024_03_JAX_BUF,NFL,BUF,JAX,home,-4.0,4.0,2.0,46.5,SECONDARY,PAPER,-4.0,whole_number_line,1,0.6664412874896358,0.04,0.7064412874896359,True,37,47,10,WIN,1.0,39.0,45.5-47,70-71.9%,archived_reference_line
2024_03_KC_ATL-KC,2024,3,REG,2024-09-22,2024_03_KC_ATL,NFL,KC,ATL,away,-3.0,-3.0,3.0,46.0,SECONDARY,PAPER,-3.0,whole_number_line,1,0.6681398851771989,0.04,0.708139885177199,True,5,17,22,WIN,1.0,8.0,45.5-47,70-71.9%,archived_reference_line
2024_03_KC_ATL-ATL,2024,3,REG,2024-09-22,2024_03_KC_ATL,NFL,ATL,KC,home,3.0,-3.0,9.0,46.0,SECONDARY,PAPER,3.0,whole_number_line,2,0.6681398851771989,0.07,0.738139885177199,True,-5,17,22,WIN,1.0,4.0,45.5-47,72-73.9%,archived_reference_line
2024_03_LAC_PIT-LAC,2024,3,REG,2024-09-22,2024_03_LAC_PIT,NFL,LAC,PIT,away,3.0,3.0,9.0,36.0,SECONDARY,PAPER,3.0,whole_number_line,2,0.710742639246028,0.07,0.7807426392460279,True,-10,20,10,LOSS,0.0,-1.0,<=40,>=74%,archived_reference_line
2024_03_LAC_PIT-PIT,2024,3,REG,2024-09-22,2024_03_LAC_PIT,NFL,PIT,LAC,home,-3.0,3.0,3.0,36.0,SECONDARY,PAPER,-3.0,whole_number_line,1,0.710742639246028,0.04,0.750742639246028,True,10,20,10,WIN,1.0,13.0,<=40,>=74%,archived_reference_line
2024_03_MIA_SEA-MIA,2024,3,REG,2024-09-22,2024_03_MIA_SEA,NFL,MIA,SEA,away,4.0,4.0,10.0,41.5,SECONDARY,PAPER,4.0,whole_number_line,1,0.6850713499837193,0.04,0.7250713499837194,True,-21,24,3,LOSS,0.0,-11.0,40.5-43,72-73.9%,archived_reference_line
2024_03_MIA_SEA-SEA,2024,3,REG,2024-09-22,2024_03_MIA_SEA,NFL,SEA,MIA,home,-4.0,4.0,2.0,41.5,SECONDARY,PAPER,-4.0,whole_number_line,1,0.6850713499837193,0.04,0.7250713499837194,True,21,24,3,WIN,1.0,23.0,40.5-43,72-73.9%,archived_reference_line
2024_03_NE_NYJ-NE,2024,3,REG,2024-09-19,2024_03_NE_NYJ,NFL,NE,NYJ,away,6.5,6.5,12.5,39.0,SECONDARY,PAPER,6.5,other_half_point_shape,1,0.6959615602670386,0.04,0.7359615602670386,True,-21,24,3,LOSS,0.0,-8.5,<=40,72-73.9%,archived_reference_line
2024_03_NE_NYJ-NYJ,2024,3,REG,2024-09-19,2024_03_NE_NYJ,NFL,NYJ,NE,home,-6.5,6.5,-0.5,39.0,SECONDARY,PAPER,-6.5,other_half_point_shape,1,0.6959615602670386,0.04,0.7359615602670386,True,21,24,3,WIN,1.0,20.5,<=40,72-73.9%,archived_reference_line
2024_03_NYG_CLE-NYG,2024,3,REG,2024-09-22,2024_03_NYG_CLE,NFL,NYG,CLE,away,6.5,6.5,12.5,38.0,SECONDARY,PAPER,6.5,other_half_point_shape,1,0.7006655928711173,0.04,0.7406655928711173,True,6,15,21,WIN,1.0,18.5,<=40,>=74%,archived_reference_line
2024_03_NYG_CLE-CLE,2024,3,REG,2024-09-22,2024_03_NYG_CLE,NFL,CLE,NYG,home,-6.5,6.5,-0.5,38.0,SECONDARY,PAPER,-6.5,other_half_point_shape,1,0.7006655928711173,0.04,0.7406655928711173,True,-6,15,21,LOSS,0.0,-6.5,<=40,>=74%,archived_reference_line
2024_03_PHI_NO-PHI,2024,3,REG,2024-09-22,2024_03_PHI_NO,NFL,PHI,NO,away,2.5,2.5,8.5,49.0,PRIMARY,LIVE,+2.5,,2,0.6584230922771453,0.07,0.7284230922771453,False,3,12,15,WIN,1.0,11.5,out-of-range,72-73.9%,archived_reference_line
2024_03_PHI_NO-NO,2024,3,REG,2024-09-22,2024_03_PHI_NO,NFL,NO,PHI,home,-2.5,2.5,3.5,49.0,SECONDARY,PAPER,-2.5,other_half_point_shape,1,0.6584230922771453,0.04,0.6984230922771454,False,-3,12,15,WIN,1.0,0.5,out-of-range,<70%,archived_reference_line
2024_03_SF_LA-SF,2024,3,REG,2024-09-22,2024_03_SF_LA,NFL,SF,LA,away,-6.0,-6.0,0.0,44.5,SECONDARY,PAPER,-6.0,whole_number_line,1,0.6734422108808652,0.04,0.7134422108808652,True,-3,27,24,LOSS,0.0,-3.0,43.5-45,70-71.9%,archived_reference_line
2024_03_SF_LA-LA,2024,3,REG,2024-09-22,2024_03_SF_LA,NFL,LA,SF,home,6.0,-6.0,12.0,44.5,SECONDARY,PAPER,6.0,whole_number_line,1,0.6734422108808652,0.04,0.7134422108808652,True,3,27,24,WIN,1.0,15.0,43.5-45,70-71.9%,archived_reference_line
2024_03_WAS_CIN-WAS,2024,3,REG,2024-09-23,2024_03_WAS_CIN,NFL,WAS,CIN,away,7.5,7.5,13.5,46.0,SECONDARY,PAPER,7.5,other_half_point_shape,0,0.6681398851771989,0.0,0.6681398851771989,True,5,33,38,WIN,1.0,18.5,45.5-47,<70%,archived_reference_line
2024_03_WAS_CIN-CIN,2024,3,REG,2024-09-23,2024_03_WAS_CIN,NFL,CIN,WAS,home,-7.5,7.5,-1.5,46.0,PRIMARY,LIVE,-7.5,,2,0.6681398851771989,0.07,0.738139885177199,True,-5,33,38,LOSS,0.0,-6.5,45.5-47,72-73.9%,archived_reference_line
2024_04_BUF_BAL-BUF,2024,4,REG,2024-09-29,2024_04_BUF_BAL,NFL,BUF,BAL,away,2.5,2.5,8.5,46.5,PRIMARY,LIVE,+2.5,,2,0.6664412874896358,0.07,0.7364412874896358,True,-25,35,10,LOSS,0.0,-16.5,45.5-47,72-73.9%,archived_reference_line
2024_04_BUF_BAL-BAL,2024,4,REG,2024-09-29,2024_04_BUF_BAL,NFL,BAL,BUF,home,-2.5,2.5,3.5,46.5,SECONDARY,PAPER,-2.5,other_half_point_shape,1,0.6664412874896358,0.04,0.7064412874896359,True,25,35,10,WIN,1.0,28.5,45.5-47,70-71.9%,archived_reference_line
2024_04_CIN_CAR-CIN,2024,4,REG,2024-09-29,2024_04_CIN_CAR,NFL,CIN,CAR,away,-4.5,-4.5,1.5,47.0,SECONDARY,PAPER,-4.5,other_half_point_shape,1,0.664775519361947,0.04,0.704775519361947,True,10,24,34,WIN,1.0,11.5,45.5-47,70-71.9%,archived_reference_line
2024_04_CIN_CAR-CAR,2024,4,REG,2024-09-29,2024_04_CIN_CAR,NFL,CAR,CIN,home,4.5,-4.5,10.5,47.0,SECONDARY,PAPER,4.5,other_half_point_shape,1,0.664775519361947,0.04,0.704775519361947,True,-10,24,34,WIN,1.0,0.5,45.5-47,70-71.9%,archived_reference_line
2024_04_CLE_LV-CLE,2024,4,REG,2024-09-29,2024_04_CLE_LV,NFL,CLE,LV,away,-2.5,-2.5,3.5,36.5,SECONDARY,PAPER,-2.5,other_half_point_shape,1,0.7081352362117709,0.04,0.7481352362117709,True,-4,20,16,LOSS,0.0,-0.5,<=40,>=74%,archived_reference_line
2024_04_CLE_LV-LV,2024,4,REG,2024-09-29,2024_04_CLE_LV,NFL,LV,CLE,home,2.5,-2.5,8.5,36.5,PRIMARY,LIVE,+2.5,,2,0.7081352362117709,0.07,0.7781352362117708,True,4,20,16,WIN,1.0,12.5,<=40,>=74%,archived_reference_line
2024_04_DAL_NYG-DAL,2024,4,REG,2024-09-26,2024_04_DAL_NYG,NFL,DAL,NYG,away,-5.5,-5.5,0.5,45.0,SECONDARY,PAPER,-5.5,other_half_point_shape,1,0.6716393567181147,0.04,0.7116393567181147,True,5,15,20,WIN,1.0,5.5,43.5-45,70-71.9%,archived_reference_line
2024_04_DAL_NYG-NYG,2024,4,REG,2024-09-26,2024_04_DAL_NYG,NFL,NYG,DAL,home,5.5,-5.5,11.5,45.0,SECONDARY,PAPER,5.5,other_half_point_shape,1,0.6716393567181147,0.04,0.7116393567181147,True,-5,15,20,WIN,1.0,6.5,43.5-45,70-71.9%,archived_reference_line
2024_04_DEN_NYJ-DEN,2024,4,REG,2024-09-29,2024_04_DEN_NYJ,NFL,DEN,NYJ,away,7.5,7.5,13.5,39.5,SECONDARY,PAPER,7.5,other_half_point_shape,0,0.6936871859805309,0.0,0.6936871859805309,True,1,9,10,WIN,1.0,14.5,<=40,<70%,archived_reference_line
2024_04_DEN_NYJ-NYJ,2024,4,REG,2024-09-29,2024_04_DEN_NYJ,NFL,NYJ,DEN,home,-7.5,7.5,-1.5,39.5,PRIMARY,LIVE,-7.5,,2,0.6936871859805309,0.07,0.763687185980531,True,-1,9,10,LOSS,0.0,-2.5,<=40,>=74%,archived_reference_line
2024_04_JAX_HOU-JAX,2024,4,REG,2024-09-29,2024_04_JAX_HOU,NFL,JAX,HOU,away,5.5,5.5,11.5,44.5,SECONDARY,PAPER,5.5,other_half_point_shape,1,0.6734422108808652,0.04,0.7134422108808652,True,-4,24,20,WIN,1.0,7.5,43.5-45,70-71.9%,archived_reference_line
2024_04_JAX_HOU-HOU,2024,4,REG,2024-09-29,2024_04_JAX_HOU,NFL,HOU,JAX,home,-5.5,5.5,0.5,44.5,SECONDARY,PAPER,-5.5,other_half_point_shape,1,0.6734422108808652,0.04,0.7134422108808652,True,4,24,20,WIN,1.0,4.5,43.5-45,70-71.9%,archived_reference_line
2024_04_KC_LAC-KC,2024,4,REG,2024-09-29,2024_04_KC_LAC,NFL,KC,LAC,away,-7.5,-7.5,-1.5,41.5,PRIMARY,LIVE,-7.5,,2,0.6850713499837193,0.07,0.7550713499837194,True,7,10,17,WIN,1.0,5.5,40.5-43,>=74%,archived_reference_line
2024_04_KC_LAC-LAC,2024,4,REG,2024-09-29,2024_04_KC_LAC,NFL,LAC,KC,home,7.5,-7.5,13.5,41.5,SECONDARY,PAPER,7.5,other_half_point_shape,0,0.6850713499837193,0.0,0.6850713499837193,True,-7,10,17,WIN,1.0,6.5,40.5-43,<70%,archived_reference_line
2024_04_LA_CHI-LA,2024,4,REG,2024-09-29,2024_04_LA_CHI,NFL,LA,CHI,away,3.0,3.0,9.0,40.0,SECONDARY,PAPER,3.0,whole_number_line,2,0.6914624612740131,0.07,0.7614624612740131,True,-6,24,18,WIN,1.0,3.0,<=40,>=74%,archived_reference_line
2024_04_LA_CHI-CHI,2024,4,REG,2024-09-29,2024_04_LA_CHI,NFL,CHI,LA,home,-3.0,3.0,3.0,40.0,SECONDARY,PAPER,-3.0,whole_number_line,1,0.6914624612740131,0.04,0.7314624612740132,True,6,24,18,WIN,1.0,9.0,<=40,72-73.9%,archived_reference_line
2024_04_MIN_GB-MIN,2024,4,REG,2024-09-29,2024_04_MIN_GB,NFL,MIN,GB,away,2.5,2.5,8.5,44.0,PRIMARY,LIVE,+2.5,,2,0.6752818581366227,0.07,0.7452818581366227,True,2,29,31,WIN,1.0,10.5,43.5-45,>=74%,archived_reference_line
2024_04_MIN_GB-GB,2024,4,REG,2024-09-29,2024_04_MIN_GB,NFL,GB,MIN,home,-2.5,2.5,3.5,44.0,SECONDARY,PAPER,-2.5,other_half_point_shape,1,0.6752818581366227,0.04,0.7152818581366227,True,-2,29,31,WIN,1.0,1.5,43.5-45,70-71.9%,archived_reference_line
2024_04_NE_SF-NE,2024,4,REG,2024-09-29,2024_04_NE_SF,NFL,NE,SF,away,10.5,10.5,16.5,41.5,SECONDARY,PAPER,10.5,other_half_point_shape,0,0.6850713499837193,0.0,0.6850713499837193,True,-17,30,13,LOSS,0.0,-0.5,40.5-43,<70%,archived_reference_line
2024_04_NE_SF-SF,2024,4,REG,2024-09-29,2024_04_NE_SF,NFL,SF,NE,home,-10.5,10.5,-4.5,41.5,SECONDARY,PAPER,-10.5,other_half_point_shape,1,0.6850713499837193,0.04,0.7250713499837194,True,17,30,13,WIN,1.0,12.5,40.5-43,72-73.9%,archived_reference_line
2024_04_NO_ATL-NO,2024,4,REG,2024-09-29,2024_04_NO_ATL,NFL,NO,ATL,away,2.5,2.5,8.5,41.5,PRIMARY,LIVE,+2.5,,2,0.6850713499837193,0.07,0.7550713499837194,True,-2,26,24,WIN,1.0,6.5,40.5-43,>=74%,archived_reference_line
2024_04_NO_ATL-ATL,2024,4,REG,2024-09-29,2024_04_NO_ATL,NFL,ATL,NO,home,-2.5,2.5,3.5,41.5,SECONDARY,PAPER,-2.5,other_half_point_shape,1,0.6850713499837193,0.04,0.7250713499837194,True,2,26,24,WIN,1.0,5.5,40.5-43,72-73.9%,archived_reference_line
2024_04_PHI_TB-PHI,2024,4,REG,2024-09-29,2024_04_PHI_TB,NFL,PHI,TB,away,-1.0,-1.0,5.0,42.0,SECONDARY,PAPER,-1.0,whole_number_line,1,0.6830306580593271,0.04,0.7230306580593271,True,-17,33,16,LOSS,0.0,-12.0,40.5-43,72-73.9%,archived_reference_line
2024_04_PHI_TB-TB,2024,4,REG,2024-09-29,2024_04_PHI_TB,NFL,TB,PHI,home,1.0,-1.0,7.0,42.0,SECONDARY,PAPER,1.0,whole_number_line,1,0.6830306580593271,0.04,0.7230306580593271,True,17,33,16,WIN,1.0,24.0,40.5-43,72-73.9%,archived_reference_line
2024_04_PIT_IND-PIT,2024,4,REG,2024-09-29,2024_04_PIT_IND,NFL,PIT,IND,away,-2.5,-2.5,3.5,40.0,SECONDARY,PAPER,-2.5,other_half_point_shape,1,0.6914624612740131,0.04,0.7314624612740132,True,-3,27,24,WIN,1.0,0.5,<=40,72-73.9%,archived_reference_line
2024_04_PIT_IND-IND,2024,4,REG,2024-09-29,2024_04_PIT_IND,NFL,IND,PIT,home,2.5,-2.5,8.5,40.0,PRIMARY,LIVE,+2.5,,2,0.6914624612740131,0.07,0.7614624612740131,True,3,27,24,WIN,1.0,11.5,<=40,>=74%,archived_reference_line
2024_04_SEA_DET-SEA,2024,4,REG,2024-09-30,2024_04_SEA_DET,NFL,SEA,DET,away,3.5,3.5,9.5,46.5,SECONDARY,PAPER,3.5,other_half_point_shape,1,0.6664412874896358,0.04,0.7064412874896359,True,-13,42,29,LOSS,0.0,-3.5,45.5-47,70-71.9%,archived_reference_line
2024_04_SEA_DET-DET,2024,4,REG,2024-09-30,2024_04_SEA_DET,NFL,DET,SEA,home,-3.5,3.5,2.5,46.5,SECONDARY,PAPER,-3.5,other_half_point_shape,1,0.6664412874896358,0.04,0.7064412874896359,True,13,42,29,WIN,1.0,15.5,45.5-47,70-71.9%,archived_reference_line
2024_04_TEN_MIA-TEN,2024,4,REG,2024-09-30,2024_04_TEN_MIA,NFL,TEN,MIA,away,2.5,2.5,8.5,37.0,PRIMARY,LIVE,+2.5,,2,0.7055878446841711,0.07,0.7755878446841711,True,19,12,31,WIN,1.0,27.5,<=40,>=74%,archived_reference_line
2024_04_TEN_MIA-MIA,2024,4,REG,2024-09-30,2024_04_TEN_MIA,NFL,MIA,TEN,home,-2.5,2.5,3.5,37.0,SECONDARY,PAPER,-2.5,other_half_point_shape,1,0.7055878446841711,0.04,0.7455878446841712,True,-19,12,31,LOSS,0.0,-15.5,<=40,>=74%,archived_reference_line
2024_04_WAS_ARI-WAS,2024,4,REG,2024-09-29,2024_04_WAS_ARI,NFL,WAS,ARI,away,3.5,3.5,9.5,49.0,SECONDARY,PAPER,3.5,other_half_point_shape,1,0.6584230922771453,0.04,0.6984230922771454,False,28,14,42,WIN,1.0,37.5,out-of-range,<70%,archived_reference_line
2024_04_WAS_ARI-ARI,2024,4,REG,2024-09-29,2024_04_WAS_ARI,NFL,ARI,WAS,home,-3.5,3.5,2.5,49.0,SECONDARY,PAPER,-3.5,other_half_point_shape,1,0.6584230922771453,0.04,0.6984230922771454,False,-28,14,42,LOSS,0.0,-25.5,out-of-range,<70%,archived_reference_line
2024_05_ARI_SF-ARI,2024,5,REG,2024-10-06,2024_05_ARI_SF,NFL,ARI,SF,away,7.0,7.0,13.0,48.5,SECONDARY,PAPER,7.0,whole_number_line,1,0.6599662912879087,0.04,0.6999662912879088,False,1,23,24,WIN,1.0,14.0,out-of-range,<70%,archived_reference_line
2024_05_ARI_SF-SF,2024,5,REG,2024-10-06,2024_05_ARI_SF,NFL,SF,ARI,home,-7.0,7.0,-1.0,48.5,SECONDARY,PAPER,-7.0,whole_number_line,2,0.6599662912879087,0.07,0.7299662912879088,False,-1,23,24,LOSS,0.0,-2.0,out-of-range,72-73.9%,archived_reference_line
2024_05_BAL_CIN-BAL,2024,5,REG,2024-10-06,2024_05_BAL_CIN,NFL,BAL,CIN,away,-2.5,-2.5,3.5,48.5,SECONDARY,PAPER,-2.5,other_half_point_shape,1,0.6599662912879087,0.04,0.6999662912879088,False,3,38,41,WIN,1.0,6.5,out-of-range,<70%,archived_reference_line
2024_05_BAL_CIN-CIN,2024,5,REG,2024-10-06,2024_05_BAL_CIN,NFL,CIN,BAL,home,2.5,-2.5,8.5,48.5,PRIMARY,LIVE,+2.5,,2,0.6599662912879087,0.07,0.7299662912879088,False,-3,38,41,WIN,1.0,5.5,out-of-range,72-73.9%,archived_reference_line
2024_05_BUF_HOU-BUF,2024,5,REG,2024-10-06,2024_05_BUF_HOU,NFL,BUF,HOU,away,1.0,1.0,7.0,48.0,SECONDARY,PAPER,1.0,whole_number_line,1,0.6615388804893103,0.04,0.7015388804893103,False,-3,23,20,WIN,1.0,4.0,out-of-range,70-71.9%,archived_reference_line
2024_05_BUF_HOU-HOU,2024,5,REG,2024-10-06,2024_05_BUF_HOU,NFL,HOU,BUF,home,-1.0,1.0,5.0,48.0,SECONDARY,PAPER,-1.0,whole_number_line,1,0.6615388804893103,0.04,0.7015388804893103,False,3,23,20,WIN,1.0,8.0,out-of-range,70-71.9%,archived_reference_line
2024_05_CAR_CHI-CAR,2024,5,REG,2024-10-06,2024_05_CAR_CHI,NFL,CAR,CHI,away,4.0,4.0,10.0,40.0,SECONDARY,PAPER,4.0,whole_number_line,1,0.6914624612740131,0.04,0.7314624612740132,True,-26,36,10,LOSS,0.0,-16.0,<=40,72-73.9%,archived_reference_line
2024_05_CAR_CHI-CHI,2024,5,REG,2024-10-06,2024_05_CAR_CHI,NFL,CHI,CAR,home,-4.0,4.0,2.0,40.0,SECONDARY,PAPER,-4.0,whole_number_line,1,0.6914624612740131,0.04,0.7314624612740132,True,26,36,10,WIN,1.0,28.0,<=40,72-73.9%,archived_reference_line
2024_05_CLE_WAS-CLE,2024,5,REG,2024-10-06,2024_05_CLE_WAS,NFL,CLE,WAS,away,3.0,3.0,9.0,44.0,SECONDARY,PAPER,3.0,whole_number_line,2,0.6752818581366227,0.07,0.7452818581366227,True,-21,34,13,LOSS,0.0,-12.0,43.5-45,>=74%,archived_reference_line
2024_05_CLE_WAS-WAS,2024,5,REG,2024-10-06,2024_05_CLE_WAS,NFL,WAS,CLE,home,-3.0,3.0,3.0,44.0,SECONDARY,PAPER,-3.0,whole_number_line,1,0.6752818581366227,0.04,0.7152818581366227,True,21,34,13,WIN,1.0,24.0,43.5-45,70-71.9%,archived_reference_line
2024_05_DAL_PIT-DAL,2024,5,REG,2024-10-06,2024_05_DAL_PIT,NFL,DAL,PIT,away,2.5,2.5,8.5,43.5,PRIMARY,LIVE,+2.5,,2,0.6771593818727903,0.07,0.7471593818727904,True,3,17,20,WIN,1.0,11.5,43.5-45,>=74%,archived_reference_line
2024_05_DAL_PIT-PIT,2024,5,REG,2024-10-06,2024_05_DAL_PIT,NFL,PIT,DAL,home,-2.5,2.5,3.5,43.5,SECONDARY,PAPER,-2.5,other_half_point_shape,1,0.6771593818727903,0.04,0.7171593818727904,True,-3,17,20,WIN,1.0,0.5,43.5-45,70-71.9%,archived_reference_line
2024_05_GB_LA-GB,2024,5,REG,2024-10-06,2024_05_GB_LA,NFL,GB,LA,away,-3.0,-3.0,3.0,49.5,SECONDARY,PAPER,-3.0,whole_number_line,1,0.6569084959850626,0.04,0.6969084959850627,False,5,19,24,WIN,1.0,8.0,out-of-range,<70%,archived_reference_line
2024_05_GB_LA-LA,2024,5,REG,2024-10-06,2024_05_GB_LA,NFL,LA,GB,home,3.0,-3.0,9.0,49.5,SECONDARY,PAPER,3.0,whole_number_line,2,0.6569084959850626,0.07,0.7269084959850627,False,-5,19,24,WIN,1.0,4.0,out-of-range,72-73.9%,archived_reference_line
2024_05_IND_JAX-IND,2024,5,REG,2024-10-06,2024_05_IND_JAX,NFL,IND,JAX,away,3.5,3.5,9.5,45.0,SECONDARY,PAPER,3.5,other_half_point_shape,1,0.6716393567181147,0.04,0.7116393567181147,True,-3,37,34,WIN,1.0,6.5,43.5-45,70-71.9%,archived_reference_line
2024_05_IND_JAX-JAX,2024,5,REG,2024-10-06,2024_05_IND_JAX,NFL,JAX,IND,home,-3.5,3.5,2.5,45.0,SECONDARY,PAPER,-3.5,other_half_point_shape,1,0.6716393567181147,0.04,0.7116393567181147,True,3,37,34,WIN,1.0,5.5,43.5-45,70-71.9%,archived_reference_line
2024_05_LV_DEN-LV,2024,5,REG,2024-10-06,2024_05_LV_DEN,NFL,LV,DEN,away,3.0,3.0,9.0,36.0,SECONDARY,PAPER,3.0,whole_number_line,2,0.710742639246028,0.07,0.7807426392460279,True,-16,34,18,LOSS,0.0,-7.0,<=40,>=74%,archived_reference_line
2024_05_LV_DEN-DEN,2024,5,REG,2024-10-06,2024_05_LV_DEN,NFL,DEN,LV,home,-3.0,3.0,3.0,36.0,SECONDARY,PAPER,-3.0,whole_number_line,1,0.710742639246028,0.04,0.750742639246028,True,16,34,18,WIN,1.0,19.0,<=40,>=74%,archived_reference_line
2024_05_MIA_NE-MIA,2024,5,REG,2024-10-06,2024_05_MIA_NE,NFL,MIA,NE,away,-2.0,-2.0,4.0,37.0,SECONDARY,PAPER,-2.0,whole_number_line,1,0.7055878446841711,0.04,0.7455878446841712,True,5,10,15,WIN,1.0,9.0,<=40,>=74%,archived_reference_line
2024_05_MIA_NE-NE,2024,5,REG,2024-10-06,2024_05_MIA_NE,NFL,NE,MIA,home,2.0,-2.0,8.0,37.0,SECONDARY,PAPER,2.0,whole_number_line,2,0.7055878446841711,0.07,0.7755878446841711,True,-5,10,15,WIN,1.0,3.0,<=40,>=74%,archived_reference_line
2024_05_NO_KC-NO,2024,5,REG,2024-10-07,2024_05_NO_KC,NFL,NO,KC,away,5.5,5.5,11.5,43.0,SECONDARY,PAPER,5.5,other_half_point_shape,1,0.6790759056139628,0.04,0.7190759056139628,True,-13,26,13,LOSS,0.0,-1.5,40.5-43,70-71.9%,archived_reference_line
2024_05_NO_KC-KC,2024,5,REG,2024-10-07,2024_05_NO_KC,NFL,KC,NO,home,-5.5,5.5,0.5,43.0,SECONDARY,PAPER,-5.5,other_half_point_shape,1,0.6790759056139628,0.04,0.7190759056139628,True,13,26,13,WIN,1.0,13.5,40.5-43,70-71.9%,archived_reference_line
2024_05_NYG_SEA-NYG,2024,5,REG,2024-10-06,2024_05_NYG_SEA,NFL,NYG,SEA,away,7.0,7.0,13.0,42.5,SECONDARY,PAPER,7.0,whole_number_line,1,0.6810325947045215,0.04,0.7210325947045215,True,9,20,29,WIN,1.0,22.0,40.5-43,72-73.9%,archived_reference_line
2024_05_NYG_SEA-SEA,2024,5,REG,2024-10-06,2024_05_NYG_SEA,NFL,SEA,NYG,home,-7.0,7.0,-1.0,42.5,SECONDARY,PAPER,-7.0,whole_number_line,2,0.6810325947045215,0.07,0.7510325947045215,True,-9,20,29,LOSS,0.0,-10.0,40.5-43,>=74%,archived_reference_line
2024_05_NYJ_MIN-NYJ,2024,5,REG,2024-10-06,2024_05_NYJ_MIN,NFL,NYJ,MIN,away,2.5,2.5,8.5,42.0,PRIMARY,LIVE,+2.5,,2,0.6830306580593271,0.07,0.7530306580593271,True,-6,23,17,WIN,1.0,2.5,40.5-43,>=74%,archived_reference_line
2024_05_NYJ_MIN-MIN,2024,5,REG,2024-10-06,2024_05_NYJ_MIN,NFL,MIN,NYJ,home,-2.5,2.5,3.5,42.0,SECONDARY,PAPER,-2.5,other_half_point_shape,1,0.6830306580593271,0.04,0.7230306580593271,True,6,23,17,WIN,1.0,9.5,40.5-43,72-73.9%,archived_reference_line
2024_05_TB_ATL-TB,2024,5,REG,2024-10-03,2024_05_TB_ATL,NFL,TB,ATL,away,2.5,2.5,8.5,44.0,PRIMARY,LIVE,+2.5,,2,0.6752818581366227,0.07,0.7452818581366227,True,-6,36,30,WIN,1.0,2.5,43.5-45,>=74%,archived_reference_line
2024_05_TB_ATL-ATL,2024,5,REG,2024-10-03,2024_05_TB_ATL,NFL,ATL,TB,home,-2.5,2.5,3.5,44.0,SECONDARY,PAPER,-2.5,other_half_point_shape,1,0.6752818581366227,0.04,0.7152818581366227,True,6,36,30,WIN,1.0,9.5,43.5-45,70-71.9%,archived_reference_line
2024_06_ARI_GB-ARI,2024,6,REG,2024-10-13,2024_06_ARI_GB,NFL,ARI,GB,away,5.5,5.5,11.5,47.0,SECONDARY,PAPER,5.5,other_half_point_shape,1,0.664775519361947,0.04,0.704775519361947,True,-21,34,13,LOSS,0.0,-9.5,45.5-47,70-71.9%,archived_reference_line
2024_06_ARI_GB-GB,2024,6,REG,2024-10-13,2024_06_ARI_GB,NFL,GB,ARI,home,-5.5,5.5,0.5,47.0,SECONDARY,PAPER,-5.5,other_half_point_shape,1,0.664775519361947,0.04,0.704775519361947,True,21,34,13,WIN,1.0,21.5,45.5-47,70-71.9%,archived_reference_line
2024_06_ATL_CAR-ATL,2024,6,REG,2024-10-13,2024_06_ATL_CAR,NFL,ATL,CAR,away,-6.0,-6.0,0.0,45.5,SECONDARY,PAPER,-6.0,whole_number_line,1,0.6698722507821999,0.04,0.7098722507822,True,18,20,38,WIN,1.0,18.0,45.5-47,70-71.9%,archived_reference_line
2024_06_ATL_CAR-CAR,2024,6,REG,2024-10-13,2024_06_ATL_CAR,NFL,CAR,ATL,home,6.0,-6.0,12.0,45.5,SECONDARY,PAPER,6.0,whole_number_line,1,0.6698722507821999,0.04,0.7098722507822,True,-18,20,38,LOSS,0.0,-6.0,45.5-47,70-71.9%,archived_reference_line
2024_06_BUF_NYJ-BUF,2024,6,REG,2024-10-14,2024_06_BUF_NYJ,NFL,BUF,NYJ,away,-1.0,-1.0,5.0,42.0,SECONDARY,PAPER,-1.0,whole_number_line,1,0.6830306580593271,0.04,0.7230306580593271,True,3,20,23,WIN,1.0,8.0,40.5-43,72-73.9%,archived_reference_line
2024_06_BUF_NYJ-NYJ,2024,6,REG,2024-10-14,2024_06_BUF_NYJ,NFL,NYJ,BUF,home,1.0,-1.0,7.0,42.0,SECONDARY,PAPER,1.0,whole_number_line,1,0.6830306580593271,0.04,0.7230306580593271,True,-3,20,23,WIN,1.0,4.0,40.5-43,72-73.9%,archived_reference_line
2024_06_CIN_NYG-CIN,2024,6,REG,2024-10-13,2024_06_CIN_NYG,NFL,CIN,NYG,away,-4.5,-4.5,1.5,46.0,SECONDARY,PAPER,-4.5,other_half_point_shape,1,0.6681398851771989,0.04,0.708139885177199,True,10,7,17,WIN,1.0,11.5,45.5-47,70-71.9%,archived_reference_line
2024_06_CIN_NYG-NYG,2024,6,REG,2024-10-13,2024_06_CIN_NYG,NFL,NYG,CIN,home,4.5,-4.5,10.5,46.0,SECONDARY,PAPER,4.5,other_half_point_shape,1,0.6681398851771989,0.04,0.708139885177199,True,-10,7,17,WIN,1.0,0.5,45.5-47,70-71.9%,archived_reference_line
2024_06_CLE_PHI-CLE,2024,6,REG,2024-10-13,2024_06_CLE_PHI,NFL,CLE,PHI,away,8.0,8.0,14.0,42.0,SECONDARY,PAPER,8.0,whole_number_line,0,0.6830306580593271,0.0,0.6830306580593271,True,-4,20,16,WIN,1.0,10.0,40.5-43,<70%,archived_reference_line
2024_06_CLE_PHI-PHI,2024,6,REG,2024-10-13,2024_06_CLE_PHI,NFL,PHI,CLE,home,-8.0,8.0,-2.0,42.0,SECONDARY,PAPER,-8.0,whole_number_line,2,0.6830306580593271,0.07,0.7530306580593271,True,4,20,16,WIN,1.0,2.0,40.5-43,>=74%,archived_reference_line
2024_06_DET_DAL-DET,2024,6,REG,2024-10-13,2024_06_DET_DAL,NFL,DET,DAL,away,-3.5,-3.5,2.5,52.5,SECONDARY,PAPER,-3.5,other_half_point_shape,1,0.6483807083005341,0.04,0.6883807083005341,False,38,9,47,WIN,1.0,40.5,out-of-range,<70%,archived_reference_line
2024_06_DET_DAL-DAL,2024,6,REG,2024-10-13,2024_06_DET_DAL,NFL,DAL,DET,home,3.5,-3.5,9.5,52.5,SECONDARY,PAPER,3.5,other_half_point_shape,1,0.6483807083005341,0.04,0.6883807083005341,False,-38,9,47,LOSS,0.0,-28.5,out-of-range,<70%,archived_reference_line
2024_06_HOU_NE-HOU,2024,6,REG,2024-10-13,2024_06_HOU_NE,NFL,HOU,NE,away,-6.5,-6.5,-0.5,38.5,SECONDARY,PAPER,-6.5,other_half_point_shape,1,0.6982871529359227,0.04,0.7382871529359227,True,20,21,41,WIN,1.0,19.5,<=40,72-73.9%,archived_reference_line
2024_06_HOU_NE-NE,2024,6,REG,2024-10-13,2024_06_HOU_NE,NFL,NE,HOU,home,6.5,-6.5,12.5,38.5,SECONDARY,PAPER,6.5,other_half_point_shape,1,0.6982871529359227,0.04,0.7382871529359227,True,-20,21,41,LOSS,0.0,-7.5,<=40,72-73.9%,archived_reference_line
2024_06_IND_TEN-IND,2024,6,REG,2024-10-13,2024_06_IND_TEN,NFL,IND,TEN,away,2.5,2.5,8.5,42.0,PRIMARY,LIVE,+2.5,,2,0.6830306580593271,0.07,0.7530306580593271,True,3,17,20,WIN,1.0,11.5,40.5-43,>=74%,archived_reference_line
2024_06_IND_TEN-TEN,2024,6,REG,2024-10-13,2024_06_IND_TEN,NFL,TEN,IND,home,-2.5,2.5,3.5,42.0,SECONDARY,PAPER,-2.5,other_half_point_shape,1,0.6830306580593271,0.04,0.7230306580593271,True,-3,17,20,WIN,1.0,0.5,40.5-43,72-73.9%,archived_reference_line
2024_06_JAX_CHI-JAX,2024,6,REG,2024-10-13,2024_06_JAX_CHI,NFL,JAX,CHI,away,-1.5,-1.5,4.5,44.5,SECONDARY,PAPER,-1.5,other_half_point_shape,1,0.6734422108808652,0.04,0.7134422108808652,True,-19,35,16,LOSS,0.0,-14.5,43.5-45,70-71.9%,archived_reference_line
2024_06_JAX_CHI-CHI,2024,6,REG,2024-10-13,2024_06_JAX_CHI,NFL,CHI,JAX,home,1.5,-1.5,7.5,44.5,PRIMARY,LIVE,+1.5,,2,0.6734422108808652,0.07,0.7434422108808652,True,19,35,16,WIN,1.0,26.5,43.5-45,>=74%,archived_reference_line
2024_06_LAC_DEN-LAC,2024,6,REG,2024-10-13,2024_06_LAC_DEN,NFL,LAC,DEN,away,-3.0,-3.0,3.0,37.0,SECONDARY,PAPER,-3.0,whole_number_line,1,0.7055878446841711,0.04,0.7455878446841712,True,7,16,23,WIN,1.0,10.0,<=40,>=74%,archived_reference_line
2024_06_LAC_DEN-DEN,2024,6,REG,2024-10-13,2024_06_LAC_DEN,NFL,DEN,LAC,home,3.0,-3.0,9.0,37.0,SECONDARY,PAPER,3.0,whole_number_line,2,0.7055878446841711,0.07,0.7755878446841711,True,-7,16,23,WIN,1.0,2.0,<=40,>=74%,archived_reference_line
2024_06_PIT_LV-PIT,2024,6,REG,2024-10-13,2024_06_PIT_LV,NFL,PIT,LV,away,-3.5,-3.5,2.5,36.5,SECONDARY,PAPER,-3.5,other_half_point_shape,1,0.7081352362117709,0.04,0.7481352362117709,True,19,13,32,WIN,1.0,21.5,<=40,>=74%,archived_reference_line
2024_06_PIT_LV-LV,2024,6,REG,2024-10-13,2024_06_PIT_LV,NFL,LV,PIT,home,3.5,-3.5,9.5,36.5,SECONDARY,PAPER,3.5,other_half_point_shape,1,0.7081352362117709,0.04,0.7481352362117709,True,-19,13,32,LOSS,0.0,-9.5,<=40,>=74%,archived_reference_line
2024_06_SF_SEA-SF,2024,6,REG,2024-10-10,2024_06_SF_SEA,NFL,SF,SEA,away,-3.5,-3.5,2.5,49.0,SECONDARY,PAPER,-3.5,other_half_point_shape,1,0.6584230922771453,0.04,0.6984230922771454,False,12,24,36,WIN,1.0,14.5,out-of-range,<70%,archived_reference_line
2024_06_SF_SEA-SEA,2024,6,REG,2024-10-10,2024_06_SF_SEA,NFL,SEA,SF,home,3.5,-3.5,9.5,49.0,SECONDARY,PAPER,3.5,other_half_point_shape,1,0.6584230922771453,0.04,0.6984230922771454,False,-12,24,36,LOSS,0.0,-2.5,out-of-range,<70%,archived_reference_line
2024_06_TB_NO-TB,2024,6,REG,2024-10-13,2024_06_TB_NO,NFL,TB,NO,away,-3.5,-3.5,2.5,42.5,SECONDARY,PAPER,-3.5,other_half_point_shape,1,0.6810325947045215,0.04,0.7210325947045215,True,24,27,51,WIN,1.0,26.5,40.5-43,72-73.9%,archived_reference_line
2024_06_TB_NO-NO,2024,6,REG,2024-10-13,2024_06_TB_NO,NFL,NO,TB,home,3.5,-3.5,9.5,42.5,SECONDARY,PAPER,3.5,other_half_point_shape,1,0.6810325947045215,0.04,0.7210325947045215,True,-24,27,51,LOSS,0.0,-14.5,40.5-43,72-73.9%,archived_reference_line
2024_06_WAS_BAL-WAS,2024,6,REG,2024-10-13,2024_06_WAS_BAL,NFL,WAS,BAL,away,6.5,6.5,12.5,51.5,SECONDARY,PAPER,6.5,other_half_point_shape,1,0.651121300213464,0.04,0.6911213002134641,False,-7,30,23,WIN,1.0,5.5,out-of-range,<70%,archived_reference_line
2024_06_WAS_BAL-BAL,2024,6,REG,2024-10-13,2024_06_WAS_BAL,NFL,BAL,WAS,home,-6.5,6.5,-0.5,51.5,SECONDARY,PAPER,-6.5,other_half_point_shape,1,0.651121300213464,0.04,0.6911213002134641,False,7,30,23,WIN,1.0,6.5,out-of-range,<70%,archived_reference_line
2024_07_BAL_TB-BAL,2024,7,REG,2024-10-21,2024_07_BAL_TB,NFL,BAL,TB,away,-4.5,-4.5,1.5,51.0,SECONDARY,PAPER,-4.5,other_half_point_shape,1,0.6525288424809151,0.04,0.6925288424809152,False,10,31,41,WIN,1.0,11.5,out-of-range,<70%,archived_reference_line
2024_07_BAL_TB-TB,2024,7,REG,2024-10-21,2024_07_BAL_TB,NFL,TB,BAL,home,4.5,-4.5,10.5,51.0,SECONDARY,PAPER,4.5,other_half_point_shape,1,0.6525288424809151,0.04,0.6925288424809152,False,-10,31,41,WIN,1.0,0.5,out-of-range,<70%,archived_reference_line
2024_07_CAR_WAS-CAR,2024,7,REG,2024-10-20,2024_07_CAR_WAS,NFL,CAR,WAS,away,10.0,10.0,16.0,51.0,SECONDARY,PAPER,10.0,whole_number_line,0,0.6525288424809151,0.0,0.6525288424809151,False,-33,40,7,LOSS,0.0,-17.0,out-of-range,<70%,archived_reference_line
2024_07_CAR_WAS-WAS,2024,7,REG,2024-10-20,2024_07_CAR_WAS,NFL,WAS,CAR,home,-10.0,10.0,-4.0,51.0,SECONDARY,PAPER,-10.0,whole_number_line,1,0.6525288424809151,0.04,0.6925288424809152,False,33,40,7,WIN,1.0,29.0,out-of-range,<70%,archived_reference_line
2024_07_CIN_CLE-CIN,2024,7,REG,2024-10-20,2024_07_CIN_CLE,NFL,CIN,CLE,away,-5.5,-5.5,0.5,42.0,SECONDARY,PAPER,-5.5,other_half_point_shape,1,0.6830306580593271,0.04,0.7230306580593271,True,7,14,21,WIN,1.0,7.5,40.5-43,72-73.9%,archived_reference_line
2024_07_CIN_CLE-CLE,2024,7,REG,2024-10-20,2024_07_CIN_CLE,NFL,CLE,CIN,home,5.5,-5.5,11.5,42.0,SECONDARY,PAPER,5.5,other_half_point_shape,1,0.6830306580593271,0.04,0.7230306580593271,True,-7,14,21,WIN,1.0,4.5,40.5-43,72-73.9%,archived_reference_line
2024_07_DEN_NO-DEN,2024,7,REG,2024-10-17,2024_07_DEN_NO,NFL,DEN,NO,away,-2.5,-2.5,3.5,37.0,SECONDARY,PAPER,-2.5,other_half_point_shape,1,0.7055878446841711,0.04,0.7455878446841712,True,23,10,33,WIN,1.0,26.5,<=40,>=74%,archived_reference_line
2024_07_DEN_NO-NO,2024,7,REG,2024-10-17,2024_07_DEN_NO,NFL,NO,DEN,home,2.5,-2.5,8.5,37.0,PRIMARY,LIVE,+2.5,,2,0.7055878446841711,0.07,0.7755878446841711,True,-23,10,33,LOSS,0.0,-14.5,<=40,>=74%,archived_reference_line
2024_07_DET_MIN-DET,2024,7,REG,2024-10-20,2024_07_DET_MIN,NFL,DET,MIN,away,1.0,1.0,7.0,50.5,SECONDARY,PAPER,1.0,whole_number_line,1,0.6539620939680577,0.04,0.6939620939680577,False,2,29,31,WIN,1.0,9.0,out-of-range,<70%,archived_reference_line
2024_07_DET_MIN-MIN,2024,7,REG,2024-10-20,2024_07_DET_MIN,NFL,MIN,DET,home,-1.0,1.0,5.0,50.5,SECONDARY,PAPER,-1.0,whole_number_line,1,0.6539620939680577,0.04,0.6939620939680577,False,-2,29,31,WIN,1.0,3.0,out-of-range,<70%,archived_reference_line
2024_07_HOU_GB-HOU,2024,7,REG,2024-10-20,2024_07_HOU_GB,NFL,HOU,GB,away,3.0,3.0,9.0,48.0,SECONDARY,PAPER,3.0,whole_number_line,2,0.6615388804893103,0.07,0.7315388804893104,False,-2,24,22,WIN,1.0,7.0,out-of-range,72-73.9%,archived_reference_line
2024_07_HOU_GB-GB,2024,7,REG,2024-10-20,2024_07_HOU_GB,NFL,GB,HOU,home,-3.0,3.0,3.0,48.0,SECONDARY,PAPER,-3.0,whole_number_line,1,0.6615388804893103,0.04,0.7015388804893103,False,2,24,22,WIN,1.0,5.0,out-of-range,70-71.9%,archived_reference_line
2024_07_KC_SF-KC,2024,7,REG,2024-10-20,2024_07_KC_SF,NFL,KC,SF,away,2.5,2.5,8.5,47.5,PRIMARY,LIVE,+2.5,,2,0.6631416751252381,0.07,0.7331416751252382,False,10,18,28,WIN,1.0,18.5,out-of-range,72-73.9%,archived_reference_line
2024_07_KC_SF-SF,2024,7,REG,2024-10-20,2024_07_KC_SF,NFL,SF,KC,home,-2.5,2.5,3.5,47.5,SECONDARY,PAPER,-2.5,other_half_point_shape,1,0.6631416751252381,0.04,0.7031416751252382,False,-10,18,28,LOSS,0.0,-6.5,out-of-range,70-71.9%,archived_reference_line
2024_07_LAC_ARI-LAC,2024,7,REG,2024-10-21,2024_07_LAC_ARI,NFL,LAC,ARI,away,-1.0,-1.0,5.0,44.0,SECONDARY,PAPER,-1.0,whole_number_line,1,0.6752818581366227,0.04,0.7152818581366227,True,-2,17,15,WIN,1.0,3.0,43.5-45,70-71.9%,archived_reference_line
2024_07_LAC_ARI-ARI,2024,7,REG,2024-10-21,2024_07_LAC_ARI,NFL,ARI,LAC,home,1.0,-1.0,7.0,44.0,SECONDARY,PAPER,1.0,whole_number_line,1,0.6752818581366227,0.04,0.7152818581366227,True,2,17,15,WIN,1.0,9.0,43.5-45,70-71.9%,archived_reference_line
2024_07_LV_LA-LV,2024,7,REG,2024-10-20,2024_07_LV_LA,NFL,LV,LA,away,7.0,7.0,13.0,43.0,SECONDARY,PAPER,7.0,whole_number_line,1,0.6790759056139628,0.04,0.7190759056139628,True,-5,20,15,WIN,1.0,8.0,40.5-43,70-71.9%,archived_reference_line
2024_07_LV_LA-LA,2024,7,REG,2024-10-20,2024_07_LV_LA,NFL,LA,LV,home,-7.0,7.0,-1.0,43.0,SECONDARY,PAPER,-7.0,whole_number_line,2,0.6790759056139628,0.07,0.7490759056139629,True,5,20,15,WIN,1.0,4.0,40.5-43,>=74%,archived_reference_line
2024_07_MIA_IND-MIA,2024,7,REG,2024-10-20,2024_07_MIA_IND,NFL,MIA,IND,away,3.0,3.0,9.0,44.0,SECONDARY,PAPER,3.0,whole_number_line,2,0.6752818581366227,0.07,0.7452818581366227,True,-6,16,10,WIN,1.0,3.0,43.5-45,>=74%,archived_reference_line
2024_07_MIA_IND-IND,2024,7,REG,2024-10-20,2024_07_MIA_IND,NFL,IND,MIA,home,-3.0,3.0,3.0,44.0,SECONDARY,PAPER,-3.0,whole_number_line,1,0.6752818581366227,0.04,0.7152818581366227,True,6,16,10,WIN,1.0,9.0,43.5-45,70-71.9%,archived_reference_line
2024_07_NE_JAX-NE,2024,7,REG,2024-10-20,2024_07_NE_JAX,NFL,NE,JAX,away,6.5,6.5,12.5,42.0,SECONDARY,PAPER,6.5,other_half_point_shape,1,0.6830306580593271,0.04,0.7230306580593271,True,-16,32,16,LOSS,0.0,-3.5,40.5-43,72-73.9%,archived_reference_line
2024_07_NE_JAX-JAX,2024,7,REG,2024-10-20,2024_07_NE_JAX,NFL,JAX,NE,home,-6.5,6.5,-0.5,42.0,SECONDARY,PAPER,-6.5,other_half_point_shape,1,0.6830306580593271,0.04,0.7230306580593271,True,16,32,16,WIN,1.0,15.5,40.5-43,72-73.9%,archived_reference_line
2024_07_NYJ_PIT-NYJ,2024,7,REG,2024-10-20,2024_07_NYJ_PIT,NFL,NYJ,PIT,away,-3.0,-3.0,3.0,40.0,SECONDARY,PAPER,-3.0,whole_number_line,1,0.6914624612740131,0.04,0.7314624612740132,True,-22,37,15,LOSS,0.0,-19.0,<=40,72-73.9%,archived_reference_line
2024_07_NYJ_PIT-PIT,2024,7,REG,2024-10-20,2024_07_NYJ_PIT,NFL,PIT,NYJ,home,3.0,-3.0,9.0,40.0,SECONDARY,PAPER,3.0,whole_number_line,2,0.6914624612740131,0.07,0.7614624612740131,True,22,37,15,WIN,1.0,31.0,<=40,>=74%,archived_reference_line
2024_07_PHI_NYG-PHI,2024,7,REG,2024-10-20,2024_07_PHI_NYG,NFL,PHI,NYG,away,-3.0,-3.0,3.0,42.0,SECONDARY,PAPER,-3.0,whole_number_line,1,0.6830306580593271,0.04,0.7230306580593271,True,25,3,28,WIN,1.0,28.0,40.5-43,72-73.9%,archived_reference_line
2024_07_PHI_NYG-NYG,2024,7,REG,2024-10-20,2024_07_PHI_NYG,NFL,NYG,PHI,home,3.0,-3.0,9.0,42.0,SECONDARY,PAPER,3.0,whole_number_line,2,0.6830306580593271,0.07,0.7530306580593271,True,-25,3,28,LOSS,0.0,-16.0,40.5-43,>=74%,archived_reference_line
2024_07_SEA_ATL-SEA,2024,7,REG,2024-10-20,2024_07_SEA_ATL,NFL,SEA,ATL,away,3.0,3.0,9.0,51.5,SECONDARY,PAPER,3.0,whole_number_line,2,0.651121300213464,0.07,0.721121300213464,False,20,14,34,WIN,1.0,29.0,out-of-range,72-73.9%,archived_reference_line
2024_07_SEA_ATL-ATL,2024,7,REG,2024-10-20,2024_07_SEA_ATL,NFL,ATL,SEA,home,-3.0,3.0,3.0,51.5,SECONDARY,PAPER,-3.0,whole_number_line,1,0.651121300213464,0.04,0.6911213002134641,False,-20,14,34,LOSS,0.0,-17.0,out-of-range,<70%,archived_reference_line
2024_07_TEN_BUF-TEN,2024,7,REG,2024-10-20,2024_07_TEN_BUF,NFL,TEN,BUF,away,9.5,9.5,15.5,41.0,SECONDARY,PAPER,9.5,other_half_point_shape,0,0.6871559720637167,0.0,0.6871559720637167,True,-24,34,10,LOSS,0.0,-8.5,40.5-43,<70%,archived_reference_line
2024_07_TEN_BUF-BUF,2024,7,REG,2024-10-20,2024_07_TEN_BUF,NFL,BUF,TEN,home,-9.5,9.5,-3.5,41.0,SECONDARY,PAPER,-9.5,other_half_point_shape,1,0.6871559720637167,0.04,0.7271559720637167,True,24,34,10,WIN,1.0,20.5,40.5-43,72-73.9%,archived_reference_line
2024_08_ARI_MIA-ARI,2024,8,REG,2024-10-27,2024_08_ARI_MIA,NFL,ARI,MIA,away,4.0,4.0,10.0,46.5,SECONDARY,PAPER,4.0,whole_number_line,1,0.6664412874896358,0.04,0.7064412874896359,True,1,27,28,WIN,1.0,11.0,45.5-47,70-71.9%,archived_reference_line
2024_08_ARI_MIA-MIA,2024,8,REG,2024-10-27,2024_08_ARI_MIA,NFL,MIA,ARI,home,-4.0,4.0,2.0,46.5,SECONDARY,PAPER,-4.0,whole_number_line,1,0.6664412874896358,0.04,0.7064412874896359,True,-1,27,28,WIN,1.0,1.0,45.5-47,70-71.9%,archived_reference_line
2024_08_ATL_TB-ATL,2024,8,REG,2024-10-27,2024_08_ATL_TB,NFL,ATL,TB,away,-1.5,-1.5,4.5,47.0,SECONDARY,PAPER,-1.5,other_half_point_shape,1,0.664775519361947,0.04,0.704775519361947,True,5,26,31,WIN,1.0,9.5,45.5-47,70-71.9%,archived_reference_line
2024_08_ATL_TB-TB,2024,8,REG,2024-10-27,2024_08_ATL_TB,NFL,TB,ATL,home,1.5,-1.5,7.5,47.0,PRIMARY,LIVE,+1.5,,2,0.664775519361947,0.07,0.734775519361947,True,-5,26,31,WIN,1.0,2.5,45.5-47,72-73.9%,archived_reference_line
2024_08_BAL_CLE-BAL,2024,8,REG,2024-10-27,2024_08_BAL_CLE,NFL,BAL,CLE,away,-7.5,-7.5,-1.5,44.5,PRIMARY,LIVE,-7.5,,2,0.6734422108808652,0.07,0.7434422108808652,True,-5,29,24,LOSS,0.0,-6.5,43.5-45,>=74%,archived_reference_line
2024_08_BAL_CLE-CLE,2024,8,REG,2024-10-27,2024_08_BAL_CLE,NFL,CLE,BAL,home,7.5,-7.5,13.5,44.5,SECONDARY,PAPER,7.5,other_half_point_shape,0,0.6734422108808652,0.0,0.6734422108808652,True,5,29,24,WIN,1.0,18.5,43.5-45,<70%,archived_reference_line
2024_08_BUF_SEA-BUF,2024,8,REG,2024-10-27,2024_08_BUF_SEA,NFL,BUF,SEA,away,-3.0,-3.0,3.0,45.5,SECONDARY,PAPER,-3.0,whole_number_line,1,0.6698722507821999,0.04,0.7098722507822,True,21,10,31,WIN,1.0,24.0,45.5-47,70-71.9%,archived_reference_line
2024_08_BUF_SEA-SEA,2024,8,REG,2024-10-27,2024_08_BUF_SEA,NFL,SEA,BUF,home,3.0,-3.0,9.0,45.5,SECONDARY,PAPER,3.0,whole_number_line,2,0.6698722507821999,0.07,0.7398722507822,True,-21,10,31,LOSS,0.0,-12.0,45.5-47,72-73.9%,archived_reference_line
2024_08_CAR_DEN-CAR,2024,8,REG,2024-10-27,2024_08_CAR_DEN,NFL,CAR,DEN,away,13.0,13.0,19.0,40.5,SECONDARY,PAPER,13.0,whole_number_line,0,0.6892858751269062,0.0,0.6892858751269062,True,-14,28,14,WIN,1.0,5.0,40.5-43,<70%,archived_reference_line
2024_08_CAR_DEN-DEN,2024,8,REG,2024-10-27,2024_08_CAR_DEN,NFL,DEN,CAR,home,-13.0,13.0,-7.0,40.5,SECONDARY,PAPER,-13.0,whole_number_line,0,0.6892858751269062,0.0,0.6892858751269062,True,14,28,14,WIN,1.0,7.0,40.5-43,<70%,archived_reference_line
2024_08_CHI_WAS-CHI,2024,8,REG,2024-10-27,2024_08_CHI_WAS,NFL,CHI,WAS,away,1.5,1.5,7.5,46.5,PRIMARY,LIVE,+1.5,,2,0.6664412874896358,0.07,0.7364412874896358,True,-3,18,15,WIN,1.0,4.5,45.5-47,72-73.9%,archived_reference_line
2024_08_CHI_WAS-WAS,2024,8,REG,2024-10-27,2024_08_CHI_WAS,NFL,WAS,CHI,home,-1.5,1.5,4.5,46.5,SECONDARY,PAPER,-1.5,other_half_point_shape,1,0.6664412874896358,0.04,0.7064412874896359,True,3,18,15,WIN,1.0,7.5,45.5-47,70-71.9%,archived_reference_line
2024_08_DAL_SF-DAL,2024,8,REG,2024-10-27,2024_08_DAL_SF,NFL,DAL,SF,away,5.5,5.5,11.5,48.0,SECONDARY,PAPER,5.5,other_half_point_shape,1,0.6615388804893103,0.04,0.7015388804893103,False,-6,30,24,WIN,1.0,5.5,out-of-range,70-71.9%,archived_reference_line
2024_08_DAL_SF-SF,2024,8,REG,2024-10-27,2024_08_DAL_SF,NFL,SF,DAL,home,-5.5,5.5,0.5,48.0,SECONDARY,PAPER,-5.5,other_half_point_shape,1,0.6615388804893103,0.04,0.7015388804893103,False,6,30,24,WIN,1.0,6.5,out-of-range,70-71.9%,archived_reference_line
2024_08_GB_JAX-GB,2024,8,REG,2024-10-27,2024_08_GB_JAX,NFL,GB,JAX,away,-3.5,-3.5,2.5,49.0,SECONDARY,PAPER,-3.5,other_half_point_shape,1,0.6584230922771453,0.04,0.6984230922771454,False,3,27,30,WIN,1.0,5.5,out-of-range,<70%,archived_reference_line
2024_08_GB_JAX-JAX,2024,8,REG,2024-10-27,2024_08_GB_JAX,NFL,JAX,GB,home,3.5,-3.5,9.5,49.0,SECONDARY,PAPER,3.5,other_half_point_shape,1,0.6584230922771453,0.04,0.6984230922771454,False,-3,27,30,WIN,1.0,6.5,out-of-range,<70%,archived_reference_line
2024_08_IND_HOU-IND,2024,8,REG,2024-10-27,2024_08_IND_HOU,NFL,IND,HOU,away,5.0,5.0,11.0,45.0,SECONDARY,PAPER,5.0,whole_number_line,1,0.6716393567181147,0.04,0.7116393567181147,True,-3,23,20,WIN,1.0,8.0,43.5-45,70-71.9%,archived_reference_line
2024_08_IND_HOU-HOU,2024,8,REG,2024-10-27,2024_08_IND_HOU,NFL,HOU,IND,home,-5.0,5.0,1.0,45.0,SECONDARY,PAPER,-5.0,whole_number_line,1,0.6716393567181147,0.04,0.7116393567181147,True,3,23,20,WIN,1.0,4.0,43.5-45,70-71.9%,archived_reference_line
2024_08_KC_LV-KC,2024,8,REG,2024-10-27,2024_08_KC_LV,NFL,KC,LV,away,-9.0,-9.0,-3.0,42.0,SECONDARY,PAPER,-9.0,whole_number_line,1,0.6830306580593271,0.04,0.7230306580593271,True,7,20,27,WIN,1.0,4.0,40.5-43,72-73.9%,archived_reference_line
2024_08_KC_LV-LV,2024,8,REG,2024-10-27,2024_08_KC_LV,NFL,LV,KC,home,9.0,-9.0,15.0,42.0,SECONDARY,PAPER,9.0,whole_number_line,0,0.6830306580593271,0.0,0.6830306580593271,True,-7,20,27,WIN,1.0,8.0,40.5-43,<70%,archived_reference_line
2024_08_MIN_LA-MIN,2024,8,REG,2024-10-24,2024_08_MIN_LA,NFL,MIN,LA,away,-3.0,-3.0,3.0,47.5,SECONDARY,PAPER,-3.0,whole_number_line,1,0.6631416751252381,0.04,0.7031416751252382,False,-10,30,20,LOSS,0.0,-7.0,out-of-range,70-71.9%,archived_reference_line
2024_08_MIN_LA-LA,2024,8,REG,2024-10-24,2024_08_MIN_LA,NFL,LA,MIN,home,3.0,-3.0,9.0,47.5,SECONDARY,PAPER,3.0,whole_number_line,2,0.6631416751252381,0.07,0.7331416751252382,False,10,30,20,WIN,1.0,19.0,out-of-range,72-73.9%,archived_reference_line
2024_08_NO_LAC-NO,2024,8,REG,2024-10-27,2024_08_NO_LAC,NFL,NO,LAC,away,7.0,7.0,13.0,41.5,SECONDARY,PAPER,7.0,whole_number_line,1,0.6850713499837193,0.04,0.7250713499837194,True,-18,26,8,LOSS,0.0,-5.0,40.5-43,72-73.9%,archived_reference_line
2024_08_NO_LAC-LAC,2024,8,REG,2024-10-27,2024_08_NO_LAC,NFL,LAC,NO,home,-7.0,7.0,-1.0,41.5,SECONDARY,PAPER,-7.0,whole_number_line,2,0.6850713499837193,0.07,0.7550713499837194,True,18,26,8,WIN,1.0,17.0,40.5-43,>=74%,archived_reference_line
2024_08_NYG_PIT-NYG,2024,8,REG,2024-10-28,2024_08_NYG_PIT,NFL,NYG,PIT,away,6.0,6.0,12.0,37.5,SECONDARY,PAPER,6.0,whole_number_line,1,0.7030985713961488,0.04,0.7430985713961489,True,-8,26,18,WIN,1.0,4.0,<=40,>=74%,archived_reference_line
2024_08_NYG_PIT-PIT,2024,8,REG,2024-10-28,2024_08_NYG_PIT,NFL,PIT,NYG,home,-6.0,6.0,0.0,37.5,SECONDARY,PAPER,-6.0,whole_number_line,1,0.7030985713961488,0.04,0.7430985713961489,True,8,26,18,WIN,1.0,8.0,<=40,>=74%,archived_reference_line
2024_08_NYJ_NE-NYJ,2024,8,REG,2024-10-27,2024_08_NYJ_NE,NFL,NYJ,NE,away,-7.0,-7.0,-1.0,41.0,SECONDARY,PAPER,-7.0,whole_number_line,2,0.6871559720637167,0.07,0.7571559720637167,True,-3,25,22,LOSS,0.0,-4.0,40.5-43,>=74%,archived_reference_line
2024_08_NYJ_NE-NE,2024,8,REG,2024-10-27,2024_08_NYJ_NE,NFL,NE,NYJ,home,7.0,-7.0,13.0,41.0,SECONDARY,PAPER,7.0,whole_number_line,1,0.6871559720637167,0.04,0.7271559720637167,True,3,25,22,WIN,1.0,16.0,40.5-43,72-73.9%,archived_reference_line
2024_08_PHI_CIN-PHI,2024,8,REG,2024-10-27,2024_08_PHI_CIN,NFL,PHI,CIN,away,2.5,2.5,8.5,47.5,PRIMARY,LIVE,+2.5,,2,0.6631416751252381,0.07,0.7331416751252382,False,20,17,37,WIN,1.0,28.5,out-of-range,72-73.9%,archived_reference_line
2024_08_PHI_CIN-CIN,2024,8,REG,2024-10-27,2024_08_PHI_CIN,NFL,CIN,PHI,home,-2.5,2.5,3.5,47.5,SECONDARY,PAPER,-2.5,other_half_point_shape,1,0.6631416751252381,0.04,0.7031416751252382,False,-20,17,37,LOSS,0.0,-16.5,out-of-range,70-71.9%,archived_reference_line
2024_08_TEN_DET-TEN,2024,8,REG,2024-10-27,2024_08_TEN_DET,NFL,TEN,DET,away,12.5,12.5,18.5,45.0,SECONDARY,PAPER,12.5,other_half_point_shape,0,0.6716393567181147,0.0,0.6716393567181147,True,-38,52,14,LOSS,0.0,-19.5,43.5-45,<70%,archived_reference_line
2024_08_TEN_DET-DET,2024,8,REG,2024-10-27,2024_08_TEN_DET,NFL,DET,TEN,home,-12.5,12.5,-6.5,45.0,SECONDARY,PAPER,-12.5,other_half_point_shape,1,0.6716393567181147,0.04,0.7116393567181147,True,38,52,14,WIN,1.0,31.5,43.5-45,70-71.9%,archived_reference_line
2024_09_CHI_ARI-CHI,2024,9,REG,2024-11-03,2024_09_CHI_ARI,NFL,CHI,ARI,away,1.5,1.5,7.5,44.5,PRIMARY,LIVE,+1.5,,2,0.6734422108808652,0.07,0.7434422108808652,True,-20,29,9,LOSS,0.0,-12.5,43.5-45,>=74%,archived_reference_line
2024_09_CHI_ARI-ARI,2024,9,REG,2024-11-03,2024_09_CHI_ARI,NFL,ARI,CHI,home,-1.5,1.5,4.5,44.5,SECONDARY,PAPER,-1.5,other_half_point_shape,1,0.6734422108808652,0.04,0.7134422108808652,True,20,29,9,WIN,1.0,24.5,43.5-45,70-71.9%,archived_reference_line
2024_09_DAL_ATL-DAL,2024,9,REG,2024-11-03,2024_09_DAL_ATL,NFL,DAL,ATL,away,3.0,3.0,9.0,52.0,SECONDARY,PAPER,3.0,whole_number_line,2,0.6497388029480757,0.07,0.7197388029480758,False,-6,27,21,WIN,1.0,3.0,out-of-range,70-71.9%,archived_reference_line
2024_09_DAL_ATL-ATL,2024,9,REG,2024-11-03,2024_09_DAL_ATL,NFL,ATL,DAL,home,-3.0,3.0,3.0,52.0,SECONDARY,PAPER,-3.0,whole_number_line,1,0.6497388029480757,0.04,0.6897388029480758,False,6,27,21,WIN,1.0,9.0,out-of-range,<70%,archived_reference_line
2024_09_DEN_BAL-DEN,2024,9,REG,2024-11-03,2024_09_DEN_BAL,NFL,DEN,BAL,away,9.0,9.0,15.0,46.5,SECONDARY,PAPER,9.0,whole_number_line,0,0.6664412874896358,0.0,0.6664412874896358,True,-31,41,10,LOSS,0.0,-16.0,45.5-47,<70%,archived_reference_line
2024_09_DEN_BAL-BAL,2024,9,REG,2024-11-03,2024_09_DEN_BAL,NFL,BAL,DEN,home,-9.0,9.0,-3.0,46.5,SECONDARY,PAPER,-9.0,whole_number_line,1,0.6664412874896358,0.04,0.7064412874896359,True,31,41,10,WIN,1.0,28.0,45.5-47,70-71.9%,archived_reference_line
2024_09_DET_GB-DET,2024,9,REG,2024-11-03,2024_09_DET_GB,NFL,DET,GB,away,-2.5,-2.5,3.5,47.5,SECONDARY,PAPER,-2.5,other_half_point_shape,1,0.6631416751252381,0.04,0.7031416751252382,False,10,14,24,WIN,1.0,13.5,out-of-range,70-71.9%,archived_reference_line
2024_09_DET_GB-GB,2024,9,REG,2024-11-03,2024_09_DET_GB,NFL,GB,DET,home,2.5,-2.5,8.5,47.5,PRIMARY,LIVE,+2.5,,2,0.6631416751252381,0.07,0.7331416751252382,False,-10,14,24,LOSS,0.0,-1.5,out-of-range,72-73.9%,archived_reference_line
2024_09_HOU_NYJ-HOU,2024,9,REG,2024-10-31,2024_09_HOU_NYJ,NFL,HOU,NYJ,away,2.5,2.5,8.5,43.5,PRIMARY,LIVE,+2.5,,2,0.6771593818727903,0.07,0.7471593818727904,True,-8,21,13,WIN,1.0,0.5,43.5-45,>=74%,archived_reference_line
2024_09_HOU_NYJ-NYJ,2024,9,REG,2024-10-31,2024_09_HOU_NYJ,NFL,NYJ,HOU,home,-2.5,2.5,3.5,43.5,SECONDARY,PAPER,-2.5,other_half_point_shape,1,0.6771593818727903,0.04,0.7171593818727904,True,8,21,13,WIN,1.0,11.5,43.5-45,70-71.9%,archived_reference_line
2024_09_IND_MIN-IND,2024,9,REG,2024-11-03,2024_09_IND_MIN,NFL,IND,MIN,away,6.5,6.5,12.5,47.0,SECONDARY,PAPER,6.5,other_half_point_shape,1,0.664775519361947,0.04,0.704775519361947,True,-8,21,13,WIN,1.0,4.5,45.5-47,70-71.9%,archived_reference_line
2024_09_IND_MIN-MIN,2024,9,REG,2024-11-03,2024_09_IND_MIN,NFL,MIN,IND,home,-6.5,6.5,-0.5,47.0,SECONDARY,PAPER,-6.5,other_half_point_shape,1,0.664775519361947,0.04,0.704775519361947,True,8,21,13,WIN,1.0,7.5,45.5-47,70-71.9%,archived_reference_line
2024_09_JAX_PHI-JAX,2024,9,REG,2024-11-03,2024_09_JAX_PHI,NFL,JAX,PHI,away,7.5,7.5,13.5,46.0,SECONDARY,PAPER,7.5,other_half_point_shape,0,0.6681398851771989,0.0,0.6681398851771989,True,-5,28,23,WIN,1.0,8.5,45.5-47,<70%,archived_reference_line
2024_09_JAX_PHI-PHI,2024,9,REG,2024-11-03,2024_09_JAX_PHI,NFL,PHI,JAX,home,-7.5,7.5,-1.5,46.0,PRIMARY,LIVE,-7.5,,2,0.6681398851771989,0.07,0.738139885177199,True,5,28,23,WIN,1.0,3.5,45.5-47,72-73.9%,archived_reference_line
2024_09_LAC_CLE-LAC,2024,9,REG,2024-11-03,2024_09_LAC_CLE,NFL,LAC,CLE,away,-2.0,-2.0,4.0,42.5,SECONDARY,PAPER,-2.0,whole_number_line,1,0.6810325947045215,0.04,0.7210325947045215,True,17,10,27,WIN,1.0,21.0,40.5-43,72-73.9%,archived_reference_line
2024_09_LAC_CLE-CLE,2024,9,REG,2024-11-03,2024_09_LAC_CLE,NFL,CLE,LAC,home,2.0,-2.0,8.0,42.5,SECONDARY,PAPER,2.0,whole_number_line,2,0.6810325947045215,0.07,0.7510325947045215,True,-17,10,27,LOSS,0.0,-9.0,40.5-43,>=74%,archived_reference_line
2024_09_LA_SEA-LA,2024,9,REG,2024-11-03,2024_09_LA_SEA,NFL,LA,SEA,away,-1.5,-1.5,4.5,48.5,SECONDARY,PAPER,-1.5,other_half_point_shape,1,0.6599662912879087,0.04,0.6999662912879088,False,6,20,26,WIN,1.0,10.5,out-of-range,<70%,archived_reference_line
2024_09_LA_SEA-SEA,2024,9,REG,2024-11-03,2024_09_LA_SEA,NFL,SEA,LA,home,1.5,-1.5,7.5,48.5,PRIMARY,LIVE,+1.5,,2,0.6599662912879087,0.07,0.7299662912879088,False,-6,20,26,WIN,1.0,1.5,out-of-range,72-73.9%,archived_reference_line
2024_09_LV_CIN-LV,2024,9,REG,2024-11-03,2024_09_LV_CIN,NFL,LV,CIN,away,8.0,8.0,14.0,45.0,SECONDARY,PAPER,8.0,whole_number_line,0,0.6716393567181147,0.0,0.6716393567181147,True,-17,41,24,LOSS,0.0,-3.0,43.5-45,<70%,archived_reference_line
2024_09_LV_CIN-CIN,2024,9,REG,2024-11-03,2024_09_LV_CIN,NFL,CIN,LV,home,-8.0,8.0,-2.0,45.0,SECONDARY,PAPER,-8.0,whole_number_line,2,0.6716393567181147,0.07,0.7416393567181148,True,17,41,24,WIN,1.0,15.0,43.5-45,>=74%,archived_reference_line
2024_09_MIA_BUF-MIA,2024,9,REG,2024-11-03,2024_09_MIA_BUF,NFL,MIA,BUF,away,6.5,6.5,12.5,49.0,SECONDARY,PAPER,6.5,other_half_point_shape,1,0.6584230922771453,0.04,0.6984230922771454,False,-3,30,27,WIN,1.0,9.5,out-of-range,<70%,archived_reference_line
2024_09_MIA_BUF-BUF,2024,9,REG,2024-11-03,2024_09_MIA_BUF,NFL,BUF,MIA,home,-6.5,6.5,-0.5,49.0,SECONDARY,PAPER,-6.5,other_half_point_shape,1,0.6584230922771453,0.04,0.6984230922771454,False,3,30,27,WIN,1.0,2.5,out-of-range,<70%,archived_reference_line
2024_09_NE_TEN-NE,2024,9,REG,2024-11-03,2024_09_NE_TEN,NFL,NE,TEN,away,3.0,3.0,9.0,38.5,SECONDARY,PAPER,3.0,whole_number_line,2,0.6982871529359227,0.07,0.7682871529359228,True,-3,20,17,WIN,1.0,6.0,<=40,>=74%,archived_reference_line
2024_09_NE_TEN-TEN,2024,9,REG,2024-11-03,2024_09_NE_TEN,NFL,TEN,NE,home,-3.0,3.0,3.0,38.5,SECONDARY,PAPER,-3.0,whole_number_line,1,0.6982871529359227,0.04,0.7382871529359227,True,3,20,17,WIN,1.0,6.0,<=40,72-73.9%,archived_reference_line
2024_09_NO_CAR-NO,2024,9,REG,2024-11-03,2024_09_NO_CAR,NFL,NO,CAR,away,-7.0,-7.0,-1.0,43.5,SECONDARY,PAPER,-7.0,whole_number_line,2,0.6771593818727903,0.07,0.7471593818727904,True,-1,23,22,LOSS,0.0,-2.0,43.5-45,>=74%,archived_reference_line
2024_09_NO_CAR-CAR,2024,9,REG,2024-11-03,2024_09_NO_CAR,NFL,CAR,NO,home,7.0,-7.0,13.0,43.5,SECONDARY,PAPER,7.0,whole_number_line,1,0.6771593818727903,0.04,0.7171593818727904,True,1,23,22,WIN,1.0,14.0,43.5-45,70-71.9%,archived_reference_line
2024_09_TB_KC-TB,2024,9,REG,2024-11-04,2024_09_TB_KC,NFL,TB,KC,away,9.0,9.0,15.0,45.5,SECONDARY,PAPER,9.0,whole_number_line,0,0.6698722507821999,0.0,0.6698722507821999,True,-6,30,24,WIN,1.0,9.0,45.5-47,<70%,archived_reference_line
2024_09_TB_KC-KC,2024,9,REG,2024-11-04,2024_09_TB_KC,NFL,KC,TB,home,-9.0,9.0,-3.0,45.5,SECONDARY,PAPER,-9.0,whole_number_line,1,0.6698722507821999,0.04,0.7098722507822,True,6,30,24,WIN,1.0,3.0,45.5-47,70-71.9%,archived_reference_line
2024_09_WAS_NYG-WAS,2024,9,REG,2024-11-03,2024_09_WAS_NYG,NFL,WAS,NYG,away,-4.5,-4.5,1.5,44.5,SECONDARY,PAPER,-4.5,other_half_point_shape,1,0.6734422108808652,0.04,0.7134422108808652,True,5,22,27,WIN,1.0,6.5,43.5-45,70-71.9%,archived_reference_line
2024_09_WAS_NYG-NYG,2024,9,REG,2024-11-03,2024_09_WAS_NYG,NFL,NYG,WAS,home,4.5,-4.5,10.5,44.5,SECONDARY,PAPER,4.5,other_half_point_shape,1,0.6734422108808652,0.04,0.7134422108808652,True,-5,22,27,WIN,1.0,5.5,43.5-45,70-71.9%,archived_reference_line
2024_10_ATL_NO-ATL,2024,10,REG,2024-11-10,2024_10_ATL_NO,NFL,ATL,NO,away,-3.5,-3.5,2.5,46.5,SECONDARY,PAPER,-3.5,other_half_point_shape,1,0.6664412874896358,0.04,0.7064412874896359,True,-3,20,17,LOSS,0.0,-0.5,45.5-47,70-71.9%,archived_reference_line
2024_10_ATL_NO-NO,2024,10,REG,2024-11-10,2024_10_ATL_NO,NFL,NO,ATL,home,3.5,-3.5,9.5,46.5,SECONDARY,PAPER,3.5,other_half_point_shape,1,0.6664412874896358,0.04,0.7064412874896359,True,3,20,17,WIN,1.0,12.5,45.5-47,70-71.9%,archived_reference_line
2024_10_BUF_IND-BUF,2024,10,REG,2024-11-10,2024_10_BUF_IND,NFL,BUF,IND,away,-4.5,-4.5,1.5,46.5,SECONDARY,PAPER,-4.5,other_half_point_shape,1,0.6664412874896358,0.04,0.7064412874896359,True,10,20,30,WIN,1.0,11.5,45.5-47,70-71.9%,archived_reference_line
2024_10_BUF_IND-IND,2024,10,REG,2024-11-10,2024_10_BUF_IND,NFL,IND,BUF,home,4.5,-4.5,10.5,46.5,SECONDARY,PAPER,4.5,other_half_point_shape,1,0.6664412874896358,0.04,0.7064412874896359,True,-10,20,30,WIN,1.0,0.5,45.5-47,70-71.9%,archived_reference_line
2024_10_CIN_BAL-CIN,2024,10,REG,2024-11-07,2024_10_CIN_BAL,NFL,CIN,BAL,away,6.0,6.0,12.0,53.0,SECONDARY,PAPER,6.0,whole_number_line,1,0.6470463948736449,0.04,0.6870463948736449,False,-1,35,34,WIN,1.0,11.0,out-of-range,<70%,archived_reference_line
2024_10_CIN_BAL-BAL,2024,10,REG,2024-11-07,2024_10_CIN_BAL,NFL,BAL,CIN,home,-6.0,6.0,0.0,53.0,SECONDARY,PAPER,-6.0,whole_number_line,1,0.6470463948736449,0.04,0.6870463948736449,False,1,35,34,WIN,1.0,1.0,out-of-range,<70%,archived_reference_line
2024_10_DEN_KC-DEN,2024,10,REG,2024-11-10,2024_10_DEN_KC,NFL,DEN,KC,away,7.5,7.5,13.5,42.5,SECONDARY,PAPER,7.5,other_half_point_shape,0,0.6810325947045215,0.0,0.6810325947045215,True,-2,16,14,WIN,1.0,11.5,40.5-43,<70%,archived_reference_line
2024_10_DEN_KC-KC,2024,10,REG,2024-11-10,2024_10_DEN_KC,NFL,KC,DEN,home,-7.5,7.5,-1.5,42.5,PRIMARY,LIVE,-7.5,,2,0.6810325947045215,0.07,0.7510325947045215,True,2,16,14,WIN,1.0,0.5,40.5-43,>=74%,archived_reference_line
2024_10_DET_HOU-DET,2024,10,REG,2024-11-10,2024_10_DET_HOU,NFL,DET,HOU,away,-4.5,-4.5,1.5,49.0,SECONDARY,PAPER,-4.5,other_half_point_shape,1,0.6584230922771453,0.04,0.6984230922771454,False,3,23,26,WIN,1.0,4.5,out-of-range,<70%,archived_reference_line
2024_10_DET_HOU-HOU,2024,10,REG,2024-11-10,2024_10_DET_HOU,NFL,HOU,DET,home,4.5,-4.5,10.5,49.0,SECONDARY,PAPER,4.5,other_half_point_shape,1,0.6584230922771453,0.04,0.6984230922771454,False,-3,23,26,WIN,1.0,7.5,out-of-range,<70%,archived_reference_line
2024_10_MIA_LA-MIA,2024,10,REG,2024-11-11,2024_10_MIA_LA,NFL,MIA,LA,away,2.5,2.5,8.5,49.5,PRIMARY,LIVE,+2.5,,2,0.6569084959850626,0.07,0.7269084959850627,False,8,15,23,WIN,1.0,16.5,out-of-range,72-73.9%,archived_reference_line
2024_10_MIA_LA-LA,2024,10,REG,2024-11-11,2024_10_MIA_LA,NFL,LA,MIA,home,-2.5,2.5,3.5,49.5,SECONDARY,PAPER,-2.5,other_half_point_shape,1,0.6569084959850626,0.04,0.6969084959850627,False,-8,15,23,LOSS,0.0,-4.5,out-of-range,<70%,archived_reference_line
2024_10_MIN_JAX-MIN,2024,10,REG,2024-11-10,2024_10_MIN_JAX,NFL,MIN,JAX,away,-7.0,-7.0,-1.0,42.5,SECONDARY,PAPER,-7.0,whole_number_line,2,0.6810325947045215,0.07,0.7510325947045215,True,5,7,12,WIN,1.0,4.0,40.5-43,>=74%,archived_reference_line
2024_10_MIN_JAX-JAX,2024,10,REG,2024-11-10,2024_10_MIN_JAX,NFL,JAX,MIN,home,7.0,-7.0,13.0,42.5,SECONDARY,PAPER,7.0,whole_number_line,1,0.6810325947045215,0.04,0.7210325947045215,True,-5,7,12,WIN,1.0,8.0,40.5-43,72-73.9%,archived_reference_line
2024_10_NE_CHI-NE,2024,10,REG,2024-11-10,2024_10_NE_CHI,NFL,NE,CHI,away,6.5,6.5,12.5,37.5,SECONDARY,PAPER,6.5,other_half_point_shape,1,0.7030985713961488,0.04,0.7430985713961489,True,16,3,19,WIN,1.0,28.5,<=40,>=74%,archived_reference_line
2024_10_NE_CHI-CHI,2024,10,REG,2024-11-10,2024_10_NE_CHI,NFL,CHI,NE,home,-6.5,6.5,-0.5,37.5,SECONDARY,PAPER,-6.5,other_half_point_shape,1,0.7030985713961488,0.04,0.7430985713961489,True,-16,3,19,LOSS,0.0,-16.5,<=40,>=74%,archived_reference_line
2024_10_NYG_CAR-NYG,2024,10,REG,2024-11-10,2024_10_NYG_CAR,NFL,NYG,CAR,away,-6.5,-6.5,-0.5,40.5,SECONDARY,PAPER,-6.5,other_half_point_shape,1,0.6892858751269062,0.04,0.7292858751269062,True,-3,20,17,LOSS,0.0,-3.5,40.5-43,72-73.9%,archived_reference_line
2024_10_NYG_CAR-CAR,2024,10,REG,2024-11-10,2024_10_NYG_CAR,NFL,CAR,NYG,home,6.5,-6.5,12.5,40.5,SECONDARY,PAPER,6.5,other_half_point_shape,1,0.6892858751269062,0.04,0.7292858751269062,True,3,20,17,WIN,1.0,15.5,40.5-43,72-73.9%,archived_reference_line
2024_10_NYJ_ARI-NYJ,2024,10,REG,2024-11-10,2024_10_NYJ_ARI,NFL,NYJ,ARI,away,-2.0,-2.0,4.0,45.5,SECONDARY,PAPER,-2.0,whole_number_line,1,0.6698722507821999,0.04,0.7098722507822,True,-25,31,6,LOSS,0.0,-21.0,45.5-47,70-71.9%,archived_reference_line
2024_10_NYJ_ARI-ARI,2024,10,REG,2024-11-10,2024_10_NYJ_ARI,NFL,ARI,NYJ,home,2.0,-2.0,8.0,45.5,SECONDARY,PAPER,2.0,whole_number_line,2,0.6698722507821999,0.07,0.7398722507822,True,25,31,6,WIN,1.0,33.0,45.5-47,72-73.9%,archived_reference_line
2024_10_PHI_DAL-PHI,2024,10,REG,2024-11-10,2024_10_PHI_DAL,NFL,PHI,DAL,away,-7.5,-7.5,-1.5,44.5,PRIMARY,LIVE,-7.5,,2,0.6734422108808652,0.07,0.7434422108808652,True,28,6,34,WIN,1.0,26.5,43.5-45,>=74%,archived_reference_line
2024_10_PHI_DAL-DAL,2024,10,REG,2024-11-10,2024_10_PHI_DAL,NFL,DAL,PHI,home,7.5,-7.5,13.5,44.5,SECONDARY,PAPER,7.5,other_half_point_shape,0,0.6734422108808652,0.0,0.6734422108808652,True,-28,6,34,LOSS,0.0,-14.5,43.5-45,<70%,archived_reference_line
2024_10_PIT_WAS-PIT,2024,10,REG,2024-11-10,2024_10_PIT_WAS,NFL,PIT,WAS,away,1.5,1.5,7.5,45.0,PRIMARY,LIVE,+1.5,,2,0.6716393567181147,0.07,0.7416393567181148,True,1,27,28,WIN,1.0,8.5,43.5-45,>=74%,archived_reference_line
2024_10_PIT_WAS-WAS,2024,10,REG,2024-11-10,2024_10_PIT_WAS,NFL,WAS,PIT,home,-1.5,1.5,4.5,45.0,SECONDARY,PAPER,-1.5,other_half_point_shape,1,0.6716393567181147,0.04,0.7116393567181147,True,-1,27,28,WIN,1.0,3.5,43.5-45,70-71.9%,archived_reference_line
2024_10_SF_TB-SF,2024,10,REG,2024-11-10,2024_10_SF_TB,NFL,SF,TB,away,-6.5,-6.5,-0.5,50.5,SECONDARY,PAPER,-6.5,other_half_point_shape,1,0.6539620939680577,0.04,0.6939620939680577,False,3,20,23,WIN,1.0,2.5,out-of-range,<70%,archived_reference_line
2024_10_SF_TB-TB,2024,10,REG,2024-11-10,2024_10_SF_TB,NFL,TB,SF,home,6.5,-6.5,12.5,50.5,SECONDARY,PAPER,6.5,other_half_point_shape,1,0.6539620939680577,0.04,0.6939620939680577,False,-3,20,23,WIN,1.0,9.5,out-of-range,<70%,archived_reference_line
2024_10_TEN_LAC-TEN,2024,10,REG,2024-11-10,2024_10_TEN_LAC,NFL,TEN,LAC,away,8.0,8.0,14.0,40.0,SECONDARY,PAPER,8.0,whole_number_line,0,0.6914624612740131,0.0,0.6914624612740131,True,-10,27,17,WIN,1.0,4.0,<=40,<70%,archived_reference_line
2024_10_TEN_LAC-LAC,2024,10,REG,2024-11-10,2024_10_TEN_LAC,NFL,LAC,TEN,home,-8.0,8.0,-2.0,40.0,SECONDARY,PAPER,-8.0,whole_number_line,2,0.6914624612740131,0.07,0.7614624612740131,True,10,27,17,WIN,1.0,8.0,<=40,>=74%,archived_reference_line
2024_11_ATL_DEN-ATL,2024,11,REG,2024-11-17,2024_11_ATL_DEN,NFL,ATL,DEN,away,2.0,2.0,8.0,44.5,SECONDARY,PAPER,2.0,whole_number_line,2,0.6734422108808652,0.07,0.7434422108808652,True,-32,38,6,LOSS,0.0,-24.0,43.5-45,>=74%,archived_reference_line
2024_11_ATL_DEN-DEN,2024,11,REG,2024-11-17,2024_11_ATL_DEN,NFL,DEN,ATL,home,-2.0,2.0,4.0,44.5,SECONDARY,PAPER,-2.0,whole_number_line,1,0.6734422108808652,0.04,0.7134422108808652,True,32,38,6,WIN,1.0,36.0,43.5-45,70-71.9%,archived_reference_line
2024_11_BAL_PIT-BAL,2024,11,REG,2024-11-17,2024_11_BAL_PIT,NFL,BAL,PIT,away,-3.0,-3.0,3.0,48.0,SECONDARY,PAPER,-3.0,whole_number_line,1,0.6615388804893103,0.04,0.7015388804893103,False,-2,18,16,WIN,1.0,1.0,out-of-range,70-71.9%,archived_reference_line
2024_11_BAL_PIT-PIT,2024,11,REG,2024-11-17,2024_11_BAL_PIT,NFL,PIT,BAL,home,3.0,-3.0,9.0,48.0,SECONDARY,PAPER,3.0,whole_number_line,2,0.6615388804893103,0.07,0.7315388804893104,False,2,18,16,WIN,1.0,11.0,out-of-range,72-73.9%,archived_reference_line
2024_11_CIN_LAC-CIN,2024,11,REG,2024-11-17,2024_11_CIN_LAC,NFL,CIN,LAC,away,1.0,1.0,7.0,48.0,SECONDARY,PAPER,1.0,whole_number_line,1,0.6615388804893103,0.04,0.7015388804893103,False,-7,34,27,PUSH,,0.0,out-of-range,70-71.9%,archived_reference_line
2024_11_CIN_LAC-LAC,2024,11,REG,2024-11-17,2024_11_CIN_LAC,NFL,LAC,CIN,home,-1.0,1.0,5.0,48.0,SECONDARY,PAPER,-1.0,whole_number_line,1,0.6615388804893103,0.04,0.7015388804893103,False,7,34,27,WIN,1.0,12.0,out-of-range,70-71.9%,archived_reference_line
2024_11_CLE_NO-CLE,2024,11,REG,2024-11-17,2024_11_CLE_NO,NFL,CLE,NO,away,-1.0,-1.0,5.0,44.0,SECONDARY,PAPER,-1.0,whole_number_line,1,0.6752818581366227,0.04,0.7152818581366227,True,-21,35,14,LOSS,0.0,-16.0,43.5-45,70-71.9%,archived_reference_line
2024_11_CLE_NO-NO,2024,11,REG,2024-11-17,2024_11_CLE_NO,NFL,NO,CLE,home,1.0,-1.0,7.0,44.0,SECONDARY,PAPER,1.0,whole_number_line,1,0.6752818581366227,0.04,0.7152818581366227,True,21,35,14,WIN,1.0,28.0,43.5-45,70-71.9%,archived_reference_line
2024_11_GB_CHI-GB,2024,11,REG,2024-11-17,2024_11_GB_CHI,NFL,GB,CHI,away,-6.0,-6.0,0.0,41.0,SECONDARY,PAPER,-6.0,whole_number_line,1,0.6871559720637167,0.04,0.7271559720637167,True,1,19,20,WIN,1.0,1.0,40.5-43,72-73.9%,archived_reference_line
2024_11_GB_CHI-CHI,2024,11,REG,2024-11-17,2024_11_GB_CHI,NFL,CHI,GB,home,6.0,-6.0,12.0,41.0,SECONDARY,PAPER,6.0,whole_number_line,1,0.6871559720637167,0.04,0.7271559720637167,True,-1,19,20,WIN,1.0,11.0,40.5-43,72-73.9%,archived_reference_line
2024_11_HOU_DAL-HOU,2024,11,REG,2024-11-18,2024_11_HOU_DAL,NFL,HOU,DAL,away,-7.5,-7.5,-1.5,41.5,PRIMARY,LIVE,-7.5,,2,0.6850713499837193,0.07,0.7550713499837194,True,24,10,34,WIN,1.0,22.5,40.5-43,>=74%,archived_reference_line
2024_11_HOU_DAL-DAL,2024,11,REG,2024-11-18,2024_11_HOU_DAL,NFL,DAL,HOU,home,7.5,-7.5,13.5,41.5,SECONDARY,PAPER,7.5,other_half_point_shape,0,0.6850713499837193,0.0,0.6850713499837193,True,-24,10,34,LOSS,0.0,-10.5,40.5-43,<70%,archived_reference_line
2024_11_IND_NYJ-IND,2024,11,REG,2024-11-17,2024_11_IND_NYJ,NFL,IND,NYJ,away,4.0,4.0,10.0,43.0,SECONDARY,PAPER,4.0,whole_number_line,1,0.6790759056139628,0.04,0.7190759056139628,True,1,27,28,WIN,1.0,11.0,40.5-43,70-71.9%,archived_reference_line
2024_11_IND_NYJ-NYJ,2024,11,REG,2024-11-17,2024_11_IND_NYJ,NFL,NYJ,IND,home,-4.0,4.0,2.0,43.0,SECONDARY,PAPER,-4.0,whole_number_line,1,0.6790759056139628,0.04,0.7190759056139628,True,-1,27,28,WIN,1.0,1.0,40.5-43,70-71.9%,archived_reference_line
2024_11_JAX_DET-JAX,2024,11,REG,2024-11-17,2024_11_JAX_DET,NFL,JAX,DET,away,14.0,14.0,20.0,47.5,SECONDARY,PAPER,14.0,whole_number_line,0,0.6631416751252381,0.0,0.6631416751252381,False,-46,52,6,LOSS,0.0,-26.0,out-of-range,<70%,archived_reference_line
2024_11_JAX_DET-DET,2024,11,REG,2024-11-17,2024_11_JAX_DET,NFL,DET,JAX,home,-14.0,14.0,-8.0,47.5,SECONDARY,PAPER,-14.0,whole_number_line,0,0.6631416751252381,0.0,0.6631416751252381,False,46,52,6,WIN,1.0,38.0,out-of-range,<70%,archived_reference_line
2024_11_KC_BUF-KC,2024,11,REG,2024-11-17,2024_11_KC_BUF,NFL,KC,BUF,away,2.5,2.5,8.5,46.5,PRIMARY,LIVE,+2.5,,2,0.6664412874896358,0.07,0.7364412874896358,True,-9,30,21,LOSS,0.0,-0.5,45.5-47,72-73.9%,archived_reference_line
2024_11_KC_BUF-BUF,2024,11,REG,2024-11-17,2024_11_KC_BUF,NFL,BUF,KC,home,-2.5,2.5,3.5,46.5,SECONDARY,PAPER,-2.5,other_half_point_shape,1,0.6664412874896358,0.04,0.7064412874896359,True,9,30,21,WIN,1.0,12.5,45.5-47,70-71.9%,archived_reference_line
2024_11_LA_NE-LA,2024,11,REG,2024-11-17,2024_11_LA_NE,NFL,LA,NE,away,-4.0,-4.0,2.0,42.5,SECONDARY,PAPER,-4.0,whole_number_line,1,0.6810325947045215,0.04,0.7210325947045215,True,6,22,28,WIN,1.0,8.0,40.5-43,72-73.9%,archived_reference_line
2024_11_LA_NE-NE,2024,11,REG,2024-11-17,2024_11_LA_NE,NFL,NE,LA,home,4.0,-4.0,10.0,42.5,SECONDARY,PAPER,4.0,whole_number_line,1,0.6810325947045215,0.04,0.7210325947045215,True,-6,22,28,WIN,1.0,4.0,40.5-43,72-73.9%,archived_reference_line
2024_11_LV_MIA-LV,2024,11,REG,2024-11-17,2024_11_LV_MIA,NFL,LV,MIA,away,8.0,8.0,14.0,43.5,SECONDARY,PAPER,8.0,whole_number_line,0,0.6771593818727903,0.0,0.6771593818727903,True,-15,34,19,LOSS,0.0,-1.0,43.5-45,<70%,archived_reference_line
2024_11_LV_MIA-MIA,2024,11,REG,2024-11-17,2024_11_LV_MIA,NFL,MIA,LV,home,-8.0,8.0,-2.0,43.5,SECONDARY,PAPER,-8.0,whole_number_line,2,0.6771593818727903,0.07,0.7471593818727904,True,15,34,19,WIN,1.0,13.0,43.5-45,>=74%,archived_reference_line
2024_11_MIN_TEN-MIN,2024,11,REG,2024-11-17,2024_11_MIN_TEN,NFL,MIN,TEN,away,-6.0,-6.0,0.0,40.0,SECONDARY,PAPER,-6.0,whole_number_line,1,0.6914624612740131,0.04,0.7314624612740132,True,10,13,23,WIN,1.0,10.0,<=40,72-73.9%,archived_reference_line
2024_11_MIN_TEN-TEN,2024,11,REG,2024-11-17,2024_11_MIN_TEN,NFL,TEN,MIN,home,6.0,-6.0,12.0,40.0,SECONDARY,PAPER,6.0,whole_number_line,1,0.6914624612740131,0.04,0.7314624612740132,True,-10,13,23,WIN,1.0,2.0,<=40,72-73.9%,archived_reference_line
2024_11_SEA_SF-SEA,2024,11,REG,2024-11-17,2024_11_SEA_SF,NFL,SEA,SF,away,6.0,6.0,12.0,49.0,SECONDARY,PAPER,6.0,whole_number_line,1,0.6584230922771453,0.04,0.6984230922771454,False,3,17,20,WIN,1.0,15.0,out-of-range,<70%,archived_reference_line
2024_11_SEA_SF-SF,2024,11,REG,2024-11-17,2024_11_SEA_SF,NFL,SF,SEA,home,-6.0,6.0,0.0,49.0,SECONDARY,PAPER,-6.0,whole_number_line,1,0.6584230922771453,0.04,0.6984230922771454,False,-3,17,20,LOSS,0.0,-3.0,out-of-range,<70%,archived_reference_line
2024_11_WAS_PHI-WAS,2024,11,REG,2024-11-14,2024_11_WAS_PHI,NFL,WAS,PHI,away,4.5,4.5,10.5,49.5,SECONDARY,PAPER,4.5,other_half_point_shape,1,0.6569084959850626,0.04,0.6969084959850627,False,-8,26,18,WIN,1.0,2.5,out-of-range,<70%,archived_reference_line
2024_11_WAS_PHI-PHI,2024,11,REG,2024-11-14,2024_11_WAS_PHI,NFL,PHI,WAS,home,-4.5,4.5,1.5,49.5,SECONDARY,PAPER,-4.5,other_half_point_shape,1,0.6569084959850626,0.04,0.6969084959850627,False,8,26,18,WIN,1.0,9.5,out-of-range,<70%,archived_reference_line
2024_12_ARI_SEA-ARI,2024,12,REG,2024-11-24,2024_12_ARI_SEA,NFL,ARI,SEA,away,-1.0,-1.0,5.0,46.5,SECONDARY,PAPER,-1.0,whole_number_line,1,0.6664412874896358,0.04,0.7064412874896359,True,-10,16,6,LOSS,0.0,-5.0,45.5-47,70-71.9%,archived_reference_line
2024_12_ARI_SEA-SEA,2024,12,REG,2024-11-24,2024_12_ARI_SEA,NFL,SEA,ARI,home,1.0,-1.0,7.0,46.5,SECONDARY,PAPER,1.0,whole_number_line,1,0.6664412874896358,0.04,0.7064412874896359,True,10,16,6,WIN,1.0,17.0,45.5-47,70-71.9%,archived_reference_line
2024_12_BAL_LAC-BAL,2024,12,REG,2024-11-25,2024_12_BAL_LAC,NFL,BAL,LAC,away,-3.0,-3.0,3.0,51.0,SECONDARY,PAPER,-3.0,whole_number_line,1,0.6525288424809151,0.04,0.6925288424809152,False,7,23,30,WIN,1.0,10.0,out-of-range,<70%,archived_reference_line
2024_12_BAL_LAC-LAC,2024,12,REG,2024-11-25,2024_12_BAL_LAC,NFL,LAC,BAL,home,3.0,-3.0,9.0,51.0,SECONDARY,PAPER,3.0,whole_number_line,2,0.6525288424809151,0.07,0.7225288424809151,False,-7,23,30,WIN,1.0,2.0,out-of-range,72-73.9%,archived_reference_line
2024_12_DAL_WAS-DAL,2024,12,REG,2024-11-24,2024_12_DAL_WAS,NFL,DAL,WAS,away,10.5,10.5,16.5,45.0,SECONDARY,PAPER,10.5,other_half_point_shape,0,0.6716393567181147,0.0,0.6716393567181147,True,8,26,34,WIN,1.0,24.5,43.5-45,<70%,archived_reference_line
2024_12_DAL_WAS-WAS,2024,12,REG,2024-11-24,2024_12_DAL_WAS,NFL,WAS,DAL,home,-10.5,10.5,-4.5,45.0,SECONDARY,PAPER,-10.5,other_half_point_shape,1,0.6716393567181147,0.04,0.7116393567181147,True,-8,26,34,LOSS,0.0,-12.5,43.5-45,70-71.9%,archived_reference_line
2024_12_DEN_LV-DEN,2024,12,REG,2024-11-24,2024_12_DEN_LV,NFL,DEN,LV,away,-6.5,-6.5,-0.5,41.5,SECONDARY,PAPER,-6.5,other_half_point_shape,1,0.6850713499837193,0.04,0.7250713499837194,True,10,19,29,WIN,1.0,9.5,40.5-43,72-73.9%,archived_reference_line
2024_12_DEN_LV-LV,2024,12,REG,2024-11-24,2024_12_DEN_LV,NFL,LV,DEN,home,6.5,-6.5,12.5,41.5,SECONDARY,PAPER,6.5,other_half_point_shape,1,0.6850713499837193,0.04,0.7250713499837194,True,-10,19,29,WIN,1.0,2.5,40.5-43,72-73.9%,archived_reference_line
2024_12_DET_IND-DET,2024,12,REG,2024-11-24,2024_12_DET_IND,NFL,DET,IND,away,-7.0,-7.0,-1.0,50.5,SECONDARY,PAPER,-7.0,whole_number_line,2,0.6539620939680577,0.07,0.7239620939680578,False,18,6,24,WIN,1.0,17.0,out-of-range,72-73.9%,archived_reference_line
2024_12_DET_IND-IND,2024,12,REG,2024-11-24,2024_12_DET_IND,NFL,IND,DET,home,7.0,-7.0,13.0,50.5,SECONDARY,PAPER,7.0,whole_number_line,1,0.6539620939680577,0.04,0.6939620939680577,False,-18,6,24,LOSS,0.0,-5.0,out-of-range,<70%,archived_reference_line
2024_12_KC_CAR-KC,2024,12,REG,2024-11-24,2024_12_KC_CAR,NFL,KC,CAR,away,-11.0,-11.0,-5.0,43.0,SECONDARY,PAPER,-11.0,whole_number_line,1,0.6790759056139628,0.04,0.7190759056139628,True,3,27,30,LOSS,0.0,-2.0,40.5-43,70-71.9%,archived_reference_line
2024_12_KC_CAR-CAR,2024,12,REG,2024-11-24,2024_12_KC_CAR,NFL,CAR,KC,home,11.0,-11.0,17.0,43.0,SECONDARY,PAPER,11.0,whole_number_line,0,0.6790759056139628,0.0,0.6790759056139628,True,-3,27,30,WIN,1.0,14.0,40.5-43,<70%,archived_reference_line
2024_12_MIN_CHI-MIN,2024,12,REG,2024-11-24,2024_12_MIN_CHI,NFL,MIN,CHI,away,-3.0,-3.0,3.0,39.5,SECONDARY,PAPER,-3.0,whole_number_line,1,0.6936871859805309,0.04,0.733687185980531,True,3,27,30,WIN,1.0,6.0,<=40,72-73.9%,archived_reference_line
2024_12_MIN_CHI-CHI,2024,12,REG,2024-11-24,2024_12_MIN_CHI,NFL,CHI,MIN,home,3.0,-3.0,9.0,39.5,SECONDARY,PAPER,3.0,whole_number_line,2,0.6936871859805309,0.07,0.763687185980531,True,-3,27,30,WIN,1.0,6.0,<=40,>=74%,archived_reference_line
2024_12_NE_MIA-NE,2024,12,REG,2024-11-24,2024_12_NE_MIA,NFL,NE,MIA,away,7.5,7.5,13.5,46.0,SECONDARY,PAPER,7.5,other_half_point_shape,0,0.6681398851771989,0.0,0.6681398851771989,True,-19,34,15,LOSS,0.0,-5.5,45.5-47,<70%,archived_reference_line
2024_12_NE_MIA-MIA,2024,12,REG,2024-11-24,2024_12_NE_MIA,NFL,MIA,NE,home,-7.5,7.5,-1.5,46.0,PRIMARY,LIVE,-7.5,,2,0.6681398851771989,0.07,0.738139885177199,True,19,34,15,WIN,1.0,17.5,45.5-47,72-73.9%,archived_reference_line
2024_12_PHI_LA-PHI,2024,12,REG,2024-11-24,2024_12_PHI_LA,NFL,PHI,LA,away,-3.0,-3.0,3.0,49.0,SECONDARY,PAPER,-3.0,whole_number_line,1,0.6584230922771453,0.04,0.6984230922771454,False,17,20,37,WIN,1.0,20.0,out-of-range,<70%,archived_reference_line
2024_12_PHI_LA-LA,2024,12,REG,2024-11-24,2024_12_PHI_LA,NFL,LA,PHI,home,3.0,-3.0,9.0,49.0,SECONDARY,PAPER,3.0,whole_number_line,2,0.6584230922771453,0.07,0.7284230922771453,False,-17,20,37,LOSS,0.0,-8.0,out-of-range,72-73.9%,archived_reference_line
2024_12_PIT_CLE-PIT,2024,12,REG,2024-11-21,2024_12_PIT_CLE,NFL,PIT,CLE,away,-3.5,-3.5,2.5,36.5,SECONDARY,PAPER,-3.5,other_half_point_shape,1,0.7081352362117709,0.04,0.7481352362117709,True,-5,24,19,LOSS,0.0,-2.5,<=40,>=74%,archived_reference_line
2024_12_PIT_CLE-CLE,2024,12,REG,2024-11-21,2024_12_PIT_CLE,NFL,CLE,PIT,home,3.5,-3.5,9.5,36.5,SECONDARY,PAPER,3.5,other_half_point_shape,1,0.7081352362117709,0.04,0.7481352362117709,True,5,24,19,WIN,1.0,14.5,<=40,>=74%,archived_reference_line
2024_12_SF_GB-SF,2024,12,REG,2024-11-24,2024_12_SF_GB,NFL,SF,GB,away,6.5,6.5,12.5,44.5,SECONDARY,PAPER,6.5,other_half_point_shape,1,0.6734422108808652,0.04,0.7134422108808652,True,-28,38,10,LOSS,0.0,-15.5,43.5-45,70-71.9%,archived_reference_line
2024_12_SF_GB-GB,2024,12,REG,2024-11-24,2024_12_SF_GB,NFL,GB,SF,home,-6.5,6.5,-0.5,44.5,SECONDARY,PAPER,-6.5,other_half_point_shape,1,0.6734422108808652,0.04,0.7134422108808652,True,28,38,10,WIN,1.0,27.5,43.5-45,70-71.9%,archived_reference_line
2024_12_TB_NYG-TB,2024,12,REG,2024-11-24,2024_12_TB_NYG,NFL,TB,NYG,away,-6.5,-6.5,-0.5,40.5,SECONDARY,PAPER,-6.5,other_half_point_shape,1,0.6892858751269062,0.04,0.7292858751269062,True,23,7,30,WIN,1.0,22.5,40.5-43,72-73.9%,archived_reference_line
2024_12_TB_NYG-NYG,2024,12,REG,2024-11-24,2024_12_TB_NYG,NFL,NYG,TB,home,6.5,-6.5,12.5,40.5,SECONDARY,PAPER,6.5,other_half_point_shape,1,0.6892858751269062,0.04,0.7292858751269062,True,-23,7,30,LOSS,0.0,-10.5,40.5-43,72-73.9%,archived_reference_line
2024_12_TEN_HOU-TEN,2024,12,REG,2024-11-24,2024_12_TEN_HOU,NFL,TEN,HOU,away,8.0,8.0,14.0,40.5,SECONDARY,PAPER,8.0,whole_number_line,0,0.6892858751269062,0.0,0.6892858751269062,True,5,27,32,WIN,1.0,19.0,40.5-43,<70%,archived_reference_line
2024_12_TEN_HOU-HOU,2024,12,REG,2024-11-24,2024_12_TEN_HOU,NFL,HOU,TEN,home,-8.0,8.0,-2.0,40.5,SECONDARY,PAPER,-8.0,whole_number_line,2,0.6892858751269062,0.07,0.7592858751269063,True,-5,27,32,LOSS,0.0,-7.0,40.5-43,>=74%,archived_reference_line
2024_13_ARI_MIN-ARI,2024,13,REG,2024-12-01,2024_13_ARI_MIN,NFL,ARI,MIN,away,3.5,3.5,9.5,45.5,SECONDARY,PAPER,3.5,other_half_point_shape,1,0.6698722507821999,0.04,0.7098722507822,True,-1,23,22,WIN,1.0,8.5,45.5-47,70-71.9%,archived_reference_line
2024_13_ARI_MIN-MIN,2024,13,REG,2024-12-01,2024_13_ARI_MIN,NFL,MIN,ARI,home,-3.5,3.5,2.5,45.5,SECONDARY,PAPER,-3.5,other_half_point_shape,1,0.6698722507821999,0.04,0.7098722507822,True,1,23,22,WIN,1.0,3.5,45.5-47,70-71.9%,archived_reference_line
2024_13_CHI_DET-CHI,2024,13,REG,2024-11-28,2024_13_CHI_DET,NFL,CHI,DET,away,9.5,9.5,15.5,47.5,SECONDARY,PAPER,9.5,other_half_point_shape,0,0.6631416751252381,0.0,0.6631416751252381,False,-3,23,20,WIN,1.0,12.5,out-of-range,<70%,archived_reference_line
2024_13_CHI_DET-DET,2024,13,REG,2024-11-28,2024_13_CHI_DET,NFL,DET,CHI,home,-9.5,9.5,-3.5,47.5,SECONDARY,PAPER,-9.5,other_half_point_shape,1,0.6631416751252381,0.04,0.7031416751252382,False,3,23,20,LOSS,0.0,-0.5,out-of-range,70-71.9%,archived_reference_line
2024_13_CLE_DEN-CLE,2024,13,REG,2024-12-02,2024_13_CLE_DEN,NFL,CLE,DEN,away,6.5,6.5,12.5,41.5,SECONDARY,PAPER,6.5,other_half_point_shape,1,0.6850713499837193,0.04,0.7250713499837194,True,-9,41,32,WIN,1.0,3.5,40.5-43,72-73.9%,archived_reference_line
2024_13_CLE_DEN-DEN,2024,13,REG,2024-12-02,2024_13_CLE_DEN,NFL,DEN,CLE,home,-6.5,6.5,-0.5,41.5,SECONDARY,PAPER,-6.5,other_half_point_shape,1,0.6850713499837193,0.04,0.7250713499837194,True,9,41,32,WIN,1.0,8.5,40.5-43,72-73.9%,archived_reference_line
2024_13_HOU_JAX-HOU,2024,13,REG,2024-12-01,2024_13_HOU_JAX,NFL,HOU,JAX,away,-3.5,-3.5,2.5,44.5,SECONDARY,PAPER,-3.5,other_half_point_shape,1,0.6734422108808652,0.04,0.7134422108808652,True,3,20,23,WIN,1.0,5.5,43.5-45,70-71.9%,archived_reference_line
2024_13_HOU_JAX-JAX,2024,13,REG,2024-12-01,2024_13_HOU_JAX,NFL,JAX,HOU,home,3.5,-3.5,9.5,44.5,SECONDARY,PAPER,3.5,other_half_point_shape,1,0.6734422108808652,0.04,0.7134422108808652,True,-3,20,23,WIN,1.0,6.5,43.5-45,70-71.9%,archived_reference_line
2024_13_IND_NE-IND,2024,13,REG,2024-12-01,2024_13_IND_NE,NFL,IND,NE,away,-2.5,-2.5,3.5,41.5,SECONDARY,PAPER,-2.5,other_half_point_shape,1,0.6850713499837193,0.04,0.7250713499837194,True,1,24,25,WIN,1.0,4.5,40.5-43,72-73.9%,archived_reference_line
2024_13_IND_NE-NE,2024,13,REG,2024-12-01,2024_13_IND_NE,NFL,NE,IND,home,2.5,-2.5,8.5,41.5,PRIMARY,LIVE,+2.5,,2,0.6850713499837193,0.07,0.7550713499837194,True,-1,24,25,WIN,1.0,7.5,40.5-43,>=74%,archived_reference_line
2024_13_LAC_ATL-LAC,2024,13,REG,2024-12-01,2024_13_LAC_ATL,NFL,LAC,ATL,away,-1.0,-1.0,5.0,47.0,SECONDARY,PAPER,-1.0,whole_number_line,1,0.664775519361947,0.04,0.704775519361947,True,4,13,17,WIN,1.0,9.0,45.5-47,70-71.9%,archived_reference_line
2024_13_LAC_ATL-ATL,2024,13,REG,2024-12-01,2024_13_LAC_ATL,NFL,ATL,LAC,home,1.0,-1.0,7.0,47.0,SECONDARY,PAPER,1.0,whole_number_line,1,0.664775519361947,0.04,0.704775519361947,True,-4,13,17,WIN,1.0,3.0,45.5-47,70-71.9%,archived_reference_line
2024_13_LA_NO-LA,2024,13,REG,2024-12-01,2024_13_LA_NO,NFL,LA,NO,away,-2.5,-2.5,3.5,48.5,SECONDARY,PAPER,-2.5,other_half_point_shape,1,0.6599662912879087,0.04,0.6999662912879088,False,7,14,21,WIN,1.0,10.5,out-of-range,<70%,archived_reference_line
2024_13_LA_NO-NO,2024,13,REG,2024-12-01,2024_13_LA_NO,NFL,NO,LA,home,2.5,-2.5,8.5,48.5,PRIMARY,LIVE,+2.5,,2,0.6599662912879087,0.07,0.7299662912879088,False,-7,14,21,WIN,1.0,1.5,out-of-range,72-73.9%,archived_reference_line
2024_13_LV_KC-LV,2024,13,REG,2024-11-29,2024_13_LV_KC,NFL,LV,KC,away,13.5,13.5,19.5,42.0,SECONDARY,PAPER,13.5,other_half_point_shape,0,0.6830306580593271,0.0,0.6830306580593271,True,-2,19,17,WIN,1.0,17.5,40.5-43,<70%,archived_reference_line
2024_13_LV_KC-KC,2024,13,REG,2024-11-29,2024_13_LV_KC,NFL,KC,LV,home,-13.5,13.5,-7.5,42.0,SECONDARY,PAPER,-13.5,other_half_point_shape,0,0.6830306580593271,0.0,0.6830306580593271,True,2,19,17,LOSS,0.0,-5.5,40.5-43,<70%,archived_reference_line
2024_13_MIA_GB-MIA,2024,13,REG,2024-11-28,2024_13_MIA_GB,NFL,MIA,GB,away,3.5,3.5,9.5,47.5,SECONDARY,PAPER,3.5,other_half_point_shape,1,0.6631416751252381,0.04,0.7031416751252382,False,-13,30,17,LOSS,0.0,-3.5,out-of-range,70-71.9%,archived_reference_line
2024_13_MIA_GB-GB,2024,13,REG,2024-11-28,2024_13_MIA_GB,NFL,GB,MIA,home,-3.5,3.5,2.5,47.5,SECONDARY,PAPER,-3.5,other_half_point_shape,1,0.6631416751252381,0.04,0.7031416751252382,False,13,30,17,WIN,1.0,15.5,out-of-range,70-71.9%,archived_reference_line
2024_13_NYG_DAL-NYG,2024,13,REG,2024-11-28,2024_13_NYG_DAL,NFL,NYG,DAL,away,4.5,4.5,10.5,39.0,SECONDARY,PAPER,4.5,other_half_point_shape,1,0.6959615602670386,0.04,0.7359615602670386,True,-7,27,20,WIN,1.0,3.5,<=40,72-73.9%,archived_reference_line
2024_13_NYG_DAL-DAL,2024,13,REG,2024-11-28,2024_13_NYG_DAL,NFL,DAL,NYG,home,-4.5,4.5,1.5,39.0,SECONDARY,PAPER,-4.5,other_half_point_shape,1,0.6959615602670386,0.04,0.7359615602670386,True,7,27,20,WIN,1.0,8.5,<=40,72-73.9%,archived_reference_line
2024_13_PHI_BAL-PHI,2024,13,REG,2024-12-01,2024_13_PHI_BAL,NFL,PHI,BAL,away,3.0,3.0,9.0,50.0,SECONDARY,PAPER,3.0,whole_number_line,2,0.6554217416103242,0.07,0.7254217416103241,False,5,19,24,WIN,1.0,14.0,out-of-range,72-73.9%,archived_reference_line
2024_13_PHI_BAL-BAL,2024,13,REG,2024-12-01,2024_13_PHI_BAL,NFL,BAL,PHI,home,-3.0,3.0,3.0,50.0,SECONDARY,PAPER,-3.0,whole_number_line,1,0.6554217416103242,0.04,0.6954217416103242,False,-5,19,24,LOSS,0.0,-2.0,out-of-range,<70%,archived_reference_line
2024_13_PIT_CIN-PIT,2024,13,REG,2024-12-01,2024_13_PIT_CIN,NFL,PIT,CIN,away,3.0,3.0,9.0,46.0,SECONDARY,PAPER,3.0,whole_number_line,2,0.6681398851771989,0.07,0.738139885177199,True,6,38,44,WIN,1.0,15.0,45.5-47,72-73.9%,archived_reference_line
2024_13_PIT_CIN-CIN,2024,13,REG,2024-12-01,2024_13_PIT_CIN,NFL,CIN,PIT,home,-3.0,3.0,3.0,46.0,SECONDARY,PAPER,-3.0,whole_number_line,1,0.6681398851771989,0.04,0.708139885177199,True,-6,38,44,LOSS,0.0,-3.0,45.5-47,70-71.9%,archived_reference_line
2024_13_SEA_NYJ-SEA,2024,13,REG,2024-12-01,2024_13_SEA_NYJ,NFL,SEA,NYJ,away,1.0,1.0,7.0,41.5,SECONDARY,PAPER,1.0,whole_number_line,1,0.6850713499837193,0.04,0.7250713499837194,True,5,21,26,WIN,1.0,12.0,40.5-43,72-73.9%,archived_reference_line
2024_13_SEA_NYJ-NYJ,2024,13,REG,2024-12-01,2024_13_SEA_NYJ,NFL,NYJ,SEA,home,-1.0,1.0,5.0,41.5,SECONDARY,PAPER,-1.0,whole_number_line,1,0.6850713499837193,0.04,0.7250713499837194,True,-5,21,26,PUSH,,0.0,40.5-43,72-73.9%,archived_reference_line
2024_13_SF_BUF-SF,2024,13,REG,2024-12-01,2024_13_SF_BUF,NFL,SF,BUF,away,6.5,6.5,12.5,45.0,SECONDARY,PAPER,6.5,other_half_point_shape,1,0.6716393567181147,0.04,0.7116393567181147,True,-25,35,10,LOSS,0.0,-12.5,43.5-45,70-71.9%,archived_reference_line
2024_13_SF_BUF-BUF,2024,13,REG,2024-12-01,2024_13_SF_BUF,NFL,BUF,SF,home,-6.5,6.5,-0.5,45.0,SECONDARY,PAPER,-6.5,other_half_point_shape,1,0.6716393567181147,0.04,0.7116393567181147,True,25,35,10,WIN,1.0,24.5,43.5-45,70-71.9%,archived_reference_line
2024_13_TB_CAR-TB,2024,13,REG,2024-12-01,2024_13_TB_CAR,NFL,TB,CAR,away,-6.5,-6.5,-0.5,46.0,SECONDARY,PAPER,-6.5,other_half_point_shape,1,0.6681398851771989,0.04,0.708139885177199,True,3,23,26,WIN,1.0,2.5,45.5-47,70-71.9%,archived_reference_line
2024_13_TB_CAR-CAR,2024,13,REG,2024-12-01,2024_13_TB_CAR,NFL,CAR,TB,home,6.5,-6.5,12.5,46.0,SECONDARY,PAPER,6.5,other_half_point_shape,1,0.6681398851771989,0.04,0.708139885177199,True,-3,23,26,WIN,1.0,9.5,45.5-47,70-71.9%,archived_reference_line
2024_13_TEN_WAS-TEN,2024,13,REG,2024-12-01,2024_13_TEN_WAS,NFL,TEN,WAS,away,6.0,6.0,12.0,45.0,SECONDARY,PAPER,6.0,whole_number_line,1,0.6716393567181147,0.04,0.7116393567181147,True,-23,42,19,LOSS,0.0,-11.0,43.5-45,70-71.9%,archived_reference_line
2024_13_TEN_WAS-WAS,2024,13,REG,2024-12-01,2024_13_TEN_WAS,NFL,WAS,TEN,home,-6.0,6.0,0.0,45.0,SECONDARY,PAPER,-6.0,whole_number_line,1,0.6716393567181147,0.04,0.7116393567181147,True,23,42,19,WIN,1.0,23.0,43.5-45,70-71.9%,archived_reference_line
2024_14_ATL_MIN-ATL,2024,14,REG,2024-12-08,2024_14_ATL_MIN,NFL,ATL,MIN,away,6.0,6.0,12.0,46.5,SECONDARY,PAPER,6.0,whole_number_line,1,0.6664412874896358,0.04,0.7064412874896359,True,-21,42,21,LOSS,0.0,-9.0,45.5-47,70-71.9%,archived_reference_line
2024_14_ATL_MIN-MIN,2024,14,REG,2024-12-08,2024_14_ATL_MIN,NFL,MIN,ATL,home,-6.0,6.0,0.0,46.5,SECONDARY,PAPER,-6.0,whole_number_line,1,0.6664412874896358,0.04,0.7064412874896359,True,21,42,21,WIN,1.0,21.0,45.5-47,70-71.9%,archived_reference_line
2024_14_BUF_LA-BUF,2024,14,REG,2024-12-08,2024_14_BUF_LA,NFL,BUF,LA,away,-3.5,-3.5,2.5,49.5,SECONDARY,PAPER,-3.5,other_half_point_shape,1,0.6569084959850626,0.04,0.6969084959850627,False,-2,44,42,WIN,1.0,0.5,out-of-range,<70%,archived_reference_line
2024_14_BUF_LA-LA,2024,14,REG,2024-12-08,2024_14_BUF_LA,NFL,LA,BUF,home,3.5,-3.5,9.5,49.5,SECONDARY,PAPER,3.5,other_half_point_shape,1,0.6569084959850626,0.04,0.6969084959850627,False,2,44,42,WIN,1.0,11.5,out-of-range,<70%,archived_reference_line
2024_14_CAR_PHI-CAR,2024,14,REG,2024-12-08,2024_14_CAR_PHI,NFL,CAR,PHI,away,14.0,14.0,20.0,44.5,SECONDARY,PAPER,14.0,whole_number_line,0,0.6734422108808652,0.0,0.6734422108808652,True,-6,22,16,WIN,1.0,14.0,43.5-45,<70%,archived_reference_line
2024_14_CAR_PHI-PHI,2024,14,REG,2024-12-08,2024_14_CAR_PHI,NFL,PHI,CAR,home,-14.0,14.0,-8.0,44.5,SECONDARY,PAPER,-14.0,whole_number_line,0,0.6734422108808652,0.0,0.6734422108808652,True,6,22,16,LOSS,0.0,-2.0,43.5-45,<70%,archived_reference_line
2024_14_CHI_SF-CHI,2024,14,REG,2024-12-08,2024_14_CHI_SF,NFL,CHI,SF,away,3.0,3.0,9.0,43.5,SECONDARY,PAPER,3.0,whole_number_line,2,0.6771593818727903,0.07,0.7471593818727904,True,-25,38,13,LOSS,0.0,-16.0,43.5-45,>=74%,archived_reference_line
2024_14_CHI_SF-SF,2024,14,REG,2024-12-08,2024_14_CHI_SF,NFL,SF,CHI,home,-3.0,3.0,3.0,43.5,SECONDARY,PAPER,-3.0,whole_number_line,1,0.6771593818727903,0.04,0.7171593818727904,True,25,38,13,WIN,1.0,28.0,43.5-45,70-71.9%,archived_reference_line
2024_14_CIN_DAL-CIN,2024,14,REG,2024-12-09,2024_14_CIN_DAL,NFL,CIN,DAL,away,-5.0,-5.0,1.0,51.0,SECONDARY,PAPER,-5.0,whole_number_line,1,0.6525288424809151,0.04,0.6925288424809152,False,7,20,27,WIN,1.0,8.0,out-of-range,<70%,archived_reference_line
2024_14_CIN_DAL-DAL,2024,14,REG,2024-12-09,2024_14_CIN_DAL,NFL,DAL,CIN,home,5.0,-5.0,11.0,51.0,SECONDARY,PAPER,5.0,whole_number_line,1,0.6525288424809151,0.04,0.6925288424809152,False,-7,20,27,WIN,1.0,4.0,out-of-range,<70%,archived_reference_line
2024_14_CLE_PIT-CLE,2024,14,REG,2024-12-08,2024_14_CLE_PIT,NFL,CLE,PIT,away,6.0,6.0,12.0,43.0,SECONDARY,PAPER,6.0,whole_number_line,1,0.6790759056139628,0.04,0.7190759056139628,True,-13,27,14,LOSS,0.0,-1.0,40.5-43,70-71.9%,archived_reference_line
2024_14_CLE_PIT-PIT,2024,14,REG,2024-12-08,2024_14_CLE_PIT,NFL,PIT,CLE,home,-6.0,6.0,0.0,43.0,SECONDARY,PAPER,-6.0,whole_number_line,1,0.6790759056139628,0.04,0.7190759056139628,True,13,27,14,WIN,1.0,13.0,40.5-43,70-71.9%,archived_reference_line
2024_14_GB_DET-GB,2024,14,REG,2024-12-05,2024_14_GB_DET,NFL,GB,DET,away,3.0,3.0,9.0,53.0,SECONDARY,PAPER,3.0,whole_number_line,2,0.6470463948736449,0.07,0.717046394873645,False,-3,34,31,WIN,1.0,6.0,out-of-range,70-71.9%,archived_reference_line
2024_14_GB_DET-DET,2024,14,REG,2024-12-05,2024_14_GB_DET,NFL,DET,GB,home,-3.0,3.0,3.0,53.0,SECONDARY,PAPER,-3.0,whole_number_line,1,0.6470463948736449,0.04,0.6870463948736449,False,3,34,31,WIN,1.0,6.0,out-of-range,<70%,archived_reference_line
2024_14_JAX_TEN-JAX,2024,14,REG,2024-12-08,2024_14_JAX_TEN,NFL,JAX,TEN,away,3.0,3.0,9.0,40.0,SECONDARY,PAPER,3.0,whole_number_line,2,0.6914624612740131,0.07,0.7614624612740131,True,4,6,10,WIN,1.0,13.0,<=40,>=74%,archived_reference_line
2024_14_JAX_TEN-TEN,2024,14,REG,2024-12-08,2024_14_JAX_TEN,NFL,TEN,JAX,home,-3.0,3.0,3.0,40.0,SECONDARY,PAPER,-3.0,whole_number_line,1,0.6914624612740131,0.04,0.7314624612740132,True,-4,6,10,LOSS,0.0,-1.0,<=40,72-73.9%,archived_reference_line
2024_14_LAC_KC-LAC,2024,14,REG,2024-12-08,2024_14_LAC_KC,NFL,LAC,KC,away,5.0,5.0,11.0,43.5,SECONDARY,PAPER,5.0,whole_number_line,1,0.6771593818727903,0.04,0.7171593818727904,True,-2,19,17,WIN,1.0,9.0,43.5-45,70-71.9%,archived_reference_line
2024_14_LAC_KC-KC,2024,14,REG,2024-12-08,2024_14_LAC_KC,NFL,KC,LAC,home,-5.0,5.0,1.0,43.5,SECONDARY,PAPER,-5.0,whole_number_line,1,0.6771593818727903,0.04,0.7171593818727904,True,2,19,17,WIN,1.0,3.0,43.5-45,70-71.9%,archived_reference_line
2024_14_LV_TB-LV,2024,14,REG,2024-12-08,2024_14_LV_TB,NFL,LV,TB,away,7.0,7.0,13.0,47.0,SECONDARY,PAPER,7.0,whole_number_line,1,0.664775519361947,0.04,0.704775519361947,True,-15,28,13,LOSS,0.0,-2.0,45.5-47,70-71.9%,archived_reference_line
2024_14_LV_TB-TB,2024,14,REG,2024-12-08,2024_14_LV_TB,NFL,TB,LV,home,-7.0,7.0,-1.0,47.0,SECONDARY,PAPER,-7.0,whole_number_line,2,0.664775519361947,0.07,0.734775519361947,True,15,28,13,WIN,1.0,14.0,45.5-47,72-73.9%,archived_reference_line
2024_14_NO_NYG-NO,2024,14,REG,2024-12-08,2024_14_NO_NYG,NFL,NO,NYG,away,-5.5,-5.5,0.5,41.0,SECONDARY,PAPER,-5.5,other_half_point_shape,1,0.6871559720637167,0.04,0.7271559720637167,True,3,11,14,WIN,1.0,3.5,40.5-43,72-73.9%,archived_reference_line
2024_14_NO_NYG-NYG,2024,14,REG,2024-12-08,2024_14_NO_NYG,NFL,NYG,NO,home,5.5,-5.5,11.5,41.0,SECONDARY,PAPER,5.5,other_half_point_shape,1,0.6871559720637167,0.04,0.7271559720637167,True,-3,11,14,WIN,1.0,8.5,40.5-43,72-73.9%,archived_reference_line
2024_14_NYJ_MIA-NYJ,2024,14,REG,2024-12-08,2024_14_NYJ_MIA,NFL,NYJ,MIA,away,6.5,6.5,12.5,45.0,SECONDARY,PAPER,6.5,other_half_point_shape,1,0.6716393567181147,0.04,0.7116393567181147,True,-6,32,26,WIN,1.0,6.5,43.5-45,70-71.9%,archived_reference_line
2024_14_NYJ_MIA-MIA,2024,14,REG,2024-12-08,2024_14_NYJ_MIA,NFL,MIA,NYJ,home,-6.5,6.5,-0.5,45.0,SECONDARY,PAPER,-6.5,other_half_point_shape,1,0.6716393567181147,0.04,0.7116393567181147,True,6,32,26,WIN,1.0,5.5,43.5-45,70-71.9%,archived_reference_line
2024_14_SEA_ARI-SEA,2024,14,REG,2024-12-08,2024_14_SEA_ARI,NFL,SEA,ARI,away,3.0,3.0,9.0,45.5,SECONDARY,PAPER,3.0,whole_number_line,2,0.6698722507821999,0.07,0.7398722507822,True,12,18,30,WIN,1.0,21.0,45.5-47,72-73.9%,archived_reference_line
2024_14_SEA_ARI-ARI,2024,14,REG,2024-12-08,2024_14_SEA_ARI,NFL,ARI,SEA,home,-3.0,3.0,3.0,45.5,SECONDARY,PAPER,-3.0,whole_number_line,1,0.6698722507821999,0.04,0.7098722507822,True,-12,18,30,LOSS,0.0,-9.0,45.5-47,70-71.9%,archived_reference_line
2024_15_ATL_LV-ATL,2024,15,REG,2024-12-16,2024_15_ATL_LV,NFL,ATL,LV,away,-6.5,-6.5,-0.5,44.5,SECONDARY,PAPER,-6.5,other_half_point_shape,1,0.6734422108808652,0.04,0.7134422108808652,True,6,9,15,WIN,1.0,5.5,43.5-45,70-71.9%,archived_reference_line
2024_15_ATL_LV-LV,2024,15,REG,2024-12-16,2024_15_ATL_LV,NFL,LV,ATL,home,6.5,-6.5,12.5,44.5,SECONDARY,PAPER,6.5,other_half_point_shape,1,0.6734422108808652,0.04,0.7134422108808652,True,-6,9,15,WIN,1.0,6.5,43.5-45,70-71.9%,archived_reference_line
2024_15_BAL_NYG-BAL,2024,15,REG,2024-12-15,2024_15_BAL_NYG,NFL,BAL,NYG,away,-16.5,-16.5,-10.5,43.5,SECONDARY,PAPER,-16.5,other_half_point_shape,0,0.6771593818727903,0.0,0.6771593818727903,True,21,14,35,WIN,1.0,10.5,43.5-45,<70%,archived_reference_line
2024_15_BAL_NYG-NYG,2024,15,REG,2024-12-15,2024_15_BAL_NYG,NFL,NYG,BAL,home,16.5,-16.5,22.5,43.5,SECONDARY,PAPER,16.5,other_half_point_shape,0,0.6771593818727903,0.0,0.6771593818727903,True,-21,14,35,WIN,1.0,1.5,43.5-45,<70%,archived_reference_line
2024_15_BUF_DET-BUF,2024,15,REG,2024-12-15,2024_15_BUF_DET,NFL,BUF,DET,away,2.5,2.5,8.5,55.5,PRIMARY,LIVE,+2.5,,2,0.64071116703589,0.07,0.7107111670358901,False,6,42,48,WIN,1.0,14.5,out-of-range,70-71.9%,archived_reference_line
2024_15_BUF_DET-DET,2024,15,REG,2024-12-15,2024_15_BUF_DET,NFL,DET,BUF,home,-2.5,2.5,3.5,55.5,SECONDARY,PAPER,-2.5,other_half_point_shape,1,0.64071116703589,0.04,0.6807111670358901,False,-6,42,48,LOSS,0.0,-2.5,out-of-range,<70%,archived_reference_line
2024_15_CHI_MIN-CHI,2024,15,REG,2024-12-16,2024_15_CHI_MIN,NFL,CHI,MIN,away,7.0,7.0,13.0,43.5,SECONDARY,PAPER,7.0,whole_number_line,1,0.6771593818727903,0.04,0.7171593818727904,True,-18,30,12,LOSS,0.0,-5.0,43.5-45,70-71.9%,archived_reference_line
2024_15_CHI_MIN-MIN,2024,15,REG,2024-12-16,2024_15_CHI_MIN,NFL,MIN,CHI,home,-7.0,7.0,-1.0,43.5,SECONDARY,PAPER,-7.0,whole_number_line,2,0.6771593818727903,0.07,0.7471593818727904,True,18,30,12,WIN,1.0,17.0,43.5-45,>=74%,archived_reference_line
2024_15_CIN_TEN-CIN,2024,15,REG,2024-12-15,2024_15_CIN_TEN,NFL,CIN,TEN,away,-6.0,-6.0,0.0,46.5,SECONDARY,PAPER,-6.0,whole_number_line,1,0.6664412874896358,0.04,0.7064412874896359,True,10,27,37,WIN,1.0,10.0,45.5-47,70-71.9%,archived_reference_line
2024_15_CIN_TEN-TEN,2024,15,REG,2024-12-15,2024_15_CIN_TEN,NFL,TEN,CIN,home,6.0,-6.0,12.0,46.5,SECONDARY,PAPER,6.0,whole_number_line,1,0.6664412874896358,0.04,0.7064412874896359,True,-10,27,37,WIN,1.0,2.0,45.5-47,70-71.9%,archived_reference_line
2024_15_DAL_CAR-DAL,2024,15,REG,2024-12-15,2024_15_DAL_CAR,NFL,DAL,CAR,away,2.5,2.5,8.5,42.0,PRIMARY,LIVE,+2.5,,2,0.6830306580593271,0.07,0.7530306580593271,True,16,14,30,WIN,1.0,24.5,40.5-43,>=74%,archived_reference_line
2024_15_DAL_CAR-CAR,2024,15,REG,2024-12-15,2024_15_DAL_CAR,NFL,CAR,DAL,home,-2.5,2.5,3.5,42.0,SECONDARY,PAPER,-2.5,other_half_point_shape,1,0.6830306580593271,0.04,0.7230306580593271,True,-16,14,30,LOSS,0.0,-12.5,40.5-43,72-73.9%,archived_reference_line
2024_15_GB_SEA-GB,2024,15,REG,2024-12-15,2024_15_GB_SEA,NFL,GB,SEA,away,-3.0,-3.0,3.0,48.0,SECONDARY,PAPER,-3.0,whole_number_line,1,0.6615388804893103,0.04,0.7015388804893103,False,17,13,30,WIN,1.0,20.0,out-of-range,70-71.9%,archived_reference_line
2024_15_GB_SEA-SEA,2024,15,REG,2024-12-15,2024_15_GB_SEA,NFL,SEA,GB,home,3.0,-3.0,9.0,48.0,SECONDARY,PAPER,3.0,whole_number_line,2,0.6615388804893103,0.07,0.7315388804893104,False,-17,13,30,LOSS,0.0,-8.0,out-of-range,72-73.9%,archived_reference_line
2024_15_IND_DEN-IND,2024,15,REG,2024-12-15,2024_15_IND_DEN,NFL,IND,DEN,away,4.5,4.5,10.5,43.5,SECONDARY,PAPER,4.5,other_half_point_shape,1,0.6771593818727903,0.04,0.7171593818727904,True,-18,31,13,LOSS,0.0,-7.5,43.5-45,70-71.9%,archived_reference_line
2024_15_IND_DEN-DEN,2024,15,REG,2024-12-15,2024_15_IND_DEN,NFL,DEN,IND,home,-4.5,4.5,1.5,43.5,SECONDARY,PAPER,-4.5,other_half_point_shape,1,0.6771593818727903,0.04,0.7171593818727904,True,18,31,13,WIN,1.0,19.5,43.5-45,70-71.9%,archived_reference_line
2024_15_KC_CLE-KC,2024,15,REG,2024-12-15,2024_15_KC_CLE,NFL,KC,CLE,away,-4.5,-4.5,1.5,41.5,SECONDARY,PAPER,-4.5,other_half_point_shape,1,0.6850713499837193,0.04,0.7250713499837194,True,14,7,21,WIN,1.0,15.5,40.5-43,72-73.9%,archived_reference_line
2024_15_KC_CLE-CLE,2024,15,REG,2024-12-15,2024_15_KC_CLE,NFL,CLE,KC,home,4.5,-4.5,10.5,41.5,SECONDARY,PAPER,4.5,other_half_point_shape,1,0.6850713499837193,0.04,0.7250713499837194,True,-14,7,21,LOSS,0.0,-3.5,40.5-43,72-73.9%,archived_reference_line
2024_15_LA_SF-LA,2024,15,REG,2024-12-12,2024_15_LA_SF,NFL,LA,SF,away,3.0,3.0,9.0,48.5,SECONDARY,PAPER,3.0,whole_number_line,2,0.6599662912879087,0.07,0.7299662912879088,False,6,6,12,WIN,1.0,15.0,out-of-range,72-73.9%,archived_reference_line
2024_15_LA_SF-SF,2024,15,REG,2024-12-12,2024_15_LA_SF,NFL,SF,LA,home,-3.0,3.0,3.0,48.5,SECONDARY,PAPER,-3.0,whole_number_line,1,0.6599662912879087,0.04,0.6999662912879088,False,-6,6,12,LOSS,0.0,-3.0,out-of-range,<70%,archived_reference_line
2024_15_MIA_HOU-MIA,2024,15,REG,2024-12-15,2024_15_MIA_HOU,NFL,MIA,HOU,away,2.5,2.5,8.5,46.5,PRIMARY,LIVE,+2.5,,2,0.6664412874896358,0.07,0.7364412874896358,True,-8,20,12,WIN,1.0,0.5,45.5-47,72-73.9%,archived_reference_line
2024_15_MIA_HOU-HOU,2024,15,REG,2024-12-15,2024_15_MIA_HOU,NFL,HOU,MIA,home,-2.5,2.5,3.5,46.5,SECONDARY,PAPER,-2.5,other_half_point_shape,1,0.6664412874896358,0.04,0.7064412874896359,True,8,20,12,WIN,1.0,11.5,45.5-47,70-71.9%,archived_reference_line
2024_15_NE_ARI-NE,2024,15,REG,2024-12-15,2024_15_NE_ARI,NFL,NE,ARI,away,6.0,6.0,12.0,46.5,SECONDARY,PAPER,6.0,whole_number_line,1,0.6664412874896358,0.04,0.7064412874896359,True,-13,30,17,LOSS,0.0,-1.0,45.5-47,70-71.9%,archived_reference_line
2024_15_NE_ARI-ARI,2024,15,REG,2024-12-15,2024_15_NE_ARI,NFL,ARI,NE,home,-6.0,6.0,0.0,46.5,SECONDARY,PAPER,-6.0,whole_number_line,1,0.6664412874896358,0.04,0.7064412874896359,True,13,30,17,WIN,1.0,13.0,45.5-47,70-71.9%,archived_reference_line
2024_15_NYJ_JAX-NYJ,2024,15,REG,2024-12-15,2024_15_NYJ_JAX,NFL,NYJ,JAX,away,-3.5,-3.5,2.5,41.5,SECONDARY,PAPER,-3.5,other_half_point_shape,1,0.6850713499837193,0.04,0.7250713499837194,True,7,25,32,WIN,1.0,9.5,40.5-43,72-73.9%,archived_reference_line
2024_15_NYJ_JAX-JAX,2024,15,REG,2024-12-15,2024_15_NYJ_JAX,NFL,JAX,NYJ,home,3.5,-3.5,9.5,41.5,SECONDARY,PAPER,3.5,other_half_point_shape,1,0.6850713499837193,0.04,0.7250713499837194,True,-7,25,32,WIN,1.0,2.5,40.5-43,72-73.9%,archived_reference_line
2024_15_PIT_PHI-PIT,2024,15,REG,2024-12-15,2024_15_PIT_PHI,NFL,PIT,PHI,away,5.5,5.5,11.5,43.0,SECONDARY,PAPER,5.5,other_half_point_shape,1,0.6790759056139628,0.04,0.7190759056139628,True,-14,27,13,LOSS,0.0,-2.5,40.5-43,70-71.9%,archived_reference_line
2024_15_PIT_PHI-PHI,2024,15,REG,2024-12-15,2024_15_PIT_PHI,NFL,PHI,PIT,home,-5.5,5.5,0.5,43.0,SECONDARY,PAPER,-5.5,other_half_point_shape,1,0.6790759056139628,0.04,0.7190759056139628,True,14,27,13,WIN,1.0,14.5,40.5-43,70-71.9%,archived_reference_line
2024_15_TB_LAC-TB,2024,15,REG,2024-12-15,2024_15_TB_LAC,NFL,TB,LAC,away,3.0,3.0,9.0,46.0,SECONDARY,PAPER,3.0,whole_number_line,2,0.6681398851771989,0.07,0.738139885177199,True,23,17,40,WIN,1.0,32.0,45.5-47,72-73.9%,archived_reference_line
2024_15_TB_LAC-LAC,2024,15,REG,2024-12-15,2024_15_TB_LAC,NFL,LAC,TB,home,-3.0,3.0,3.0,46.0,SECONDARY,PAPER,-3.0,whole_number_line,1,0.6681398851771989,0.04,0.708139885177199,True,-23,17,40,LOSS,0.0,-20.0,45.5-47,70-71.9%,archived_reference_line
2024_15_WAS_NO-WAS,2024,15,REG,2024-12-15,2024_15_WAS_NO,NFL,WAS,NO,away,-7.5,-7.5,-1.5,44.5,PRIMARY,LIVE,-7.5,,2,0.6734422108808652,0.07,0.7434422108808652,True,1,19,20,LOSS,0.0,-0.5,43.5-45,>=74%,archived_reference_line
2024_15_WAS_NO-NO,2024,15,REG,2024-12-15,2024_15_WAS_NO,NFL,NO,WAS,home,7.5,-7.5,13.5,44.5,SECONDARY,PAPER,7.5,other_half_point_shape,0,0.6734422108808652,0.0,0.6734422108808652,True,-1,19,20,WIN,1.0,12.5,43.5-45,<70%,archived_reference_line
2024_16_ARI_CAR-ARI,2024,16,REG,2024-12-22,2024_16_ARI_CAR,NFL,ARI,CAR,away,-5.5,-5.5,0.5,47.0,SECONDARY,PAPER,-5.5,other_half_point_shape,1,0.664775519361947,0.04,0.704775519361947,True,-6,36,30,LOSS,0.0,-5.5,45.5-47,70-71.9%,archived_reference_line
2024_16_ARI_CAR-CAR,2024,16,REG,2024-12-22,2024_16_ARI_CAR,NFL,CAR,ARI,home,5.5,-5.5,11.5,47.0,SECONDARY,PAPER,5.5,other_half_point_shape,1,0.664775519361947,0.04,0.704775519361947,True,6,36,30,WIN,1.0,17.5,45.5-47,70-71.9%,archived_reference_line
2024_16_CLE_CIN-CLE,2024,16,REG,2024-12-22,2024_16_CLE_CIN,NFL,CLE,CIN,away,10.0,10.0,16.0,46.5,SECONDARY,PAPER,10.0,whole_number_line,0,0.6664412874896358,0.0,0.6664412874896358,True,-18,24,6,LOSS,0.0,-2.0,45.5-47,<70%,archived_reference_line
2024_16_CLE_CIN-CIN,2024,16,REG,2024-12-22,2024_16_CLE_CIN,NFL,CIN,CLE,home,-10.0,10.0,-4.0,46.5,SECONDARY,PAPER,-10.0,whole_number_line,1,0.6664412874896358,0.04,0.7064412874896359,True,18,24,6,WIN,1.0,14.0,45.5-47,70-71.9%,archived_reference_line
2024_16_DEN_LAC-DEN,2024,16,REG,2024-12-19,2024_16_DEN_LAC,NFL,DEN,LAC,away,3.0,3.0,9.0,41.5,SECONDARY,PAPER,3.0,whole_number_line,2,0.6850713499837193,0.07,0.7550713499837194,True,-7,34,27,WIN,1.0,2.0,40.5-43,>=74%,archived_reference_line
2024_16_DEN_LAC-LAC,2024,16,REG,2024-12-19,2024_16_DEN_LAC,NFL,LAC,DEN,home,-3.0,3.0,3.0,41.5,SECONDARY,PAPER,-3.0,whole_number_line,1,0.6850713499837193,0.04,0.7250713499837194,True,7,34,27,WIN,1.0,10.0,40.5-43,72-73.9%,archived_reference_line
2024_16_DET_CHI-DET,2024,16,REG,2024-12-22,2024_16_DET_CHI,NFL,DET,CHI,away,-7.0,-7.0,-1.0,47.5,SECONDARY,PAPER,-7.0,whole_number_line,2,0.6631416751252381,0.07,0.7331416751252382,False,17,17,34,WIN,1.0,16.0,out-of-range,72-73.9%,archived_reference_line
2024_16_DET_CHI-CHI,2024,16,REG,2024-12-22,2024_16_DET_CHI,NFL,CHI,DET,home,7.0,-7.0,13.0,47.5,SECONDARY,PAPER,7.0,whole_number_line,1,0.6631416751252381,0.04,0.7031416751252382,False,-17,17,34,LOSS,0.0,-4.0,out-of-range,70-71.9%,archived_reference_line
2024_16_HOU_KC-HOU,2024,16,REG,2024-12-21,2024_16_HOU_KC,NFL,HOU,KC,away,3.5,3.5,9.5,42.5,SECONDARY,PAPER,3.5,other_half_point_shape,1,0.6810325947045215,0.04,0.7210325947045215,True,-8,27,19,WIN,1.0,1.5,40.5-43,72-73.9%,archived_reference_line
2024_16_HOU_KC-KC,2024,16,REG,2024-12-21,2024_16_HOU_KC,NFL,KC,HOU,home,-3.5,3.5,2.5,42.5,SECONDARY,PAPER,-3.5,other_half_point_shape,1,0.6810325947045215,0.04,0.7210325947045215,True,8,27,19,WIN,1.0,10.5,40.5-43,72-73.9%,archived_reference_line
2024_16_JAX_LV-JAX,2024,16,REG,2024-12-22,2024_16_JAX_LV,NFL,JAX,LV,away,2.5,2.5,8.5,41.5,PRIMARY,LIVE,+2.5,,2,0.6850713499837193,0.07,0.7550713499837194,True,-5,19,14,WIN,1.0,3.5,40.5-43,>=74%,archived_reference_line
2024_16_JAX_LV-LV,2024,16,REG,2024-12-22,2024_16_JAX_LV,NFL,LV,JAX,home,-2.5,2.5,3.5,41.5,SECONDARY,PAPER,-2.5,other_half_point_shape,1,0.6850713499837193,0.04,0.7250713499837194,True,5,19,14,WIN,1.0,8.5,40.5-43,72-73.9%,archived_reference_line
2024_16_LA_NYJ-LA,2024,16,REG,2024-12-22,2024_16_LA_NYJ,NFL,LA,NYJ,away,-3.0,-3.0,3.0,47.0,SECONDARY,PAPER,-3.0,whole_number_line,1,0.664775519361947,0.04,0.704775519361947,True,10,9,19,WIN,1.0,13.0,45.5-47,70-71.9%,archived_reference_line
2024_16_LA_NYJ-NYJ,2024,16,REG,2024-12-22,2024_16_LA_NYJ,NFL,NYJ,LA,home,3.0,-3.0,9.0,47.0,SECONDARY,PAPER,3.0,whole_number_line,2,0.664775519361947,0.07,0.734775519361947,True,-10,9,19,LOSS,0.0,-1.0,45.5-47,72-73.9%,archived_reference_line
2024_16_MIN_SEA-MIN,2024,16,REG,2024-12-22,2024_16_MIN_SEA,NFL,MIN,SEA,away,-2.5,-2.5,3.5,43.0,SECONDARY,PAPER,-2.5,other_half_point_shape,1,0.6790759056139628,0.04,0.7190759056139628,True,3,24,27,WIN,1.0,6.5,40.5-43,70-71.9%,archived_reference_line
2024_16_MIN_SEA-SEA,2024,16,REG,2024-12-22,2024_16_MIN_SEA,NFL,SEA,MIN,home,2.5,-2.5,8.5,43.0,PRIMARY,LIVE,+2.5,,2,0.6790759056139628,0.07,0.7490759056139629,True,-3,24,27,WIN,1.0,5.5,40.5-43,>=74%,archived_reference_line
2024_16_NE_BUF-NE,2024,16,REG,2024-12-22,2024_16_NE_BUF,NFL,NE,BUF,away,14.0,14.0,20.0,48.0,SECONDARY,PAPER,14.0,whole_number_line,0,0.6615388804893103,0.0,0.6615388804893103,False,-3,24,21,WIN,1.0,17.0,out-of-range,<70%,archived_reference_line
2024_16_NE_BUF-BUF,2024,16,REG,2024-12-22,2024_16_NE_BUF,NFL,BUF,NE,home,-14.0,14.0,-8.0,48.0,SECONDARY,PAPER,-14.0,whole_number_line,0,0.6615388804893103,0.0,0.6615388804893103,False,3,24,21,LOSS,0.0,-5.0,out-of-range,<70%,archived_reference_line
2024_16_NO_GB-NO,2024,16,REG,2024-12-23,2024_16_NO_GB,NFL,NO,GB,away,14.0,14.0,20.0,44.0,SECONDARY,PAPER,14.0,whole_number_line,0,0.6752818581366227,0.0,0.6752818581366227,True,-34,34,0,LOSS,0.0,-14.0,43.5-45,<70%,archived_reference_line
2024_16_NO_GB-GB,2024,16,REG,2024-12-23,2024_16_NO_GB,NFL,GB,NO,home,-14.0,14.0,-8.0,44.0,SECONDARY,PAPER,-14.0,whole_number_line,0,0.6752818581366227,0.0,0.6752818581366227,True,34,34,0,WIN,1.0,26.0,43.5-45,<70%,archived_reference_line
2024_16_NYG_ATL-NYG,2024,16,REG,2024-12-22,2024_16_NYG_ATL,NFL,NYG,ATL,away,9.5,9.5,15.5,42.5,SECONDARY,PAPER,9.5,other_half_point_shape,0,0.6810325947045215,0.0,0.6810325947045215,True,-27,34,7,LOSS,0.0,-11.5,40.5-43,<70%,archived_reference_line
2024_16_NYG_ATL-ATL,2024,16,REG,2024-12-22,2024_16_NYG_ATL,NFL,ATL,NYG,home,-9.5,9.5,-3.5,42.5,SECONDARY,PAPER,-9.5,other_half_point_shape,1,0.6810325947045215,0.04,0.7210325947045215,True,27,34,7,WIN,1.0,23.5,40.5-43,72-73.9%,archived_reference_line
2024_16_PHI_WAS-PHI,2024,16,REG,2024-12-22,2024_16_PHI_WAS,NFL,PHI,WAS,away,-4.0,-4.0,2.0,47.0,SECONDARY,PAPER,-4.0,whole_number_line,1,0.664775519361947,0.04,0.704775519361947,True,-3,36,33,LOSS,0.0,-1.0,45.5-47,70-71.9%,archived_reference_line
2024_16_PHI_WAS-WAS,2024,16,REG,2024-12-22,2024_16_PHI_WAS,NFL,WAS,PHI,home,4.0,-4.0,10.0,47.0,SECONDARY,PAPER,4.0,whole_number_line,1,0.664775519361947,0.04,0.704775519361947,True,3,36,33,WIN,1.0,13.0,45.5-47,70-71.9%,archived_reference_line
2024_16_PIT_BAL-PIT,2024,16,REG,2024-12-21,2024_16_PIT_BAL,NFL,PIT,BAL,away,7.0,7.0,13.0,44.5,SECONDARY,PAPER,7.0,whole_number_line,1,0.6734422108808652,0.04,0.7134422108808652,True,-17,34,17,LOSS,0.0,-4.0,43.5-45,70-71.9%,archived_reference_line
2024_16_PIT_BAL-BAL,2024,16,REG,2024-12-21,2024_16_PIT_BAL,NFL,BAL,PIT,home,-7.0,7.0,-1.0,44.5,SECONDARY,PAPER,-7.0,whole_number_line,2,0.6734422108808652,0.07,0.7434422108808652,True,17,34,17,WIN,1.0,16.0,43.5-45,>=74%,archived_reference_line
2024_16_SF_MIA-SF,2024,16,REG,2024-12-22,2024_16_SF_MIA,NFL,SF,MIA,away,-2.0,-2.0,4.0,44.0,SECONDARY,PAPER,-2.0,whole_number_line,1,0.6752818581366227,0.04,0.7152818581366227,True,-12,29,17,LOSS,0.0,-8.0,43.5-45,70-71.9%,archived_reference_line
2024_16_SF_MIA-MIA,2024,16,REG,2024-12-22,2024_16_SF_MIA,NFL,MIA,SF,home,2.0,-2.0,8.0,44.0,SECONDARY,PAPER,2.0,whole_number_line,2,0.6752818581366227,0.07,0.7452818581366227,True,12,29,17,WIN,1.0,20.0,43.5-45,>=74%,archived_reference_line
2024_16_TB_DAL-TB,2024,16,REG,2024-12-22,2024_16_TB_DAL,NFL,TB,DAL,away,-4.5,-4.5,1.5,47.5,SECONDARY,PAPER,-4.5,other_half_point_shape,1,0.6631416751252381,0.04,0.7031416751252382,False,-2,26,24,LOSS,0.0,-0.5,out-of-range,70-71.9%,archived_reference_line
2024_16_TB_DAL-DAL,2024,16,REG,2024-12-22,2024_16_TB_DAL,NFL,DAL,TB,home,4.5,-4.5,10.5,47.5,SECONDARY,PAPER,4.5,other_half_point_shape,1,0.6631416751252381,0.04,0.7031416751252382,False,2,26,24,WIN,1.0,12.5,out-of-range,70-71.9%,archived_reference_line
2024_16_TEN_IND-TEN,2024,16,REG,2024-12-22,2024_16_TEN_IND,NFL,TEN,IND,away,4.0,4.0,10.0,42.5,SECONDARY,PAPER,4.0,whole_number_line,1,0.6810325947045215,0.04,0.7210325947045215,True,-8,38,30,WIN,1.0,2.0,40.5-43,72-73.9%,archived_reference_line
2024_16_TEN_IND-IND,2024,16,REG,2024-12-22,2024_16_TEN_IND,NFL,IND,TEN,home,-4.0,4.0,2.0,42.5,SECONDARY,PAPER,-4.0,whole_number_line,1,0.6810325947045215,0.04,0.7210325947045215,True,8,38,30,WIN,1.0,10.0,40.5-43,72-73.9%,archived_reference_line
2024_17_ARI_LA-ARI,2024,17,REG,2024-12-28,2024_17_ARI_LA,NFL,ARI,LA,away,6.5,6.5,12.5,48.0,SECONDARY,PAPER,6.5,other_half_point_shape,1,0.6615388804893103,0.04,0.7015388804893103,False,-4,13,9,WIN,1.0,8.5,out-of-range,70-71.9%,archived_reference_line
2024_17_ARI_LA-LA,2024,17,REG,2024-12-28,2024_17_ARI_LA,NFL,LA,ARI,home,-6.5,6.5,-0.5,48.0,SECONDARY,PAPER,-6.5,other_half_point_shape,1,0.6615388804893103,0.04,0.7015388804893103,False,4,13,9,WIN,1.0,3.5,out-of-range,70-71.9%,archived_reference_line
2024_17_ATL_WAS-ATL,2024,17,REG,2024-12-29,2024_17_ATL_WAS,NFL,ATL,WAS,away,3.5,3.5,9.5,46.5,SECONDARY,PAPER,3.5,other_half_point_shape,1,0.6664412874896358,0.04,0.7064412874896359,True,-6,30,24,WIN,1.0,3.5,45.5-47,70-71.9%,archived_reference_line
2024_17_ATL_WAS-WAS,2024,17,REG,2024-12-29,2024_17_ATL_WAS,NFL,WAS,ATL,home,-3.5,3.5,2.5,46.5,SECONDARY,PAPER,-3.5,other_half_point_shape,1,0.6664412874896358,0.04,0.7064412874896359,True,6,30,24,WIN,1.0,8.5,45.5-47,70-71.9%,archived_reference_line
2024_17_BAL_HOU-BAL,2024,17,REG,2024-12-25,2024_17_BAL_HOU,NFL,BAL,HOU,away,-5.5,-5.5,0.5,46.5,SECONDARY,PAPER,-5.5,other_half_point_shape,1,0.6664412874896358,0.04,0.7064412874896359,True,29,2,31,WIN,1.0,29.5,45.5-47,70-71.9%,archived_reference_line
2024_17_BAL_HOU-HOU,2024,17,REG,2024-12-25,2024_17_BAL_HOU,NFL,HOU,BAL,home,5.5,-5.5,11.5,46.5,SECONDARY,PAPER,5.5,other_half_point_shape,1,0.6664412874896358,0.04,0.7064412874896359,True,-29,2,31,LOSS,0.0,-17.5,45.5-47,70-71.9%,archived_reference_line
2024_17_CAR_TB-CAR,2024,17,REG,2024-12-29,2024_17_CAR_TB,NFL,CAR,TB,away,9.5,9.5,15.5,47.5,SECONDARY,PAPER,9.5,other_half_point_shape,0,0.6631416751252381,0.0,0.6631416751252381,False,-34,48,14,LOSS,0.0,-18.5,out-of-range,<70%,archived_reference_line
2024_17_CAR_TB-TB,2024,17,REG,2024-12-29,2024_17_CAR_TB,NFL,TB,CAR,home,-9.5,9.5,-3.5,47.5,SECONDARY,PAPER,-9.5,other_half_point_shape,1,0.6631416751252381,0.04,0.7031416751252382,False,34,48,14,WIN,1.0,30.5,out-of-range,70-71.9%,archived_reference_line
2024_17_DAL_PHI-DAL,2024,17,REG,2024-12-29,2024_17_DAL_PHI,NFL,DAL,PHI,away,7.5,7.5,13.5,37.5,SECONDARY,PAPER,7.5,other_half_point_shape,0,0.7030985713961488,0.0,0.7030985713961488,True,-34,41,7,LOSS,0.0,-20.5,<=40,70-71.9%,archived_reference_line
2024_17_DAL_PHI-PHI,2024,17,REG,2024-12-29,2024_17_DAL_PHI,NFL,PHI,DAL,home,-7.5,7.5,-1.5,37.5,PRIMARY,LIVE,-7.5,,2,0.7030985713961488,0.07,0.7730985713961489,True,34,41,7,WIN,1.0,32.5,<=40,>=74%,archived_reference_line
2024_17_DEN_CIN-DEN,2024,17,REG,2024-12-28,2024_17_DEN_CIN,NFL,DEN,CIN,away,3.5,3.5,9.5,50.5,SECONDARY,PAPER,3.5,other_half_point_shape,1,0.6539620939680577,0.04,0.6939620939680577,False,-6,30,24,WIN,1.0,3.5,out-of-range,<70%,archived_reference_line
2024_17_DEN_CIN-CIN,2024,17,REG,2024-12-28,2024_17_DEN_CIN,NFL,CIN,DEN,home,-3.5,3.5,2.5,50.5,SECONDARY,PAPER,-3.5,other_half_point_shape,1,0.6539620939680577,0.04,0.6939620939680577,False,6,30,24,WIN,1.0,8.5,out-of-range,<70%,archived_reference_line
2024_17_DET_SF-DET,2024,17,REG,2024-12-30,2024_17_DET_SF,NFL,DET,SF,away,-4.0,-4.0,2.0,50.5,SECONDARY,PAPER,-4.0,whole_number_line,1,0.6539620939680577,0.04,0.6939620939680577,False,6,34,40,WIN,1.0,8.0,out-of-range,<70%,archived_reference_line
2024_17_DET_SF-SF,2024,17,REG,2024-12-30,2024_17_DET_SF,NFL,SF,DET,home,4.0,-4.0,10.0,50.5,SECONDARY,PAPER,4.0,whole_number_line,1,0.6539620939680577,0.04,0.6939620939680577,False,-6,34,40,WIN,1.0,4.0,out-of-range,<70%,archived_reference_line
2024_17_GB_MIN-GB,2024,17,REG,2024-12-29,2024_17_GB_MIN,NFL,GB,MIN,away,-1.0,-1.0,5.0,49.0,SECONDARY,PAPER,-1.0,whole_number_line,1,0.6584230922771453,0.04,0.6984230922771454,False,-2,27,25,WIN,1.0,3.0,out-of-range,<70%,archived_reference_line
2024_17_GB_MIN-MIN,2024,17,REG,2024-12-29,2024_17_GB_MIN,NFL,MIN,GB,home,1.0,-1.0,7.0,49.0,SECONDARY,PAPER,1.0,whole_number_line,1,0.6584230922771453,0.04,0.6984230922771454,False,2,27,25,WIN,1.0,9.0,out-of-range,<70%,archived_reference_line
2024_17_IND_NYG-IND,2024,17,REG,2024-12-29,2024_17_IND_NYG,NFL,IND,NYG,away,-7.5,-7.5,-1.5,40.5,PRIMARY,LIVE,-7.5,,2,0.6892858751269062,0.07,0.7592858751269063,True,-12,45,33,LOSS,0.0,-13.5,40.5-43,>=74%,archived_reference_line
2024_17_IND_NYG-NYG,2024,17,REG,2024-12-29,2024_17_IND_NYG,NFL,NYG,IND,home,7.5,-7.5,13.5,40.5,SECONDARY,PAPER,7.5,other_half_point_shape,0,0.6892858751269062,0.0,0.6892858751269062,True,12,45,33,WIN,1.0,25.5,40.5-43,<70%,archived_reference_line
2024_17_KC_PIT-KC,2024,17,REG,2024-12-25,2024_17_KC_PIT,NFL,KC,PIT,away,-3.0,-3.0,3.0,43.5,SECONDARY,PAPER,-3.0,whole_number_line,1,0.6771593818727903,0.04,0.7171593818727904,True,19,10,29,WIN,1.0,22.0,43.5-45,70-71.9%,archived_reference_line
2024_17_KC_PIT-PIT,2024,17,REG,2024-12-25,2024_17_KC_PIT,NFL,PIT,KC,home,3.0,-3.0,9.0,43.5,SECONDARY,PAPER,3.0,whole_number_line,2,0.6771593818727903,0.07,0.7471593818727904,True,-19,10,29,LOSS,0.0,-10.0,43.5-45,>=74%,archived_reference_line
2024_17_LAC_NE-LAC,2024,17,REG,2024-12-28,2024_17_LAC_NE,NFL,LAC,NE,away,-6.0,-6.0,0.0,42.0,SECONDARY,PAPER,-6.0,whole_number_line,1,0.6830306580593271,0.04,0.7230306580593271,True,33,7,40,WIN,1.0,33.0,40.5-43,72-73.9%,archived_reference_line
2024_17_LAC_NE-NE,2024,17,REG,2024-12-28,2024_17_LAC_NE,NFL,NE,LAC,home,6.0,-6.0,12.0,42.0,SECONDARY,PAPER,6.0,whole_number_line,1,0.6830306580593271,0.04,0.7230306580593271,True,-33,7,40,LOSS,0.0,-21.0,40.5-43,72-73.9%,archived_reference_line
2024_17_LV_NO-LV,2024,17,REG,2024-12-29,2024_17_LV_NO,NFL,LV,NO,away,-2.0,-2.0,4.0,37.5,SECONDARY,PAPER,-2.0,whole_number_line,1,0.7030985713961488,0.04,0.7430985713961489,True,15,10,25,WIN,1.0,19.0,<=40,>=74%,archived_reference_line
2024_17_LV_NO-NO,2024,17,REG,2024-12-29,2024_17_LV_NO,NFL,NO,LV,home,2.0,-2.0,8.0,37.5,SECONDARY,PAPER,2.0,whole_number_line,2,0.7030985713961488,0.07,0.7730985713961489,True,-15,10,25,LOSS,0.0,-7.0,<=40,>=74%,archived_reference_line
2024_17_MIA_CLE-MIA,2024,17,REG,2024-12-29,2024_17_MIA_CLE,NFL,MIA,CLE,away,-3.0,-3.0,3.0,32.5,SECONDARY,PAPER,-3.0,whole_number_line,1,0.7308496254906386,0.04,0.7708496254906386,True,17,3,20,WIN,1.0,20.0,<=40,>=74%,archived_reference_line
2024_17_MIA_CLE-CLE,2024,17,REG,2024-12-29,2024_17_MIA_CLE,NFL,CLE,MIA,home,3.0,-3.0,9.0,32.5,SECONDARY,PAPER,3.0,whole_number_line,2,0.7308496254906386,0.07,0.8008496254906385,True,-17,3,20,LOSS,0.0,-8.0,<=40,>=74%,archived_reference_line
2024_17_NYJ_BUF-NYJ,2024,17,REG,2024-12-29,2024_17_NYJ_BUF,NFL,NYJ,BUF,away,10.0,10.0,16.0,44.5,SECONDARY,PAPER,10.0,whole_number_line,0,0.6734422108808652,0.0,0.6734422108808652,True,-26,40,14,LOSS,0.0,-10.0,43.5-45,<70%,archived_reference_line
2024_17_NYJ_BUF-BUF,2024,17,REG,2024-12-29,2024_17_NYJ_BUF,NFL,BUF,NYJ,home,-10.0,10.0,-4.0,44.5,SECONDARY,PAPER,-10.0,whole_number_line,1,0.6734422108808652,0.04,0.7134422108808652,True,26,40,14,WIN,1.0,22.0,43.5-45,70-71.9%,archived_reference_line
2024_17_SEA_CHI-SEA,2024,17,REG,2024-12-26,2024_17_SEA_CHI,NFL,SEA,CHI,away,-3.5,-3.5,2.5,43.5,SECONDARY,PAPER,-3.5,other_half_point_shape,1,0.6771593818727903,0.04,0.7171593818727904,True,3,3,6,WIN,1.0,5.5,43.5-45,70-71.9%,archived_reference_line
2024_17_SEA_CHI-CHI,2024,17,REG,2024-12-26,2024_17_SEA_CHI,NFL,CHI,SEA,home,3.5,-3.5,9.5,43.5,SECONDARY,PAPER,3.5,other_half_point_shape,1,0.6771593818727903,0.04,0.7171593818727904,True,-3,3,6,WIN,1.0,6.5,43.5-45,70-71.9%,archived_reference_line
2024_17_TEN_JAX-TEN,2024,17,REG,2024-12-29,2024_17_TEN_JAX,NFL,TEN,JAX,away,-1.0,-1.0,5.0,38.0,SECONDARY,PAPER,-1.0,whole_number_line,1,0.7006655928711173,0.04,0.7406655928711173,True,-7,20,13,LOSS,0.0,-2.0,<=40,>=74%,archived_reference_line
2024_17_TEN_JAX-JAX,2024,17,REG,2024-12-29,2024_17_TEN_JAX,NFL,JAX,TEN,home,1.0,-1.0,7.0,38.0,SECONDARY,PAPER,1.0,whole_number_line,1,0.7006655928711173,0.04,0.7406655928711173,True,7,20,13,WIN,1.0,14.0,<=40,>=74%,archived_reference_line
2024_18_BUF_NE-BUF,2024,18,REG,2025-01-05,2024_18_BUF_NE,NFL,BUF,NE,away,-3.0,-3.0,3.0,36.5,SECONDARY,PAPER,-3.0,whole_number_line,1,0.7081352362117709,0.04,0.7481352362117709,True,-7,23,16,LOSS,0.0,-4.0,<=40,>=74%,archived_reference_line
2024_18_BUF_NE-NE,2024,18,REG,2025-01-05,2024_18_BUF_NE,NFL,NE,BUF,home,3.0,-3.0,9.0,36.5,SECONDARY,PAPER,3.0,whole_number_line,2,0.7081352362117709,0.07,0.7781352362117708,True,7,23,16,WIN,1.0,16.0,<=40,>=74%,archived_reference_line
2024_18_CAR_ATL-CAR,2024,18,REG,2025-01-05,2024_18_CAR_ATL,NFL,CAR,ATL,away,7.5,7.5,13.5,48.5,SECONDARY,PAPER,7.5,other_half_point_shape,0,0.6599662912879087,0.0,0.6599662912879087,False,6,38,44,WIN,1.0,19.5,out-of-range,<70%,archived_reference_line
2024_18_CAR_ATL-ATL,2024,18,REG,2025-01-05,2024_18_CAR_ATL,NFL,ATL,CAR,home,-7.5,7.5,-1.5,48.5,PRIMARY,LIVE,-7.5,,2,0.6599662912879087,0.07,0.7299662912879088,False,-6,38,44,LOSS,0.0,-7.5,out-of-range,72-73.9%,archived_reference_line
2024_18_CHI_GB-CHI,2024,18,REG,2025-01-05,2024_18_CHI_GB,NFL,CHI,GB,away,10.0,10.0,16.0,41.5,SECONDARY,PAPER,10.0,whole_number_line,0,0.6850713499837193,0.0,0.6850713499837193,True,2,22,24,WIN,1.0,18.0,40.5-43,<70%,archived_reference_line
2024_18_CHI_GB-GB,2024,18,REG,2025-01-05,2024_18_CHI_GB,NFL,GB,CHI,home,-10.0,10.0,-4.0,41.5,SECONDARY,PAPER,-10.0,whole_number_line,1,0.6850713499837193,0.04,0.7250713499837194,True,-2,22,24,LOSS,0.0,-6.0,40.5-43,72-73.9%,archived_reference_line
2024_18_CIN_PIT-CIN,2024,18,REG,2025-01-04,2024_18_CIN_PIT,NFL,CIN,PIT,away,-2.5,-2.5,3.5,48.5,SECONDARY,PAPER,-2.5,other_half_point_shape,1,0.6599662912879087,0.04,0.6999662912879088,False,2,17,19,WIN,1.0,5.5,out-of-range,<70%,archived_reference_line
2024_18_CIN_PIT-PIT,2024,18,REG,2025-01-04,2024_18_CIN_PIT,NFL,PIT,CIN,home,2.5,-2.5,8.5,48.5,PRIMARY,LIVE,+2.5,,2,0.6599662912879087,0.07,0.7299662912879088,False,-2,17,19,WIN,1.0,6.5,out-of-range,72-73.9%,archived_reference_line
2024_18_CLE_BAL-CLE,2024,18,REG,2025-01-04,2024_18_CLE_BAL,NFL,CLE,BAL,away,19.5,19.5,25.5,42.5,SECONDARY,PAPER,19.5,other_half_point_shape,0,0.6810325947045215,0.0,0.6810325947045215,True,-25,35,10,WIN,1.0,0.5,40.5-43,<70%,archived_reference_line
2024_18_CLE_BAL-BAL,2024,18,REG,2025-01-04,2024_18_CLE_BAL,NFL,BAL,CLE,home,-19.5,19.5,-13.5,42.5,SECONDARY,PAPER,-19.5,other_half_point_shape,0,0.6810325947045215,0.0,0.6810325947045215,True,25,35,10,WIN,1.0,11.5,40.5-43,<70%,archived_reference_line
2024_18_HOU_TEN-HOU,2024,18,REG,2025-01-05,2024_18_HOU_TEN,NFL,HOU,TEN,away,2.5,2.5,8.5,36.5,PRIMARY,LIVE,+2.5,,2,0.7081352362117709,0.07,0.7781352362117708,True,9,14,23,WIN,1.0,17.5,<=40,>=74%,archived_reference_line
2024_18_HOU_TEN-TEN,2024,18,REG,2025-01-05,2024_18_HOU_TEN,NFL,TEN,HOU,home,-2.5,2.5,3.5,36.5,SECONDARY,PAPER,-2.5,other_half_point_shape,1,0.7081352362117709,0.04,0.7481352362117709,True,-9,14,23,LOSS,0.0,-5.5,<=40,>=74%,archived_reference_line
2024_18_JAX_IND-JAX,2024,18,REG,2025-01-05,2024_18_JAX_IND,NFL,JAX,IND,away,3.5,3.5,9.5,45.5,SECONDARY,PAPER,3.5,other_half_point_shape,1,0.6698722507821999,0.04,0.7098722507822,True,-3,26,23,WIN,1.0,6.5,45.5-47,70-71.9%,archived_reference_line
2024_18_JAX_IND-IND,2024,18,REG,2025-01-05,2024_18_JAX_IND,NFL,IND,JAX,home,-3.5,3.5,2.5,45.5,SECONDARY,PAPER,-3.5,other_half_point_shape,1,0.6698722507821999,0.04,0.7098722507822,True,3,26,23,WIN,1.0,5.5,45.5-47,70-71.9%,archived_reference_line
2024_18_KC_DEN-KC,2024,18,REG,2025-01-05,2024_18_KC_DEN,NFL,KC,DEN,away,10.5,10.5,16.5,40.5,SECONDARY,PAPER,10.5,other_half_point_shape,0,0.6892858751269062,0.0,0.6892858751269062,True,-38,38,0,LOSS,0.0,-21.5,40.5-43,<70%,archived_reference_line
2024_18_KC_DEN-DEN,2024,18,REG,2025-01-05,2024_18_KC_DEN,NFL,DEN,KC,home,-10.5,10.5,-4.5,40.5,SECONDARY,PAPER,-10.5,other_half_point_shape,1,0.6892858751269062,0.04,0.7292858751269062,True,38,38,0,WIN,1.0,33.5,40.5-43,72-73.9%,archived_reference_line
2024_18_LAC_LV-LAC,2024,18,REG,2025-01-05,2024_18_LAC_LV,NFL,LAC,LV,away,-7.0,-7.0,-1.0,42.5,SECONDARY,PAPER,-7.0,whole_number_line,2,0.6810325947045215,0.07,0.7510325947045215,True,14,20,34,WIN,1.0,13.0,40.5-43,>=74%,archived_reference_line
2024_18_LAC_LV-LV,2024,18,REG,2025-01-05,2024_18_LAC_LV,NFL,LV,LAC,home,7.0,-7.0,13.0,42.5,SECONDARY,PAPER,7.0,whole_number_line,1,0.6810325947045215,0.04,0.7210325947045215,True,-14,20,34,LOSS,0.0,-1.0,40.5-43,72-73.9%,archived_reference_line
2024_18_MIA_NYJ-MIA,2024,18,REG,2025-01-05,2024_18_MIA_NYJ,NFL,MIA,NYJ,away,1.5,1.5,7.5,39.5,PRIMARY,LIVE,+1.5,,2,0.6936871859805309,0.07,0.763687185980531,True,-12,32,20,LOSS,0.0,-4.5,<=40,>=74%,archived_reference_line
2024_18_MIA_NYJ-NYJ,2024,18,REG,2025-01-05,2024_18_MIA_NYJ,NFL,NYJ,MIA,home,-1.5,1.5,4.5,39.5,SECONDARY,PAPER,-1.5,other_half_point_shape,1,0.6936871859805309,0.04,0.733687185980531,True,12,32,20,WIN,1.0,16.5,<=40,72-73.9%,archived_reference_line
2024_18_MIN_DET-MIN,2024,18,REG,2025-01-05,2024_18_MIN_DET,NFL,MIN,DET,away,3.0,3.0,9.0,56.5,SECONDARY,PAPER,3.0,whole_number_line,2,0.6383239262838007,0.07,0.7083239262838008,False,-22,31,9,LOSS,0.0,-13.0,out-of-range,70-71.9%,archived_reference_line
2024_18_MIN_DET-DET,2024,18,REG,2025-01-05,2024_18_MIN_DET,NFL,DET,MIN,home,-3.0,3.0,3.0,56.5,SECONDARY,PAPER,-3.0,whole_number_line,1,0.6383239262838007,0.04,0.6783239262838008,False,22,31,9,WIN,1.0,25.0,out-of-range,<70%,archived_reference_line
2024_18_NO_TB-NO,2024,18,REG,2025-01-05,2024_18_NO_TB,NFL,NO,TB,away,14.5,14.5,20.5,44.5,SECONDARY,PAPER,14.5,other_half_point_shape,0,0.6734422108808652,0.0,0.6734422108808652,True,-8,27,19,WIN,1.0,12.5,43.5-45,<70%,archived_reference_line
2024_18_NO_TB-TB,2024,18,REG,2025-01-05,2024_18_NO_TB,NFL,TB,NO,home,-14.5,14.5,-8.5,44.5,SECONDARY,PAPER,-14.5,other_half_point_shape,0,0.6734422108808652,0.0,0.6734422108808652,True,8,27,19,LOSS,0.0,-0.5,43.5-45,<70%,archived_reference_line
2024_18_NYG_PHI-NYG,2024,18,REG,2025-01-05,2024_18_NYG_PHI,NFL,NYG,PHI,away,3.0,3.0,9.0,36.5,SECONDARY,PAPER,3.0,whole_number_line,2,0.7081352362117709,0.07,0.7781352362117708,True,-7,20,13,WIN,1.0,2.0,<=40,>=74%,archived_reference_line
2024_18_NYG_PHI-PHI,2024,18,REG,2025-01-05,2024_18_NYG_PHI,NFL,PHI,NYG,home,-3.0,3.0,3.0,36.5,SECONDARY,PAPER,-3.0,whole_number_line,1,0.7081352362117709,0.04,0.7481352362117709,True,7,20,13,WIN,1.0,10.0,<=40,>=74%,archived_reference_line
2024_18_SEA_LA-SEA,2024,18,REG,2025-01-05,2024_18_SEA_LA,NFL,SEA,LA,away,-7.5,-7.5,-1.5,38.5,PRIMARY,LIVE,-7.5,,2,0.6982871529359227,0.07,0.7682871529359228,True,5,25,30,WIN,1.0,3.5,<=40,>=74%,archived_reference_line
2024_18_SEA_LA-LA,2024,18,REG,2025-01-05,2024_18_SEA_LA,NFL,LA,SEA,home,7.5,-7.5,13.5,38.5,SECONDARY,PAPER,7.5,other_half_point_shape,0,0.6982871529359227,0.0,0.6982871529359227,True,-5,25,30,WIN,1.0,8.5,<=40,<70%,archived_reference_line
2024_18_SF_ARI-SF,2024,18,REG,2025-01-05,2024_18_SF_ARI,NFL,SF,ARI,away,4.5,4.5,10.5,42.5,SECONDARY,PAPER,4.5,other_half_point_shape,1,0.6810325947045215,0.04,0.7210325947045215,True,-23,47,24,LOSS,0.0,-12.5,40.5-43,72-73.9%,archived_reference_line
2024_18_SF_ARI-ARI,2024,18,REG,2025-01-05,2024_18_SF_ARI,NFL,ARI,SF,home,-4.5,4.5,1.5,42.5,SECONDARY,PAPER,-4.5,other_half_point_shape,1,0.6810325947045215,0.04,0.7210325947045215,True,23,47,24,WIN,1.0,24.5,40.5-43,72-73.9%,archived_reference_line
2024_18_WAS_DAL-WAS,2024,18,REG,2025-01-05,2024_18_WAS_DAL,NFL,WAS,DAL,away,-7.0,-7.0,-1.0,43.5,SECONDARY,PAPER,-7.0,whole_number_line,2,0.6771593818727903,0.07,0.7471593818727904,True,4,19,23,WIN,1.0,3.0,43.5-45,>=74%,archived_reference_line
2024_18_WAS_DAL-DAL,2024,18,REG,2025-01-05,2024_18_WAS_DAL,NFL,DAL,WAS,home,7.0,-7.0,13.0,43.5,SECONDARY,PAPER,7.0,whole_number_line,1,0.6771593818727903,0.04,0.7171593818727904,True,-4,19,23,WIN,1.0,9.0,43.5-45,70-71.9%,archived_reference_line
2024_19_DEN_BUF-DEN,2024,19,WC,2025-01-12,2024_19_DEN_BUF,NFL,DEN,BUF,away,7.5,7.5,13.5,48.5,SECONDARY,PAPER,7.5,other_half_point_shape,0,0.6599662912879087,0.0,0.6599662912879087,False,-24,31,7,LOSS,0.0,-10.5,out-of-range,<70%,archived_reference_line
2024_19_DEN_BUF-BUF,2024,19,WC,2025-01-12,2024_19_DEN_BUF,NFL,BUF,DEN,home,-7.5,7.5,-1.5,48.5,PRIMARY,LIVE,-7.5,,2,0.6599662912879087,0.07,0.7299662912879088,False,24,31,7,WIN,1.0,22.5,out-of-range,72-73.9%,archived_reference_line
2024_19_GB_PHI-GB,2024,19,WC,2025-01-12,2024_19_GB_PHI,NFL,GB,PHI,away,5.5,5.5,11.5,45.5,SECONDARY,PAPER,5.5,other_half_point_shape,1,0.6698722507821999,0.04,0.7098722507822,True,-12,22,10,LOSS,0.0,-0.5,45.5-47,70-71.9%,archived_reference_line
2024_19_GB_PHI-PHI,2024,19,WC,2025-01-12,2024_19_GB_PHI,NFL,PHI,GB,home,-5.5,5.5,0.5,45.5,SECONDARY,PAPER,-5.5,other_half_point_shape,1,0.6698722507821999,0.04,0.7098722507822,True,12,22,10,WIN,1.0,12.5,45.5-47,70-71.9%,archived_reference_line
2024_19_LAC_HOU-LAC,2024,19,WC,2025-01-11,2024_19_LAC_HOU,NFL,LAC,HOU,away,-3.0,-3.0,3.0,41.5,SECONDARY,PAPER,-3.0,whole_number_line,1,0.6850713499837193,0.04,0.7250713499837194,True,-20,32,12,LOSS,0.0,-17.0,40.5-43,72-73.9%,archived_reference_line
2024_19_LAC_HOU-HOU,2024,19,WC,2025-01-11,2024_19_LAC_HOU,NFL,HOU,LAC,home,3.0,-3.0,9.0,41.5,SECONDARY,PAPER,3.0,whole_number_line,2,0.6850713499837193,0.07,0.7550713499837194,True,20,32,12,WIN,1.0,29.0,40.5-43,>=74%,archived_reference_line
2024_19_MIN_LA-MIN,2024,19,WC,2025-01-13,2024_19_MIN_LA,NFL,MIN,LA,away,-2.5,-2.5,3.5,47.5,SECONDARY,PAPER,-2.5,other_half_point_shape,1,0.6631416751252381,0.04,0.7031416751252382,False,-18,27,9,LOSS,0.0,-14.5,out-of-range,70-71.9%,archived_reference_line
2024_19_MIN_LA-LA,2024,19,WC,2025-01-13,2024_19_MIN_LA,NFL,LA,MIN,home,2.5,-2.5,8.5,47.5,PRIMARY,LIVE,+2.5,,2,0.6631416751252381,0.07,0.7331416751252382,False,18,27,9,WIN,1.0,26.5,out-of-range,72-73.9%,archived_reference_line
2024_19_PIT_BAL-PIT,2024,19,WC,2025-01-11,2024_19_PIT_BAL,NFL,PIT,BAL,away,9.5,9.5,15.5,44.5,SECONDARY,PAPER,9.5,other_half_point_shape,0,0.6734422108808652,0.0,0.6734422108808652,True,-14,28,14,WIN,1.0,1.5,43.5-45,<70%,archived_reference_line
2024_19_PIT_BAL-BAL,2024,19,WC,2025-01-11,2024_19_PIT_BAL,NFL,BAL,PIT,home,-9.5,9.5,-3.5,44.5,SECONDARY,PAPER,-9.5,other_half_point_shape,1,0.6734422108808652,0.04,0.7134422108808652,True,14,28,14,WIN,1.0,10.5,43.5-45,70-71.9%,archived_reference_line
2024_19_WAS_TB-WAS,2024,19,WC,2025-01-12,2024_19_WAS_TB,NFL,WAS,TB,away,3.0,3.0,9.0,51.5,SECONDARY,PAPER,3.0,whole_number_line,2,0.651121300213464,0.07,0.721121300213464,False,3,20,23,WIN,1.0,12.0,out-of-range,72-73.9%,archived_reference_line
2024_19_WAS_TB-TB,2024,19,WC,2025-01-12,2024_19_WAS_TB,NFL,TB,WAS,home,-3.0,3.0,3.0,51.5,SECONDARY,PAPER,-3.0,whole_number_line,1,0.651121300213464,0.04,0.6911213002134641,False,-3,20,23,PUSH,,0.0,out-of-range,<70%,archived_reference_line
2024_20_BAL_BUF-BAL,2024,20,DIV,2025-01-19,2024_20_BAL_BUF,NFL,BAL,BUF,away,-1.5,-1.5,4.5,51.5,SECONDARY,PAPER,-1.5,other_half_point_shape,1,0.651121300213464,0.04,0.6911213002134641,False,-2,27,25,WIN,1.0,2.5,out-of-range,<70%,archived_reference_line
2024_20_BAL_BUF-BUF,2024,20,DIV,2025-01-19,2024_20_BAL_BUF,NFL,BUF,BAL,home,1.5,-1.5,7.5,51.5,PRIMARY,LIVE,+1.5,,2,0.651121300213464,0.07,0.721121300213464,False,2,27,25,WIN,1.0,9.5,out-of-range,72-73.9%,archived_reference_line
2024_20_HOU_KC-HOU,2024,20,DIV,2025-01-18,2024_20_HOU_KC,NFL,HOU,KC,away,9.5,9.5,15.5,41.5,SECONDARY,PAPER,9.5,other_half_point_shape,0,0.6850713499837193,0.0,0.6850713499837193,True,-9,23,14,WIN,1.0,6.5,40.5-43,<70%,archived_reference_line
2024_20_HOU_KC-KC,2024,20,DIV,2025-01-18,2024_20_HOU_KC,NFL,KC,HOU,home,-9.5,9.5,-3.5,41.5,SECONDARY,PAPER,-9.5,other_half_point_shape,1,0.6850713499837193,0.04,0.7250713499837194,True,9,23,14,WIN,1.0,5.5,40.5-43,72-73.9%,archived_reference_line
2024_20_LA_PHI-LA,2024,20,DIV,2025-01-19,2024_20_LA_PHI,NFL,LA,PHI,away,7.0,7.0,13.0,43.5,SECONDARY,PAPER,7.0,whole_number_line,1,0.6771593818727903,0.04,0.7171593818727904,True,-6,28,22,WIN,1.0,7.0,43.5-45,70-71.9%,archived_reference_line
2024_20_LA_PHI-PHI,2024,20,DIV,2025-01-19,2024_20_LA_PHI,NFL,PHI,LA,home,-7.0,7.0,-1.0,43.5,SECONDARY,PAPER,-7.0,whole_number_line,2,0.6771593818727903,0.07,0.7471593818727904,True,6,28,22,WIN,1.0,5.0,43.5-45,>=74%,archived_reference_line
2024_20_WAS_DET-WAS,2024,20,DIV,2025-01-18,2024_20_WAS_DET,NFL,WAS,DET,away,8.5,8.5,14.5,55.5,SECONDARY,PAPER,8.5,other_half_point_shape,0,0.64071116703589,0.0,0.64071116703589,False,14,31,45,WIN,1.0,28.5,out-of-range,<70%,archived_reference_line
2024_20_WAS_DET-DET,2024,20,DIV,2025-01-18,2024_20_WAS_DET,NFL,DET,WAS,home,-8.5,8.5,-2.5,55.5,PRIMARY,LIVE,-8.5,,2,0.64071116703589,0.07,0.7107111670358901,False,-14,31,45,LOSS,0.0,-16.5,out-of-range,70-71.9%,archived_reference_line
2024_21_BUF_KC-BUF,2024,21,CON,2025-01-26,2024_21_BUF_KC,NFL,BUF,KC,away,1.5,1.5,7.5,49.5,PRIMARY,LIVE,+1.5,,2,0.6569084959850626,0.07,0.7269084959850627,False,-3,32,29,WIN,1.0,4.5,out-of-range,72-73.9%,archived_reference_line
2024_21_BUF_KC-KC,2024,21,CON,2025-01-26,2024_21_BUF_KC,NFL,KC,BUF,home,-1.5,1.5,4.5,49.5,SECONDARY,PAPER,-1.5,other_half_point_shape,1,0.6569084959850626,0.04,0.6969084959850627,False,3,32,29,WIN,1.0,7.5,out-of-range,<70%,archived_reference_line
2024_21_WAS_PHI-WAS,2024,21,CON,2025-01-26,2024_21_WAS_PHI,NFL,WAS,PHI,away,6.0,6.0,12.0,46.5,SECONDARY,PAPER,6.0,whole_number_line,1,0.6664412874896358,0.04,0.7064412874896359,True,-32,55,23,LOSS,0.0,-20.0,45.5-47,70-71.9%,archived_reference_line
2024_21_WAS_PHI-PHI,2024,21,CON,2025-01-26,2024_21_WAS_PHI,NFL,PHI,WAS,home,-6.0,6.0,0.0,46.5,SECONDARY,PAPER,-6.0,whole_number_line,1,0.6664412874896358,0.04,0.7064412874896359,True,32,55,23,WIN,1.0,32.0,45.5-47,70-71.9%,archived_reference_line
2024_22_KC_PHI-KC,2024,22,SB,2025-02-09,2024_22_KC_PHI,NFL,KC,PHI,away,-1.5,-1.5,4.5,48.5,SECONDARY,PAPER,-1.5,other_half_point_shape,1,0.6599662912879087,0.04,0.6999662912879088,False,-18,40,22,LOSS,0.0,-13.5,out-of-range,<70%,archived_reference_line
2024_22_KC_PHI-PHI,2024,22,SB,2025-02-09,2024_22_KC_PHI,NFL,PHI,KC,home,1.5,-1.5,7.5,48.5,PRIMARY,LIVE,+1.5,,2,0.6599662912879087,0.07,0.7299662912879088,False,18,40,22,WIN,1.0,25.5,out-of-range,72-73.9%,archived_reference_line
