season,week,n_legs,leg_ids,teams,shapes,game_ids,predicted_p_ticket,outcome,won,n_legs_winning,same_game_legs,fair_profit,fair_decimal_odds,fair_american_odds,break_even_probability,block
2018,1,2,2018_01_BUF_BAL-BAL|2018_01_DAL_CAR-DAL,BAL|DAL,-7.5|+2.5,2018_01_BUF_BAL|2018_01_DAL_CAR,0.5752620980512778,WIN,1,2,False,0.7383380608378997,1.7383380608378998,-135.4393133770125,0.5752620980512778,2018-2023 validation
2018,1,2,2018_01_BUF_BAL-BAL|2018_01_JAX_NYG-NYG,BAL|NYG,-7.5|+2.5,2018_01_BUF_BAL|2018_01_JAX_NYG,0.573763349422516,WIN,1,2,False,0.7428788384731871,1.742878838473187,-134.61145320214868,0.573763349422516,2018-2023 validation
2018,1,2,2018_01_DAL_CAR-DAL|2018_01_JAX_NYG-NYG,DAL|NYG,+2.5|+2.5,2018_01_DAL_CAR|2018_01_JAX_NYG,0.5625804210238938,WIN,1,2,False,0.7775236439618792,1.7775236439618793,-128.6134521780573,0.5625804210238938,2018-2023 validation
2018,1,3,2018_01_BUF_BAL-BAL|2018_01_DAL_CAR-DAL|2018_01_JAX_NYG-NYG,BAL|DAL|NYG,-7.5|+2.5|+2.5,2018_01_BUF_BAL|2018_01_DAL_CAR|2018_01_JAX_NYG,0.43091497706314924,WIN,1,3,False,1.3206434058416425,2.3206434058416425,132.06434058416426,0.4309149770631493,2018-2023 validation
2018,3,2,2018_03_CIN_CAR-CIN|2018_03_GB_WAS-WAS,CIN|WAS,+2.5|+2.5,2018_03_CIN_CAR|2018_03_GB_WAS,0.5488563311488025,LOSS,0,1,False,0.8219704196668659,1.821970419666866,-121.65887920945953,0.5488563311488025,2018-2023 validation
2018,4,2,2018_04_NYJ_JAX-JAX|2018_04_BUF_GB-GB,JAX|GB,-7.5|-8.5,2018_04_NYJ_JAX|2018_04_BUF_GB,0.5658819878714724,WIN,1,2,False,0.7671529072014357,1.7671529072014356,-130.35210980924097,0.5658819878714724,2018-2023 validation
2018,4,2,2018_04_NYJ_JAX-JAX|2018_04_DET_DAL-DET,JAX|DET,-7.5|+2.5,2018_04_NYJ_JAX|2018_04_DET_DAL,0.5658819878714724,WIN,1,2,False,0.7671529072014357,1.7671529072014356,-130.35210980924097,0.5658819878714724,2018-2023 validation
2018,4,2,2018_04_NYJ_JAX-JAX|2018_04_CLE_OAK-CLE,JAX|CLE,-7.5|+2.5,2018_04_NYJ_JAX|2018_04_CLE_OAK,0.5644851696949597,WIN,1,2,False,0.7715257258935373,1.7715257258935373,-129.6133060037443,0.5644851696949597,2018-2023 validation
2018,4,2,2018_04_BUF_GB-GB|2018_04_DET_DAL-DET,GB|DET,-8.5|+2.5,2018_04_BUF_GB|2018_04_DET_DAL,0.555445048067577,WIN,1,2,False,0.8003581154950493,1.8003581154950492,-124.944069490876,0.555445048067577,2018-2023 validation
2018,4,2,2018_04_BUF_GB-GB|2018_04_CLE_OAK-CLE,GB|CLE,-8.5|+2.5,2018_04_BUF_GB|2018_04_CLE_OAK,0.5540739923424901,WIN,1,2,False,0.8048131004529615,1.8048131004529615,-124.25245059221628,0.5540739923424901,2018-2023 validation
2018,4,2,2018_04_DET_DAL-DET|2018_04_CLE_OAK-CLE,DET|CLE,+2.5|+2.5,2018_04_DET_DAL|2018_04_CLE_OAK,0.5540739923424901,WIN,1,2,False,0.8048131004529615,1.8048131004529615,-124.25245059221628,0.5540739923424901,2018-2023 validation
2018,4,3,2018_04_NYJ_JAX-JAX|2018_04_BUF_GB-GB|2018_04_DET_DAL-DET,JAX|GB|DET,-7.5|-8.5|+2.5,2018_04_NYJ_JAX|2018_04_BUF_GB|2018_04_DET_DAL,0.4217415794068967,WIN,1,3,False,1.371120251900036,2.3711202519000363,137.1120251900036,0.42174157940689666,2018-2023 validation
2018,4,3,2018_04_NYJ_JAX-JAX|2018_04_BUF_GB-GB|2018_04_CLE_OAK-CLE,JAX|GB|CLE,-7.5|-8.5|+2.5,2018_04_NYJ_JAX|2018_04_BUF_GB|2018_04_CLE_OAK,0.42070055616082636,WIN,1,3,False,1.3769875873844049,2.376987587384405,137.6987587384405,0.42070055616082636,2018-2023 validation
2018,4,3,2018_04_NYJ_JAX-JAX|2018_04_DET_DAL-DET|2018_04_CLE_OAK-CLE,JAX|DET|CLE,-7.5|+2.5|+2.5,2018_04_NYJ_JAX|2018_04_DET_DAL|2018_04_CLE_OAK,0.42070055616082636,WIN,1,3,False,1.3769875873844049,2.376987587384405,137.6987587384405,0.42070055616082636,2018-2023 validation
2018,4,3,2018_04_BUF_GB-GB|2018_04_DET_DAL-DET|2018_04_CLE_OAK-CLE,GB|DET|CLE,-8.5|+2.5|+2.5,2018_04_BUF_GB|2018_04_DET_DAL|2018_04_CLE_OAK,0.41294129455818784,WIN,1,3,False,1.4216517291396473,2.421651729139647,142.16517291396474,0.41294129455818784,2018-2023 validation
2018,6,2,2018_06_CHI_MIA-CHI|2018_06_BAL_TEN-TEN,CHI|TEN,-7.5|+2.5,2018_06_CHI_MIA|2018_06_BAL_TEN,0.56730756512456,LOSS,0,0,False,0.7627122595843341,1.762712259584334,-131.11104317963682,0.56730756512456,2018-2023 validation
2018,6,2,2018_06_CHI_MIA-CHI|2018_06_PHI_NYG-NYG,CHI|NYG,-7.5|+1.5,2018_06_CHI_MIA|2018_06_PHI_NYG,0.5617745494172766,LOSS,0,0,False,0.7800735206628541,1.780073520662854,-128.19304507993903,0.5617745494172766,2018-2023 validation
2018,6,2,2018_06_BAL_TEN-TEN|2018_06_PHI_NYG-NYG,TEN|NYG,+2.5|+1.5,2018_06_BAL_TEN|2018_06_PHI_NYG,0.5528024935592587,LOSS,0,0,False,0.8089643437775179,1.808964343777518,-123.61484256900955,0.5528024935592587,2018-2023 validation
2018,6,3,2018_06_CHI_MIA-CHI|2018_06_BAL_TEN-TEN|2018_06_PHI_NYG-NYG,CHI|TEN|NYG,-7.5|+2.5|+1.5,2018_06_CHI_MIA|2018_06_BAL_TEN|2018_06_PHI_NYG,0.41973512509447775,LOSS,0,0,False,1.3824548869359243,2.3824548869359243,138.24548869359242,0.41973512509447775,2018-2023 validation
2018,8,2,2018_08_SF_ARI-ARI|2018_08_NYJ_CHI-CHI,ARI|CHI,+2.5|-8.5,2018_08_SF_ARI|2018_08_NYJ_CHI,0.5718831280607133,WIN,1,2,False,0.7486090267972308,1.7486090267972307,-133.58107693121116,0.5718831280607133,2018-2023 validation
2018,8,2,2018_08_SF_ARI-ARI|2018_08_BAL_CAR-CAR,ARI|CAR,+2.5|+2.5,2018_08_SF_ARI|2018_08_BAL_CAR,0.5675041580395825,WIN,1,2,False,0.7621016266285251,1.762101626628525,-131.21609573567213,0.5675041580395825,2018-2023 validation
2018,8,2,2018_08_SF_ARI-ARI|2018_08_MIA_HOU-HOU,ARI|HOU,+2.5|-7.5,2018_08_SF_ARI|2018_08_MIA_HOU,0.5647305299442514,WIN,1,2,False,0.7707560455403697,1.7707560455403697,-129.74273841717448,0.5647305299442514,2018-2023 validation
2018,8,2,2018_08_NYJ_CHI-CHI|2018_08_BAL_CAR-CAR,CHI|CAR,-8.5|+2.5,2018_08_NYJ_CHI|2018_08_BAL_CAR,0.5597309677025549,WIN,1,2,False,0.7865725816539192,1.7865725816539193,-127.1338492243537,0.5597309677025549,2018-2023 validation
2018,8,2,2018_08_NYJ_CHI-CHI|2018_08_MIA_HOU-HOU,CHI|HOU,-8.5|-7.5,2018_08_NYJ_CHI|2018_08_MIA_HOU,0.5569953304109979,WIN,1,2,False,0.7953471876723205,1.7953471876723204,-125.73125491606008,0.5569953304109979,2018-2023 validation
2018,8,2,2018_08_BAL_CAR-CAR|2018_08_MIA_HOU-HOU,CAR|HOU,+2.5|-7.5,2018_08_BAL_CAR|2018_08_MIA_HOU,0.5527303578421261,WIN,1,2,False,0.8092004280423938,1.8092004280423937,-123.57877793258042,0.5527303578421261,2018-2023 validation
2018,8,3,2018_08_SF_ARI-ARI|2018_08_NYJ_CHI-CHI|2018_08_BAL_CAR-CAR,ARI|CHI|CAR,+2.5|-8.5|+2.5,2018_08_SF_ARI|2018_08_NYJ_CHI|2018_08_BAL_CAR,0.4262141203180726,WIN,1,3,False,1.3462385508338528,2.346238550833853,134.62385508338528,0.4262141203180726,2018-2023 validation
2018,8,3,2018_08_SF_ARI-ARI|2018_08_NYJ_CHI-CHI|2018_08_MIA_HOU-HOU,ARI|CHI|HOU,+2.5|-8.5|-7.5,2018_08_SF_ARI|2018_08_NYJ_CHI|2018_08_MIA_HOU,0.42413103521289064,WIN,1,3,False,1.3577619107690493,2.3577619107690495,135.77619107690492,0.42413103521289064,2018-2023 validation
2018,8,3,2018_08_SF_ARI-ARI|2018_08_BAL_CAR-CAR|2018_08_MIA_HOU-HOU,ARI|CAR|HOU,+2.5|+2.5|-7.5,2018_08_SF_ARI|2018_08_BAL_CAR|2018_08_MIA_HOU,0.42088341870333135,WIN,1,3,False,1.375954850112238,2.375954850112238,137.59548501122381,0.42088341870333135,2018-2023 validation
2018,8,3,2018_08_NYJ_CHI-CHI|2018_08_BAL_CAR-CAR|2018_08_MIA_HOU-HOU,CHI|CAR|HOU,-8.5|+2.5|-7.5,2018_08_NYJ_CHI|2018_08_BAL_CAR|2018_08_MIA_HOU,0.4151185148221307,WIN,1,3,False,1.40895061119709,2.40895061119709,140.895061119709,0.41511851482213064,2018-2023 validation
2018,9,2,2018_09_OAK_SF-SF|2018_09_ATL_WAS-ATL,SF|ATL,+1.5|+1.5,2018_09_OAK_SF|2018_09_ATL_WAS,0.5488563311488025,WIN,1,2,False,0.8219704196668659,1.821970419666866,-121.65887920945953,0.5488563311488025,2018-2023 validation
2018,9,2,2018_09_OAK_SF-SF|2018_09_PIT_BAL-PIT,SF|PIT,+1.5|+1.5,2018_09_OAK_SF|2018_09_PIT_BAL,0.5476148643833738,WIN,1,2,False,0.8261009060190899,1.8261009060190898,-121.05058749044532,0.5476148643833738,2018-2023 validation
2018,9,2,2018_09_ATL_WAS-ATL|2018_09_PIT_BAL-PIT,ATL|PIT,+1.5|+1.5,2018_09_ATL_WAS|2018_09_PIT_BAL,0.541119029494778,WIN,1,2,False,0.8480222381638686,1.8480222381638685,-117.92143590068964,0.541119029494778,2018-2023 validation
2018,9,3,2018_09_OAK_SF-SF|2018_09_ATL_WAS-ATL|2018_09_PIT_BAL-PIT,SF|ATL|PIT,+1.5|+1.5|+1.5,2018_09_OAK_SF|2018_09_ATL_WAS|2018_09_PIT_BAL,0.4032861957749541,WIN,1,3,False,1.4796286371230774,2.4796286371230774,147.96286371230772,0.4032861957749541,2018-2023 validation
2018,10,2,2018_10_DET_CHI-CHI|2018_10_DAL_PHI-PHI,CHI|PHI,-7.5|-7.5,2018_10_DET_CHI|2018_10_DAL_PHI,0.5500522618909207,LOSS,0,1,False,0.8180090680152627,1.8180090680152627,-122.24803356108292,0.5500522618909207,2018-2023 validation
2018,11,2,2018_11_MIN_CHI-MIN|2018_11_DEN_LAC-LAC,MIN|LAC,+2.5|-7.5,2018_11_MIN_CHI|2018_11_DEN_LAC,0.5476148643833738,LOSS,0,1,False,0.8261009060190899,1.8261009060190898,-121.05058749044532,0.5476148643833738,2018-2023 validation
2018,15,2,2018_15_WAS_JAX-JAX|2018_15_DET_BUF-DET,JAX|DET,-7.5|+2.5,2018_15_WAS_JAX|2018_15_DET_BUF,0.5945062117018493,LOSS,0,1,False,0.682068211091308,1.682068211091308,-146.61290230782075,0.5945062117018493,2018-2023 validation
2018,15,2,2018_15_WAS_JAX-JAX|2018_15_TEN_NYG-NYG,JAX|NYG,-7.5|+2.5,2018_15_WAS_JAX|2018_15_TEN_NYG,0.5879231434064123,LOSS,0,0,False,0.7009025945228564,1.7009025945228564,-142.67317710255531,0.5879231434064123,2018-2023 validation
2018,15,2,2018_15_WAS_JAX-JAX|2018_15_TB_BAL-BAL,JAX|BAL,-7.5|-8.5,2018_15_WAS_JAX|2018_15_TB_BAL,0.5804370338500288,LOSS,0,1,False,0.722839759839267,1.722839759839267,-138.3432477790601,0.5804370338500288,2018-2023 validation
2018,15,2,2018_15_DET_BUF-DET|2018_15_TEN_NYG-NYG,DET|NYG,+2.5|+2.5,2018_15_DET_BUF|2018_15_TEN_NYG,0.573404578300645,LOSS,0,1,False,0.7439693330730338,1.743969333073034,-134.41414256544795,0.573404578300645,2018-2023 validation
2018,15,2,2018_15_DET_BUF-DET|2018_15_TB_BAL-BAL,DET|BAL,+2.5|-8.5,2018_15_DET_BUF|2018_15_TB_BAL,0.5661033357123374,WIN,1,2,False,0.7664619459302127,1.7664619459302127,-130.46962152652668,0.5661033357123374,2018-2023 validation
2018,15,2,2018_15_TEN_NYG-NYG|2018_15_TB_BAL-BAL,NYG|BAL,+2.5|-8.5,2018_15_TEN_NYG|2018_15_TB_BAL,0.5598347772886989,LOSS,0,1,False,0.7862412993402054,1.7862412993402055,-127.18741699770487,0.5598347772886989,2018-2023 validation
2018,15,3,2018_15_WAS_JAX-JAX|2018_15_DET_BUF-DET|2018_15_TEN_NYG-NYG,JAX|DET|NYG,-7.5|+2.5|+2.5,2018_15_WAS_JAX|2018_15_DET_BUF|2018_15_TEN_NYG,0.4476814038182012,LOSS,0,1,False,1.233731380109078,2.233731380109078,123.3731380109078,0.44768140381820115,2018-2023 validation
2018,15,3,2018_15_WAS_JAX-JAX|2018_15_DET_BUF-DET|2018_15_TB_BAL-BAL,JAX|DET|BAL,-7.5|+2.5|-8.5,2018_15_WAS_JAX|2018_15_DET_BUF|2018_15_TB_BAL,0.44198101241003046,LOSS,0,2,False,1.2625406339227292,2.262540633922729,126.25406339227293,0.4419810124100305,2018-2023 validation
2018,15,3,2018_15_WAS_JAX-JAX|2018_15_TEN_NYG-NYG|2018_15_TB_BAL-BAL,JAX|NYG|BAL,-7.5|+2.5|-8.5,2018_15_WAS_JAX|2018_15_TEN_NYG|2018_15_TB_BAL,0.4370868815620911,LOSS,0,1,False,1.2878746587546426,2.2878746587546424,128.78746587546425,0.43708688156209113,2018-2023 validation
2018,15,3,2018_15_DET_BUF-DET|2018_15_TEN_NYG-NYG|2018_15_TB_BAL-BAL,DET|NYG|BAL,+2.5|+2.5|-8.5,2018_15_DET_BUF|2018_15_TEN_NYG|2018_15_TB_BAL,0.4262931674210416,LOSS,0,2,False,1.3458034902359086,2.345803490235909,134.58034902359086,0.4262931674210416,2018-2023 validation
2018,16,2,2018_16_DEN_OAK-OAK|2018_16_ATL_CAR-CAR,OAK|CAR,+2.5|+2.5,2018_16_DEN_OAK|2018_16_ATL_CAR,0.5530914109908797,LOSS,0,1,False,0.8080193981108301,1.8080193981108301,-123.75940507592088,0.5530914109908797,2018-2023 validation
2018,17,2,2018_17_DAL_NYG-NYG|2018_17_DET_GB-GB,NYG|GB,-7.5|-7.5,2018_17_DAL_NYG|2018_17_DET_GB,0.5711770995700478,LOSS,0,0,False,0.750770471632612,1.750770471632612,-133.1965011657182,0.5711770995700478,2018-2023 validation
2019,1,2,2019_01_BUF_NYJ-BUF|2019_01_DET_ARI-ARI,BUF|ARI,+2.5|+2.5,2019_01_BUF_NYJ|2019_01_DET_ARI,0.5601986932439665,WIN,1,2,False,0.7850809222871571,1.785080922287157,-127.37540444706316,0.5601986932439665,2018-2023 validation
2019,3,2,2019_03_TEN_JAX-JAX|2019_03_OAK_MIN-MIN,JAX|MIN,+1.5|-8.5,2019_03_TEN_JAX|2019_03_OAK_MIN,0.5772870269054537,WIN,1,2,False,0.7322405552061312,1.7322405552061313,-136.56714216252234,0.5772870269054537,2018-2023 validation
2019,3,2,2019_03_TEN_JAX-JAX|2019_03_CAR_ARI-CAR,JAX|CAR,+1.5|+2.5,2019_03_TEN_JAX|2019_03_CAR_ARI,0.5688590122319045,WIN,1,2,False,0.7579048208738477,1.7579048208738477,-131.94268890479174,0.5688590122319045,2018-2023 validation
2019,3,2,2019_03_OAK_MIN-MIN|2019_03_CAR_ARI-CAR,MIN|CAR,-8.5|+2.5,2019_03_OAK_MIN|2019_03_CAR_ARI,0.5529228029588968,WIN,1,2,False,0.8085707347366138,1.8085707347366138,-123.67501778625997,0.5529228029588968,2018-2023 validation
2019,3,3,2019_03_TEN_JAX-JAX|2019_03_OAK_MIN-MIN|2019_03_CAR_ARI-CAR,JAX|MIN|CAR,+1.5|-8.5|+2.5,2019_03_TEN_JAX|2019_03_OAK_MIN|2019_03_CAR_ARI,0.4261185797542782,WIN,1,3,False,1.3467646038261258,2.346764603826126,134.6764603826126,0.42611857975427814,2018-2023 validation
2019,4,2,2019_04_JAX_DEN-JAX|2019_04_CLE_BAL-BAL,JAX|BAL,+2.5|-7.5,2019_04_JAX_DEN|2019_04_CLE_BAL,0.5698829613886248,LOSS,0,1,False,0.7547462685378692,1.7547462685378692,-132.49485842934317,0.5698829613886248,2018-2023 validation
2019,4,2,2019_04_JAX_DEN-JAX|2019_04_DAL_NO-NO,JAX|NO,+2.5|+2.5,2019_04_JAX_DEN|2019_04_DAL_NO,0.5698829613886248,WIN,1,2,False,0.7547462685378692,1.7547462685378692,-132.49485842934317,0.5698829613886248,2018-2023 validation
2019,4,2,2019_04_CLE_BAL-BAL|2019_04_DAL_NO-NO,BAL|NO,-7.5|+2.5,2019_04_CLE_BAL|2019_04_DAL_NO,0.5398950638536189,LOSS,0,1,False,0.8522117851240976,1.8522117851240976,-117.34172390662044,0.5398950638536189,2018-2023 validation
2019,4,3,2019_04_JAX_DEN-JAX|2019_04_CLE_BAL-BAL|2019_04_DAL_NO-NO,JAX|BAL|NO,+2.5|-7.5|+2.5,2019_04_JAX_DEN|2019_04_CLE_BAL|2019_04_DAL_NO,0.41873604892985117,LOSS,0,2,False,1.3881392647126143,2.3881392647126143,138.81392647126142,0.41873604892985117,2018-2023 validation
2019,7,2,2019_07_MIN_DET-DET|2019_07_HOU_IND-HOU,DET|HOU,+2.5|+1.5,2019_07_MIN_DET|2019_07_HOU_IND,0.5502390171463583,LOSS,0,1,False,0.8173920220819413,1.8173920220819413,-122.3403181074543,0.5502390171463583,2018-2023 validation
2019,11,2,2019_11_JAX_IND-JAX|2019_11_DAL_DET-DAL,JAX|DAL,+2.5|-7.5,2019_11_JAX_IND|2019_11_DAL_DET,0.5560657171285477,LOSS,0,1,False,0.798348592975435,1.798348592975435,-125.25856609492011,0.5560657171285477,2018-2023 validation
2019,13,2,2019_13_NYJ_CIN-CIN|2019_13_LA_ARI-ARI,CIN|ARI,+2.5|+2.5,2019_13_NYJ_CIN|2019_13_LA_ARI,0.5504026375890203,LOSS,0,1,False,0.8168517585242554,1.8168517585242554,-122.42123366504404,0.5504026375890203,2018-2023 validation
2019,16,2,2019_16_OAK_LAC-LAC|2019_16_CAR_IND-IND,LAC|IND,-7.5|-7.5,2019_16_OAK_LAC|2019_16_CAR_IND,0.5474335896108009,LOSS,0,1,False,0.8267055931130426,1.8267055931130427,-120.96204602105085,0.5474335896108009,2018-2023 validation
2019,16,2,2019_16_OAK_LAC-LAC|2019_16_CIN_MIA-MIA,LAC|MIA,-7.5|+1.5,2019_16_OAK_LAC|2019_16_CIN_MIA,0.5474335896108009,LOSS,0,1,False,0.8267055931130426,1.8267055931130427,-120.96204602105085,0.5474335896108009,2018-2023 validation
2019,16,2,2019_16_CAR_IND-IND|2019_16_CIN_MIA-MIA,IND|MIA,-7.5|+1.5,2019_16_CAR_IND|2019_16_CIN_MIA,0.5448504900894084,WIN,1,2,False,0.8353658814474092,1.8353658814474092,-119.70802521493157,0.5448504900894084,2018-2023 validation
2019,16,3,2019_16_OAK_LAC-LAC|2019_16_CAR_IND-IND|2019_16_CIN_MIA-MIA,LAC|IND|MIA,-7.5|-7.5|+1.5,2019_16_OAK_LAC|2019_16_CAR_IND|2019_16_CIN_MIA,0.4040825669774584,LOSS,0,2,False,1.474741752607666,2.474741752607666,147.4741752607666,0.4040825669774584,2018-2023 validation
2019,17,2,2019_17_NYJ_BUF-BUF|2019_17_CLE_CIN-CIN,BUF|CIN,+1.5|+2.5,2019_17_NYJ_BUF|2019_17_CLE_CIN,0.5780315500343973,WIN,1,2,False,0.7300093739528445,1.7300093739528446,-136.98454234706796,0.5780315500343973,2018-2023 validation
2020,1,2,2020_01_LAC_CIN-CIN|2020_01_MIA_NE-NE,CIN|NE,+2.5|-7.5,2020_01_LAC_CIN|2020_01_MIA_NE,0.5701327435662364,WIN,1,2,False,0.7539774925833965,1.7539774925833966,-132.6299537899523,0.5701327435662364,2018-2023 validation
2020,1,2,2020_01_LAC_CIN-CIN|2020_01_CHI_DET-CHI,CIN|CHI,+2.5|+2.5,2020_01_LAC_CIN|2020_01_CHI_DET,0.5670831951653187,WIN,1,2,False,0.7634096875476541,1.7634096875476541,-130.99126410255008,0.5670831951653187,2018-2023 validation
2020,1,2,2020_01_MIA_NE-NE|2020_01_CHI_DET-CHI,NE|CHI,-7.5|+2.5,2020_01_MIA_NE|2020_01_CHI_DET,0.5670831951653187,WIN,1,2,False,0.7634096875476541,1.7634096875476541,-130.99126410255008,0.5670831951653187,2018-2023 validation
2020,1,3,2020_01_LAC_CIN-CIN|2020_01_MIA_NE-NE|2020_01_CHI_DET-CHI,CIN|NE|CHI,+2.5|-7.5|+2.5,2020_01_LAC_CIN|2020_01_MIA_NE|2020_01_CHI_DET,0.42818827372655816,WIN,1,3,False,1.3354212652694033,2.335421265269403,133.54212652694034,0.42818827372655816,2018-2023 validation
2020,2,2,2020_02_WAS_ARI-ARI|2020_02_CAR_TB-TB,ARI|TB,-7.5|-7.5,2020_02_WAS_ARI|2020_02_CAR_TB,0.541119029494778,WIN,1,2,False,0.8480222381638686,1.8480222381638685,-117.92143590068964,0.541119029494778,2018-2023 validation
2020,2,2,2020_02_WAS_ARI-ARI|2020_02_KC_LAC-KC,ARI|KC,-7.5|-8.5,2020_02_WAS_ARI|2020_02_KC_LAC,0.541119029494778,WIN,1,2,False,0.8480222381638686,1.8480222381638685,-117.92143590068964,0.541119029494778,2018-2023 validation
2020,2,2,2020_02_CAR_TB-TB|2020_02_KC_LAC-KC,TB|KC,-7.5|-8.5,2020_02_CAR_TB|2020_02_KC_LAC,0.5398950638536189,WIN,1,2,False,0.8522117851240976,1.8522117851240976,-117.34172390662044,0.5398950638536189,2018-2023 validation
2020,2,3,2020_02_WAS_ARI-ARI|2020_02_CAR_TB-TB|2020_02_KC_LAC-KC,ARI|TB|KC,-7.5|-7.5|-8.5,2020_02_WAS_ARI|2020_02_CAR_TB|2020_02_KC_LAC,0.39760101593365815,WIN,1,3,False,1.5150841168043074,2.5150841168043074,151.50841168043075,0.39760101593365815,2018-2023 validation
2020,3,2,2020_03_WAS_CLE-CLE|2020_03_CHI_ATL-CHI,CLE|CHI,-7.5|+2.5,2020_03_WAS_CLE|2020_03_CHI_ATL,0.5474335896108009,WIN,1,2,False,0.8267055931130426,1.8267055931130427,-120.96204602105085,0.5474335896108009,2018-2023 validation
2020,3,2,2020_03_WAS_CLE-CLE|2020_03_LA_BUF-LA,CLE|LA,-7.5|+1.5,2020_03_WAS_CLE|2020_03_LA_BUF,0.5461738427144737,WIN,1,2,False,0.8309188792894565,1.8309188792894564,-120.34869166231123,0.5461738427144737,2018-2023 validation
2020,3,2,2020_03_CHI_ATL-CHI|2020_03_LA_BUF-LA,CHI|LA,+2.5|+1.5,2020_03_CHI_ATL|2020_03_LA_BUF,0.5435966873873483,WIN,1,2,False,0.8395991425301573,1.8395991425301572,-119.10445703725588,0.5435966873873483,2018-2023 validation
2020,3,3,2020_03_WAS_CLE-CLE|2020_03_CHI_ATL-CHI|2020_03_LA_BUF-LA,CLE|CHI|LA,-7.5|+2.5|+1.5,2020_03_WAS_CLE|2020_03_CHI_ATL|2020_03_LA_BUF,0.4031526975480511,WIN,1,3,False,1.4804497305411473,2.4804497305411473,148.04497305411473,0.4031526975480511,2018-2023 validation
2020,4,2,2020_04_LAC_TB-TB|2020_04_PHI_SF-SF,TB|SF,-7.5|-8.5,2020_04_LAC_TB|2020_04_PHI_SF,0.5556681762548301,LOSS,0,1,False,0.7996351828890751,1.799635182889075,-125.0570286798798,0.5556681762548301,2018-2023 validation
2020,12,2,2020_12_CHI_GB-GB|2020_12_MIA_NYJ-MIA,GB|MIA,-7.5|-7.5,2020_12_CHI_GB|2020_12_MIA_NYJ,0.5501222651896162,WIN,1,2,False,0.8177777255667338,1.8177777255667338,-122.28261650278908,0.5501222651896162,2018-2023 validation
2020,12,2,2020_12_CHI_GB-GB|2020_12_WAS_DAL-WAS,GB|WAS,-7.5|+2.5,2020_12_CHI_GB|2020_12_WAS_DAL,0.5501222651896162,WIN,1,2,False,0.8177777255667338,1.8177777255667338,-122.28261650278908,0.5501222651896162,2018-2023 validation
2020,12,2,2020_12_MIA_NYJ-MIA|2020_12_WAS_DAL-WAS,MIA|WAS,-7.5|+2.5,2020_12_MIA_NYJ|2020_12_WAS_DAL,0.5448504900894084,WIN,1,2,False,0.8353658814474092,1.8353658814474092,-119.70802521493157,0.5448504900894084,2018-2023 validation
2020,12,3,2020_12_CHI_GB-GB|2020_12_MIA_NYJ-MIA|2020_12_WAS_DAL-WAS,GB|MIA|WAS,-7.5|-7.5|+2.5,2020_12_CHI_GB|2020_12_MIA_NYJ|2020_12_WAS_DAL,0.4060671856604839,WIN,1,3,False,1.462646663688083,2.462646663688083,146.2646663688083,0.4060671856604839,2018-2023 validation
2020,13,2,2020_13_DAL_BAL-BAL|2020_13_NO_ATL-ATL,BAL|ATL,-8.5|+2.5,2020_13_DAL_BAL|2020_13_NO_ATL,0.5448504900894084,WIN,1,2,False,0.8353658814474092,1.8353658814474092,-119.70802521493157,0.5448504900894084,2018-2023 validation
2020,13,2,2020_13_DAL_BAL-BAL|2020_13_NE_LAC-NE,BAL|NE,-8.5|+2.5,2020_13_DAL_BAL|2020_13_NE_LAC,0.5423671174928443,WIN,1,2,False,0.8437695939654629,1.843769593965463,-118.51576628879232,0.5423671174928443,2018-2023 validation
2020,13,2,2020_13_NO_ATL-ATL|2020_13_NE_LAC-NE,ATL|NE,+2.5|+2.5,2020_13_NO_ATL|2020_13_NE_LAC,0.5423671174928443,WIN,1,2,False,0.8437695939654629,1.843769593965463,-118.51576628879232,0.5423671174928443,2018-2023 validation
2020,13,3,2020_13_DAL_BAL-BAL|2020_13_NO_ATL-ATL|2020_13_NE_LAC-NE,BAL|ATL|NE,-8.5|+2.5|+2.5,2020_13_DAL_BAL|2020_13_NO_ATL|2020_13_NE_LAC,0.40034280183005644,WIN,1,3,False,1.497859323132017,2.497859323132017,149.7859323132017,0.4003428018300564,2018-2023 validation
2021,3,2,2021_03_CIN_PIT-CIN|2021_03_CHI_CLE-CLE,CIN|CLE,+2.5|-7.5,2021_03_CIN_PIT|2021_03_CHI_CLE,0.5569953304109979,WIN,1,2,False,0.7953471876723205,1.7953471876723204,-125.73125491606008,0.5569953304109979,2018-2023 validation
2021,3,2,2021_03_CIN_PIT-CIN|2021_03_WAS_BUF-BUF,CIN|BUF,+2.5|-7.5,2021_03_CIN_PIT|2021_03_WAS_BUF,0.5556681762548301,WIN,1,2,False,0.7996351828890751,1.799635182889075,-125.0570286798798,0.5556681762548301,2018-2023 validation
2021,3,2,2021_03_CHI_CLE-CLE|2021_03_WAS_BUF-BUF,CLE|BUF,-7.5|-7.5,2021_03_CHI_CLE|2021_03_WAS_BUF,0.5487183801236944,WIN,1,2,False,0.8224284737365198,1.8224284737365197,-121.59112092225159,0.5487183801236944,2018-2023 validation
2021,3,3,2021_03_CIN_PIT-CIN|2021_03_CHI_CLE-CLE|2021_03_WAS_BUF-BUF,CIN|CLE|BUF,+2.5|-7.5|-7.5,2021_03_CIN_PIT|2021_03_CHI_CLE|2021_03_WAS_BUF,0.41210538878636016,WIN,1,3,False,1.4265637558027922,2.426563755802792,142.65637558027922,0.41210538878636016,2018-2023 validation
2021,4,2,2021_04_IND_MIA-IND|2021_04_NYG_NO-NO,IND|NO,+2.5|-7.5,2021_04_IND_MIA|2021_04_NYG_NO,0.5656057552922121,LOSS,0,1,False,0.7680159557134709,1.768015955713471,-130.20562822435383,0.5656057552922121,2018-2023 validation
2021,4,2,2021_04_IND_MIA-IND|2021_04_JAX_CIN-CIN,IND|CIN,+2.5|-7.5,2021_04_IND_MIA|2021_04_JAX_CIN,0.5573482795775753,WIN,1,2,False,0.7942102571087486,1.7942102571087486,-125.91124214895065,0.5573482795775753,2018-2023 validation
2021,4,2,2021_04_NYG_NO-NO|2021_04_JAX_CIN-CIN,NO|CIN,-7.5|-7.5,2021_04_NYG_NO|2021_04_JAX_CIN,0.5529228029588968,LOSS,0,1,False,0.8085707347366138,1.8085707347366138,-123.67501778625997,0.5529228029588968,2018-2023 validation
2021,4,3,2021_04_IND_MIA-IND|2021_04_NYG_NO-NO|2021_04_JAX_CIN-CIN,IND|NO|CIN,+2.5|-7.5|-7.5,2021_04_IND_MIA|2021_04_NYG_NO|2021_04_JAX_CIN,0.4174961672669564,LOSS,0,2,False,1.3952315695405597,2.3952315695405595,139.52315695405596,0.41749616726695643,2018-2023 validation
2021,5,2,2021_05_NO_WAS-WAS|2021_05_PHI_CAR-PHI,WAS|PHI,+2.5|+2.5,2021_05_NO_WAS|2021_05_PHI_CAR,0.5515081403446485,LOSS,0,1,False,0.8132098637294456,1.8132098637294456,-122.96948728756435,0.5515081403446485,2018-2023 validation
2021,5,2,2021_05_NO_WAS-WAS|2021_05_CLE_LAC-CLE,WAS|CLE,+2.5|+2.5,2021_05_NO_WAS|2021_05_CLE_LAC,0.5502390171463583,LOSS,0,1,False,0.8173920220819413,1.8173920220819413,-122.3403181074543,0.5502390171463583,2018-2023 validation
2021,5,2,2021_05_NO_WAS-WAS|2021_05_IND_BAL-BAL,WAS|BAL,+2.5|-7.5,2021_05_NO_WAS|2021_05_IND_BAL,0.5502390171463583,LOSS,0,1,False,0.8173920220819413,1.8173920220819413,-122.3403181074543,0.5502390171463583,2018-2023 validation
2021,5,2,2021_05_PHI_CAR-PHI|2021_05_CLE_LAC-CLE,PHI|CLE,+2.5|+2.5,2021_05_PHI_CAR|2021_05_CLE_LAC,0.5435966873873483,WIN,1,2,False,0.8395991425301573,1.8395991425301572,-119.10445703725588,0.5435966873873483,2018-2023 validation
2021,5,2,2021_05_PHI_CAR-PHI|2021_05_IND_BAL-BAL,PHI|BAL,+2.5|-7.5,2021_05_PHI_CAR|2021_05_IND_BAL,0.5435966873873483,WIN,1,2,False,0.8395991425301573,1.8395991425301572,-119.10445703725588,0.5435966873873483,2018-2023 validation
2021,5,2,2021_05_CLE_LAC-CLE|2021_05_IND_BAL-BAL,CLE|BAL,+2.5|-7.5,2021_05_CLE_LAC|2021_05_IND_BAL,0.5423457699193923,WIN,1,2,False,0.8438421676057838,1.843842167605784,-118.5055734815054,0.5423457699193923,2018-2023 validation
2021,5,3,2021_05_NO_WAS-WAS|2021_05_PHI_CAR-PHI|2021_05_CLE_LAC-CLE,WAS|PHI|CLE,+2.5|+2.5|+2.5,2021_05_NO_WAS|2021_05_PHI_CAR|2021_05_CLE_LAC,0.4061533649364277,LOSS,0,2,False,1.4621241292843232,2.462124129284323,146.21241292843231,0.40615336493642773,2018-2023 validation
2021,5,3,2021_05_NO_WAS-WAS|2021_05_PHI_CAR-PHI|2021_05_IND_BAL-BAL,WAS|PHI|BAL,+2.5|+2.5|-7.5,2021_05_NO_WAS|2021_05_PHI_CAR|2021_05_IND_BAL,0.4061533649364277,LOSS,0,2,False,1.4621241292843232,2.462124129284323,146.21241292843231,0.40615336493642773,2018-2023 validation
2021,5,3,2021_05_NO_WAS-WAS|2021_05_CLE_LAC-CLE|2021_05_IND_BAL-BAL,WAS|CLE|BAL,+2.5|+2.5|-7.5,2021_05_NO_WAS|2021_05_CLE_LAC|2021_05_IND_BAL,0.40521873021429583,LOSS,0,2,False,1.467803004740576,2.467803004740576,146.78030047405758,0.40521873021429583,2018-2023 validation
2021,5,3,2021_05_PHI_CAR-PHI|2021_05_CLE_LAC-CLE|2021_05_IND_BAL-BAL,PHI|CLE|BAL,+2.5|+2.5|-7.5,2021_05_PHI_CAR|2021_05_CLE_LAC|2021_05_IND_BAL,0.4003270443346399,WIN,1,3,False,1.4979576427619108,2.497957642761911,149.79576427619108,0.4003270443346399,2018-2023 validation
2021,10,2,2021_10_CLE_NE-CLE|2021_10_BAL_MIA-BAL,CLE|BAL,+2.5|-8.5,2021_10_CLE_NE|2021_10_BAL_MIA,0.5448724729438981,LOSS,0,0,False,0.8352918336965858,1.8352918336965858,-119.71863720665122,0.5448724729438981,2018-2023 validation
2021,11,2,2021_11_NO_PHI-NO|2021_11_ARI_SEA-ARI,NO|ARI,+2.5|+2.5,2021_11_NO_PHI|2021_11_ARI_SEA,0.5543671132195294,LOSS,0,1,False,0.803858807915974,1.803858807915974,-124.39995558331039,0.5543671132195294,2018-2023 validation
2021,12,2,2021_12_TEN_NE-NE|2021_12_ATL_JAX-JAX,NE|JAX,-7.5|+1.5,2021_12_TEN_NE|2021_12_ATL_JAX,0.5529228029588968,WIN,1,2,False,0.8085707347366138,1.8085707347366138,-123.67501778625997,0.5529228029588968,2018-2023 validation
2021,13,2,2021_13_ARI_CHI-ARI|2021_13_DEN_KC-KC,ARI|KC,-7.5|-8.5,2021_13_ARI_CHI|2021_13_DEN_KC,0.5502390171463583,WIN,1,2,False,0.8173920220819413,1.8173920220819413,-122.3403181074543,0.5502390171463583,2018-2023 validation
2021,14,2,2021_14_ATL_CAR-ATL|2021_14_JAX_TEN-TEN,ATL|TEN,+2.5|-8.5,2021_14_ATL_CAR|2021_14_JAX_TEN,0.5629017098527,WIN,1,2,False,0.7765090823079569,1.7765090823079568,-128.78149435519526,0.5629017098527,2018-2023 validation
2021,16,2,2021_16_DET_ATL-ATL|2021_16_JAX_NYJ-JAX,ATL|JAX,-7.5|+2.5,2021_16_DET_ATL|2021_16_JAX_NYJ,0.5640499583086062,WIN,1,2,False,0.772892605113667,1.7728926051136669,-129.3840817448283,0.5640499583086062,2018-2023 validation
2021,16,2,2021_16_DET_ATL-ATL|2021_16_BAL_CIN-CIN,ATL|CIN,-7.5|-7.5,2021_16_DET_ATL|2021_16_BAL_CIN,0.5625804210238938,WIN,1,2,False,0.7775236439618792,1.7775236439618793,-128.6134521780573,0.5625804210238938,2018-2023 validation
2021,16,2,2021_16_DET_ATL-ATL|2021_16_CLE_GB-GB,ATL|GB,-7.5|-7.5,2021_16_DET_ATL|2021_16_CLE_GB,0.5530914109908797,WIN,1,2,False,0.8080193981108301,1.8080193981108301,-123.75940507592088,0.5530914109908797,2018-2023 validation
2021,16,2,2021_16_JAX_NYJ-JAX|2021_16_BAL_CIN-CIN,JAX|CIN,+2.5|-7.5,2021_16_JAX_NYJ|2021_16_BAL_CIN,0.5625804210238938,WIN,1,2,False,0.7775236439618792,1.7775236439618793,-128.6134521780573,0.5625804210238938,2018-2023 validation
2021,16,2,2021_16_JAX_NYJ-JAX|2021_16_CLE_GB-GB,JAX|GB,+2.5|-7.5,2021_16_JAX_NYJ|2021_16_CLE_GB,0.5530914109908797,WIN,1,2,False,0.8080193981108301,1.8080193981108301,-123.75940507592088,0.5530914109908797,2018-2023 validation
2021,16,2,2021_16_BAL_CIN-CIN|2021_16_CLE_GB-GB,CIN|GB,-7.5|-7.5,2021_16_BAL_CIN|2021_16_CLE_GB,0.5516504243578118,WIN,1,2,False,0.8127421929641797,1.8127421929641798,-123.0402467912815,0.5516504243578118,2018-2023 validation
2021,16,3,2021_16_DET_ATL-ATL|2021_16_JAX_NYJ-JAX|2021_16_BAL_CIN-CIN,ATL|JAX|CIN,-7.5|+2.5|-7.5,2021_16_DET_ATL|2021_16_JAX_NYJ|2021_16_BAL_CIN,0.42251623333153715,WIN,1,3,False,1.3667729689697552,2.366772968969755,136.67729689697552,0.42251623333153715,2018-2023 validation
2021,16,3,2021_16_DET_ATL-ATL|2021_16_JAX_NYJ-JAX|2021_16_CLE_GB-GB,ATL|JAX|GB,-7.5|+2.5|-7.5,2021_16_DET_ATL|2021_16_JAX_NYJ|2021_16_CLE_GB,0.4153896775052653,WIN,1,3,False,1.4073780696857219,2.4073780696857217,140.7378069685722,0.4153896775052653,2018-2023 validation
2021,16,3,2021_16_DET_ATL-ATL|2021_16_BAL_CIN-CIN|2021_16_CLE_GB-GB,ATL|CIN|GB,-7.5|-7.5|-7.5,2021_16_DET_ATL|2021_16_BAL_CIN|2021_16_CLE_GB,0.41430744957529775,WIN,1,3,False,1.413666471662746,2.4136664716627463,141.36664716627462,0.4143074495752977,2018-2023 validation
2021,16,3,2021_16_JAX_NYJ-JAX|2021_16_BAL_CIN-CIN|2021_16_CLE_GB-GB,JAX|CIN|GB,+2.5|-7.5|-7.5,2021_16_JAX_NYJ|2021_16_BAL_CIN|2021_16_CLE_GB,0.41430744957529775,WIN,1,3,False,1.413666471662746,2.4136664716627463,141.36664716627462,0.4143074495752977,2018-2023 validation
2021,17,2,2021_17_DET_SEA-SEA|2021_17_LV_IND-IND,SEA|IND,-8.5|-8.5,2021_17_DET_SEA|2021_17_LV_IND,0.5560657171285477,LOSS,0,1,False,0.798348592975435,1.798348592975435,-125.25856609492011,0.5560657171285477,2018-2023 validation
2022,1,2,2022_01_CLE_CAR-CLE|2022_01_PIT_CIN-CIN,CLE|CIN,+2.5|-7.5,2022_01_CLE_CAR|2022_01_PIT_CIN,0.5583493326507223,LOSS,0,1,False,0.7909934543175215,1.7909934543175217,-126.42329649400345,0.5583493326507223,2018-2023 validation
2022,1,2,2022_01_CLE_CAR-CLE|2022_01_GB_MIN-GB,CLE|GB,+2.5|+2.5,2022_01_CLE_CAR|2022_01_GB_MIN,0.5518403648317655,LOSS,0,1,False,0.8121182568891293,1.8121182568891294,-123.13477643398434,0.5518403648317655,2018-2023 validation
2022,1,2,2022_01_PIT_CIN-CIN|2022_01_GB_MIN-GB,CIN|GB,-7.5|+2.5,2022_01_PIT_CIN|2022_01_GB_MIN,0.5462631366155818,LOSS,0,0,False,0.8306195914950115,1.8306195914950116,-120.39205554977639,0.5462631366155818,2018-2023 validation
2022,1,3,2022_01_CLE_CAR-CLE|2022_01_PIT_CIN-CIN|2022_01_GB_MIN-GB,CLE|CIN|GB,+2.5|-7.5|+2.5,2022_01_CLE_CAR|2022_01_PIT_CIN|2022_01_GB_MIN,0.41026142088383094,LOSS,0,1,False,1.4374702301905171,2.437470230190517,143.7470230190517,0.41026142088383094,2018-2023 validation
2022,2,2,2022_02_SEA_SF-SF|2022_02_CIN_DAL-CIN,SF|CIN,-8.5|-7.5,2022_02_SEA_SF|2022_02_CIN_DAL,0.573404578300645,LOSS,0,1,False,0.7439693330730338,1.743969333073034,-134.41414256544795,0.573404578300645,2018-2023 validation
2022,2,2,2022_02_SEA_SF-SF|2022_02_TB_NO-NO,SF|NO,-8.5|+2.5,2022_02_SEA_SF|2022_02_TB_NO,0.5675041580395825,LOSS,0,1,False,0.7621016266285251,1.762101626628525,-131.21609573567213,0.5675041580395825,2018-2023 validation
2022,2,2,2022_02_CIN_DAL-CIN|2022_02_TB_NO-NO,CIN|NO,-7.5|+2.5,2022_02_CIN_DAL|2022_02_TB_NO,0.5612200880722991,LOSS,0,0,False,0.781832156854612,1.781832156854612,-127.90469044188445,0.5612200880722991,2018-2023 validation
2022,2,3,2022_02_SEA_SF-SF|2022_02_CIN_DAL-CIN|2022_02_TB_NO-NO,SF|CIN|NO,-8.5|-7.5|+2.5,2022_02_SEA_SF|2022_02_CIN_DAL|2022_02_TB_NO,0.42734802957995127,LOSS,0,1,False,1.3400131293056847,2.3400131293056847,134.00131293056847,0.4273480295799512,2018-2023 validation
2022,3,2,2022_03_BAL_NE-NE|2022_03_LV_TEN-TEN,NE|TEN,+2.5|+1.5,2022_03_BAL_NE|2022_03_LV_TEN,0.5474109474775186,LOSS,0,1,False,0.8267811497158057,1.8267811497158057,-120.95099172782734,0.5474109474775186,2018-2023 validation
2022,6,2,2022_06_NE_CLE-NE|2022_06_NYJ_GB-GB,NE|GB,+2.5|-7.5,2022_06_NE_CLE|2022_06_NYJ_GB,0.5568946473872308,LOSS,0,1,False,0.7956717750685446,1.7956717750685445,-125.67996394164581,0.5568946473872308,2018-2023 validation
2022,7,2,2022_07_IND_TEN-IND|2022_07_NO_ARI-NO,IND|NO,+2.5|+2.5,2022_07_IND_TEN|2022_07_NO_ARI,0.5582726828213477,LOSS,0,1,False,0.7912393544786949,1.7912393544786949,-126.38400685451829,0.5582726828213477,2018-2023 validation
2022,7,2,2022_07_IND_TEN-IND|2022_07_PIT_MIA-MIA,IND|MIA,+2.5|-7.5,2022_07_IND_TEN|2022_07_PIT_MIA,0.5568946473872308,LOSS,0,1,False,0.7956717750685446,1.7956717750685445,-125.67996394164581,0.5568946473872308,2018-2023 validation
2022,7,2,2022_07_NO_ARI-NO|2022_07_PIT_MIA-MIA,NO|MIA,+2.5|-7.5,2022_07_NO_ARI|2022_07_PIT_MIA,0.5540739923424901,WIN,1,2,False,0.8048131004529615,1.8048131004529615,-124.25245059221628,0.5540739923424901,2018-2023 validation
2022,7,3,2022_07_IND_TEN-IND|2022_07_NO_ARI-NO|2022_07_PIT_MIA-MIA,IND|NO|MIA,+2.5|+2.5|-7.5,2022_07_IND_TEN|2022_07_NO_ARI|2022_07_PIT_MIA,0.4150434775910947,LOSS,0,2,False,1.4093861342045007,2.4093861342045004,140.93861342045005,0.4150434775910948,2018-2023 validation
2022,10,2,2022_10_DEN_TEN-DEN|2022_10_ATL_CAR-CAR,DEN|CAR,+2.5|+2.5,2022_10_DEN_TEN|2022_10_ATL_CAR,0.5749584885960947,WIN,1,2,False,0.7392559981882357,1.7392559981882356,-135.27113779946245,0.5749584885960947,2018-2023 validation
2022,10,2,2022_10_DEN_TEN-DEN|2022_10_SEA_TB-SEA,DEN|SEA,+2.5|+2.5,2022_10_DEN_TEN|2022_10_SEA_TB,0.5647305299442514,WIN,1,2,False,0.7707560455403697,1.7707560455403697,-129.74273841717448,0.5647305299442514,2018-2023 validation
2022,10,2,2022_10_DEN_TEN-DEN|2022_10_LAC_SF-SF,DEN|SF,+2.5|-8.5,2022_10_DEN_TEN|2022_10_LAC_SF,0.5633849451089579,WIN,1,2,False,0.7749853074377083,1.7749853074377082,-129.03470432313685,0.5633849451089579,2018-2023 validation
2022,10,2,2022_10_ATL_CAR-CAR|2022_10_SEA_TB-SEA,CAR|SEA,+2.5|+2.5,2022_10_ATL_CAR|2022_10_SEA_TB,0.5599906302782042,WIN,1,2,False,0.7857441641536012,1.7857441641536012,-127.26788764345376,0.5599906302782042,2018-2023 validation
2022,10,2,2022_10_ATL_CAR-CAR|2022_10_LAC_SF-SF,CAR|SF,+2.5|-8.5,2022_10_ATL_CAR|2022_10_LAC_SF,0.5586563392136087,WIN,1,2,False,0.7900092235732037,1.7900092235732037,-126.58080059837911,0.5586563392136087,2018-2023 validation
2022,10,2,2022_10_SEA_TB-SEA|2022_10_LAC_SF-SF,SEA|SF,+2.5|-8.5,2022_10_SEA_TB|2022_10_LAC_SF,0.5487183801236944,WIN,1,2,False,0.8224284737365198,1.8224284737365197,-121.59112092225159,0.5487183801236944,2018-2023 validation
2022,10,3,2022_10_DEN_TEN-DEN|2022_10_ATL_CAR-CAR|2022_10_SEA_TB-SEA,DEN|CAR|SEA,+2.5|+2.5|+2.5,2022_10_DEN_TEN|2022_10_ATL_CAR|2022_10_SEA_TB,0.42641184362202716,WIN,1,3,False,1.345150621300292,2.345150621300292,134.5150621300292,0.42641184362202716,2018-2023 validation
2022,10,3,2022_10_DEN_TEN-DEN|2022_10_ATL_CAR-CAR|2022_10_LAC_SF-SF,DEN|CAR|SF,+2.5|+2.5|-8.5,2022_10_DEN_TEN|2022_10_ATL_CAR|2022_10_LAC_SF,0.4253958310639244,WIN,1,3,False,1.3507517633611448,2.3507517633611448,135.07517633611448,0.4253958310639244,2018-2023 validation
2022,10,3,2022_10_DEN_TEN-DEN|2022_10_SEA_TB-SEA|2022_10_LAC_SF-SF,DEN|SEA|SF,+2.5|+2.5|-8.5,2022_10_DEN_TEN|2022_10_SEA_TB|2022_10_LAC_SF,0.4178284482752779,WIN,1,3,False,1.3933267448107556,2.3933267448107554,139.33267448107557,0.41782844827527793,2018-2023 validation
2022,10,3,2022_10_ATL_CAR-CAR|2022_10_SEA_TB-SEA|2022_10_LAC_SF-SF,CAR|SEA|SF,+2.5|+2.5|-8.5,2022_10_ATL_CAR|2022_10_SEA_TB|2022_10_LAC_SF,0.4143215280408777,WIN,1,3,False,1.4135844563243123,2.4135844563243123,141.35844563243123,0.41432152804087763,2018-2023 validation
2022,11,2,2022_11_LA_NO-LA|2022_11_LV_DEN-LV,LA|LV,+2.5|+2.5,2022_11_LA_NO|2022_11_LV_DEN,0.5766383144835873,WIN,1,2,False,0.7341893087620399,1.73418930876204,-136.20465295063465,0.5766383144835873,2018-2023 validation
2022,12,2,2022_12_CHI_NYJ-NYJ|2022_12_PIT_IND-PIT,NYJ|PIT,-8.5|+2.5,2022_12_CHI_NYJ|2022_12_PIT_IND,0.5925207721698506,WIN,1,2,False,0.6877045446658914,1.6877045446658914,-145.411282760365,0.5925207721698506,2018-2023 validation
2022,12,2,2022_12_CHI_NYJ-NYJ|2022_12_NE_MIN-NE,NYJ|NE,-8.5|+2.5,2022_12_CHI_NYJ|2022_12_NE_MIN,0.584404925483142,WIN,1,2,False,0.711142319981775,1.711142319981775,-140.61882859476395,0.584404925483142,2018-2023 validation
2022,12,2,2022_12_PIT_IND-PIT|2022_12_NE_MIN-NE,PIT|NE,+2.5|+2.5,2022_12_PIT_IND|2022_12_NE_MIN,0.5718831280607133,WIN,1,2,False,0.7486090267972308,1.7486090267972307,-133.58107693121116,0.5718831280607133,2018-2023 validation
2022,12,3,2022_12_CHI_NYJ-NYJ|2022_12_PIT_IND-PIT|2022_12_NE_MIN-NE,NYJ|PIT|NE,-8.5|+2.5|+2.5,2022_12_CHI_NYJ|2022_12_PIT_IND|2022_12_NE_MIN,0.4450024129390495,WIN,1,3,False,1.2471788262796828,2.247178826279683,124.71788262796828,0.4450024129390495,2018-2023 validation
2022,13,2,2022_13_WAS_NYG-NYG|2022_13_CLE_HOU-CLE,NYG|CLE,+2.5|-7.5,2022_13_WAS_NYG|2022_13_CLE_HOU,0.5595039754572394,WIN,1,2,False,0.7872973988840333,1.7872973988840333,-127.0168047573211,0.5595039754572394,2018-2023 validation
2022,14,2,2022_14_BAL_PIT-BAL|2022_14_KC_DEN-KC,BAL|KC,+1.5|-8.5,2022_14_BAL_PIT|2022_14_KC_DEN,0.5766047419843252,WIN,1,2,False,0.7342902809966565,1.7342902809966565,-136.185923452874,0.5766047419843252,2018-2023 validation
2022,14,2,2022_14_BAL_PIT-BAL|2022_14_PHI_NYG-PHI,BAL|PHI,+1.5|-7.5,2022_14_BAL_PIT|2022_14_PHI_NYG,0.5766047419843252,WIN,1,2,False,0.7342902809966565,1.7342902809966565,-136.185923452874,0.5766047419843252,2018-2023 validation
2022,14,2,2022_14_KC_DEN-KC|2022_14_PHI_NYG-PHI,KC|PHI,-8.5|-7.5,2022_14_KC_DEN|2022_14_PHI_NYG,0.5527063209194287,WIN,1,2,False,0.8092791092681857,1.8092791092681857,-123.56676312876522,0.5527063209194287,2018-2023 validation
2022,14,3,2022_14_BAL_PIT-BAL|2022_14_KC_DEN-KC|2022_14_PHI_NYG-PHI,BAL|KC|PHI,+1.5|-8.5|-7.5,2022_14_BAL_PIT|2022_14_KC_DEN|2022_14_PHI_NYG,0.42867230418521757,WIN,1,3,False,1.3327842508993242,2.332784250899324,133.27842508993243,0.42867230418521757,2018-2023 validation
2022,15,2,2022_15_PIT_CAR-PIT|2022_15_ARI_DEN-ARI,PIT|ARI,+2.5|+1.5,2022_15_PIT_CAR|2022_15_ARI_DEN,0.6015752394683249,LOSS,0,1,False,0.6623024592631253,1.6623024592631253,-150.98841715197548,0.6015752394683249,2018-2023 validation
2022,15,2,2022_15_PIT_CAR-PIT|2022_15_BAL_CLE-BAL,PIT|BAL,+2.5|+2.5,2022_15_PIT_CAR|2022_15_BAL_CLE,0.594251908854863,LOSS,0,1,False,0.6827880316396843,1.6827880316396842,-146.45833753098245,0.594251908854863,2018-2023 validation
2022,15,2,2022_15_ARI_DEN-ARI|2022_15_BAL_CLE-BAL,ARI|BAL,+1.5|+2.5,2022_15_ARI_DEN|2022_15_BAL_CLE,0.5904054724750936,LOSS,0,0,False,0.6937512381242118,1.6937512381242117,-144.1438868929206,0.5904054724750936,2018-2023 validation
2022,15,3,2022_15_PIT_CAR-PIT|2022_15_ARI_DEN-ARI|2022_15_BAL_CLE-BAL,PIT|ARI|BAL,+2.5|+1.5|+2.5,2022_15_PIT_CAR|2022_15_ARI_DEN|2022_15_BAL_CLE,0.4594153017851291,LOSS,0,1,False,1.1766797843135515,2.1766797843135515,117.66797843135515,0.4594153017851291,2018-2023 validation
2022,16,2,2022_16_JAX_NYJ-JAX|2022_16_LV_PIT-LV,JAX|LV,+2.5|+2.5,2022_16_JAX_NYJ|2022_16_LV_PIT,0.5978313052282631,WIN,1,2,False,0.6727126720441335,1.6727126720441334,-148.6518749470494,0.5978313052282632,2018-2023 validation
2022,16,2,2022_16_JAX_NYJ-JAX|2022_16_TB_ARI-TB,JAX|TB,+2.5|-7.5,2022_16_JAX_NYJ|2022_16_TB_ARI,0.5875476232763222,WIN,1,2,False,0.7019896947650532,1.7019896947650532,-142.45223362355583,0.5875476232763222,2018-2023 validation
2022,16,2,2022_16_JAX_NYJ-JAX|2022_16_DET_CAR-CAR,JAX|CAR,+2.5|+2.5,2022_16_JAX_NYJ|2022_16_DET_CAR,0.5813910421014244,WIN,1,2,False,0.720012741141527,1.720012741141527,-138.88643115045073,0.5813910421014244,2018-2023 validation
2022,16,2,2022_16_LV_PIT-LV|2022_16_TB_ARI-TB,LV|TB,+2.5|-7.5,2022_16_LV_PIT|2022_16_TB_ARI,0.5801116177424754,WIN,1,2,False,0.7238061942140287,1.7238061942140286,-138.1585302797645,0.5801116177424754,2018-2023 validation
2022,16,2,2022_16_LV_PIT-LV|2022_16_DET_CAR-CAR,LV|CAR,+2.5|+2.5,2022_16_LV_PIT|2022_16_DET_CAR,0.5740329542884101,WIN,1,2,False,0.7420602641875021,1.742060264187502,-134.75994447633195,0.5740329542884101,2018-2023 validation
2022,16,2,2022_16_TB_ARI-TB|2022_16_DET_CAR-CAR,TB|CAR,-7.5|+2.5,2022_16_TB_ARI|2022_16_DET_CAR,0.5641586431236891,WIN,1,2,False,0.7725510584453719,1.7725510584453719,-129.44128275642137,0.5641586431236891,2018-2023 validation
2022,16,3,2022_16_JAX_NYJ-JAX|2022_16_LV_PIT-LV|2022_16_TB_ARI-TB,JAX|LV|TB,+2.5|+2.5|-7.5,2022_16_JAX_NYJ|2022_16_LV_PIT|2022_16_TB_ARI,0.45140529070123364,WIN,1,3,False,1.215304119379182,2.215304119379182,121.5304119379182,0.45140529070123364,2018-2023 validation
2022,16,3,2022_16_JAX_NYJ-JAX|2022_16_LV_PIT-LV|2022_16_DET_CAR-CAR,JAX|LV|CAR,+2.5|+2.5|+2.5,2022_16_JAX_NYJ|2022_16_LV_PIT|2022_16_DET_CAR,0.44667526847855255,WIN,1,3,False,1.2387628565292188,2.2387628565292186,123.87628565292188,0.4466752684785526,2018-2023 validation
2022,16,3,2022_16_JAX_NYJ-JAX|2022_16_TB_ARI-TB|2022_16_DET_CAR-CAR,JAX|TB|CAR,+2.5|-7.5|+2.5,2022_16_JAX_NYJ|2022_16_TB_ARI|2022_16_DET_CAR,0.43899171902796397,WIN,1,3,False,1.2779472975350123,2.2779472975350123,127.79472975350123,0.43899171902796397,2018-2023 validation
2022,16,3,2022_16_LV_PIT-LV|2022_16_TB_ARI-TB|2022_16_DET_CAR-CAR,LV|TB|CAR,+2.5|-7.5|+2.5,2022_16_LV_PIT|2022_16_TB_ARI|2022_16_DET_CAR,0.4334358377296924,WIN,1,3,False,1.3071465553885262,2.307146555388526,130.7146555388526,0.4334358377296924,2018-2023 validation
2022,18,2,2022_18_CLE_PIT-CLE|2022_18_DAL_WAS-DAL,CLE|DAL,+2.5|-7.5,2022_18_CLE_PIT|2022_18_DAL_WAS,0.578167691284727,LOSS,0,0,False,0.72960200833418,1.7296020083341799,-137.0610262275991,0.578167691284727,2018-2023 validation
2022,19,2,2022_19_BAL_CIN-CIN|2022_19_DAL_TB-TB,CIN|TB,-7.5|+2.5,2022_19_BAL_CIN|2022_19_DAL_TB,0.5633849451089579,LOSS,0,1,False,0.7749853074377083,1.7749853074377082,-129.03470432313685,0.5633849451089579,2018-2023 validation
2023,1,2,2023_01_SF_PIT-PIT|2023_01_BUF_NYJ-NYJ,PIT|NYJ,+1.5|+2.5,2023_01_SF_PIT|2023_01_BUF_NYJ,0.5613519138046958,LOSS,0,1,False,0.7814137182186885,1.7814137182186887,-127.97318202700625,0.5613519138046958,2018-2023 validation
2023,2,2,2023_02_NYJ_DAL-DAL|2023_02_CLE_PIT-PIT,DAL|PIT,-8.5|+2.5,2023_02_NYJ_DAL|2023_02_CLE_PIT,0.5884784263959203,WIN,1,2,False,0.6992976380194668,1.6992976380194666,-143.00062600413966,0.5884784263959203,2018-2023 validation
2023,2,2,2023_02_NYJ_DAL-DAL|2023_02_CHI_TB-CHI,DAL|CHI,-8.5|+2.5,2023_02_NYJ_DAL|2023_02_CHI_TB,0.5817132061052639,LOSS,0,1,False,0.7190601648796762,1.7190601648796762,-139.0704212028398,0.5817132061052639,2018-2023 validation
2023,2,2,2023_02_NYJ_DAL-DAL|2023_02_SF_LA-SF,DAL|SF,-8.5|-7.5,2023_02_NYJ_DAL|2023_02_SF_LA,0.5697919898781896,WIN,1,2,False,0.7550264267733573,1.7550264267733573,-132.4456952154045,0.5697919898781896,2018-2023 validation
2023,2,2,2023_02_CLE_PIT-PIT|2023_02_CHI_TB-CHI,PIT|CHI,+2.5|+2.5,2023_02_CLE_PIT|2023_02_CHI_TB,0.5799523697274307,LOSS,0,1,False,0.7242795308690362,1.7242795308690362,-138.06823986867846,0.5799523697274307,2018-2023 validation
2023,2,2,2023_02_CLE_PIT-PIT|2023_02_SF_LA-SF,PIT|SF,+2.5|-7.5,2023_02_CLE_PIT|2023_02_SF_LA,0.5680672388272501,WIN,1,2,False,0.7603549925963979,1.760354992596398,-131.51751612562995,0.5680672388272501,2018-2023 validation
2023,2,2,2023_02_CHI_TB-CHI|2023_02_SF_LA-SF,CHI|SF,+2.5|-7.5,2023_02_CHI_TB|2023_02_SF_LA,0.5615366680566137,LOSS,0,1,False,0.7808276055432603,1.7808276055432604,-128.06924254480612,0.5615366680566137,2018-2023 validation
2023,2,3,2023_02_NYJ_DAL-DAL|2023_02_CLE_PIT-PIT|2023_02_CHI_TB-CHI,DAL|PIT|CHI,-8.5|+2.5|+2.5,2023_02_NYJ_DAL|2023_02_CLE_PIT|2023_02_CHI_TB,0.44556995497632934,LOSS,0,2,False,1.2443164958308834,2.2443164958308834,124.43164958308834,0.44556995497632934,2018-2023 validation
2023,2,3,2023_02_NYJ_DAL-DAL|2023_02_CLE_PIT-PIT|2023_02_SF_LA-SF,DAL|PIT|SF,-8.5|+2.5|-7.5,2023_02_NYJ_DAL|2023_02_CLE_PIT|2023_02_SF_LA,0.43643876159475875,WIN,1,3,False,1.2912721966902612,2.291272196690261,129.12721966902612,0.4364387615947587,2018-2023 validation
2023,2,3,2023_02_NYJ_DAL-DAL|2023_02_CHI_TB-CHI|2023_02_SF_LA-SF,DAL|CHI|SF,-8.5|+2.5|-7.5,2023_02_NYJ_DAL|2023_02_CHI_TB|2023_02_SF_LA,0.43142140797034,LOSS,0,2,False,1.3179192815316885,2.3179192815316885,131.79192815316884,0.43142140797034,2018-2023 validation
2023,2,3,2023_02_CLE_PIT-PIT|2023_02_CHI_TB-CHI|2023_02_SF_LA-SF,PIT|CHI|SF,+2.5|+2.5|-7.5,2023_02_CLE_PIT|2023_02_CHI_TB|2023_02_SF_LA,0.43011550241179797,LOSS,0,2,False,1.3249568880746536,2.3249568880746536,132.49568880746537,0.43011550241179797,2018-2023 validation
2023,3,2,2023_03_NE_NYJ-NYJ|2023_03_NO_GB-GB,NYJ|GB,+2.5|+1.5,2023_03_NE_NYJ|2023_03_NO_GB,0.5915319710452827,WIN,1,2,False,0.6905257009742395,1.6905257009742396,-144.81720210980325,0.5915319710452827,2018-2023 validation
2023,3,2,2023_03_NE_NYJ-NYJ|2023_03_HOU_JAX-JAX,NYJ|JAX,+2.5|-7.5,2023_03_NE_NYJ|2023_03_HOU_JAX,0.5853336401304544,LOSS,0,1,False,0.708427350557074,1.708427350557074,-141.15773469412878,0.5853336401304544,2018-2023 validation
2023,3,2,2023_03_NE_NYJ-NYJ|2023_03_IND_BAL-BAL,NYJ|BAL,+2.5|-7.5,2023_03_NE_NYJ|2023_03_IND_BAL,0.5853336401304544,LOSS,0,1,False,0.708427350557074,1.708427350557074,-141.15773469412878,0.5853336401304544,2018-2023 validation
2023,3,2,2023_03_NO_GB-GB|2023_03_HOU_JAX-JAX,GB|JAX,+1.5|-7.5,2023_03_NO_GB|2023_03_HOU_JAX,0.5641586431236891,LOSS,0,1,False,0.7725510584453719,1.7725510584453719,-129.44128275642137,0.5641586431236891,2018-2023 validation
2023,3,2,2023_03_NO_GB-GB|2023_03_IND_BAL-BAL,GB|BAL,+1.5|-7.5,2023_03_NO_GB|2023_03_IND_BAL,0.5641586431236891,LOSS,0,1,False,0.7725510584453719,1.7725510584453719,-129.44128275642137,0.5641586431236891,2018-2023 validation
2023,3,2,2023_03_HOU_JAX-JAX|2023_03_IND_BAL-BAL,JAX|BAL,-7.5|-7.5,2023_03_HOU_JAX|2023_03_IND_BAL,0.5582471419205303,LOSS,0,0,False,0.7913213071897032,1.7913213071897032,-126.37091797153775,0.5582471419205303,2018-2023 validation
2023,3,3,2023_03_NE_NYJ-NYJ|2023_03_NO_GB-GB|2023_03_HOU_JAX-JAX,NYJ|GB|JAX,+2.5|+1.5|-7.5,2023_03_NE_NYJ|2023_03_NO_GB|2023_03_HOU_JAX,0.44196866184418676,LOSS,0,2,False,1.2626038593490678,2.262603859349068,126.26038593490678,0.44196866184418676,2018-2023 validation
2023,3,3,2023_03_NE_NYJ-NYJ|2023_03_NO_GB-GB|2023_03_IND_BAL-BAL,NYJ|GB|BAL,+2.5|+1.5|-7.5,2023_03_NE_NYJ|2023_03_NO_GB|2023_03_IND_BAL,0.44196866184418676,LOSS,0,2,False,1.2626038593490678,2.262603859349068,126.26038593490678,0.44196866184418676,2018-2023 validation
2023,3,3,2023_03_NE_NYJ-NYJ|2023_03_HOU_JAX-JAX|2023_03_IND_BAL-BAL,NYJ|JAX|BAL,+2.5|-7.5|-7.5,2023_03_NE_NYJ|2023_03_HOU_JAX|2023_03_IND_BAL,0.43733752074922067,LOSS,0,1,False,1.2865634722739072,2.286563472273907,128.6563472273907,0.43733752074922067,2018-2023 validation
2023,3,3,2023_03_NO_GB-GB|2023_03_HOU_JAX-JAX|2023_03_IND_BAL-BAL,GB|JAX|BAL,+1.5|-7.5|-7.5,2023_03_NO_GB|2023_03_HOU_JAX|2023_03_IND_BAL,0.4215164230744877,LOSS,0,1,False,1.3723868045428123,2.3723868045428125,137.23868045428122,0.42151642307448767,2018-2023 validation
2023,4,2,2023_04_CIN_TEN-TEN|2023_04_DET_GB-GB,TEN|GB,+2.5|+2.5,2023_04_CIN_TEN|2023_04_DET_GB,0.5599906302782042,LOSS,0,1,False,0.7857441641536012,1.7857441641536012,-127.26788764345376,0.5599906302782042,2018-2023 validation
2023,4,2,2023_04_CIN_TEN-TEN|2023_04_SEA_NYG-NYG,TEN|NYG,+2.5|+2.5,2023_04_CIN_TEN|2023_04_SEA_NYG,0.5560657171285477,LOSS,0,1,False,0.798348592975435,1.798348592975435,-125.25856609492011,0.5560657171285477,2018-2023 validation
2023,4,2,2023_04_DET_GB-GB|2023_04_SEA_NYG-NYG,GB|NYG,+2.5|+2.5,2023_04_DET_GB|2023_04_SEA_NYG,0.5461738427144737,LOSS,0,0,False,0.8309188792894565,1.8309188792894564,-120.34869166231123,0.5461738427144737,2018-2023 validation
2023,4,3,2023_04_CIN_TEN-TEN|2023_04_DET_GB-GB|2023_04_SEA_NYG-NYG,TEN|GB|NYG,+2.5|+2.5|+2.5,2023_04_CIN_TEN|2023_04_DET_GB|2023_04_SEA_NYG,0.4124002207442133,LOSS,0,1,False,1.4248289639501408,2.424828963950141,142.48289639501408,0.41240022074421323,2018-2023 validation
2023,5,2,2023_05_NO_NE-NO|2023_05_HOU_ATL-HOU,NO|HOU,+2.5|+2.5,2023_05_NO_NE|2023_05_HOU_ATL,0.5785437803538648,WIN,1,2,False,0.7284776605641714,1.7284776605641714,-137.2725691032924,0.5785437803538648,2018-2023 validation
2023,5,2,2023_05_NO_NE-NO|2023_05_NYJ_DEN-NYJ,NO|NYJ,+2.5|+2.5,2023_05_NO_NE|2023_05_NYJ_DEN,0.5770086939476157,WIN,1,2,False,0.7330761399078435,1.7330761399078436,-136.41147836645072,0.5770086939476157,2018-2023 validation
2023,5,2,2023_05_NO_NE-NO|2023_05_TEN_IND-IND,NO|IND,+2.5|+2.5,2023_05_NO_NE|2023_05_TEN_IND,0.5740329542884101,WIN,1,2,False,0.7420602641875021,1.742060264187502,-134.75994447633195,0.5740329542884101,2018-2023 validation
2023,5,2,2023_05_HOU_ATL-HOU|2023_05_NYJ_DEN-NYJ,HOU|NYJ,+2.5|+2.5,2023_05_HOU_ATL|2023_05_NYJ_DEN,0.5655505690143497,WIN,1,2,False,0.7681884782519367,1.7681884782519366,-130.17638617485719,0.5655505690143497,2018-2023 validation
2023,5,2,2023_05_HOU_ATL-HOU|2023_05_TEN_IND-IND,HOU|IND,+2.5|+2.5,2023_05_HOU_ATL|2023_05_TEN_IND,0.5626339210068675,WIN,1,2,False,0.777354622007929,1.777354622007929,-128.64141688859735,0.5626339210068675,2018-2023 validation
2023,5,2,2023_05_NYJ_DEN-NYJ|2023_05_TEN_IND-IND,NYJ|IND,+2.5|+2.5,2023_05_NYJ_DEN|2023_05_TEN_IND,0.5611410492257483,WIN,1,2,False,0.7820831346767109,1.7820831346767108,-127.86364462562784,0.5611410492257483,2018-2023 validation
2023,5,3,2023_05_NO_NE-NO|2023_05_HOU_ATL-HOU|2023_05_NYJ_DEN-NYJ,NO|HOU|NYJ,+2.5|+2.5|+2.5,2023_05_NO_NE|2023_05_HOU_ATL|2023_05_NYJ_DEN,0.4345052365093259,WIN,1,3,False,1.3014682355353773,2.3014682355353773,130.14682355353773,0.4345052365093259,2018-2023 validation
2023,5,3,2023_05_NO_NE-NO|2023_05_HOU_ATL-HOU|2023_05_TEN_IND-IND,NO|HOU|IND,+2.5|+2.5|+2.5,2023_05_NO_NE|2023_05_HOU_ATL|2023_05_TEN_IND,0.43226441331554105,WIN,1,3,False,1.3133988577265268,2.3133988577265265,131.33988577265268,0.4322644133155411,2018-2023 validation
2023,5,3,2023_05_NO_NE-NO|2023_05_NYJ_DEN-NYJ|2023_05_TEN_IND-IND,NO|NYJ|IND,+2.5|+2.5|+2.5,2023_05_NO_NE|2023_05_NYJ_DEN|2023_05_TEN_IND,0.4311174591051266,WIN,1,3,False,1.319553474071096,2.319553474071096,131.9553474071096,0.43111745910512655,2018-2023 validation
2023,5,3,2023_05_HOU_ATL-HOU|2023_05_NYJ_DEN-NYJ|2023_05_TEN_IND-IND,HOU|NYJ|IND,+2.5|+2.5|+2.5,2023_05_HOU_ATL|2023_05_NYJ_DEN|2023_05_TEN_IND,0.42255641356256646,WIN,1,3,False,1.3665479162155314,2.3665479162155316,136.65479162155313,0.42255641356256646,2018-2023 validation
2023,7,2,2023_07_LV_CHI-CHI|2023_07_BUF_NE-BUF,CHI|BUF,+2.5|-7.5,2023_07_LV_CHI|2023_07_BUF_NE,0.5817132061052639,LOSS,0,1,False,0.7190601648796762,1.7190601648796762,-139.0704212028398,0.5817132061052639,2018-2023 validation
2023,7,2,2023_07_LV_CHI-CHI|2023_07_JAX_NO-JAX,CHI|JAX,+2.5|+2.5,2023_07_LV_CHI|2023_07_JAX_NO,0.5817132061052639,WIN,1,2,False,0.7190601648796762,1.7190601648796762,-139.0704212028398,0.5817132061052639,2018-2023 validation
2023,7,2,2023_07_LV_CHI-CHI|2023_07_GB_DEN-GB,CHI|GB,+2.5|+1.5,2023_07_LV_CHI|2023_07_GB_DEN,0.5725904769225801,WIN,1,2,False,0.7464488850295878,1.7464488850295878,-133.9676460177661,0.5725904769225801,2018-2023 validation
2023,7,2,2023_07_BUF_NE-BUF|2023_07_JAX_NO-JAX,BUF|JAX,-7.5|+2.5,2023_07_BUF_NE|2023_07_JAX_NO,0.5732851660317517,LOSS,0,1,False,0.7443325926640398,1.7443325926640398,-134.3485438976817,0.5732851660317517,2018-2023 validation
2023,7,2,2023_07_BUF_NE-BUF|2023_07_GB_DEN-GB,BUF|GB,-7.5|+1.5,2023_07_BUF_NE|2023_07_GB_DEN,0.5642946097588876,LOSS,0,1,False,0.7721239627422298,1.7721239627422298,-129.5128824196129,0.5642946097588876,2018-2023 validation
2023,7,2,2023_07_JAX_NO-JAX|2023_07_GB_DEN-GB,JAX|GB,+2.5|+1.5,2023_07_JAX_NO|2023_07_GB_DEN,0.5642946097588876,WIN,1,2,False,0.7721239627422298,1.7721239627422298,-129.5128824196129,0.5642946097588876,2018-2023 validation
2023,7,3,2023_07_LV_CHI-CHI|2023_07_BUF_NE-BUF|2023_07_JAX_NO-JAX,CHI|BUF|JAX,+2.5|-7.5|+2.5,2023_07_LV_CHI|2023_07_BUF_NE|2023_07_JAX_NO,0.44044762803093224,LOSS,0,2,False,1.2704174942900839,2.2704174942900837,127.04174942900839,0.44044762803093224,2018-2023 validation
2023,7,3,2023_07_LV_CHI-CHI|2023_07_BUF_NE-BUF|2023_07_GB_DEN-GB,CHI|BUF|GB,+2.5|-7.5|+1.5,2023_07_LV_CHI|2023_07_BUF_NE|2023_07_GB_DEN,0.43354029914874326,LOSS,0,2,False,1.3065906490434704,2.3065906490434704,130.65906490434705,0.43354029914874326,2018-2023 validation
2023,7,3,2023_07_LV_CHI-CHI|2023_07_JAX_NO-JAX|2023_07_GB_DEN-GB,CHI|JAX|GB,+2.5|+2.5|+1.5,2023_07_LV_CHI|2023_07_JAX_NO|2023_07_GB_DEN,0.43354029914874326,WIN,1,3,False,1.3065906490434704,2.3065906490434704,130.65906490434705,0.43354029914874326,2018-2023 validation
2023,7,3,2023_07_BUF_NE-BUF|2023_07_JAX_NO-JAX|2023_07_GB_DEN-GB,BUF|JAX|GB,-7.5|+2.5|+1.5,2023_07_BUF_NE|2023_07_JAX_NO|2023_07_GB_DEN,0.4272590337823062,LOSS,0,2,False,1.3405005416679208,2.3405005416679208,134.05005416679208,0.4272590337823062,2018-2023 validation
2023,8,2,2023_08_ATL_TEN-TEN|2023_08_JAX_PIT-PIT,TEN|PIT,+2.5|+2.5,2023_08_ATL_TEN|2023_08_JAX_PIT,0.5952346973173576,LOSS,0,1,False,0.6800095903462365,1.6800095903462364,-147.05674952184657,0.5952346973173576,2018-2023 validation
2023,8,2,2023_08_ATL_TEN-TEN|2023_08_NE_MIA-MIA,TEN|MIA,+2.5|-7.5,2023_08_ATL_TEN|2023_08_NE_MIA,0.5789499429768874,WIN,1,2,False,0.7272650461940223,1.7272650461940224,-137.50145221928025,0.5789499429768874,2018-2023 validation
2023,8,2,2023_08_JAX_PIT-PIT|2023_08_NE_MIA-MIA,PIT|MIA,+2.5|-7.5,2023_08_JAX_PIT|2023_08_NE_MIA,0.5576009188970702,LOSS,0,1,False,0.7933973315144304,1.7933973315144303,-126.04025250390093,0.5576009188970702,2018-2023 validation
2023,8,3,2023_08_ATL_TEN-TEN|2023_08_JAX_PIT-PIT|2023_08_NE_MIA-MIA,TEN|PIT|MIA,+2.5|+2.5|-7.5,2023_08_ATL_TEN|2023_08_JAX_PIT|2023_08_NE_MIA,0.43835540685089847,LOSS,0,2,False,1.2812539422837288,2.281253942283729,128.12539422837287,0.43835540685089847,2018-2023 validation
2023,9,2,2023_09_TB_HOU-TB|2023_09_WAS_NE-WAS,TB|WAS,+2.5|+2.5,2023_09_TB_HOU|2023_09_WAS_NE,0.5798568933304319,WIN,1,2,False,0.7245634422942856,1.7245634422942855,-138.01413949806266,0.5798568933304319,2018-2023 validation
2023,9,2,2023_09_TB_HOU-TB|2023_09_IND_CAR-CAR,TB|CAR,+2.5|+1.5,2023_09_TB_HOU|2023_09_IND_CAR,0.5663804733444683,LOSS,0,1,False,0.7655975921892484,1.7655975921892484,-130.61692071685744,0.5663804733444683,2018-2023 validation
2023,9,2,2023_09_WAS_NE-WAS|2023_09_IND_CAR-CAR,WAS|CAR,+2.5|+1.5,2023_09_WAS_NE|2023_09_IND_CAR,0.5631162879942696,LOSS,0,1,False,0.7758321350672354,1.7758321350672355,-128.89386180340904,0.5631162879942696,2018-2023 validation
2023,9,3,2023_09_TB_HOU-TB|2023_09_WAS_NE-WAS|2023_09_IND_CAR-CAR,TB|WAS|CAR,+2.5|+2.5|+1.5,2023_09_TB_HOU|2023_09_WAS_NE|2023_09_IND_CAR,0.430044693358146,LOSS,0,2,False,1.3253397040925439,2.325339704092544,132.53397040925438,0.430044693358146,2018-2023 validation
2023,11,2,2023_11_PIT_CLE-PIT|2023_11_NYG_WAS-WAS,PIT|WAS,+2.5|-7.5,2023_11_PIT_CLE|2023_11_NYG_WAS,0.6064981790533389,LOSS,0,1,False,0.6488095670144696,1.6488095670144696,-154.12843010338938,0.6064981790533389,2018-2023 validation
2023,11,2,2023_11_PIT_CLE-PIT|2023_11_MIN_DEN-MIN,PIT|MIN,+2.5|+2.5,2023_11_PIT_CLE|2023_11_MIN_DEN,0.5916103732548704,WIN,1,2,False,0.6903016667849942,1.6903016667849942,-144.86420185791997,0.5916103732548704,2018-2023 validation
2023,11,2,2023_11_PIT_CLE-PIT|2023_11_SEA_LA-SEA,PIT|SEA,+2.5|+2.5,2023_11_PIT_CLE|2023_11_SEA_LA,0.5872395465994542,WIN,1,2,False,0.7028825898915191,1.702882589891519,-142.27127181430646,0.5872395465994542,2018-2023 validation
2023,11,2,2023_11_NYG_WAS-WAS|2023_11_MIN_DEN-MIN,WAS|MIN,-7.5|+2.5,2023_11_NYG_WAS|2023_11_MIN_DEN,0.5722953659074387,LOSS,0,1,False,0.7473494624832188,1.7473494624832187,-133.8062111769371,0.5722953659074387,2018-2023 validation
2023,11,2,2023_11_NYG_WAS-WAS|2023_11_SEA_LA-SEA,WAS|SEA,-7.5|+2.5,2023_11_NYG_WAS|2023_11_SEA_LA,0.5680672388272501,LOSS,0,1,False,0.7603549925963979,1.760354992596398,-131.51751612562995,0.5680672388272501,2018-2023 validation
2023,11,2,2023_11_MIN_DEN-MIN|2023_11_SEA_LA-SEA,MIN|SEA,+2.5|+2.5,2023_11_MIN_DEN|2023_11_SEA_LA,0.5541228033380405,WIN,1,2,False,0.8046541199459604,1.8046541199459605,-124.27699991981136,0.5541228033380405,2018-2023 validation
2023,11,3,2023_11_PIT_CLE-PIT|2023_11_NYG_WAS-WAS|2023_11_MIN_DEN-MIN,PIT|WAS|MIN,+2.5|-7.5|+2.5,2023_11_PIT_CLE|2023_11_NYG_WAS|2023_11_MIN_DEN,0.4531508045684657,LOSS,0,2,False,1.2067708805069812,2.2067708805069812,120.67708805069812,0.4531508045684657,2018-2023 validation
2023,11,3,2023_11_PIT_CLE-PIT|2023_11_NYG_WAS-WAS|2023_11_SEA_LA-SEA,PIT|WAS|SEA,+2.5|-7.5|+2.5,2023_11_PIT_CLE|2023_11_NYG_WAS|2023_11_SEA_LA,0.44980291936382627,LOSS,0,2,False,1.2231958863547148,2.2231958863547145,122.31958863547148,0.44980291936382627,2018-2023 validation
2023,11,3,2023_11_PIT_CLE-PIT|2023_11_MIN_DEN-MIN|2023_11_SEA_LA-SEA,PIT|MIN|SEA,+2.5|+2.5|+2.5,2023_11_PIT_CLE|2023_11_MIN_DEN|2023_11_SEA_LA,0.43876153664850587,WIN,1,3,False,1.2791423506229198,2.27914235062292,127.91423506229198,0.43876153664850587,2018-2023 validation
2023,11,3,2023_11_NYG_WAS-WAS|2023_11_MIN_DEN-MIN|2023_11_SEA_LA-SEA,WAS|MIN|SEA,-7.5|+2.5|+2.5,2023_11_NYG_WAS|2023_11_MIN_DEN|2023_11_SEA_LA,0.4244367670243509,LOSS,0,2,False,1.3560635592689538,2.3560635592689536,135.6063559268954,0.42443676702435096,2018-2023 validation
2023,12,2,2023_12_CLE_DEN-CLE|2023_12_TB_IND-TB,CLE|TB,+1.5|+2.5,2023_12_CLE_DEN|2023_12_TB_IND,0.5733603271699333,LOSS,0,1,False,0.7441039301340056,1.7441039301340056,-134.3898290955015,0.5733603271699333,2018-2023 validation
2023,12,2,2023_12_CLE_DEN-CLE|2023_12_GB_DET-DET,CLE|DET,+1.5|-8.5,2023_12_CLE_DEN|2023_12_GB_DET,0.5680539043155846,LOSS,0,0,False,0.7603963152138571,1.760396315213857,-131.51036899998073,0.5680539043155846,2018-2023 validation
2023,12,2,2023_12_TB_IND-TB|2023_12_GB_DET-DET,TB|DET,+2.5|-8.5,2023_12_TB_IND|2023_12_GB_DET,0.544938443511813,LOSS,0,1,False,0.8350696521896649,1.8350696521896648,-119.75048995947411,0.544938443511813,2018-2023 validation
2023,12,3,2023_12_CLE_DEN-CLE|2023_12_TB_IND-TB|2023_12_GB_DET-DET,CLE|TB|DET,+1.5|+2.5|-8.5,2023_12_CLE_DEN|2023_12_TB_IND|2023_12_GB_DET,0.4212911321778236,LOSS,0,1,False,1.373655469154067,2.373655469154067,137.3655469154067,0.42129113217782366,2018-2023 validation
2023,14,2,2023_14_JAX_CLE-JAX|2023_14_TB_ATL-TB,JAX|TB,+2.5|+1.5,2023_14_JAX_CLE|2023_14_TB_ATL,0.583744581974575,WIN,1,2,False,0.7130779982871943,1.7130779982871944,-140.23711324735712,0.583744581974575,2018-2023 validation
2023,14,2,2023_14_JAX_CLE-JAX|2023_14_LA_BAL-BAL,JAX|BAL,+2.5|-7.5,2023_14_JAX_CLE|2023_14_LA_BAL,0.5821669259631677,WIN,1,2,False,0.7177203915278204,1.7177203915278203,-139.33002486822025,0.5821669259631677,2018-2023 validation
2023,14,2,2023_14_TB_ATL-TB|2023_14_LA_BAL-BAL,TB|BAL,+1.5|-7.5,2023_14_TB_ATL|2023_14_LA_BAL,0.5685918755599847,WIN,1,2,False,0.7587307223043553,1.7587307223043553,-131.79906528140592,0.5685918755599847,2018-2023 validation
2023,14,3,2023_14_JAX_CLE-JAX|2023_14_TB_ATL-TB|2023_14_LA_BAL-BAL,JAX|TB|BAL,+2.5|+1.5|-7.5,2023_14_JAX_CLE|2023_14_TB_ATL|2023_14_LA_BAL,0.43957756670288106,WIN,1,3,False,1.2749113597872006,2.2749113597872004,127.49113597872007,0.4395775667028811,2018-2023 validation
2023,15,2,2023_15_NYJ_MIA-MIA|2023_15_PIT_IND-PIT,MIA|PIT,-7.5|+1.5,2023_15_NYJ_MIA|2023_15_PIT_IND,0.5895163986053503,LOSS,0,1,False,0.6963056538643405,1.6963056538643406,-143.61509122469764,0.5895163986053503,2018-2023 validation
2023,17,2,2023_17_NO_TB-NO|2023_17_CIN_KC-KC,NO|KC,+2.5|-7.5,2023_17_NO_TB|2023_17_CIN_KC,0.5543671132195294,WIN,1,2,False,0.803858807915974,1.803858807915974,-124.39995558331039,0.5543671132195294,2018-2023 validation
2023,18,2,2023_18_NYJ_NE-NYJ|2023_18_CLE_CIN-CIN,NYJ|CIN,+2.5|-7.5,2023_18_NYJ_NE|2023_18_CLE_CIN,0.6426395431076792,WIN,1,2,False,0.5560822715082167,1.5560822715082168,-179.8295056750832,0.6426395431076791,2018-2023 validation
2023,18,2,2023_18_NYJ_NE-NYJ|2023_18_CHI_GB-CHI,NYJ|CHI,+2.5|+2.5,2023_18_NYJ_NE|2023_18_CHI_GB,0.6130461796939854,WIN,1,2,False,0.6311984857309941,1.631198485730994,-158.42877044324575,0.6130461796939854,2018-2023 validation
2023,18,2,2023_18_CLE_CIN-CIN|2023_18_CHI_GB-CHI,CIN|CHI,-7.5|+2.5,2023_18_CLE_CIN|2023_18_CHI_GB,0.573835924325793,WIN,1,2,False,0.742658410894913,1.742658410894913,-134.65140707084797,0.573835924325793,2018-2023 validation
2023,18,3,2023_18_NYJ_NE-NYJ|2023_18_CLE_CIN-CIN|2023_18_CHI_GB-CHI,NYJ|CIN|CHI,+2.5|-7.5|+2.5,2023_18_NYJ_NE|2023_18_CLE_CIN|2023_18_CHI_GB,0.47547116520072324,WIN,1,3,False,1.1031769604321715,2.1031769604321715,110.31769604321715,0.47547116520072324,2018-2023 validation
2023,19,2,2023_19_PHI_TB-TB|2023_19_CLE_HOU-HOU,TB|HOU,+2.5|+2.5,2023_19_PHI_TB|2023_19_CLE_HOU,0.5555441727725787,WIN,1,2,False,0.8000368809724995,1.8000368809724994,-124.99423761369997,0.5555441727725787,2018-2023 validation
2024,3,2,2024_03_CHI_IND-CHI|2024_03_WAS_CIN-CIN,CHI|CIN,+1.5|-7.5,2024_03_CHI_IND|2024_03_WAS_CIN,0.5529228029588968,LOSS,0,1,False,0.8085707347366138,1.8085707347366138,-123.67501778625997,0.5529228029588968,2024
2024,4,2,2024_04_CLE_LV-LV|2024_04_TEN_MIA-TEN,LV|TEN,+2.5|+2.5,2024_04_CLE_LV|2024_04_TEN_MIA,0.6035122307262957,WIN,1,2,False,0.6569672478659659,1.6569672478659658,-152.21458957783835,0.6035122307262957,2024
2024,4,2,2024_04_CLE_LV-LV|2024_04_DEN_NYJ-NYJ,LV|NYJ,+2.5|-7.5,2024_04_CLE_LV|2024_04_DEN_NYJ,0.594251908854863,LOSS,0,1,False,0.6827880316396843,1.6827880316396842,-146.45833753098245,0.594251908854863,2024
2024,4,2,2024_04_CLE_LV-LV|2024_04_PIT_IND-IND,LV|IND,+2.5|+2.5,2024_04_CLE_LV|2024_04_PIT_IND,0.5925207721698506,WIN,1,2,False,0.6877045446658914,1.6877045446658914,-145.411282760365,0.5925207721698506,2024
2024,4,2,2024_04_TEN_MIA-TEN|2024_04_DEN_NYJ-NYJ,TEN|NYJ,+2.5|-7.5,2024_04_TEN_MIA|2024_04_DEN_NYJ,0.5923064985875597,LOSS,0,1,False,0.688315090894063,1.688315090894063,-145.28230068311953,0.5923064985875597,2024
2024,4,2,2024_04_TEN_MIA-TEN|2024_04_PIT_IND-IND,TEN|IND,+2.5|+2.5,2024_04_TEN_MIA|2024_04_PIT_IND,0.5905810291474158,WIN,1,2,False,0.6932477520377452,1.6932477520377454,-144.2485744902283,0.5905810291474158,2024
2024,4,2,2024_04_DEN_NYJ-NYJ|2024_04_PIT_IND-IND,NYJ|IND,-7.5|+2.5,2024_04_DEN_NYJ|2024_04_PIT_IND,0.5815191242801601,LOSS,0,1,False,0.7196339006698381,1.7196339006698382,-138.95954582867705,0.5815191242801601,2024
2024,4,3,2024_04_CLE_LV-LV|2024_04_TEN_MIA-TEN|2024_04_DEN_NYJ-NYJ,LV|TEN|NYJ,+2.5|+2.5|-7.5,2024_04_CLE_LV|2024_04_TEN_MIA|2024_04_DEN_NYJ,0.46089455718819766,LOSS,0,2,False,1.1696936629079537,2.169693662907954,116.96936629079538,0.46089455718819766,2024
2024,4,3,2024_04_CLE_LV-LV|2024_04_TEN_MIA-TEN|2024_04_PIT_IND-IND,LV|TEN|IND,+2.5|+2.5|+2.5,2024_04_CLE_LV|2024_04_TEN_MIA|2024_04_PIT_IND,0.45955190861781514,WIN,1,3,False,1.1760327424331225,2.1760327424331223,117.60327424331226,0.4595519086178152,2024
2024,4,3,2024_04_CLE_LV-LV|2024_04_DEN_NYJ-NYJ|2024_04_PIT_IND-IND,LV|NYJ|IND,+2.5|-7.5|+2.5,2024_04_CLE_LV|2024_04_DEN_NYJ|2024_04_PIT_IND,0.45250052113340444,LOSS,0,2,False,1.2099422062437446,2.2099422062437446,120.99422062437446,0.45250052113340444,2024
2024,4,3,2024_04_TEN_MIA-TEN|2024_04_DEN_NYJ-NYJ|2024_04_PIT_IND-IND,TEN|NYJ|IND,+2.5|-7.5|+2.5,2024_04_TEN_MIA|2024_04_DEN_NYJ|2024_04_PIT_IND,0.4510191642430759,LOSS,0,2,False,1.2172006852042587,2.2172006852042587,121.72006852042587,0.4510191642430759,2024
2024,5,2,2024_05_NYJ_MIN-NYJ|2024_05_DAL_PIT-DAL,NYJ|DAL,+2.5|+2.5,2024_05_NYJ_MIN|2024_05_DAL_PIT,0.5626339210068675,WIN,1,2,False,0.777354622007929,1.777354622007929,-128.64141688859735,0.5626339210068675,2024
2024,5,2,2024_05_NYJ_MIN-NYJ|2024_05_TB_ATL-TB,NYJ|TB,+2.5|+2.5,2024_05_NYJ_MIN|2024_05_TB_ATL,0.5612200880722991,WIN,1,2,False,0.781832156854612,1.781832156854612,-127.90469044188445,0.5612200880722991,2024
2024,5,2,2024_05_DAL_PIT-DAL|2024_05_TB_ATL-TB,DAL|TB,+2.5|+2.5,2024_05_DAL_PIT|2024_05_TB_ATL,0.5568443324463637,WIN,1,2,False,0.7958340270910846,1.7958340270910846,-125.6543407241807,0.5568443324463637,2024
2024,5,3,2024_05_NYJ_MIN-NYJ|2024_05_DAL_PIT-DAL|2024_05_TB_ATL-TB,NYJ|DAL|TB,+2.5|+2.5|+2.5,2024_05_NYJ_MIN|2024_05_DAL_PIT|2024_05_TB_ATL,0.419320854098692,WIN,1,3,False,1.3848086500478185,2.3848086500478187,138.48086500478186,0.41932085409869196,2024
2024,6,2,2024_06_IND_TEN-IND|2024_06_JAX_CHI-CHI,IND|CHI,+2.5|+1.5,2024_06_IND_TEN|2024_06_JAX_CHI,0.5598347772886989,WIN,1,2,False,0.7862412993402054,1.7862412993402055,-127.18741699770487,0.5598347772886989,2024
2024,8,2,2024_08_BAL_CLE-BAL|2024_08_CHI_WAS-CHI,BAL|CHI,-7.5|+1.5,2024_08_BAL_CLE|2024_08_CHI_WAS,0.5475015389552457,LOSS,0,1,False,0.8264788842570593,1.8264788842570594,-120.99522674422866,0.5475015389552457,2024
2024,8,2,2024_08_BAL_CLE-BAL|2024_08_ATL_TB-TB,BAL|TB,-7.5|+1.5,2024_08_BAL_CLE|2024_08_ATL_TB,0.5462631366155818,LOSS,0,1,False,0.8306195914950115,1.8306195914950116,-120.39205554977639,0.5462631366155818,2024
2024,8,2,2024_08_CHI_WAS-CHI|2024_08_ATL_TB-TB,CHI|TB,+1.5|+1.5,2024_08_CHI_WAS|2024_08_ATL_TB,0.541119029494778,WIN,1,2,False,0.8480222381638686,1.8480222381638685,-117.92143590068964,0.541119029494778,2024
2024,8,3,2024_08_BAL_CLE-BAL|2024_08_CHI_WAS-CHI|2024_08_ATL_TB-TB,BAL|CHI|TB,-7.5|+1.5|+1.5,2024_08_BAL_CLE|2024_08_CHI_WAS|2024_08_ATL_TB,0.4022907276373059,LOSS,0,2,False,1.4857644765344236,2.4857644765344236,148.57644765344236,0.4022907276373059,2024
2024,9,2,2024_09_HOU_NYJ-HOU|2024_09_CHI_ARI-CHI,HOU|CHI,+2.5|+1.5,2024_09_HOU_NYJ|2024_09_CHI_ARI,0.5554698227398879,LOSS,0,1,False,0.800277817195254,1.800277817195254,-124.95660613269469,0.5554698227398879,2024
2024,9,2,2024_09_HOU_NYJ-HOU|2024_09_JAX_PHI-PHI,HOU|PHI,+2.5|-7.5,2024_09_HOU_NYJ|2024_09_JAX_PHI,0.5515081403446485,WIN,1,2,False,0.8132098637294456,1.8132098637294456,-122.96948728756435,0.5515081403446485,2024
2024,9,2,2024_09_CHI_ARI-CHI|2024_09_JAX_PHI-PHI,CHI|PHI,+1.5|-7.5,2024_09_CHI_ARI|2024_09_JAX_PHI,0.5487643481754847,LOSS,0,1,False,0.8222758153381686,1.8222758153381686,-121.61369474167748,0.5487643481754847,2024
2024,9,3,2024_09_HOU_NYJ-HOU|2024_09_CHI_ARI-CHI|2024_09_JAX_PHI-PHI,HOU|CHI|PHI,+2.5|+1.5|-7.5,2024_09_HOU_NYJ|2024_09_CHI_ARI|2024_09_JAX_PHI,0.4100144311766199,LOSS,0,2,False,1.4389385445051202,2.4389385445051204,143.893854450512,0.41001443117661984,2024
2024,10,2,2024_10_DEN_KC-KC|2024_10_PHI_DAL-PHI,KC|PHI,-7.5|-7.5,2024_10_DEN_KC|2024_10_PHI_DAL,0.5583493326507223,WIN,1,2,False,0.7909934543175215,1.7909934543175217,-126.42329649400345,0.5583493326507223,2024
2024,10,2,2024_10_DEN_KC-KC|2024_10_PIT_WAS-PIT,KC|PIT,-7.5|+1.5,2024_10_DEN_KC|2024_10_PIT_WAS,0.5569953304109979,WIN,1,2,False,0.7953471876723205,1.7953471876723204,-125.73125491606008,0.5569953304109979,2024
2024,10,2,2024_10_PHI_DAL-PHI|2024_10_PIT_WAS-PIT,PHI|PIT,-7.5|+1.5,2024_10_PHI_DAL|2024_10_PIT_WAS,0.5513660030347779,WIN,1,2,False,0.8136772932968159,1.813677293296816,-122.89884555439065,0.5513660030347779,2024
2024,10,3,2024_10_DEN_KC-KC|2024_10_PHI_DAL-PHI|2024_10_PIT_WAS-PIT,KC|PHI|PIT,-7.5|-7.5|+1.5,2024_10_DEN_KC|2024_10_PHI_DAL|2024_10_PIT_WAS,0.41409383989107035,WIN,1,3,False,1.414911557880348,2.414911557880348,141.4911557880348,0.4140938398910703,2024
2024,11,2,2024_11_HOU_DAL-HOU|2024_11_KC_BUF-KC,HOU|KC,-7.5|+2.5,2024_11_HOU_DAL|2024_11_KC_BUF,0.5560657171285477,LOSS,0,1,False,0.798348592975435,1.798348592975435,-125.25856609492011,0.5560657171285477,2024
2024,15,2,2024_15_DAL_CAR-DAL|2024_15_WAS_NO-WAS,DAL|WAS,+2.5|-7.5,2024_15_DAL_CAR|2024_15_WAS_NO,0.5598347772886989,LOSS,0,1,False,0.7862412993402054,1.7862412993402055,-127.18741699770487,0.5598347772886989,2024
2024,15,2,2024_15_DAL_CAR-DAL|2024_15_MIA_HOU-MIA,DAL|MIA,+2.5|+2.5,2024_15_DAL_CAR|2024_15_MIA_HOU,0.5545628673403785,WIN,1,2,False,0.8032220671316999,1.8032220671316999,-124.49857155580806,0.5545628673403785,2024
2024,15,2,2024_15_WAS_NO-WAS|2024_15_MIA_HOU-MIA,WAS|MIA,-7.5|+2.5,2024_15_WAS_NO|2024_15_MIA_HOU,0.5475015389552457,LOSS,0,1,False,0.8264788842570593,1.8264788842570594,-120.99522674422866,0.5475015389552457,2024
2024,15,3,2024_15_DAL_CAR-DAL|2024_15_WAS_NO-WAS|2024_15_MIA_HOU-MIA,DAL|WAS|MIA,+2.5|-7.5|+2.5,2024_15_DAL_CAR|2024_15_WAS_NO|2024_15_MIA_HOU,0.4122854441679629,LOSS,0,2,False,1.4255040146229496,2.4255040146229496,142.55040146229496,0.4122854441679629,2024
2024,16,2,2024_16_JAX_LV-JAX|2024_16_MIN_SEA-SEA,JAX|SEA,+2.5|+2.5,2024_16_JAX_LV|2024_16_MIN_SEA,0.5656057552922121,WIN,1,2,False,0.7680159557134709,1.768015955713471,-130.20562822435383,0.5656057552922121,2024
2024,17,2,2024_17_DAL_PHI-PHI|2024_17_IND_NYG-IND,PHI|IND,-7.5|-7.5,2024_17_DAL_PHI|2024_17_IND_NYG,0.587002825341886,LOSS,0,1,False,0.703569313175918,1.703569313175918,-142.13240703833307,0.587002825341886,2024
2024,18,2,2024_18_HOU_TEN-HOU|2024_18_SEA_LA-SEA,HOU|SEA,+2.5|-7.5,2024_18_HOU_TEN|2024_18_SEA_LA,0.5978313052282631,WIN,1,2,False,0.6727126720441335,1.6727126720441334,-148.6518749470494,0.5978313052282632,2024
2024,18,2,2024_18_HOU_TEN-HOU|2024_18_MIA_NYJ-MIA,HOU|MIA,+2.5|+1.5,2024_18_HOU_TEN|2024_18_MIA_NYJ,0.594251908854863,LOSS,0,1,False,0.6827880316396843,1.6827880316396842,-146.45833753098245,0.594251908854863,2024
2024,18,2,2024_18_SEA_LA-SEA|2024_18_MIA_NYJ-MIA,SEA|MIA,-7.5|+1.5,2024_18_SEA_LA|2024_18_MIA_NYJ,0.5867310538506287,LOSS,0,1,False,0.7043583997082625,1.7043583997082625,-141.97317735036438,0.5867310538506287,2024
2024,18,3,2024_18_HOU_TEN-HOU|2024_18_SEA_LA-SEA|2024_18_MIA_NYJ-MIA,HOU|SEA|MIA,+2.5|-7.5|+1.5,2024_18_HOU_TEN|2024_18_SEA_LA|2024_18_MIA_NYJ,0.45655610718084016,LOSS,0,2,False,1.1903112985933704,2.1903112985933704,119.03112985933704,0.45655610718084016,2024
2025,1,2,2025_01_TEN_DEN-DEN|2025_01_MIN_CHI-CHI,DEN|CHI,-8.5|+1.5,2025_01_TEN_DEN|2025_01_MIN_CHI,0.5611410492257483,WIN,1,2,False,0.7820831346767109,1.7820831346767108,-127.86364462562784,0.5611410492257483,2025
2025,1,2,2025_01_TEN_DEN-DEN|2025_01_SF_SEA-SEA,DEN|SEA,-8.5|+2.5,2025_01_TEN_DEN|2025_01_SF_SEA,0.5611410492257483,WIN,1,2,False,0.7820831346767109,1.7820831346767108,-127.86364462562784,0.5611410492257483,2025
2025,1,2,2025_01_TEN_DEN-DEN|2025_01_LV_NE-LV,DEN|LV,-8.5|+2.5,2025_01_TEN_DEN|2025_01_LV_NE,0.5583493326507223,WIN,1,2,False,0.7909934543175215,1.7909934543175217,-126.42329649400345,0.5583493326507223,2025
2025,1,2,2025_01_MIN_CHI-CHI|2025_01_SF_SEA-SEA,CHI|SEA,+1.5|+2.5,2025_01_MIN_CHI|2025_01_SF_SEA,0.5582471419205303,WIN,1,2,False,0.7913213071897032,1.7913213071897032,-126.37091797153775,0.5582471419205303,2025
2025,1,2,2025_01_MIN_CHI-CHI|2025_01_LV_NE-LV,CHI|LV,+1.5|+2.5,2025_01_MIN_CHI|2025_01_LV_NE,0.5554698227398879,WIN,1,2,False,0.800277817195254,1.800277817195254,-124.95660613269469,0.5554698227398879,2025
2025,1,2,2025_01_SF_SEA-SEA|2025_01_LV_NE-LV,SEA|LV,+2.5|+2.5,2025_01_SF_SEA|2025_01_LV_NE,0.5554698227398879,WIN,1,2,False,0.800277817195254,1.800277817195254,-124.95660613269469,0.5554698227398879,2025
2025,1,3,2025_01_TEN_DEN-DEN|2025_01_MIN_CHI-CHI|2025_01_SF_SEA-SEA,DEN|CHI|SEA,-8.5|+1.5|+2.5,2025_01_TEN_DEN|2025_01_MIN_CHI|2025_01_SF_SEA,0.4192617994829591,WIN,1,3,False,1.3851445593975347,2.385144559397535,138.51445593975347,0.41926179948295905,2025
2025,1,3,2025_01_TEN_DEN-DEN|2025_01_MIN_CHI-CHI|2025_01_LV_NE-LV,DEN|CHI|LV,-8.5|+1.5|+2.5,2025_01_TEN_DEN|2025_01_MIN_CHI|2025_01_LV_NE,0.4171759422523987,WIN,1,3,False,1.3970701536642847,2.3970701536642847,139.70701536642846,0.4171759422523987,2025
2025,1,3,2025_01_TEN_DEN-DEN|2025_01_SF_SEA-SEA|2025_01_LV_NE-LV,DEN|SEA|LV,-8.5|+2.5|+2.5,2025_01_TEN_DEN|2025_01_SF_SEA|2025_01_LV_NE,0.4171759422523987,WIN,1,3,False,1.3970701536642847,2.3970701536642847,139.70701536642846,0.4171759422523987,2025
2025,1,3,2025_01_MIN_CHI-CHI|2025_01_SF_SEA-SEA|2025_01_LV_NE-LV,CHI|SEA|LV,+1.5|+2.5|+2.5,2025_01_MIN_CHI|2025_01_SF_SEA|2025_01_LV_NE,0.4150244894073231,WIN,1,3,False,1.4094963683421495,2.4094963683421495,140.94963683421494,0.4150244894073231,2025
2025,2,2,2025_02_TB_HOU-TB|2025_02_DEN_IND-IND,TB|IND,+2.5|+2.5,2025_02_TB_HOU|2025_02_DEN_IND,0.5611410492257483,WIN,1,2,False,0.7820831346767109,1.7820831346767108,-127.86364462562784,0.5611410492257483,2025
2025,2,2,2025_02_TB_HOU-TB|2025_02_NE_MIA-NE,TB|NE,+2.5|+1.5,2025_02_TB_HOU|2025_02_NE_MIA,0.5611410492257483,WIN,1,2,False,0.7820831346767109,1.7820831346767108,-127.86364462562784,0.5611410492257483,2025
2025,2,2,2025_02_TB_HOU-TB|2025_02_PHI_KC-KC,TB|KC,+2.5|+1.5,2025_02_TB_HOU|2025_02_PHI_KC,0.5530914109908797,WIN,1,2,False,0.8080193981108301,1.8080193981108301,-123.75940507592088,0.5530914109908797,2025
2025,2,2,2025_02_DEN_IND-IND|2025_02_NE_MIA-NE,IND|NE,+2.5|+1.5,2025_02_DEN_IND|2025_02_NE_MIA,0.5582471419205303,WIN,1,2,False,0.7913213071897032,1.7913213071897032,-126.37091797153775,0.5582471419205303,2025
2025,2,2,2025_02_DEN_IND-IND|2025_02_PHI_KC-KC,IND|KC,+2.5|+1.5,2025_02_DEN_IND|2025_02_PHI_KC,0.5502390171463583,WIN,1,2,False,0.8173920220819413,1.8173920220819413,-122.3403181074543,0.5502390171463583,2025
2025,2,2,2025_02_NE_MIA-NE|2025_02_PHI_KC-KC,NE|KC,+1.5|+1.5,2025_02_NE_MIA|2025_02_PHI_KC,0.5502390171463583,WIN,1,2,False,0.8173920220819413,1.8173920220819413,-122.3403181074543,0.5502390171463583,2025
2025,2,3,2025_02_TB_HOU-TB|2025_02_DEN_IND-IND|2025_02_NE_MIA-NE,TB|IND|NE,+2.5|+2.5|+1.5,2025_02_TB_HOU|2025_02_DEN_IND|2025_02_NE_MIA,0.4192617994829591,WIN,1,3,False,1.3851445593975347,2.385144559397535,138.51445593975347,0.41926179948295905,2025
2025,2,3,2025_02_TB_HOU-TB|2025_02_DEN_IND-IND|2025_02_PHI_KC-KC,TB|IND|KC,+2.5|+2.5|+1.5,2025_02_TB_HOU|2025_02_DEN_IND|2025_02_PHI_KC,0.4132474367550951,WIN,1,3,False,1.419857719753105,2.419857719753105,141.9857719753105,0.4132474367550951,2025
2025,2,3,2025_02_TB_HOU-TB|2025_02_NE_MIA-NE|2025_02_PHI_KC-KC,TB|NE|KC,+2.5|+1.5|+1.5,2025_02_TB_HOU|2025_02_NE_MIA|2025_02_PHI_KC,0.4132474367550951,WIN,1,3,False,1.419857719753105,2.419857719753105,141.9857719753105,0.4132474367550951,2025
2025,2,3,2025_02_DEN_IND-IND|2025_02_NE_MIA-NE|2025_02_PHI_KC-KC,IND|NE|KC,+2.5|+1.5|+1.5,2025_02_DEN_IND|2025_02_NE_MIA|2025_02_PHI_KC,0.4111162439333647,WIN,1,3,False,1.4324020633008212,2.432402063300821,143.24020633008212,0.4111162439333647,2025
2025,3,2,2025_03_GB_CLE-GB|2025_03_NO_SEA-SEA,GB|SEA,-8.5|-7.5,2025_03_GB_CLE|2025_03_NO_SEA,0.5701327435662364,LOSS,0,1,False,0.7539774925833965,1.7539774925833966,-132.6299537899523,0.5701327435662364,2025
2025,3,2,2025_03_GB_CLE-GB|2025_03_HOU_JAX-HOU,GB|HOU,-8.5|+1.5,2025_03_GB_CLE|2025_03_HOU_JAX,0.5641586431236891,LOSS,0,1,False,0.7725510584453719,1.7725510584453719,-129.44128275642137,0.5641586431236891,2025
2025,3,2,2025_03_GB_CLE-GB|2025_03_LV_WAS-LV,GB|LV,-8.5|+2.5,2025_03_GB_CLE|2025_03_LV_WAS,0.5641586431236891,LOSS,0,0,False,0.7725510584453719,1.7725510584453719,-129.44128275642137,0.5641586431236891,2025
2025,3,2,2025_03_NO_SEA-SEA|2025_03_HOU_JAX-HOU,SEA|HOU,-7.5|+1.5,2025_03_NO_SEA|2025_03_HOU_JAX,0.5641586431236891,WIN,1,2,False,0.7725510584453719,1.7725510584453719,-129.44128275642137,0.5641586431236891,2025
2025,3,2,2025_03_NO_SEA-SEA|2025_03_LV_WAS-LV,SEA|LV,-7.5|+2.5,2025_03_NO_SEA|2025_03_LV_WAS,0.5641586431236891,LOSS,0,1,False,0.7725510584453719,1.7725510584453719,-129.44128275642137,0.5641586431236891,2025
2025,3,2,2025_03_HOU_JAX-HOU|2025_03_LV_WAS-LV,HOU|LV,+1.5|+2.5,2025_03_HOU_JAX|2025_03_LV_WAS,0.5582471419205303,LOSS,0,1,False,0.7913213071897032,1.7913213071897032,-126.37091797153775,0.5582471419205303,2025
2025,3,3,2025_03_GB_CLE-GB|2025_03_NO_SEA-SEA|2025_03_HOU_JAX-HOU,GB|SEA|HOU,-8.5|-7.5|+1.5,2025_03_GB_CLE|2025_03_NO_SEA|2025_03_HOU_JAX,0.4259800282683873,LOSS,0,2,False,1.3475278971763278,2.347527897176328,134.7527897176328,0.4259800282683873,2025
2025,3,3,2025_03_GB_CLE-GB|2025_03_NO_SEA-SEA|2025_03_LV_WAS-LV,GB|SEA|LV,-8.5|-7.5|+2.5,2025_03_GB_CLE|2025_03_NO_SEA|2025_03_LV_WAS,0.4259800282683873,LOSS,0,1,False,1.3475278971763278,2.347527897176328,134.7527897176328,0.4259800282683873,2025
2025,3,3,2025_03_GB_CLE-GB|2025_03_HOU_JAX-HOU|2025_03_LV_WAS-LV,GB|HOU|LV,-8.5|+1.5|+2.5,2025_03_GB_CLE|2025_03_HOU_JAX|2025_03_LV_WAS,0.4215164230744877,LOSS,0,1,False,1.3723868045428123,2.3723868045428125,137.23868045428122,0.42151642307448767,2025
2025,3,3,2025_03_NO_SEA-SEA|2025_03_HOU_JAX-HOU|2025_03_LV_WAS-LV,SEA|HOU|LV,-7.5|+1.5|+2.5,2025_03_NO_SEA|2025_03_HOU_JAX|2025_03_LV_WAS,0.4215164230744877,LOSS,0,2,False,1.3723868045428123,2.3723868045428125,137.23868045428122,0.42151642307448767,2025
2025,4,2,2025_04_TEN_HOU-HOU|2025_04_MIN_PIT-PIT,HOU|PIT,-7.5|+2.5,2025_04_TEN_HOU|2025_04_MIN_PIT,0.5766383144835873,WIN,1,2,False,0.7341893087620399,1.73418930876204,-136.20465295063465,0.5766383144835873,2025
2025,4,2,2025_04_TEN_HOU-HOU|2025_04_SEA_ARI-ARI,HOU|ARI,-7.5|+1.5,2025_04_TEN_HOU|2025_04_SEA_ARI,0.5705960458213842,WIN,1,2,False,0.752553329668593,1.7525533296685931,-132.88094817683907,0.5705960458213842,2025
2025,4,2,2025_04_TEN_HOU-HOU|2025_04_WAS_ATL-WAS,HOU|WAS,-7.5|+2.5,2025_04_TEN_HOU|2025_04_WAS_ATL,0.5705960458213842,WIN,1,2,False,0.752553329668593,1.7525533296685931,-132.88094817683907,0.5705960458213842,2025
2025,4,2,2025_04_MIN_PIT-PIT|2025_04_SEA_ARI-ARI,PIT|ARI,+2.5|+1.5,2025_04_MIN_PIT|2025_04_SEA_ARI,0.5641586431236891,WIN,1,2,False,0.7725510584453719,1.7725510584453719,-129.44128275642137,0.5641586431236891,2025
2025,4,2,2025_04_MIN_PIT-PIT|2025_04_WAS_ATL-WAS,PIT|WAS,+2.5|+2.5,2025_04_MIN_PIT|2025_04_WAS_ATL,0.5641586431236891,WIN,1,2,False,0.7725510584453719,1.7725510584453719,-129.44128275642137,0.5641586431236891,2025
2025,4,2,2025_04_SEA_ARI-ARI|2025_04_WAS_ATL-WAS,ARI|WAS,+1.5|+2.5,2025_04_SEA_ARI|2025_04_WAS_ATL,0.5582471419205303,WIN,1,2,False,0.7913213071897032,1.7913213071897032,-126.37091797153775,0.5582471419205303,2025
2025,4,3,2025_04_TEN_HOU-HOU|2025_04_MIN_PIT-PIT|2025_04_SEA_ARI-ARI,HOU|PIT|ARI,-7.5|+2.5|+1.5,2025_04_TEN_HOU|2025_04_MIN_PIT|2025_04_SEA_ARI,0.4308407266137248,WIN,1,3,False,1.3210433420714227,2.3210433420714227,132.10433420714227,0.4308407266137248,2025
2025,4,3,2025_04_TEN_HOU-HOU|2025_04_MIN_PIT-PIT|2025_04_WAS_ATL-WAS,HOU|PIT|WAS,-7.5|+2.5|+2.5,2025_04_TEN_HOU|2025_04_MIN_PIT|2025_04_WAS_ATL,0.4308407266137248,WIN,1,3,False,1.3210433420714227,2.3210433420714227,132.10433420714227,0.4308407266137248,2025
2025,4,3,2025_04_TEN_HOU-HOU|2025_04_SEA_ARI-ARI|2025_04_WAS_ATL-WAS,HOU|ARI|WAS,-7.5|+1.5|+2.5,2025_04_TEN_HOU|2025_04_SEA_ARI|2025_04_WAS_ATL,0.4263261888949638,WIN,1,3,False,1.3456217939413877,2.3456217939413877,134.56217939413878,0.4263261888949638,2025
2025,4,3,2025_04_MIN_PIT-PIT|2025_04_SEA_ARI-ARI|2025_04_WAS_ATL-WAS,PIT|ARI|WAS,+2.5|+1.5|+2.5,2025_04_MIN_PIT|2025_04_SEA_ARI|2025_04_WAS_ATL,0.4215164230744877,WIN,1,3,False,1.3723868045428123,2.3723868045428125,137.23868045428122,0.42151642307448767,2025
2025,5,2,2025_05_HOU_BAL-BAL|2025_05_NYG_NO-NYG,BAL|NYG,+2.5|+1.5,2025_05_HOU_BAL|2025_05_NYG_NO,0.5701327435662364,LOSS,0,0,False,0.7539774925833965,1.7539774925833966,-132.6299537899523,0.5701327435662364,2025
2025,5,2,2025_05_HOU_BAL-BAL|2025_05_TEN_ARI-ARI,BAL|ARI,+2.5|-7.5,2025_05_HOU_BAL|2025_05_TEN_ARI,0.5701327435662364,LOSS,0,0,False,0.7539774925833965,1.7539774925833966,-132.6299537899523,0.5701327435662364,2025
2025,5,2,2025_05_HOU_BAL-BAL|2025_05_SF_LA-LA,BAL|LA,+2.5|-8.5,2025_05_HOU_BAL|2025_05_SF_LA,0.5641586431236891,LOSS,0,0,False,0.7725510584453719,1.7725510584453719,-129.44128275642137,0.5641586431236891,2025
2025,5,2,2025_05_NYG_NO-NYG|2025_05_TEN_ARI-ARI,NYG|ARI,+1.5|-7.5,2025_05_NYG_NO|2025_05_TEN_ARI,0.5701327435662364,LOSS,0,0,False,0.7539774925833965,1.7539774925833966,-132.6299537899523,0.5701327435662364,2025
2025,5,2,2025_05_NYG_NO-NYG|2025_05_SF_LA-LA,NYG|LA,+1.5|-8.5,2025_05_NYG_NO|2025_05_SF_LA,0.5641586431236891,LOSS,0,0,False,0.7725510584453719,1.7725510584453719,-129.44128275642137,0.5641586431236891,2025
2025,5,2,2025_05_TEN_ARI-ARI|2025_05_SF_LA-LA,ARI|LA,-7.5|-8.5,2025_05_TEN_ARI|2025_05_SF_LA,0.5641586431236891,LOSS,0,0,False,0.7725510584453719,1.7725510584453719,-129.44128275642137,0.5641586431236891,2025
2025,5,3,2025_05_HOU_BAL-BAL|2025_05_NYG_NO-NYG|2025_05_TEN_ARI-ARI,BAL|NYG|ARI,+2.5|+1.5|-7.5,2025_05_HOU_BAL|2025_05_NYG_NO|2025_05_TEN_ARI,0.43049090035447984,LOSS,0,0,False,1.3229294723223377,2.322929472322338,132.29294723223376,0.43049090035447984,2025
2025,5,3,2025_05_HOU_BAL-BAL|2025_05_NYG_NO-NYG|2025_05_SF_LA-LA,BAL|NYG|LA,+2.5|+1.5|-8.5,2025_05_HOU_BAL|2025_05_NYG_NO|2025_05_SF_LA,0.4259800282683873,LOSS,0,0,False,1.3475278971763278,2.347527897176328,134.7527897176328,0.4259800282683873,2025
2025,5,3,2025_05_HOU_BAL-BAL|2025_05_TEN_ARI-ARI|2025_05_SF_LA-LA,BAL|ARI|LA,+2.5|-7.5|-8.5,2025_05_HOU_BAL|2025_05_TEN_ARI|2025_05_SF_LA,0.4259800282683873,LOSS,0,0,False,1.3475278971763278,2.347527897176328,134.7527897176328,0.4259800282683873,2025
2025,5,3,2025_05_NYG_NO-NYG|2025_05_TEN_ARI-ARI|2025_05_SF_LA-LA,NYG|ARI|LA,+1.5|-7.5|-8.5,2025_05_NYG_NO|2025_05_TEN_ARI|2025_05_SF_LA,0.4259800282683873,LOSS,0,0,False,1.3475278971763278,2.347527897176328,134.7527897176328,0.4259800282683873,2025
2025,6,2,2025_06_DEN_NYJ-DEN|2025_06_ARI_IND-IND,DEN|IND,-7.5|-8.5,2025_06_DEN_NYJ|2025_06_ARI_IND,0.5502390171463583,WIN,1,2,False,0.8173920220819413,1.8173920220819413,-122.3403181074543,0.5502390171463583,2025
2025,7,2,2025_07_MIA_CLE-MIA|2025_07_CAR_NYJ-CAR,MIA|CAR,+2.5|+1.5,2025_07_MIA_CLE|2025_07_CAR_NYJ,0.602507148430688,LOSS,0,1,False,0.6597313452705688,1.6597313452705689,-151.5768512696453,0.602507148430688,2025
2025,7,2,2025_07_MIA_CLE-MIA|2025_07_NYG_DEN-DEN,MIA|DEN,+2.5|-7.5,2025_07_MIA_CLE|2025_07_NYG_DEN,0.602507148430688,LOSS,0,0,False,0.6597313452705688,1.6597313452705689,-151.5768512696453,0.602507148430688,2025
2025,7,2,2025_07_MIA_CLE-MIA|2025_07_PHI_MIN-MIN,MIA|MIN,+2.5|+2.5,2025_07_MIA_CLE|2025_07_PHI_MIN,0.5894676208524032,LOSS,0,1,False,0.6964460211638833,1.6964460211638834,-143.58614589093708,0.5894676208524032,2025
2025,7,2,2025_07_CAR_NYJ-CAR|2025_07_NYG_DEN-DEN,CAR|DEN,+1.5|-7.5,2025_07_CAR_NYJ|2025_07_NYG_DEN,0.5832181180308621,LOSS,0,1,False,0.7146243730841761,1.7146243730841761,-139.93365433146363,0.5832181180308621,2025
2025,7,2,2025_07_CAR_NYJ-CAR|2025_07_PHI_MIN-MIN,CAR|MIN,+1.5|+2.5,2025_07_CAR_NYJ|2025_07_PHI_MIN,0.5705960458213842,WIN,1,2,False,0.752553329668593,1.7525533296685931,-132.88094817683907,0.5705960458213842,2025
2025,7,2,2025_07_NYG_DEN-DEN|2025_07_PHI_MIN-MIN,DEN|MIN,-7.5|+2.5,2025_07_NYG_DEN|2025_07_PHI_MIN,0.5705960458213842,LOSS,0,1,False,0.752553329668593,1.7525533296685931,-132.88094817683907,0.5705960458213842,2025
2025,7,3,2025_07_MIA_CLE-MIA|2025_07_CAR_NYJ-CAR|2025_07_NYG_DEN-DEN,MIA|CAR|DEN,+2.5|+1.5|-7.5,2025_07_MIA_CLE|2025_07_CAR_NYJ|2025_07_NYG_DEN,0.4601269887181862,LOSS,0,1,False,1.1733130733882458,2.173313073388246,117.33130733882457,0.4601269887181862,2025
2025,7,3,2025_07_MIA_CLE-MIA|2025_07_CAR_NYJ-CAR|2025_07_PHI_MIN-MIN,MIA|CAR|MIN,+2.5|+1.5|+2.5,2025_07_MIA_CLE|2025_07_CAR_NYJ|2025_07_PHI_MIN,0.4501688685954104,LOSS,0,2,False,1.2213886160545473,2.221388616054547,122.13886160545474,0.45016886859541044,2025
2025,7,3,2025_07_MIA_CLE-MIA|2025_07_NYG_DEN-DEN|2025_07_PHI_MIN-MIN,MIA|DEN|MIN,+2.5|-7.5|+2.5,2025_07_MIA_CLE|2025_07_NYG_DEN|2025_07_PHI_MIN,0.4501688685954104,LOSS,0,1,False,1.2213886160545473,2.221388616054547,122.13886160545474,0.45016886859541044,2025
2025,7,3,2025_07_CAR_NYJ-CAR|2025_07_NYG_DEN-DEN|2025_07_PHI_MIN-MIN,CAR|DEN|MIN,+1.5|-7.5|+2.5,2025_07_CAR_NYJ|2025_07_NYG_DEN|2025_07_PHI_MIN,0.43575688856495104,LOSS,0,2,False,1.2948575828444917,2.2948575828444917,129.48575828444916,0.435756888564951,2025
2025,8,2,2025_08_SF_HOU-SF|2025_08_CHI_BAL-CHI,SF|CHI,+2.5|+2.5,2025_08_SF_HOU|2025_08_CHI_BAL,0.5586563392136087,LOSS,0,0,False,0.7900092235732037,1.7900092235732037,-126.58080059837911,0.5586563392136087,2025
2025,9,2,2025_09_DEN_HOU-DEN|2025_09_JAX_LV-LV,DEN|LV,+1.5|+2.5,2025_09_DEN_HOU|2025_09_JAX_LV,0.56730756512456,WIN,1,2,False,0.7627122595843341,1.762712259584334,-131.11104317963682,0.56730756512456,2025
2025,10,2,2025_10_CLE_NYJ-NYJ|2025_10_JAX_HOU-HOU,NYJ|HOU,+1.5|+1.5,2025_10_CLE_NYJ|2025_10_JAX_HOU,0.5976814010947663,WIN,1,2,False,0.6731322041614667,1.6731322041614667,-148.55922712028294,0.5976814010947663,2025
2025,10,2,2025_10_CLE_NYJ-NYJ|2025_10_PHI_GB-PHI,NYJ|PHI,+1.5|+1.5,2025_10_CLE_NYJ|2025_10_PHI_GB,0.5719941800953721,WIN,1,2,False,0.7482695362971419,1.7482695362971419,-133.64168277497464,0.5719941800953721,2025
2025,10,2,2025_10_JAX_HOU-HOU|2025_10_PHI_GB-PHI,HOU|PHI,+1.5|+1.5,2025_10_JAX_HOU|2025_10_PHI_GB,0.5719941800953721,WIN,1,2,False,0.7482695362971419,1.7482695362971419,-133.64168277497464,0.5719941800953721,2025
2025,10,3,2025_10_CLE_NYJ-NYJ|2025_10_JAX_HOU-HOU|2025_10_PHI_GB-PHI,NYJ|HOU|PHI,+1.5|+1.5|+1.5,2025_10_CLE_NYJ|2025_10_JAX_HOU|2025_10_PHI_GB,0.4422078834786436,WIN,1,3,False,1.2613798563098095,2.2613798563098095,126.13798563098095,0.4422078834786436,2025
2025,11,2,2025_11_BAL_CLE-BAL|2025_11_GB_NYG-GB,BAL|GB,-7.5|-7.5,2025_11_BAL_CLE|2025_11_GB_NYG,0.583744581974575,WIN,1,2,False,0.7130779982871943,1.7130779982871944,-140.23711324735712,0.583744581974575,2025
2025,11,2,2025_11_BAL_CLE-BAL|2025_11_DET_PHI-DET,BAL|DET,-7.5|+2.5,2025_11_BAL_CLE|2025_11_DET_PHI,0.569341707275378,WIN,1,2,False,0.7564144471086888,1.7564144471086887,-132.20265739534594,0.569341707275378,2025
2025,11,2,2025_11_GB_NYG-GB|2025_11_DET_PHI-DET,GB|DET,-7.5|+2.5,2025_11_GB_NYG|2025_11_DET_PHI,0.5560657171285477,WIN,1,2,False,0.798348592975435,1.798348592975435,-125.25856609492011,0.5560657171285477,2025
2025,11,3,2025_11_BAL_CLE-BAL|2025_11_GB_NYG-GB|2025_11_DET_PHI-DET,BAL|GB|DET,-7.5|-7.5|+2.5,2025_11_BAL_CLE|2025_11_GB_NYG|2025_11_DET_PHI,0.42989361151445526,WIN,1,3,False,1.326156921655894,2.326156921655894,132.6156921655894,0.42989361151445526,2025
2025,14,2,2025_14_DEN_LV-DEN|2025_14_MIA_NYJ-NYJ,DEN|NYJ,-8.5|+2.5,2025_14_DEN_LV|2025_14_MIA_NYJ,0.5733150107556428,LOSS,0,1,False,0.7442417889634115,1.7442417889634116,-134.36493553967338,0.5733150107556428,2025
2025,14,2,2025_14_DEN_LV-DEN|2025_14_NO_TB-TB,DEN|TB,-8.5|-7.5,2025_14_DEN_LV|2025_14_NO_TB,0.5733150107556428,LOSS,0,1,False,0.7442417889634115,1.7442417889634116,-134.36493553967338,0.5733150107556428,2025
2025,14,2,2025_14_DEN_LV-DEN|2025_14_PHI_LAC-LAC,DEN|LAC,-8.5|+1.5,2025_14_DEN_LV|2025_14_PHI_LAC,0.5733150107556428,WIN,1,2,False,0.7442417889634115,1.7442417889634116,-134.36493553967338,0.5733150107556428,2025
2025,14,2,2025_14_MIA_NYJ-NYJ|2025_14_NO_TB-TB,NYJ|TB,+2.5|-7.5,2025_14_MIA_NYJ|2025_14_NO_TB,0.5701327435662364,LOSS,0,0,False,0.7539774925833965,1.7539774925833966,-132.6299537899523,0.5701327435662364,2025
2025,14,2,2025_14_MIA_NYJ-NYJ|2025_14_PHI_LAC-LAC,NYJ|LAC,+2.5|+1.5,2025_14_MIA_NYJ|2025_14_PHI_LAC,0.5701327435662364,LOSS,0,1,False,0.7539774925833965,1.7539774925833966,-132.6299537899523,0.5701327435662364,2025
2025,14,2,2025_14_NO_TB-TB|2025_14_PHI_LAC-LAC,TB|LAC,-7.5|+1.5,2025_14_NO_TB|2025_14_PHI_LAC,0.5701327435662364,LOSS,0,1,False,0.7539774925833965,1.7539774925833966,-132.6299537899523,0.5701327435662364,2025
2025,14,3,2025_14_DEN_LV-DEN|2025_14_MIA_NYJ-NYJ|2025_14_NO_TB-TB,DEN|NYJ|TB,-8.5|+2.5|-7.5,2025_14_DEN_LV|2025_14_MIA_NYJ|2025_14_NO_TB,0.4328937391371938,LOSS,0,1,False,1.3100357191423306,2.3100357191423306,131.00357191423308,0.4328937391371938,2025
2025,14,3,2025_14_DEN_LV-DEN|2025_14_MIA_NYJ-NYJ|2025_14_PHI_LAC-LAC,DEN|NYJ|LAC,-8.5|+2.5|+1.5,2025_14_DEN_LV|2025_14_MIA_NYJ|2025_14_PHI_LAC,0.4328937391371938,LOSS,0,2,False,1.3100357191423306,2.3100357191423306,131.00357191423308,0.4328937391371938,2025
2025,14,3,2025_14_DEN_LV-DEN|2025_14_NO_TB-TB|2025_14_PHI_LAC-LAC,DEN|TB|LAC,-8.5|-7.5|+1.5,2025_14_DEN_LV|2025_14_NO_TB|2025_14_PHI_LAC,0.4328937391371938,LOSS,0,2,False,1.3100357191423306,2.3100357191423306,131.00357191423308,0.4328937391371938,2025
2025,14,3,2025_14_MIA_NYJ-NYJ|2025_14_NO_TB-TB|2025_14_PHI_LAC-LAC,NYJ|TB|LAC,+2.5|-7.5|+1.5,2025_14_MIA_NYJ|2025_14_NO_TB|2025_14_PHI_LAC,0.43049090035447984,LOSS,0,1,False,1.3229294723223377,2.322929472322338,132.29294723223376,0.43049090035447984,2025
2025,15,2,2025_15_CLE_CHI-CHI|2025_15_CAR_NO-NO,CHI|NO,-7.5|+2.5,2025_15_CLE_CHI|2025_15_CAR_NO,0.5801116177424754,WIN,1,2,False,0.7238061942140287,1.7238061942140286,-138.1585302797645,0.5801116177424754,2025
2025,15,2,2025_15_CLE_CHI-CHI|2025_15_GB_DEN-DEN,CHI|DEN,-7.5|+1.5,2025_15_CLE_CHI|2025_15_GB_DEN,0.5770086939476157,WIN,1,2,False,0.7330761399078435,1.7330761399078436,-136.41147836645072,0.5770086939476157,2025
2025,15,2,2025_15_CLE_CHI-CHI|2025_15_WAS_NYG-WAS,CHI|WAS,-7.5|+2.5,2025_15_CLE_CHI|2025_15_WAS_NYG,0.5657983800698777,WIN,1,2,False,0.7674140386837042,1.7674140386837043,-130.3077543010857,0.5657983800698777,2025
2025,15,2,2025_15_CAR_NO-NO|2025_15_GB_DEN-DEN,NO|DEN,+2.5|+1.5,2025_15_CAR_NO|2025_15_GB_DEN,0.5670831951653187,WIN,1,2,False,0.7634096875476541,1.7634096875476541,-130.99126410255008,0.5670831951653187,2025
2025,15,2,2025_15_CAR_NO-NO|2025_15_WAS_NYG-WAS,NO|WAS,+2.5|+2.5,2025_15_CAR_NO|2025_15_WAS_NYG,0.5560657171285477,WIN,1,2,False,0.798348592975435,1.798348592975435,-125.25856609492011,0.5560657171285477,2025
2025,15,2,2025_15_GB_DEN-DEN|2025_15_WAS_NYG-WAS,DEN|WAS,+1.5|+2.5,2025_15_GB_DEN|2025_15_WAS_NYG,0.5530914109908797,WIN,1,2,False,0.8080193981108301,1.8080193981108301,-123.75940507592088,0.5530914109908797,2025
2025,15,3,2025_15_CLE_CHI-CHI|2025_15_CAR_NO-NO|2025_15_GB_DEN-DEN,CHI|NO|DEN,-7.5|+2.5|+1.5,2025_15_CLE_CHI|2025_15_CAR_NO|2025_15_GB_DEN,0.4356827334913689,WIN,1,3,False,1.2952481774672178,2.2952481774672178,129.52481774672177,0.4356827334913689,2025
2025,15,3,2025_15_CLE_CHI-CHI|2025_15_CAR_NO-NO|2025_15_WAS_NYG-WAS,CHI|NO|WAS,-7.5|+2.5|+2.5,2025_15_CLE_CHI|2025_15_CAR_NO|2025_15_WAS_NYG,0.42721814665796404,WIN,1,3,False,1.3407245404315935,2.3407245404315935,134.07245404315935,0.42721814665796404,2025
2025,15,3,2025_15_CLE_CHI-CHI|2025_15_GB_DEN-DEN|2025_15_WAS_NYG-WAS,CHI|DEN|WAS,-7.5|+1.5|+2.5,2025_15_CLE_CHI|2025_15_GB_DEN|2025_15_WAS_NYG,0.4249330254634953,WIN,1,3,False,1.3533120281937392,2.353312028193739,135.3312028193739,0.4249330254634953,2025
2025,15,3,2025_15_CAR_NO-NO|2025_15_GB_DEN-DEN|2025_15_WAS_NYG-WAS,NO|DEN|WAS,+2.5|+1.5|+2.5,2025_15_CAR_NO|2025_15_GB_DEN|2025_15_WAS_NYG,0.4176234783612837,WIN,1,3,False,1.3945013913583315,2.3945013913583315,139.45013913583315,0.4176234783612838,2025
2025,16,2,2025_16_MIN_NYG-NYG|2025_16_LA_SEA-LA,NYG|LA,+2.5|+1.5,2025_16_MIN_NYG|2025_16_LA_SEA,0.5670831951653187,WIN,1,2,False,0.7634096875476541,1.7634096875476541,-130.99126410255008,0.5670831951653187,2025
2025,16,2,2025_16_MIN_NYG-NYG|2025_16_GB_CHI-GB,NYG|GB,+2.5|+1.5,2025_16_MIN_NYG|2025_16_GB_CHI,0.5586563392136087,WIN,1,2,False,0.7900092235732037,1.7900092235732037,-126.58080059837911,0.5586563392136087,2025
2025,16,2,2025_16_LA_SEA-LA|2025_16_GB_CHI-GB,LA|GB,+1.5|+1.5,2025_16_LA_SEA|2025_16_GB_CHI,0.5556681762548301,WIN,1,2,False,0.7996351828890751,1.799635182889075,-125.0570286798798,0.5556681762548301,2025
2025,16,3,2025_16_MIN_NYG-NYG|2025_16_LA_SEA-LA|2025_16_GB_CHI-GB,NYG|LA|GB,+2.5|+1.5|+1.5,2025_16_MIN_NYG|2025_16_LA_SEA|2025_16_GB_CHI,0.41956911998772595,WIN,1,3,False,1.3833975198871975,2.3833975198871977,138.33975198871974,0.4195691199877259,2025
2025,17,2,2025_17_BAL_GB-BAL|2025_17_NO_TEN-TEN,BAL|TEN,+2.5|+1.5,2025_17_BAL_GB|2025_17_NO_TEN,0.5867310538506287,LOSS,0,1,False,0.7043583997082625,1.7043583997082625,-141.97317735036438,0.5867310538506287,2025
2025,17,2,2025_17_BAL_GB-BAL|2025_17_HOU_LAC-HOU,BAL|HOU,+2.5|+1.5,2025_17_BAL_GB|2025_17_HOU_LAC,0.5833495832657114,WIN,1,2,False,0.7142379607126718,1.7142379607126719,-140.00936032610096,0.5833495832657114,2025
2025,17,2,2025_17_NO_TEN-TEN|2025_17_HOU_LAC-HOU,TEN|HOU,+1.5|+1.5,2025_17_NO_TEN|2025_17_HOU_LAC,0.5798568933304319,LOSS,0,1,False,0.7245634422942856,1.7245634422942855,-138.01413949806266,0.5798568933304319,2025
2025,17,3,2025_17_BAL_GB-BAL|2025_17_NO_TEN-TEN|2025_17_HOU_LAC-HOU,BAL|TEN|HOU,+2.5|+1.5|+1.5,2025_17_BAL_GB|2025_17_NO_TEN|2025_17_HOU_LAC,0.4454966016871066,LOSS,0,2,False,1.2446860339966128,2.244686033996613,124.46860339966128,0.4454966016871066,2025
2018,1,2,2018_01_BUF_BAL-BAL|2018_01_DAL_CAR-DAL,BAL|DAL,-7.5|+2.5,2018_01_BUF_BAL|2018_01_DAL_CAR,0.5752620980512778,WIN,1,2,False,0.7383380608378997,1.7383380608378998,-135.4393133770125,0.5752620980512778,SUPPLEMENTARY 2018-2025 all years
2018,1,2,2018_01_BUF_BAL-BAL|2018_01_JAX_NYG-NYG,BAL|NYG,-7.5|+2.5,2018_01_BUF_BAL|2018_01_JAX_NYG,0.573763349422516,WIN,1,2,False,0.7428788384731871,1.742878838473187,-134.61145320214868,0.573763349422516,SUPPLEMENTARY 2018-2025 all years
2018,1,2,2018_01_DAL_CAR-DAL|2018_01_JAX_NYG-NYG,DAL|NYG,+2.5|+2.5,2018_01_DAL_CAR|2018_01_JAX_NYG,0.5625804210238938,WIN,1,2,False,0.7775236439618792,1.7775236439618793,-128.6134521780573,0.5625804210238938,SUPPLEMENTARY 2018-2025 all years
2018,1,3,2018_01_BUF_BAL-BAL|2018_01_DAL_CAR-DAL|2018_01_JAX_NYG-NYG,BAL|DAL|NYG,-7.5|+2.5|+2.5,2018_01_BUF_BAL|2018_01_DAL_CAR|2018_01_JAX_NYG,0.43091497706314924,WIN,1,3,False,1.3206434058416425,2.3206434058416425,132.06434058416426,0.4309149770631493,SUPPLEMENTARY 2018-2025 all years
2018,3,2,2018_03_CIN_CAR-CIN|2018_03_GB_WAS-WAS,CIN|WAS,+2.5|+2.5,2018_03_CIN_CAR|2018_03_GB_WAS,0.5488563311488025,LOSS,0,1,False,0.8219704196668659,1.821970419666866,-121.65887920945953,0.5488563311488025,SUPPLEMENTARY 2018-2025 all years
2018,4,2,2018_04_NYJ_JAX-JAX|2018_04_BUF_GB-GB,JAX|GB,-7.5|-8.5,2018_04_NYJ_JAX|2018_04_BUF_GB,0.5658819878714724,WIN,1,2,False,0.7671529072014357,1.7671529072014356,-130.35210980924097,0.5658819878714724,SUPPLEMENTARY 2018-2025 all years
2018,4,2,2018_04_NYJ_JAX-JAX|2018_04_DET_DAL-DET,JAX|DET,-7.5|+2.5,2018_04_NYJ_JAX|2018_04_DET_DAL,0.5658819878714724,WIN,1,2,False,0.7671529072014357,1.7671529072014356,-130.35210980924097,0.5658819878714724,SUPPLEMENTARY 2018-2025 all years
2018,4,2,2018_04_NYJ_JAX-JAX|2018_04_CLE_OAK-CLE,JAX|CLE,-7.5|+2.5,2018_04_NYJ_JAX|2018_04_CLE_OAK,0.5644851696949597,WIN,1,2,False,0.7715257258935373,1.7715257258935373,-129.6133060037443,0.5644851696949597,SUPPLEMENTARY 2018-2025 all years
2018,4,2,2018_04_BUF_GB-GB|2018_04_DET_DAL-DET,GB|DET,-8.5|+2.5,2018_04_BUF_GB|2018_04_DET_DAL,0.555445048067577,WIN,1,2,False,0.8003581154950493,1.8003581154950492,-124.944069490876,0.555445048067577,SUPPLEMENTARY 2018-2025 all years
2018,4,2,2018_04_BUF_GB-GB|2018_04_CLE_OAK-CLE,GB|CLE,-8.5|+2.5,2018_04_BUF_GB|2018_04_CLE_OAK,0.5540739923424901,WIN,1,2,False,0.8048131004529615,1.8048131004529615,-124.25245059221628,0.5540739923424901,SUPPLEMENTARY 2018-2025 all years
2018,4,2,2018_04_DET_DAL-DET|2018_04_CLE_OAK-CLE,DET|CLE,+2.5|+2.5,2018_04_DET_DAL|2018_04_CLE_OAK,0.5540739923424901,WIN,1,2,False,0.8048131004529615,1.8048131004529615,-124.25245059221628,0.5540739923424901,SUPPLEMENTARY 2018-2025 all years
2018,4,3,2018_04_NYJ_JAX-JAX|2018_04_BUF_GB-GB|2018_04_DET_DAL-DET,JAX|GB|DET,-7.5|-8.5|+2.5,2018_04_NYJ_JAX|2018_04_BUF_GB|2018_04_DET_DAL,0.4217415794068967,WIN,1,3,False,1.371120251900036,2.3711202519000363,137.1120251900036,0.42174157940689666,SUPPLEMENTARY 2018-2025 all years
2018,4,3,2018_04_NYJ_JAX-JAX|2018_04_BUF_GB-GB|2018_04_CLE_OAK-CLE,JAX|GB|CLE,-7.5|-8.5|+2.5,2018_04_NYJ_JAX|2018_04_BUF_GB|2018_04_CLE_OAK,0.42070055616082636,WIN,1,3,False,1.3769875873844049,2.376987587384405,137.6987587384405,0.42070055616082636,SUPPLEMENTARY 2018-2025 all years
2018,4,3,2018_04_NYJ_JAX-JAX|2018_04_DET_DAL-DET|2018_04_CLE_OAK-CLE,JAX|DET|CLE,-7.5|+2.5|+2.5,2018_04_NYJ_JAX|2018_04_DET_DAL|2018_04_CLE_OAK,0.42070055616082636,WIN,1,3,False,1.3769875873844049,2.376987587384405,137.6987587384405,0.42070055616082636,SUPPLEMENTARY 2018-2025 all years
2018,4,3,2018_04_BUF_GB-GB|2018_04_DET_DAL-DET|2018_04_CLE_OAK-CLE,GB|DET|CLE,-8.5|+2.5|+2.5,2018_04_BUF_GB|2018_04_DET_DAL|2018_04_CLE_OAK,0.41294129455818784,WIN,1,3,False,1.4216517291396473,2.421651729139647,142.16517291396474,0.41294129455818784,SUPPLEMENTARY 2018-2025 all years
2018,6,2,2018_06_CHI_MIA-CHI|2018_06_BAL_TEN-TEN,CHI|TEN,-7.5|+2.5,2018_06_CHI_MIA|2018_06_BAL_TEN,0.56730756512456,LOSS,0,0,False,0.7627122595843341,1.762712259584334,-131.11104317963682,0.56730756512456,SUPPLEMENTARY 2018-2025 all years
2018,6,2,2018_06_CHI_MIA-CHI|2018_06_PHI_NYG-NYG,CHI|NYG,-7.5|+1.5,2018_06_CHI_MIA|2018_06_PHI_NYG,0.5617745494172766,LOSS,0,0,False,0.7800735206628541,1.780073520662854,-128.19304507993903,0.5617745494172766,SUPPLEMENTARY 2018-2025 all years
2018,6,2,2018_06_BAL_TEN-TEN|2018_06_PHI_NYG-NYG,TEN|NYG,+2.5|+1.5,2018_06_BAL_TEN|2018_06_PHI_NYG,0.5528024935592587,LOSS,0,0,False,0.8089643437775179,1.808964343777518,-123.61484256900955,0.5528024935592587,SUPPLEMENTARY 2018-2025 all years
2018,6,3,2018_06_CHI_MIA-CHI|2018_06_BAL_TEN-TEN|2018_06_PHI_NYG-NYG,CHI|TEN|NYG,-7.5|+2.5|+1.5,2018_06_CHI_MIA|2018_06_BAL_TEN|2018_06_PHI_NYG,0.41973512509447775,LOSS,0,0,False,1.3824548869359243,2.3824548869359243,138.24548869359242,0.41973512509447775,SUPPLEMENTARY 2018-2025 all years
2018,8,2,2018_08_SF_ARI-ARI|2018_08_NYJ_CHI-CHI,ARI|CHI,+2.5|-8.5,2018_08_SF_ARI|2018_08_NYJ_CHI,0.5718831280607133,WIN,1,2,False,0.7486090267972308,1.7486090267972307,-133.58107693121116,0.5718831280607133,SUPPLEMENTARY 2018-2025 all years
2018,8,2,2018_08_SF_ARI-ARI|2018_08_BAL_CAR-CAR,ARI|CAR,+2.5|+2.5,2018_08_SF_ARI|2018_08_BAL_CAR,0.5675041580395825,WIN,1,2,False,0.7621016266285251,1.762101626628525,-131.21609573567213,0.5675041580395825,SUPPLEMENTARY 2018-2025 all years
2018,8,2,2018_08_SF_ARI-ARI|2018_08_MIA_HOU-HOU,ARI|HOU,+2.5|-7.5,2018_08_SF_ARI|2018_08_MIA_HOU,0.5647305299442514,WIN,1,2,False,0.7707560455403697,1.7707560455403697,-129.74273841717448,0.5647305299442514,SUPPLEMENTARY 2018-2025 all years
2018,8,2,2018_08_NYJ_CHI-CHI|2018_08_BAL_CAR-CAR,CHI|CAR,-8.5|+2.5,2018_08_NYJ_CHI|2018_08_BAL_CAR,0.5597309677025549,WIN,1,2,False,0.7865725816539192,1.7865725816539193,-127.1338492243537,0.5597309677025549,SUPPLEMENTARY 2018-2025 all years
2018,8,2,2018_08_NYJ_CHI-CHI|2018_08_MIA_HOU-HOU,CHI|HOU,-8.5|-7.5,2018_08_NYJ_CHI|2018_08_MIA_HOU,0.5569953304109979,WIN,1,2,False,0.7953471876723205,1.7953471876723204,-125.73125491606008,0.5569953304109979,SUPPLEMENTARY 2018-2025 all years
2018,8,2,2018_08_BAL_CAR-CAR|2018_08_MIA_HOU-HOU,CAR|HOU,+2.5|-7.5,2018_08_BAL_CAR|2018_08_MIA_HOU,0.5527303578421261,WIN,1,2,False,0.8092004280423938,1.8092004280423937,-123.57877793258042,0.5527303578421261,SUPPLEMENTARY 2018-2025 all years
2018,8,3,2018_08_SF_ARI-ARI|2018_08_NYJ_CHI-CHI|2018_08_BAL_CAR-CAR,ARI|CHI|CAR,+2.5|-8.5|+2.5,2018_08_SF_ARI|2018_08_NYJ_CHI|2018_08_BAL_CAR,0.4262141203180726,WIN,1,3,False,1.3462385508338528,2.346238550833853,134.62385508338528,0.4262141203180726,SUPPLEMENTARY 2018-2025 all years
2018,8,3,2018_08_SF_ARI-ARI|2018_08_NYJ_CHI-CHI|2018_08_MIA_HOU-HOU,ARI|CHI|HOU,+2.5|-8.5|-7.5,2018_08_SF_ARI|2018_08_NYJ_CHI|2018_08_MIA_HOU,0.42413103521289064,WIN,1,3,False,1.3577619107690493,2.3577619107690495,135.77619107690492,0.42413103521289064,SUPPLEMENTARY 2018-2025 all years
2018,8,3,2018_08_SF_ARI-ARI|2018_08_BAL_CAR-CAR|2018_08_MIA_HOU-HOU,ARI|CAR|HOU,+2.5|+2.5|-7.5,2018_08_SF_ARI|2018_08_BAL_CAR|2018_08_MIA_HOU,0.42088341870333135,WIN,1,3,False,1.375954850112238,2.375954850112238,137.59548501122381,0.42088341870333135,SUPPLEMENTARY 2018-2025 all years
2018,8,3,2018_08_NYJ_CHI-CHI|2018_08_BAL_CAR-CAR|2018_08_MIA_HOU-HOU,CHI|CAR|HOU,-8.5|+2.5|-7.5,2018_08_NYJ_CHI|2018_08_BAL_CAR|2018_08_MIA_HOU,0.4151185148221307,WIN,1,3,False,1.40895061119709,2.40895061119709,140.895061119709,0.41511851482213064,SUPPLEMENTARY 2018-2025 all years
2018,9,2,2018_09_OAK_SF-SF|2018_09_ATL_WAS-ATL,SF|ATL,+1.5|+1.5,2018_09_OAK_SF|2018_09_ATL_WAS,0.5488563311488025,WIN,1,2,False,0.8219704196668659,1.821970419666866,-121.65887920945953,0.5488563311488025,SUPPLEMENTARY 2018-2025 all years
2018,9,2,2018_09_OAK_SF-SF|2018_09_PIT_BAL-PIT,SF|PIT,+1.5|+1.5,2018_09_OAK_SF|2018_09_PIT_BAL,0.5476148643833738,WIN,1,2,False,0.8261009060190899,1.8261009060190898,-121.05058749044532,0.5476148643833738,SUPPLEMENTARY 2018-2025 all years
2018,9,2,2018_09_ATL_WAS-ATL|2018_09_PIT_BAL-PIT,ATL|PIT,+1.5|+1.5,2018_09_ATL_WAS|2018_09_PIT_BAL,0.541119029494778,WIN,1,2,False,0.8480222381638686,1.8480222381638685,-117.92143590068964,0.541119029494778,SUPPLEMENTARY 2018-2025 all years
2018,9,3,2018_09_OAK_SF-SF|2018_09_ATL_WAS-ATL|2018_09_PIT_BAL-PIT,SF|ATL|PIT,+1.5|+1.5|+1.5,2018_09_OAK_SF|2018_09_ATL_WAS|2018_09_PIT_BAL,0.4032861957749541,WIN,1,3,False,1.4796286371230774,2.4796286371230774,147.96286371230772,0.4032861957749541,SUPPLEMENTARY 2018-2025 all years
2018,10,2,2018_10_DET_CHI-CHI|2018_10_DAL_PHI-PHI,CHI|PHI,-7.5|-7.5,2018_10_DET_CHI|2018_10_DAL_PHI,0.5500522618909207,LOSS,0,1,False,0.8180090680152627,1.8180090680152627,-122.24803356108292,0.5500522618909207,SUPPLEMENTARY 2018-2025 all years
2018,11,2,2018_11_MIN_CHI-MIN|2018_11_DEN_LAC-LAC,MIN|LAC,+2.5|-7.5,2018_11_MIN_CHI|2018_11_DEN_LAC,0.5476148643833738,LOSS,0,1,False,0.8261009060190899,1.8261009060190898,-121.05058749044532,0.5476148643833738,SUPPLEMENTARY 2018-2025 all years
2018,15,2,2018_15_WAS_JAX-JAX|2018_15_DET_BUF-DET,JAX|DET,-7.5|+2.5,2018_15_WAS_JAX|2018_15_DET_BUF,0.5945062117018493,LOSS,0,1,False,0.682068211091308,1.682068211091308,-146.61290230782075,0.5945062117018493,SUPPLEMENTARY 2018-2025 all years
2018,15,2,2018_15_WAS_JAX-JAX|2018_15_TEN_NYG-NYG,JAX|NYG,-7.5|+2.5,2018_15_WAS_JAX|2018_15_TEN_NYG,0.5879231434064123,LOSS,0,0,False,0.7009025945228564,1.7009025945228564,-142.67317710255531,0.5879231434064123,SUPPLEMENTARY 2018-2025 all years
2018,15,2,2018_15_WAS_JAX-JAX|2018_15_TB_BAL-BAL,JAX|BAL,-7.5|-8.5,2018_15_WAS_JAX|2018_15_TB_BAL,0.5804370338500288,LOSS,0,1,False,0.722839759839267,1.722839759839267,-138.3432477790601,0.5804370338500288,SUPPLEMENTARY 2018-2025 all years
2018,15,2,2018_15_DET_BUF-DET|2018_15_TEN_NYG-NYG,DET|NYG,+2.5|+2.5,2018_15_DET_BUF|2018_15_TEN_NYG,0.573404578300645,LOSS,0,1,False,0.7439693330730338,1.743969333073034,-134.41414256544795,0.573404578300645,SUPPLEMENTARY 2018-2025 all years
2018,15,2,2018_15_DET_BUF-DET|2018_15_TB_BAL-BAL,DET|BAL,+2.5|-8.5,2018_15_DET_BUF|2018_15_TB_BAL,0.5661033357123374,WIN,1,2,False,0.7664619459302127,1.7664619459302127,-130.46962152652668,0.5661033357123374,SUPPLEMENTARY 2018-2025 all years
2018,15,2,2018_15_TEN_NYG-NYG|2018_15_TB_BAL-BAL,NYG|BAL,+2.5|-8.5,2018_15_TEN_NYG|2018_15_TB_BAL,0.5598347772886989,LOSS,0,1,False,0.7862412993402054,1.7862412993402055,-127.18741699770487,0.5598347772886989,SUPPLEMENTARY 2018-2025 all years
2018,15,3,2018_15_WAS_JAX-JAX|2018_15_DET_BUF-DET|2018_15_TEN_NYG-NYG,JAX|DET|NYG,-7.5|+2.5|+2.5,2018_15_WAS_JAX|2018_15_DET_BUF|2018_15_TEN_NYG,0.4476814038182012,LOSS,0,1,False,1.233731380109078,2.233731380109078,123.3731380109078,0.44768140381820115,SUPPLEMENTARY 2018-2025 all years
2018,15,3,2018_15_WAS_JAX-JAX|2018_15_DET_BUF-DET|2018_15_TB_BAL-BAL,JAX|DET|BAL,-7.5|+2.5|-8.5,2018_15_WAS_JAX|2018_15_DET_BUF|2018_15_TB_BAL,0.44198101241003046,LOSS,0,2,False,1.2625406339227292,2.262540633922729,126.25406339227293,0.4419810124100305,SUPPLEMENTARY 2018-2025 all years
2018,15,3,2018_15_WAS_JAX-JAX|2018_15_TEN_NYG-NYG|2018_15_TB_BAL-BAL,JAX|NYG|BAL,-7.5|+2.5|-8.5,2018_15_WAS_JAX|2018_15_TEN_NYG|2018_15_TB_BAL,0.4370868815620911,LOSS,0,1,False,1.2878746587546426,2.2878746587546424,128.78746587546425,0.43708688156209113,SUPPLEMENTARY 2018-2025 all years
2018,15,3,2018_15_DET_BUF-DET|2018_15_TEN_NYG-NYG|2018_15_TB_BAL-BAL,DET|NYG|BAL,+2.5|+2.5|-8.5,2018_15_DET_BUF|2018_15_TEN_NYG|2018_15_TB_BAL,0.4262931674210416,LOSS,0,2,False,1.3458034902359086,2.345803490235909,134.58034902359086,0.4262931674210416,SUPPLEMENTARY 2018-2025 all years
2018,16,2,2018_16_DEN_OAK-OAK|2018_16_ATL_CAR-CAR,OAK|CAR,+2.5|+2.5,2018_16_DEN_OAK|2018_16_ATL_CAR,0.5530914109908797,LOSS,0,1,False,0.8080193981108301,1.8080193981108301,-123.75940507592088,0.5530914109908797,SUPPLEMENTARY 2018-2025 all years
2018,17,2,2018_17_DAL_NYG-NYG|2018_17_DET_GB-GB,NYG|GB,-7.5|-7.5,2018_17_DAL_NYG|2018_17_DET_GB,0.5711770995700478,LOSS,0,0,False,0.750770471632612,1.750770471632612,-133.1965011657182,0.5711770995700478,SUPPLEMENTARY 2018-2025 all years
2019,1,2,2019_01_BUF_NYJ-BUF|2019_01_DET_ARI-ARI,BUF|ARI,+2.5|+2.5,2019_01_BUF_NYJ|2019_01_DET_ARI,0.5601986932439665,WIN,1,2,False,0.7850809222871571,1.785080922287157,-127.37540444706316,0.5601986932439665,SUPPLEMENTARY 2018-2025 all years
2019,3,2,2019_03_TEN_JAX-JAX|2019_03_OAK_MIN-MIN,JAX|MIN,+1.5|-8.5,2019_03_TEN_JAX|2019_03_OAK_MIN,0.5772870269054537,WIN,1,2,False,0.7322405552061312,1.7322405552061313,-136.56714216252234,0.5772870269054537,SUPPLEMENTARY 2018-2025 all years
2019,3,2,2019_03_TEN_JAX-JAX|2019_03_CAR_ARI-CAR,JAX|CAR,+1.5|+2.5,2019_03_TEN_JAX|2019_03_CAR_ARI,0.5688590122319045,WIN,1,2,False,0.7579048208738477,1.7579048208738477,-131.94268890479174,0.5688590122319045,SUPPLEMENTARY 2018-2025 all years
2019,3,2,2019_03_OAK_MIN-MIN|2019_03_CAR_ARI-CAR,MIN|CAR,-8.5|+2.5,2019_03_OAK_MIN|2019_03_CAR_ARI,0.5529228029588968,WIN,1,2,False,0.8085707347366138,1.8085707347366138,-123.67501778625997,0.5529228029588968,SUPPLEMENTARY 2018-2025 all years
2019,3,3,2019_03_TEN_JAX-JAX|2019_03_OAK_MIN-MIN|2019_03_CAR_ARI-CAR,JAX|MIN|CAR,+1.5|-8.5|+2.5,2019_03_TEN_JAX|2019_03_OAK_MIN|2019_03_CAR_ARI,0.4261185797542782,WIN,1,3,False,1.3467646038261258,2.346764603826126,134.6764603826126,0.42611857975427814,SUPPLEMENTARY 2018-2025 all years
2019,4,2,2019_04_JAX_DEN-JAX|2019_04_CLE_BAL-BAL,JAX|BAL,+2.5|-7.5,2019_04_JAX_DEN|2019_04_CLE_BAL,0.5698829613886248,LOSS,0,1,False,0.7547462685378692,1.7547462685378692,-132.49485842934317,0.5698829613886248,SUPPLEMENTARY 2018-2025 all years
2019,4,2,2019_04_JAX_DEN-JAX|2019_04_DAL_NO-NO,JAX|NO,+2.5|+2.5,2019_04_JAX_DEN|2019_04_DAL_NO,0.5698829613886248,WIN,1,2,False,0.7547462685378692,1.7547462685378692,-132.49485842934317,0.5698829613886248,SUPPLEMENTARY 2018-2025 all years
2019,4,2,2019_04_CLE_BAL-BAL|2019_04_DAL_NO-NO,BAL|NO,-7.5|+2.5,2019_04_CLE_BAL|2019_04_DAL_NO,0.5398950638536189,LOSS,0,1,False,0.8522117851240976,1.8522117851240976,-117.34172390662044,0.5398950638536189,SUPPLEMENTARY 2018-2025 all years
2019,4,3,2019_04_JAX_DEN-JAX|2019_04_CLE_BAL-BAL|2019_04_DAL_NO-NO,JAX|BAL|NO,+2.5|-7.5|+2.5,2019_04_JAX_DEN|2019_04_CLE_BAL|2019_04_DAL_NO,0.41873604892985117,LOSS,0,2,False,1.3881392647126143,2.3881392647126143,138.81392647126142,0.41873604892985117,SUPPLEMENTARY 2018-2025 all years
2019,7,2,2019_07_MIN_DET-DET|2019_07_HOU_IND-HOU,DET|HOU,+2.5|+1.5,2019_07_MIN_DET|2019_07_HOU_IND,0.5502390171463583,LOSS,0,1,False,0.8173920220819413,1.8173920220819413,-122.3403181074543,0.5502390171463583,SUPPLEMENTARY 2018-2025 all years
2019,11,2,2019_11_JAX_IND-JAX|2019_11_DAL_DET-DAL,JAX|DAL,+2.5|-7.5,2019_11_JAX_IND|2019_11_DAL_DET,0.5560657171285477,LOSS,0,1,False,0.798348592975435,1.798348592975435,-125.25856609492011,0.5560657171285477,SUPPLEMENTARY 2018-2025 all years
2019,13,2,2019_13_NYJ_CIN-CIN|2019_13_LA_ARI-ARI,CIN|ARI,+2.5|+2.5,2019_13_NYJ_CIN|2019_13_LA_ARI,0.5504026375890203,LOSS,0,1,False,0.8168517585242554,1.8168517585242554,-122.42123366504404,0.5504026375890203,SUPPLEMENTARY 2018-2025 all years
2019,16,2,2019_16_OAK_LAC-LAC|2019_16_CAR_IND-IND,LAC|IND,-7.5|-7.5,2019_16_OAK_LAC|2019_16_CAR_IND,0.5474335896108009,LOSS,0,1,False,0.8267055931130426,1.8267055931130427,-120.96204602105085,0.5474335896108009,SUPPLEMENTARY 2018-2025 all years
2019,16,2,2019_16_OAK_LAC-LAC|2019_16_CIN_MIA-MIA,LAC|MIA,-7.5|+1.5,2019_16_OAK_LAC|2019_16_CIN_MIA,0.5474335896108009,LOSS,0,1,False,0.8267055931130426,1.8267055931130427,-120.96204602105085,0.5474335896108009,SUPPLEMENTARY 2018-2025 all years
2019,16,2,2019_16_CAR_IND-IND|2019_16_CIN_MIA-MIA,IND|MIA,-7.5|+1.5,2019_16_CAR_IND|2019_16_CIN_MIA,0.5448504900894084,WIN,1,2,False,0.8353658814474092,1.8353658814474092,-119.70802521493157,0.5448504900894084,SUPPLEMENTARY 2018-2025 all years
2019,16,3,2019_16_OAK_LAC-LAC|2019_16_CAR_IND-IND|2019_16_CIN_MIA-MIA,LAC|IND|MIA,-7.5|-7.5|+1.5,2019_16_OAK_LAC|2019_16_CAR_IND|2019_16_CIN_MIA,0.4040825669774584,LOSS,0,2,False,1.474741752607666,2.474741752607666,147.4741752607666,0.4040825669774584,SUPPLEMENTARY 2018-2025 all years
2019,17,2,2019_17_NYJ_BUF-BUF|2019_17_CLE_CIN-CIN,BUF|CIN,+1.5|+2.5,2019_17_NYJ_BUF|2019_17_CLE_CIN,0.5780315500343973,WIN,1,2,False,0.7300093739528445,1.7300093739528446,-136.98454234706796,0.5780315500343973,SUPPLEMENTARY 2018-2025 all years
2020,1,2,2020_01_LAC_CIN-CIN|2020_01_MIA_NE-NE,CIN|NE,+2.5|-7.5,2020_01_LAC_CIN|2020_01_MIA_NE,0.5701327435662364,WIN,1,2,False,0.7539774925833965,1.7539774925833966,-132.6299537899523,0.5701327435662364,SUPPLEMENTARY 2018-2025 all years
2020,1,2,2020_01_LAC_CIN-CIN|2020_01_CHI_DET-CHI,CIN|CHI,+2.5|+2.5,2020_01_LAC_CIN|2020_01_CHI_DET,0.5670831951653187,WIN,1,2,False,0.7634096875476541,1.7634096875476541,-130.99126410255008,0.5670831951653187,SUPPLEMENTARY 2018-2025 all years
2020,1,2,2020_01_MIA_NE-NE|2020_01_CHI_DET-CHI,NE|CHI,-7.5|+2.5,2020_01_MIA_NE|2020_01_CHI_DET,0.5670831951653187,WIN,1,2,False,0.7634096875476541,1.7634096875476541,-130.99126410255008,0.5670831951653187,SUPPLEMENTARY 2018-2025 all years
2020,1,3,2020_01_LAC_CIN-CIN|2020_01_MIA_NE-NE|2020_01_CHI_DET-CHI,CIN|NE|CHI,+2.5|-7.5|+2.5,2020_01_LAC_CIN|2020_01_MIA_NE|2020_01_CHI_DET,0.42818827372655816,WIN,1,3,False,1.3354212652694033,2.335421265269403,133.54212652694034,0.42818827372655816,SUPPLEMENTARY 2018-2025 all years
2020,2,2,2020_02_WAS_ARI-ARI|2020_02_CAR_TB-TB,ARI|TB,-7.5|-7.5,2020_02_WAS_ARI|2020_02_CAR_TB,0.541119029494778,WIN,1,2,False,0.8480222381638686,1.8480222381638685,-117.92143590068964,0.541119029494778,SUPPLEMENTARY 2018-2025 all years
2020,2,2,2020_02_WAS_ARI-ARI|2020_02_KC_LAC-KC,ARI|KC,-7.5|-8.5,2020_02_WAS_ARI|2020_02_KC_LAC,0.541119029494778,WIN,1,2,False,0.8480222381638686,1.8480222381638685,-117.92143590068964,0.541119029494778,SUPPLEMENTARY 2018-2025 all years
2020,2,2,2020_02_CAR_TB-TB|2020_02_KC_LAC-KC,TB|KC,-7.5|-8.5,2020_02_CAR_TB|2020_02_KC_LAC,0.5398950638536189,WIN,1,2,False,0.8522117851240976,1.8522117851240976,-117.34172390662044,0.5398950638536189,SUPPLEMENTARY 2018-2025 all years
2020,2,3,2020_02_WAS_ARI-ARI|2020_02_CAR_TB-TB|2020_02_KC_LAC-KC,ARI|TB|KC,-7.5|-7.5|-8.5,2020_02_WAS_ARI|2020_02_CAR_TB|2020_02_KC_LAC,0.39760101593365815,WIN,1,3,False,1.5150841168043074,2.5150841168043074,151.50841168043075,0.39760101593365815,SUPPLEMENTARY 2018-2025 all years
2020,3,2,2020_03_WAS_CLE-CLE|2020_03_CHI_ATL-CHI,CLE|CHI,-7.5|+2.5,2020_03_WAS_CLE|2020_03_CHI_ATL,0.5474335896108009,WIN,1,2,False,0.8267055931130426,1.8267055931130427,-120.96204602105085,0.5474335896108009,SUPPLEMENTARY 2018-2025 all years
2020,3,2,2020_03_WAS_CLE-CLE|2020_03_LA_BUF-LA,CLE|LA,-7.5|+1.5,2020_03_WAS_CLE|2020_03_LA_BUF,0.5461738427144737,WIN,1,2,False,0.8309188792894565,1.8309188792894564,-120.34869166231123,0.5461738427144737,SUPPLEMENTARY 2018-2025 all years
2020,3,2,2020_03_CHI_ATL-CHI|2020_03_LA_BUF-LA,CHI|LA,+2.5|+1.5,2020_03_CHI_ATL|2020_03_LA_BUF,0.5435966873873483,WIN,1,2,False,0.8395991425301573,1.8395991425301572,-119.10445703725588,0.5435966873873483,SUPPLEMENTARY 2018-2025 all years
2020,3,3,2020_03_WAS_CLE-CLE|2020_03_CHI_ATL-CHI|2020_03_LA_BUF-LA,CLE|CHI|LA,-7.5|+2.5|+1.5,2020_03_WAS_CLE|2020_03_CHI_ATL|2020_03_LA_BUF,0.4031526975480511,WIN,1,3,False,1.4804497305411473,2.4804497305411473,148.04497305411473,0.4031526975480511,SUPPLEMENTARY 2018-2025 all years
2020,4,2,2020_04_LAC_TB-TB|2020_04_PHI_SF-SF,TB|SF,-7.5|-8.5,2020_04_LAC_TB|2020_04_PHI_SF,0.5556681762548301,LOSS,0,1,False,0.7996351828890751,1.799635182889075,-125.0570286798798,0.5556681762548301,SUPPLEMENTARY 2018-2025 all years
2020,12,2,2020_12_CHI_GB-GB|2020_12_MIA_NYJ-MIA,GB|MIA,-7.5|-7.5,2020_12_CHI_GB|2020_12_MIA_NYJ,0.5501222651896162,WIN,1,2,False,0.8177777255667338,1.8177777255667338,-122.28261650278908,0.5501222651896162,SUPPLEMENTARY 2018-2025 all years
2020,12,2,2020_12_CHI_GB-GB|2020_12_WAS_DAL-WAS,GB|WAS,-7.5|+2.5,2020_12_CHI_GB|2020_12_WAS_DAL,0.5501222651896162,WIN,1,2,False,0.8177777255667338,1.8177777255667338,-122.28261650278908,0.5501222651896162,SUPPLEMENTARY 2018-2025 all years
2020,12,2,2020_12_MIA_NYJ-MIA|2020_12_WAS_DAL-WAS,MIA|WAS,-7.5|+2.5,2020_12_MIA_NYJ|2020_12_WAS_DAL,0.5448504900894084,WIN,1,2,False,0.8353658814474092,1.8353658814474092,-119.70802521493157,0.5448504900894084,SUPPLEMENTARY 2018-2025 all years
2020,12,3,2020_12_CHI_GB-GB|2020_12_MIA_NYJ-MIA|2020_12_WAS_DAL-WAS,GB|MIA|WAS,-7.5|-7.5|+2.5,2020_12_CHI_GB|2020_12_MIA_NYJ|2020_12_WAS_DAL,0.4060671856604839,WIN,1,3,False,1.462646663688083,2.462646663688083,146.2646663688083,0.4060671856604839,SUPPLEMENTARY 2018-2025 all years
2020,13,2,2020_13_DAL_BAL-BAL|2020_13_NO_ATL-ATL,BAL|ATL,-8.5|+2.5,2020_13_DAL_BAL|2020_13_NO_ATL,0.5448504900894084,WIN,1,2,False,0.8353658814474092,1.8353658814474092,-119.70802521493157,0.5448504900894084,SUPPLEMENTARY 2018-2025 all years
2020,13,2,2020_13_DAL_BAL-BAL|2020_13_NE_LAC-NE,BAL|NE,-8.5|+2.5,2020_13_DAL_BAL|2020_13_NE_LAC,0.5423671174928443,WIN,1,2,False,0.8437695939654629,1.843769593965463,-118.51576628879232,0.5423671174928443,SUPPLEMENTARY 2018-2025 all years
2020,13,2,2020_13_NO_ATL-ATL|2020_13_NE_LAC-NE,ATL|NE,+2.5|+2.5,2020_13_NO_ATL|2020_13_NE_LAC,0.5423671174928443,WIN,1,2,False,0.8437695939654629,1.843769593965463,-118.51576628879232,0.5423671174928443,SUPPLEMENTARY 2018-2025 all years
2020,13,3,2020_13_DAL_BAL-BAL|2020_13_NO_ATL-ATL|2020_13_NE_LAC-NE,BAL|ATL|NE,-8.5|+2.5|+2.5,2020_13_DAL_BAL|2020_13_NO_ATL|2020_13_NE_LAC,0.40034280183005644,WIN,1,3,False,1.497859323132017,2.497859323132017,149.7859323132017,0.4003428018300564,SUPPLEMENTARY 2018-2025 all years
2021,3,2,2021_03_CIN_PIT-CIN|2021_03_CHI_CLE-CLE,CIN|CLE,+2.5|-7.5,2021_03_CIN_PIT|2021_03_CHI_CLE,0.5569953304109979,WIN,1,2,False,0.7953471876723205,1.7953471876723204,-125.73125491606008,0.5569953304109979,SUPPLEMENTARY 2018-2025 all years
2021,3,2,2021_03_CIN_PIT-CIN|2021_03_WAS_BUF-BUF,CIN|BUF,+2.5|-7.5,2021_03_CIN_PIT|2021_03_WAS_BUF,0.5556681762548301,WIN,1,2,False,0.7996351828890751,1.799635182889075,-125.0570286798798,0.5556681762548301,SUPPLEMENTARY 2018-2025 all years
2021,3,2,2021_03_CHI_CLE-CLE|2021_03_WAS_BUF-BUF,CLE|BUF,-7.5|-7.5,2021_03_CHI_CLE|2021_03_WAS_BUF,0.5487183801236944,WIN,1,2,False,0.8224284737365198,1.8224284737365197,-121.59112092225159,0.5487183801236944,SUPPLEMENTARY 2018-2025 all years
2021,3,3,2021_03_CIN_PIT-CIN|2021_03_CHI_CLE-CLE|2021_03_WAS_BUF-BUF,CIN|CLE|BUF,+2.5|-7.5|-7.5,2021_03_CIN_PIT|2021_03_CHI_CLE|2021_03_WAS_BUF,0.41210538878636016,WIN,1,3,False,1.4265637558027922,2.426563755802792,142.65637558027922,0.41210538878636016,SUPPLEMENTARY 2018-2025 all years
2021,4,2,2021_04_IND_MIA-IND|2021_04_NYG_NO-NO,IND|NO,+2.5|-7.5,2021_04_IND_MIA|2021_04_NYG_NO,0.5656057552922121,LOSS,0,1,False,0.7680159557134709,1.768015955713471,-130.20562822435383,0.5656057552922121,SUPPLEMENTARY 2018-2025 all years
2021,4,2,2021_04_IND_MIA-IND|2021_04_JAX_CIN-CIN,IND|CIN,+2.5|-7.5,2021_04_IND_MIA|2021_04_JAX_CIN,0.5573482795775753,WIN,1,2,False,0.7942102571087486,1.7942102571087486,-125.91124214895065,0.5573482795775753,SUPPLEMENTARY 2018-2025 all years
2021,4,2,2021_04_NYG_NO-NO|2021_04_JAX_CIN-CIN,NO|CIN,-7.5|-7.5,2021_04_NYG_NO|2021_04_JAX_CIN,0.5529228029588968,LOSS,0,1,False,0.8085707347366138,1.8085707347366138,-123.67501778625997,0.5529228029588968,SUPPLEMENTARY 2018-2025 all years
2021,4,3,2021_04_IND_MIA-IND|2021_04_NYG_NO-NO|2021_04_JAX_CIN-CIN,IND|NO|CIN,+2.5|-7.5|-7.5,2021_04_IND_MIA|2021_04_NYG_NO|2021_04_JAX_CIN,0.4174961672669564,LOSS,0,2,False,1.3952315695405597,2.3952315695405595,139.52315695405596,0.41749616726695643,SUPPLEMENTARY 2018-2025 all years
2021,5,2,2021_05_NO_WAS-WAS|2021_05_PHI_CAR-PHI,WAS|PHI,+2.5|+2.5,2021_05_NO_WAS|2021_05_PHI_CAR,0.5515081403446485,LOSS,0,1,False,0.8132098637294456,1.8132098637294456,-122.96948728756435,0.5515081403446485,SUPPLEMENTARY 2018-2025 all years
2021,5,2,2021_05_NO_WAS-WAS|2021_05_CLE_LAC-CLE,WAS|CLE,+2.5|+2.5,2021_05_NO_WAS|2021_05_CLE_LAC,0.5502390171463583,LOSS,0,1,False,0.8173920220819413,1.8173920220819413,-122.3403181074543,0.5502390171463583,SUPPLEMENTARY 2018-2025 all years
2021,5,2,2021_05_NO_WAS-WAS|2021_05_IND_BAL-BAL,WAS|BAL,+2.5|-7.5,2021_05_NO_WAS|2021_05_IND_BAL,0.5502390171463583,LOSS,0,1,False,0.8173920220819413,1.8173920220819413,-122.3403181074543,0.5502390171463583,SUPPLEMENTARY 2018-2025 all years
2021,5,2,2021_05_PHI_CAR-PHI|2021_05_CLE_LAC-CLE,PHI|CLE,+2.5|+2.5,2021_05_PHI_CAR|2021_05_CLE_LAC,0.5435966873873483,WIN,1,2,False,0.8395991425301573,1.8395991425301572,-119.10445703725588,0.5435966873873483,SUPPLEMENTARY 2018-2025 all years
2021,5,2,2021_05_PHI_CAR-PHI|2021_05_IND_BAL-BAL,PHI|BAL,+2.5|-7.5,2021_05_PHI_CAR|2021_05_IND_BAL,0.5435966873873483,WIN,1,2,False,0.8395991425301573,1.8395991425301572,-119.10445703725588,0.5435966873873483,SUPPLEMENTARY 2018-2025 all years
2021,5,2,2021_05_CLE_LAC-CLE|2021_05_IND_BAL-BAL,CLE|BAL,+2.5|-7.5,2021_05_CLE_LAC|2021_05_IND_BAL,0.5423457699193923,WIN,1,2,False,0.8438421676057838,1.843842167605784,-118.5055734815054,0.5423457699193923,SUPPLEMENTARY 2018-2025 all years
2021,5,3,2021_05_NO_WAS-WAS|2021_05_PHI_CAR-PHI|2021_05_CLE_LAC-CLE,WAS|PHI|CLE,+2.5|+2.5|+2.5,2021_05_NO_WAS|2021_05_PHI_CAR|2021_05_CLE_LAC,0.4061533649364277,LOSS,0,2,False,1.4621241292843232,2.462124129284323,146.21241292843231,0.40615336493642773,SUPPLEMENTARY 2018-2025 all years
2021,5,3,2021_05_NO_WAS-WAS|2021_05_PHI_CAR-PHI|2021_05_IND_BAL-BAL,WAS|PHI|BAL,+2.5|+2.5|-7.5,2021_05_NO_WAS|2021_05_PHI_CAR|2021_05_IND_BAL,0.4061533649364277,LOSS,0,2,False,1.4621241292843232,2.462124129284323,146.21241292843231,0.40615336493642773,SUPPLEMENTARY 2018-2025 all years
2021,5,3,2021_05_NO_WAS-WAS|2021_05_CLE_LAC-CLE|2021_05_IND_BAL-BAL,WAS|CLE|BAL,+2.5|+2.5|-7.5,2021_05_NO_WAS|2021_05_CLE_LAC|2021_05_IND_BAL,0.40521873021429583,LOSS,0,2,False,1.467803004740576,2.467803004740576,146.78030047405758,0.40521873021429583,SUPPLEMENTARY 2018-2025 all years
2021,5,3,2021_05_PHI_CAR-PHI|2021_05_CLE_LAC-CLE|2021_05_IND_BAL-BAL,PHI|CLE|BAL,+2.5|+2.5|-7.5,2021_05_PHI_CAR|2021_05_CLE_LAC|2021_05_IND_BAL,0.4003270443346399,WIN,1,3,False,1.4979576427619108,2.497957642761911,149.79576427619108,0.4003270443346399,SUPPLEMENTARY 2018-2025 all years
2021,10,2,2021_10_CLE_NE-CLE|2021_10_BAL_MIA-BAL,CLE|BAL,+2.5|-8.5,2021_10_CLE_NE|2021_10_BAL_MIA,0.5448724729438981,LOSS,0,0,False,0.8352918336965858,1.8352918336965858,-119.71863720665122,0.5448724729438981,SUPPLEMENTARY 2018-2025 all years
2021,11,2,2021_11_NO_PHI-NO|2021_11_ARI_SEA-ARI,NO|ARI,+2.5|+2.5,2021_11_NO_PHI|2021_11_ARI_SEA,0.5543671132195294,LOSS,0,1,False,0.803858807915974,1.803858807915974,-124.39995558331039,0.5543671132195294,SUPPLEMENTARY 2018-2025 all years
2021,12,2,2021_12_TEN_NE-NE|2021_12_ATL_JAX-JAX,NE|JAX,-7.5|+1.5,2021_12_TEN_NE|2021_12_ATL_JAX,0.5529228029588968,WIN,1,2,False,0.8085707347366138,1.8085707347366138,-123.67501778625997,0.5529228029588968,SUPPLEMENTARY 2018-2025 all years
2021,13,2,2021_13_ARI_CHI-ARI|2021_13_DEN_KC-KC,ARI|KC,-7.5|-8.5,2021_13_ARI_CHI|2021_13_DEN_KC,0.5502390171463583,WIN,1,2,False,0.8173920220819413,1.8173920220819413,-122.3403181074543,0.5502390171463583,SUPPLEMENTARY 2018-2025 all years
2021,14,2,2021_14_ATL_CAR-ATL|2021_14_JAX_TEN-TEN,ATL|TEN,+2.5|-8.5,2021_14_ATL_CAR|2021_14_JAX_TEN,0.5629017098527,WIN,1,2,False,0.7765090823079569,1.7765090823079568,-128.78149435519526,0.5629017098527,SUPPLEMENTARY 2018-2025 all years
2021,16,2,2021_16_DET_ATL-ATL|2021_16_JAX_NYJ-JAX,ATL|JAX,-7.5|+2.5,2021_16_DET_ATL|2021_16_JAX_NYJ,0.5640499583086062,WIN,1,2,False,0.772892605113667,1.7728926051136669,-129.3840817448283,0.5640499583086062,SUPPLEMENTARY 2018-2025 all years
2021,16,2,2021_16_DET_ATL-ATL|2021_16_BAL_CIN-CIN,ATL|CIN,-7.5|-7.5,2021_16_DET_ATL|2021_16_BAL_CIN,0.5625804210238938,WIN,1,2,False,0.7775236439618792,1.7775236439618793,-128.6134521780573,0.5625804210238938,SUPPLEMENTARY 2018-2025 all years
2021,16,2,2021_16_DET_ATL-ATL|2021_16_CLE_GB-GB,ATL|GB,-7.5|-7.5,2021_16_DET_ATL|2021_16_CLE_GB,0.5530914109908797,WIN,1,2,False,0.8080193981108301,1.8080193981108301,-123.75940507592088,0.5530914109908797,SUPPLEMENTARY 2018-2025 all years
2021,16,2,2021_16_JAX_NYJ-JAX|2021_16_BAL_CIN-CIN,JAX|CIN,+2.5|-7.5,2021_16_JAX_NYJ|2021_16_BAL_CIN,0.5625804210238938,WIN,1,2,False,0.7775236439618792,1.7775236439618793,-128.6134521780573,0.5625804210238938,SUPPLEMENTARY 2018-2025 all years
2021,16,2,2021_16_JAX_NYJ-JAX|2021_16_CLE_GB-GB,JAX|GB,+2.5|-7.5,2021_16_JAX_NYJ|2021_16_CLE_GB,0.5530914109908797,WIN,1,2,False,0.8080193981108301,1.8080193981108301,-123.75940507592088,0.5530914109908797,SUPPLEMENTARY 2018-2025 all years
2021,16,2,2021_16_BAL_CIN-CIN|2021_16_CLE_GB-GB,CIN|GB,-7.5|-7.5,2021_16_BAL_CIN|2021_16_CLE_GB,0.5516504243578118,WIN,1,2,False,0.8127421929641797,1.8127421929641798,-123.0402467912815,0.5516504243578118,SUPPLEMENTARY 2018-2025 all years
2021,16,3,2021_16_DET_ATL-ATL|2021_16_JAX_NYJ-JAX|2021_16_BAL_CIN-CIN,ATL|JAX|CIN,-7.5|+2.5|-7.5,2021_16_DET_ATL|2021_16_JAX_NYJ|2021_16_BAL_CIN,0.42251623333153715,WIN,1,3,False,1.3667729689697552,2.366772968969755,136.67729689697552,0.42251623333153715,SUPPLEMENTARY 2018-2025 all years
2021,16,3,2021_16_DET_ATL-ATL|2021_16_JAX_NYJ-JAX|2021_16_CLE_GB-GB,ATL|JAX|GB,-7.5|+2.5|-7.5,2021_16_DET_ATL|2021_16_JAX_NYJ|2021_16_CLE_GB,0.4153896775052653,WIN,1,3,False,1.4073780696857219,2.4073780696857217,140.7378069685722,0.4153896775052653,SUPPLEMENTARY 2018-2025 all years
2021,16,3,2021_16_DET_ATL-ATL|2021_16_BAL_CIN-CIN|2021_16_CLE_GB-GB,ATL|CIN|GB,-7.5|-7.5|-7.5,2021_16_DET_ATL|2021_16_BAL_CIN|2021_16_CLE_GB,0.41430744957529775,WIN,1,3,False,1.413666471662746,2.4136664716627463,141.36664716627462,0.4143074495752977,SUPPLEMENTARY 2018-2025 all years
2021,16,3,2021_16_JAX_NYJ-JAX|2021_16_BAL_CIN-CIN|2021_16_CLE_GB-GB,JAX|CIN|GB,+2.5|-7.5|-7.5,2021_16_JAX_NYJ|2021_16_BAL_CIN|2021_16_CLE_GB,0.41430744957529775,WIN,1,3,False,1.413666471662746,2.4136664716627463,141.36664716627462,0.4143074495752977,SUPPLEMENTARY 2018-2025 all years
2021,17,2,2021_17_DET_SEA-SEA|2021_17_LV_IND-IND,SEA|IND,-8.5|-8.5,2021_17_DET_SEA|2021_17_LV_IND,0.5560657171285477,LOSS,0,1,False,0.798348592975435,1.798348592975435,-125.25856609492011,0.5560657171285477,SUPPLEMENTARY 2018-2025 all years
2022,1,2,2022_01_CLE_CAR-CLE|2022_01_PIT_CIN-CIN,CLE|CIN,+2.5|-7.5,2022_01_CLE_CAR|2022_01_PIT_CIN,0.5583493326507223,LOSS,0,1,False,0.7909934543175215,1.7909934543175217,-126.42329649400345,0.5583493326507223,SUPPLEMENTARY 2018-2025 all years
2022,1,2,2022_01_CLE_CAR-CLE|2022_01_GB_MIN-GB,CLE|GB,+2.5|+2.5,2022_01_CLE_CAR|2022_01_GB_MIN,0.5518403648317655,LOSS,0,1,False,0.8121182568891293,1.8121182568891294,-123.13477643398434,0.5518403648317655,SUPPLEMENTARY 2018-2025 all years
2022,1,2,2022_01_PIT_CIN-CIN|2022_01_GB_MIN-GB,CIN|GB,-7.5|+2.5,2022_01_PIT_CIN|2022_01_GB_MIN,0.5462631366155818,LOSS,0,0,False,0.8306195914950115,1.8306195914950116,-120.39205554977639,0.5462631366155818,SUPPLEMENTARY 2018-2025 all years
2022,1,3,2022_01_CLE_CAR-CLE|2022_01_PIT_CIN-CIN|2022_01_GB_MIN-GB,CLE|CIN|GB,+2.5|-7.5|+2.5,2022_01_CLE_CAR|2022_01_PIT_CIN|2022_01_GB_MIN,0.41026142088383094,LOSS,0,1,False,1.4374702301905171,2.437470230190517,143.7470230190517,0.41026142088383094,SUPPLEMENTARY 2018-2025 all years
2022,2,2,2022_02_SEA_SF-SF|2022_02_CIN_DAL-CIN,SF|CIN,-8.5|-7.5,2022_02_SEA_SF|2022_02_CIN_DAL,0.573404578300645,LOSS,0,1,False,0.7439693330730338,1.743969333073034,-134.41414256544795,0.573404578300645,SUPPLEMENTARY 2018-2025 all years
2022,2,2,2022_02_SEA_SF-SF|2022_02_TB_NO-NO,SF|NO,-8.5|+2.5,2022_02_SEA_SF|2022_02_TB_NO,0.5675041580395825,LOSS,0,1,False,0.7621016266285251,1.762101626628525,-131.21609573567213,0.5675041580395825,SUPPLEMENTARY 2018-2025 all years
2022,2,2,2022_02_CIN_DAL-CIN|2022_02_TB_NO-NO,CIN|NO,-7.5|+2.5,2022_02_CIN_DAL|2022_02_TB_NO,0.5612200880722991,LOSS,0,0,False,0.781832156854612,1.781832156854612,-127.90469044188445,0.5612200880722991,SUPPLEMENTARY 2018-2025 all years
2022,2,3,2022_02_SEA_SF-SF|2022_02_CIN_DAL-CIN|2022_02_TB_NO-NO,SF|CIN|NO,-8.5|-7.5|+2.5,2022_02_SEA_SF|2022_02_CIN_DAL|2022_02_TB_NO,0.42734802957995127,LOSS,0,1,False,1.3400131293056847,2.3400131293056847,134.00131293056847,0.4273480295799512,SUPPLEMENTARY 2018-2025 all years
2022,3,2,2022_03_BAL_NE-NE|2022_03_LV_TEN-TEN,NE|TEN,+2.5|+1.5,2022_03_BAL_NE|2022_03_LV_TEN,0.5474109474775186,LOSS,0,1,False,0.8267811497158057,1.8267811497158057,-120.95099172782734,0.5474109474775186,SUPPLEMENTARY 2018-2025 all years
2022,6,2,2022_06_NE_CLE-NE|2022_06_NYJ_GB-GB,NE|GB,+2.5|-7.5,2022_06_NE_CLE|2022_06_NYJ_GB,0.5568946473872308,LOSS,0,1,False,0.7956717750685446,1.7956717750685445,-125.67996394164581,0.5568946473872308,SUPPLEMENTARY 2018-2025 all years
2022,7,2,2022_07_IND_TEN-IND|2022_07_NO_ARI-NO,IND|NO,+2.5|+2.5,2022_07_IND_TEN|2022_07_NO_ARI,0.5582726828213477,LOSS,0,1,False,0.7912393544786949,1.7912393544786949,-126.38400685451829,0.5582726828213477,SUPPLEMENTARY 2018-2025 all years
2022,7,2,2022_07_IND_TEN-IND|2022_07_PIT_MIA-MIA,IND|MIA,+2.5|-7.5,2022_07_IND_TEN|2022_07_PIT_MIA,0.5568946473872308,LOSS,0,1,False,0.7956717750685446,1.7956717750685445,-125.67996394164581,0.5568946473872308,SUPPLEMENTARY 2018-2025 all years
2022,7,2,2022_07_NO_ARI-NO|2022_07_PIT_MIA-MIA,NO|MIA,+2.5|-7.5,2022_07_NO_ARI|2022_07_PIT_MIA,0.5540739923424901,WIN,1,2,False,0.8048131004529615,1.8048131004529615,-124.25245059221628,0.5540739923424901,SUPPLEMENTARY 2018-2025 all years
2022,7,3,2022_07_IND_TEN-IND|2022_07_NO_ARI-NO|2022_07_PIT_MIA-MIA,IND|NO|MIA,+2.5|+2.5|-7.5,2022_07_IND_TEN|2022_07_NO_ARI|2022_07_PIT_MIA,0.4150434775910947,LOSS,0,2,False,1.4093861342045007,2.4093861342045004,140.93861342045005,0.4150434775910948,SUPPLEMENTARY 2018-2025 all years
2022,10,2,2022_10_DEN_TEN-DEN|2022_10_ATL_CAR-CAR,DEN|CAR,+2.5|+2.5,2022_10_DEN_TEN|2022_10_ATL_CAR,0.5749584885960947,WIN,1,2,False,0.7392559981882357,1.7392559981882356,-135.27113779946245,0.5749584885960947,SUPPLEMENTARY 2018-2025 all years
2022,10,2,2022_10_DEN_TEN-DEN|2022_10_SEA_TB-SEA,DEN|SEA,+2.5|+2.5,2022_10_DEN_TEN|2022_10_SEA_TB,0.5647305299442514,WIN,1,2,False,0.7707560455403697,1.7707560455403697,-129.74273841717448,0.5647305299442514,SUPPLEMENTARY 2018-2025 all years
2022,10,2,2022_10_DEN_TEN-DEN|2022_10_LAC_SF-SF,DEN|SF,+2.5|-8.5,2022_10_DEN_TEN|2022_10_LAC_SF,0.5633849451089579,WIN,1,2,False,0.7749853074377083,1.7749853074377082,-129.03470432313685,0.5633849451089579,SUPPLEMENTARY 2018-2025 all years
2022,10,2,2022_10_ATL_CAR-CAR|2022_10_SEA_TB-SEA,CAR|SEA,+2.5|+2.5,2022_10_ATL_CAR|2022_10_SEA_TB,0.5599906302782042,WIN,1,2,False,0.7857441641536012,1.7857441641536012,-127.26788764345376,0.5599906302782042,SUPPLEMENTARY 2018-2025 all years
2022,10,2,2022_10_ATL_CAR-CAR|2022_10_LAC_SF-SF,CAR|SF,+2.5|-8.5,2022_10_ATL_CAR|2022_10_LAC_SF,0.5586563392136087,WIN,1,2,False,0.7900092235732037,1.7900092235732037,-126.58080059837911,0.5586563392136087,SUPPLEMENTARY 2018-2025 all years
2022,10,2,2022_10_SEA_TB-SEA|2022_10_LAC_SF-SF,SEA|SF,+2.5|-8.5,2022_10_SEA_TB|2022_10_LAC_SF,0.5487183801236944,WIN,1,2,False,0.8224284737365198,1.8224284737365197,-121.59112092225159,0.5487183801236944,SUPPLEMENTARY 2018-2025 all years
2022,10,3,2022_10_DEN_TEN-DEN|2022_10_ATL_CAR-CAR|2022_10_SEA_TB-SEA,DEN|CAR|SEA,+2.5|+2.5|+2.5,2022_10_DEN_TEN|2022_10_ATL_CAR|2022_10_SEA_TB,0.42641184362202716,WIN,1,3,False,1.345150621300292,2.345150621300292,134.5150621300292,0.42641184362202716,SUPPLEMENTARY 2018-2025 all years
2022,10,3,2022_10_DEN_TEN-DEN|2022_10_ATL_CAR-CAR|2022_10_LAC_SF-SF,DEN|CAR|SF,+2.5|+2.5|-8.5,2022_10_DEN_TEN|2022_10_ATL_CAR|2022_10_LAC_SF,0.4253958310639244,WIN,1,3,False,1.3507517633611448,2.3507517633611448,135.07517633611448,0.4253958310639244,SUPPLEMENTARY 2018-2025 all years
2022,10,3,2022_10_DEN_TEN-DEN|2022_10_SEA_TB-SEA|2022_10_LAC_SF-SF,DEN|SEA|SF,+2.5|+2.5|-8.5,2022_10_DEN_TEN|2022_10_SEA_TB|2022_10_LAC_SF,0.4178284482752779,WIN,1,3,False,1.3933267448107556,2.3933267448107554,139.33267448107557,0.41782844827527793,SUPPLEMENTARY 2018-2025 all years
2022,10,3,2022_10_ATL_CAR-CAR|2022_10_SEA_TB-SEA|2022_10_LAC_SF-SF,CAR|SEA|SF,+2.5|+2.5|-8.5,2022_10_ATL_CAR|2022_10_SEA_TB|2022_10_LAC_SF,0.4143215280408777,WIN,1,3,False,1.4135844563243123,2.4135844563243123,141.35844563243123,0.41432152804087763,SUPPLEMENTARY 2018-2025 all years
2022,11,2,2022_11_LA_NO-LA|2022_11_LV_DEN-LV,LA|LV,+2.5|+2.5,2022_11_LA_NO|2022_11_LV_DEN,0.5766383144835873,WIN,1,2,False,0.7341893087620399,1.73418930876204,-136.20465295063465,0.5766383144835873,SUPPLEMENTARY 2018-2025 all years
2022,12,2,2022_12_CHI_NYJ-NYJ|2022_12_PIT_IND-PIT,NYJ|PIT,-8.5|+2.5,2022_12_CHI_NYJ|2022_12_PIT_IND,0.5925207721698506,WIN,1,2,False,0.6877045446658914,1.6877045446658914,-145.411282760365,0.5925207721698506,SUPPLEMENTARY 2018-2025 all years
2022,12,2,2022_12_CHI_NYJ-NYJ|2022_12_NE_MIN-NE,NYJ|NE,-8.5|+2.5,2022_12_CHI_NYJ|2022_12_NE_MIN,0.584404925483142,WIN,1,2,False,0.711142319981775,1.711142319981775,-140.61882859476395,0.584404925483142,SUPPLEMENTARY 2018-2025 all years
2022,12,2,2022_12_PIT_IND-PIT|2022_12_NE_MIN-NE,PIT|NE,+2.5|+2.5,2022_12_PIT_IND|2022_12_NE_MIN,0.5718831280607133,WIN,1,2,False,0.7486090267972308,1.7486090267972307,-133.58107693121116,0.5718831280607133,SUPPLEMENTARY 2018-2025 all years
2022,12,3,2022_12_CHI_NYJ-NYJ|2022_12_PIT_IND-PIT|2022_12_NE_MIN-NE,NYJ|PIT|NE,-8.5|+2.5|+2.5,2022_12_CHI_NYJ|2022_12_PIT_IND|2022_12_NE_MIN,0.4450024129390495,WIN,1,3,False,1.2471788262796828,2.247178826279683,124.71788262796828,0.4450024129390495,SUPPLEMENTARY 2018-2025 all years
2022,13,2,2022_13_WAS_NYG-NYG|2022_13_CLE_HOU-CLE,NYG|CLE,+2.5|-7.5,2022_13_WAS_NYG|2022_13_CLE_HOU,0.5595039754572394,WIN,1,2,False,0.7872973988840333,1.7872973988840333,-127.0168047573211,0.5595039754572394,SUPPLEMENTARY 2018-2025 all years
2022,14,2,2022_14_BAL_PIT-BAL|2022_14_KC_DEN-KC,BAL|KC,+1.5|-8.5,2022_14_BAL_PIT|2022_14_KC_DEN,0.5766047419843252,WIN,1,2,False,0.7342902809966565,1.7342902809966565,-136.185923452874,0.5766047419843252,SUPPLEMENTARY 2018-2025 all years
2022,14,2,2022_14_BAL_PIT-BAL|2022_14_PHI_NYG-PHI,BAL|PHI,+1.5|-7.5,2022_14_BAL_PIT|2022_14_PHI_NYG,0.5766047419843252,WIN,1,2,False,0.7342902809966565,1.7342902809966565,-136.185923452874,0.5766047419843252,SUPPLEMENTARY 2018-2025 all years
2022,14,2,2022_14_KC_DEN-KC|2022_14_PHI_NYG-PHI,KC|PHI,-8.5|-7.5,2022_14_KC_DEN|2022_14_PHI_NYG,0.5527063209194287,WIN,1,2,False,0.8092791092681857,1.8092791092681857,-123.56676312876522,0.5527063209194287,SUPPLEMENTARY 2018-2025 all years
2022,14,3,2022_14_BAL_PIT-BAL|2022_14_KC_DEN-KC|2022_14_PHI_NYG-PHI,BAL|KC|PHI,+1.5|-8.5|-7.5,2022_14_BAL_PIT|2022_14_KC_DEN|2022_14_PHI_NYG,0.42867230418521757,WIN,1,3,False,1.3327842508993242,2.332784250899324,133.27842508993243,0.42867230418521757,SUPPLEMENTARY 2018-2025 all years
2022,15,2,2022_15_PIT_CAR-PIT|2022_15_ARI_DEN-ARI,PIT|ARI,+2.5|+1.5,2022_15_PIT_CAR|2022_15_ARI_DEN,0.6015752394683249,LOSS,0,1,False,0.6623024592631253,1.6623024592631253,-150.98841715197548,0.6015752394683249,SUPPLEMENTARY 2018-2025 all years
2022,15,2,2022_15_PIT_CAR-PIT|2022_15_BAL_CLE-BAL,PIT|BAL,+2.5|+2.5,2022_15_PIT_CAR|2022_15_BAL_CLE,0.594251908854863,LOSS,0,1,False,0.6827880316396843,1.6827880316396842,-146.45833753098245,0.594251908854863,SUPPLEMENTARY 2018-2025 all years
2022,15,2,2022_15_ARI_DEN-ARI|2022_15_BAL_CLE-BAL,ARI|BAL,+1.5|+2.5,2022_15_ARI_DEN|2022_15_BAL_CLE,0.5904054724750936,LOSS,0,0,False,0.6937512381242118,1.6937512381242117,-144.1438868929206,0.5904054724750936,SUPPLEMENTARY 2018-2025 all years
2022,15,3,2022_15_PIT_CAR-PIT|2022_15_ARI_DEN-ARI|2022_15_BAL_CLE-BAL,PIT|ARI|BAL,+2.5|+1.5|+2.5,2022_15_PIT_CAR|2022_15_ARI_DEN|2022_15_BAL_CLE,0.4594153017851291,LOSS,0,1,False,1.1766797843135515,2.1766797843135515,117.66797843135515,0.4594153017851291,SUPPLEMENTARY 2018-2025 all years
2022,16,2,2022_16_JAX_NYJ-JAX|2022_16_LV_PIT-LV,JAX|LV,+2.5|+2.5,2022_16_JAX_NYJ|2022_16_LV_PIT,0.5978313052282631,WIN,1,2,False,0.6727126720441335,1.6727126720441334,-148.6518749470494,0.5978313052282632,SUPPLEMENTARY 2018-2025 all years
2022,16,2,2022_16_JAX_NYJ-JAX|2022_16_TB_ARI-TB,JAX|TB,+2.5|-7.5,2022_16_JAX_NYJ|2022_16_TB_ARI,0.5875476232763222,WIN,1,2,False,0.7019896947650532,1.7019896947650532,-142.45223362355583,0.5875476232763222,SUPPLEMENTARY 2018-2025 all years
2022,16,2,2022_16_JAX_NYJ-JAX|2022_16_DET_CAR-CAR,JAX|CAR,+2.5|+2.5,2022_16_JAX_NYJ|2022_16_DET_CAR,0.5813910421014244,WIN,1,2,False,0.720012741141527,1.720012741141527,-138.88643115045073,0.5813910421014244,SUPPLEMENTARY 2018-2025 all years
2022,16,2,2022_16_LV_PIT-LV|2022_16_TB_ARI-TB,LV|TB,+2.5|-7.5,2022_16_LV_PIT|2022_16_TB_ARI,0.5801116177424754,WIN,1,2,False,0.7238061942140287,1.7238061942140286,-138.1585302797645,0.5801116177424754,SUPPLEMENTARY 2018-2025 all years
2022,16,2,2022_16_LV_PIT-LV|2022_16_DET_CAR-CAR,LV|CAR,+2.5|+2.5,2022_16_LV_PIT|2022_16_DET_CAR,0.5740329542884101,WIN,1,2,False,0.7420602641875021,1.742060264187502,-134.75994447633195,0.5740329542884101,SUPPLEMENTARY 2018-2025 all years
2022,16,2,2022_16_TB_ARI-TB|2022_16_DET_CAR-CAR,TB|CAR,-7.5|+2.5,2022_16_TB_ARI|2022_16_DET_CAR,0.5641586431236891,WIN,1,2,False,0.7725510584453719,1.7725510584453719,-129.44128275642137,0.5641586431236891,SUPPLEMENTARY 2018-2025 all years
2022,16,3,2022_16_JAX_NYJ-JAX|2022_16_LV_PIT-LV|2022_16_TB_ARI-TB,JAX|LV|TB,+2.5|+2.5|-7.5,2022_16_JAX_NYJ|2022_16_LV_PIT|2022_16_TB_ARI,0.45140529070123364,WIN,1,3,False,1.215304119379182,2.215304119379182,121.5304119379182,0.45140529070123364,SUPPLEMENTARY 2018-2025 all years
2022,16,3,2022_16_JAX_NYJ-JAX|2022_16_LV_PIT-LV|2022_16_DET_CAR-CAR,JAX|LV|CAR,+2.5|+2.5|+2.5,2022_16_JAX_NYJ|2022_16_LV_PIT|2022_16_DET_CAR,0.44667526847855255,WIN,1,3,False,1.2387628565292188,2.2387628565292186,123.87628565292188,0.4466752684785526,SUPPLEMENTARY 2018-2025 all years
2022,16,3,2022_16_JAX_NYJ-JAX|2022_16_TB_ARI-TB|2022_16_DET_CAR-CAR,JAX|TB|CAR,+2.5|-7.5|+2.5,2022_16_JAX_NYJ|2022_16_TB_ARI|2022_16_DET_CAR,0.43899171902796397,WIN,1,3,False,1.2779472975350123,2.2779472975350123,127.79472975350123,0.43899171902796397,SUPPLEMENTARY 2018-2025 all years
2022,16,3,2022_16_LV_PIT-LV|2022_16_TB_ARI-TB|2022_16_DET_CAR-CAR,LV|TB|CAR,+2.5|-7.5|+2.5,2022_16_LV_PIT|2022_16_TB_ARI|2022_16_DET_CAR,0.4334358377296924,WIN,1,3,False,1.3071465553885262,2.307146555388526,130.7146555388526,0.4334358377296924,SUPPLEMENTARY 2018-2025 all years
2022,18,2,2022_18_CLE_PIT-CLE|2022_18_DAL_WAS-DAL,CLE|DAL,+2.5|-7.5,2022_18_CLE_PIT|2022_18_DAL_WAS,0.578167691284727,LOSS,0,0,False,0.72960200833418,1.7296020083341799,-137.0610262275991,0.578167691284727,SUPPLEMENTARY 2018-2025 all years
2022,19,2,2022_19_BAL_CIN-CIN|2022_19_DAL_TB-TB,CIN|TB,-7.5|+2.5,2022_19_BAL_CIN|2022_19_DAL_TB,0.5633849451089579,LOSS,0,1,False,0.7749853074377083,1.7749853074377082,-129.03470432313685,0.5633849451089579,SUPPLEMENTARY 2018-2025 all years
2023,1,2,2023_01_SF_PIT-PIT|2023_01_BUF_NYJ-NYJ,PIT|NYJ,+1.5|+2.5,2023_01_SF_PIT|2023_01_BUF_NYJ,0.5613519138046958,LOSS,0,1,False,0.7814137182186885,1.7814137182186887,-127.97318202700625,0.5613519138046958,SUPPLEMENTARY 2018-2025 all years
2023,2,2,2023_02_NYJ_DAL-DAL|2023_02_CLE_PIT-PIT,DAL|PIT,-8.5|+2.5,2023_02_NYJ_DAL|2023_02_CLE_PIT,0.5884784263959203,WIN,1,2,False,0.6992976380194668,1.6992976380194666,-143.00062600413966,0.5884784263959203,SUPPLEMENTARY 2018-2025 all years
2023,2,2,2023_02_NYJ_DAL-DAL|2023_02_CHI_TB-CHI,DAL|CHI,-8.5|+2.5,2023_02_NYJ_DAL|2023_02_CHI_TB,0.5817132061052639,LOSS,0,1,False,0.7190601648796762,1.7190601648796762,-139.0704212028398,0.5817132061052639,SUPPLEMENTARY 2018-2025 all years
2023,2,2,2023_02_NYJ_DAL-DAL|2023_02_SF_LA-SF,DAL|SF,-8.5|-7.5,2023_02_NYJ_DAL|2023_02_SF_LA,0.5697919898781896,WIN,1,2,False,0.7550264267733573,1.7550264267733573,-132.4456952154045,0.5697919898781896,SUPPLEMENTARY 2018-2025 all years
2023,2,2,2023_02_CLE_PIT-PIT|2023_02_CHI_TB-CHI,PIT|CHI,+2.5|+2.5,2023_02_CLE_PIT|2023_02_CHI_TB,0.5799523697274307,LOSS,0,1,False,0.7242795308690362,1.7242795308690362,-138.06823986867846,0.5799523697274307,SUPPLEMENTARY 2018-2025 all years
2023,2,2,2023_02_CLE_PIT-PIT|2023_02_SF_LA-SF,PIT|SF,+2.5|-7.5,2023_02_CLE_PIT|2023_02_SF_LA,0.5680672388272501,WIN,1,2,False,0.7603549925963979,1.760354992596398,-131.51751612562995,0.5680672388272501,SUPPLEMENTARY 2018-2025 all years
2023,2,2,2023_02_CHI_TB-CHI|2023_02_SF_LA-SF,CHI|SF,+2.5|-7.5,2023_02_CHI_TB|2023_02_SF_LA,0.5615366680566137,LOSS,0,1,False,0.7808276055432603,1.7808276055432604,-128.06924254480612,0.5615366680566137,SUPPLEMENTARY 2018-2025 all years
2023,2,3,2023_02_NYJ_DAL-DAL|2023_02_CLE_PIT-PIT|2023_02_CHI_TB-CHI,DAL|PIT|CHI,-8.5|+2.5|+2.5,2023_02_NYJ_DAL|2023_02_CLE_PIT|2023_02_CHI_TB,0.44556995497632934,LOSS,0,2,False,1.2443164958308834,2.2443164958308834,124.43164958308834,0.44556995497632934,SUPPLEMENTARY 2018-2025 all years
2023,2,3,2023_02_NYJ_DAL-DAL|2023_02_CLE_PIT-PIT|2023_02_SF_LA-SF,DAL|PIT|SF,-8.5|+2.5|-7.5,2023_02_NYJ_DAL|2023_02_CLE_PIT|2023_02_SF_LA,0.43643876159475875,WIN,1,3,False,1.2912721966902612,2.291272196690261,129.12721966902612,0.4364387615947587,SUPPLEMENTARY 2018-2025 all years
2023,2,3,2023_02_NYJ_DAL-DAL|2023_02_CHI_TB-CHI|2023_02_SF_LA-SF,DAL|CHI|SF,-8.5|+2.5|-7.5,2023_02_NYJ_DAL|2023_02_CHI_TB|2023_02_SF_LA,0.43142140797034,LOSS,0,2,False,1.3179192815316885,2.3179192815316885,131.79192815316884,0.43142140797034,SUPPLEMENTARY 2018-2025 all years
2023,2,3,2023_02_CLE_PIT-PIT|2023_02_CHI_TB-CHI|2023_02_SF_LA-SF,PIT|CHI|SF,+2.5|+2.5|-7.5,2023_02_CLE_PIT|2023_02_CHI_TB|2023_02_SF_LA,0.43011550241179797,LOSS,0,2,False,1.3249568880746536,2.3249568880746536,132.49568880746537,0.43011550241179797,SUPPLEMENTARY 2018-2025 all years
2023,3,2,2023_03_NE_NYJ-NYJ|2023_03_NO_GB-GB,NYJ|GB,+2.5|+1.5,2023_03_NE_NYJ|2023_03_NO_GB,0.5915319710452827,WIN,1,2,False,0.6905257009742395,1.6905257009742396,-144.81720210980325,0.5915319710452827,SUPPLEMENTARY 2018-2025 all years
2023,3,2,2023_03_NE_NYJ-NYJ|2023_03_HOU_JAX-JAX,NYJ|JAX,+2.5|-7.5,2023_03_NE_NYJ|2023_03_HOU_JAX,0.5853336401304544,LOSS,0,1,False,0.708427350557074,1.708427350557074,-141.15773469412878,0.5853336401304544,SUPPLEMENTARY 2018-2025 all years
2023,3,2,2023_03_NE_NYJ-NYJ|2023_03_IND_BAL-BAL,NYJ|BAL,+2.5|-7.5,2023_03_NE_NYJ|2023_03_IND_BAL,0.5853336401304544,LOSS,0,1,False,0.708427350557074,1.708427350557074,-141.15773469412878,0.5853336401304544,SUPPLEMENTARY 2018-2025 all years
2023,3,2,2023_03_NO_GB-GB|2023_03_HOU_JAX-JAX,GB|JAX,+1.5|-7.5,2023_03_NO_GB|2023_03_HOU_JAX,0.5641586431236891,LOSS,0,1,False,0.7725510584453719,1.7725510584453719,-129.44128275642137,0.5641586431236891,SUPPLEMENTARY 2018-2025 all years
2023,3,2,2023_03_NO_GB-GB|2023_03_IND_BAL-BAL,GB|BAL,+1.5|-7.5,2023_03_NO_GB|2023_03_IND_BAL,0.5641586431236891,LOSS,0,1,False,0.7725510584453719,1.7725510584453719,-129.44128275642137,0.5641586431236891,SUPPLEMENTARY 2018-2025 all years
2023,3,2,2023_03_HOU_JAX-JAX|2023_03_IND_BAL-BAL,JAX|BAL,-7.5|-7.5,2023_03_HOU_JAX|2023_03_IND_BAL,0.5582471419205303,LOSS,0,0,False,0.7913213071897032,1.7913213071897032,-126.37091797153775,0.5582471419205303,SUPPLEMENTARY 2018-2025 all years
2023,3,3,2023_03_NE_NYJ-NYJ|2023_03_NO_GB-GB|2023_03_HOU_JAX-JAX,NYJ|GB|JAX,+2.5|+1.5|-7.5,2023_03_NE_NYJ|2023_03_NO_GB|2023_03_HOU_JAX,0.44196866184418676,LOSS,0,2,False,1.2626038593490678,2.262603859349068,126.26038593490678,0.44196866184418676,SUPPLEMENTARY 2018-2025 all years
2023,3,3,2023_03_NE_NYJ-NYJ|2023_03_NO_GB-GB|2023_03_IND_BAL-BAL,NYJ|GB|BAL,+2.5|+1.5|-7.5,2023_03_NE_NYJ|2023_03_NO_GB|2023_03_IND_BAL,0.44196866184418676,LOSS,0,2,False,1.2626038593490678,2.262603859349068,126.26038593490678,0.44196866184418676,SUPPLEMENTARY 2018-2025 all years
2023,3,3,2023_03_NE_NYJ-NYJ|2023_03_HOU_JAX-JAX|2023_03_IND_BAL-BAL,NYJ|JAX|BAL,+2.5|-7.5|-7.5,2023_03_NE_NYJ|2023_03_HOU_JAX|2023_03_IND_BAL,0.43733752074922067,LOSS,0,1,False,1.2865634722739072,2.286563472273907,128.6563472273907,0.43733752074922067,SUPPLEMENTARY 2018-2025 all years
2023,3,3,2023_03_NO_GB-GB|2023_03_HOU_JAX-JAX|2023_03_IND_BAL-BAL,GB|JAX|BAL,+1.5|-7.5|-7.5,2023_03_NO_GB|2023_03_HOU_JAX|2023_03_IND_BAL,0.4215164230744877,LOSS,0,1,False,1.3723868045428123,2.3723868045428125,137.23868045428122,0.42151642307448767,SUPPLEMENTARY 2018-2025 all years
2023,4,2,2023_04_CIN_TEN-TEN|2023_04_DET_GB-GB,TEN|GB,+2.5|+2.5,2023_04_CIN_TEN|2023_04_DET_GB,0.5599906302782042,LOSS,0,1,False,0.7857441641536012,1.7857441641536012,-127.26788764345376,0.5599906302782042,SUPPLEMENTARY 2018-2025 all years
2023,4,2,2023_04_CIN_TEN-TEN|2023_04_SEA_NYG-NYG,TEN|NYG,+2.5|+2.5,2023_04_CIN_TEN|2023_04_SEA_NYG,0.5560657171285477,LOSS,0,1,False,0.798348592975435,1.798348592975435,-125.25856609492011,0.5560657171285477,SUPPLEMENTARY 2018-2025 all years
2023,4,2,2023_04_DET_GB-GB|2023_04_SEA_NYG-NYG,GB|NYG,+2.5|+2.5,2023_04_DET_GB|2023_04_SEA_NYG,0.5461738427144737,LOSS,0,0,False,0.8309188792894565,1.8309188792894564,-120.34869166231123,0.5461738427144737,SUPPLEMENTARY 2018-2025 all years
2023,4,3,2023_04_CIN_TEN-TEN|2023_04_DET_GB-GB|2023_04_SEA_NYG-NYG,TEN|GB|NYG,+2.5|+2.5|+2.5,2023_04_CIN_TEN|2023_04_DET_GB|2023_04_SEA_NYG,0.4124002207442133,LOSS,0,1,False,1.4248289639501408,2.424828963950141,142.48289639501408,0.41240022074421323,SUPPLEMENTARY 2018-2025 all years
2023,5,2,2023_05_NO_NE-NO|2023_05_HOU_ATL-HOU,NO|HOU,+2.5|+2.5,2023_05_NO_NE|2023_05_HOU_ATL,0.5785437803538648,WIN,1,2,False,0.7284776605641714,1.7284776605641714,-137.2725691032924,0.5785437803538648,SUPPLEMENTARY 2018-2025 all years
2023,5,2,2023_05_NO_NE-NO|2023_05_NYJ_DEN-NYJ,NO|NYJ,+2.5|+2.5,2023_05_NO_NE|2023_05_NYJ_DEN,0.5770086939476157,WIN,1,2,False,0.7330761399078435,1.7330761399078436,-136.41147836645072,0.5770086939476157,SUPPLEMENTARY 2018-2025 all years
2023,5,2,2023_05_NO_NE-NO|2023_05_TEN_IND-IND,NO|IND,+2.5|+2.5,2023_05_NO_NE|2023_05_TEN_IND,0.5740329542884101,WIN,1,2,False,0.7420602641875021,1.742060264187502,-134.75994447633195,0.5740329542884101,SUPPLEMENTARY 2018-2025 all years
2023,5,2,2023_05_HOU_ATL-HOU|2023_05_NYJ_DEN-NYJ,HOU|NYJ,+2.5|+2.5,2023_05_HOU_ATL|2023_05_NYJ_DEN,0.5655505690143497,WIN,1,2,False,0.7681884782519367,1.7681884782519366,-130.17638617485719,0.5655505690143497,SUPPLEMENTARY 2018-2025 all years
2023,5,2,2023_05_HOU_ATL-HOU|2023_05_TEN_IND-IND,HOU|IND,+2.5|+2.5,2023_05_HOU_ATL|2023_05_TEN_IND,0.5626339210068675,WIN,1,2,False,0.777354622007929,1.777354622007929,-128.64141688859735,0.5626339210068675,SUPPLEMENTARY 2018-2025 all years
2023,5,2,2023_05_NYJ_DEN-NYJ|2023_05_TEN_IND-IND,NYJ|IND,+2.5|+2.5,2023_05_NYJ_DEN|2023_05_TEN_IND,0.5611410492257483,WIN,1,2,False,0.7820831346767109,1.7820831346767108,-127.86364462562784,0.5611410492257483,SUPPLEMENTARY 2018-2025 all years
2023,5,3,2023_05_NO_NE-NO|2023_05_HOU_ATL-HOU|2023_05_NYJ_DEN-NYJ,NO|HOU|NYJ,+2.5|+2.5|+2.5,2023_05_NO_NE|2023_05_HOU_ATL|2023_05_NYJ_DEN,0.4345052365093259,WIN,1,3,False,1.3014682355353773,2.3014682355353773,130.14682355353773,0.4345052365093259,SUPPLEMENTARY 2018-2025 all years
2023,5,3,2023_05_NO_NE-NO|2023_05_HOU_ATL-HOU|2023_05_TEN_IND-IND,NO|HOU|IND,+2.5|+2.5|+2.5,2023_05_NO_NE|2023_05_HOU_ATL|2023_05_TEN_IND,0.43226441331554105,WIN,1,3,False,1.3133988577265268,2.3133988577265265,131.33988577265268,0.4322644133155411,SUPPLEMENTARY 2018-2025 all years
2023,5,3,2023_05_NO_NE-NO|2023_05_NYJ_DEN-NYJ|2023_05_TEN_IND-IND,NO|NYJ|IND,+2.5|+2.5|+2.5,2023_05_NO_NE|2023_05_NYJ_DEN|2023_05_TEN_IND,0.4311174591051266,WIN,1,3,False,1.319553474071096,2.319553474071096,131.9553474071096,0.43111745910512655,SUPPLEMENTARY 2018-2025 all years
2023,5,3,2023_05_HOU_ATL-HOU|2023_05_NYJ_DEN-NYJ|2023_05_TEN_IND-IND,HOU|NYJ|IND,+2.5|+2.5|+2.5,2023_05_HOU_ATL|2023_05_NYJ_DEN|2023_05_TEN_IND,0.42255641356256646,WIN,1,3,False,1.3665479162155314,2.3665479162155316,136.65479162155313,0.42255641356256646,SUPPLEMENTARY 2018-2025 all years
2023,7,2,2023_07_LV_CHI-CHI|2023_07_BUF_NE-BUF,CHI|BUF,+2.5|-7.5,2023_07_LV_CHI|2023_07_BUF_NE,0.5817132061052639,LOSS,0,1,False,0.7190601648796762,1.7190601648796762,-139.0704212028398,0.5817132061052639,SUPPLEMENTARY 2018-2025 all years
2023,7,2,2023_07_LV_CHI-CHI|2023_07_JAX_NO-JAX,CHI|JAX,+2.5|+2.5,2023_07_LV_CHI|2023_07_JAX_NO,0.5817132061052639,WIN,1,2,False,0.7190601648796762,1.7190601648796762,-139.0704212028398,0.5817132061052639,SUPPLEMENTARY 2018-2025 all years
2023,7,2,2023_07_LV_CHI-CHI|2023_07_GB_DEN-GB,CHI|GB,+2.5|+1.5,2023_07_LV_CHI|2023_07_GB_DEN,0.5725904769225801,WIN,1,2,False,0.7464488850295878,1.7464488850295878,-133.9676460177661,0.5725904769225801,SUPPLEMENTARY 2018-2025 all years
2023,7,2,2023_07_BUF_NE-BUF|2023_07_JAX_NO-JAX,BUF|JAX,-7.5|+2.5,2023_07_BUF_NE|2023_07_JAX_NO,0.5732851660317517,LOSS,0,1,False,0.7443325926640398,1.7443325926640398,-134.3485438976817,0.5732851660317517,SUPPLEMENTARY 2018-2025 all years
2023,7,2,2023_07_BUF_NE-BUF|2023_07_GB_DEN-GB,BUF|GB,-7.5|+1.5,2023_07_BUF_NE|2023_07_GB_DEN,0.5642946097588876,LOSS,0,1,False,0.7721239627422298,1.7721239627422298,-129.5128824196129,0.5642946097588876,SUPPLEMENTARY 2018-2025 all years
2023,7,2,2023_07_JAX_NO-JAX|2023_07_GB_DEN-GB,JAX|GB,+2.5|+1.5,2023_07_JAX_NO|2023_07_GB_DEN,0.5642946097588876,WIN,1,2,False,0.7721239627422298,1.7721239627422298,-129.5128824196129,0.5642946097588876,SUPPLEMENTARY 2018-2025 all years
2023,7,3,2023_07_LV_CHI-CHI|2023_07_BUF_NE-BUF|2023_07_JAX_NO-JAX,CHI|BUF|JAX,+2.5|-7.5|+2.5,2023_07_LV_CHI|2023_07_BUF_NE|2023_07_JAX_NO,0.44044762803093224,LOSS,0,2,False,1.2704174942900839,2.2704174942900837,127.04174942900839,0.44044762803093224,SUPPLEMENTARY 2018-2025 all years
2023,7,3,2023_07_LV_CHI-CHI|2023_07_BUF_NE-BUF|2023_07_GB_DEN-GB,CHI|BUF|GB,+2.5|-7.5|+1.5,2023_07_LV_CHI|2023_07_BUF_NE|2023_07_GB_DEN,0.43354029914874326,LOSS,0,2,False,1.3065906490434704,2.3065906490434704,130.65906490434705,0.43354029914874326,SUPPLEMENTARY 2018-2025 all years
2023,7,3,2023_07_LV_CHI-CHI|2023_07_JAX_NO-JAX|2023_07_GB_DEN-GB,CHI|JAX|GB,+2.5|+2.5|+1.5,2023_07_LV_CHI|2023_07_JAX_NO|2023_07_GB_DEN,0.43354029914874326,WIN,1,3,False,1.3065906490434704,2.3065906490434704,130.65906490434705,0.43354029914874326,SUPPLEMENTARY 2018-2025 all years
2023,7,3,2023_07_BUF_NE-BUF|2023_07_JAX_NO-JAX|2023_07_GB_DEN-GB,BUF|JAX|GB,-7.5|+2.5|+1.5,2023_07_BUF_NE|2023_07_JAX_NO|2023_07_GB_DEN,0.4272590337823062,LOSS,0,2,False,1.3405005416679208,2.3405005416679208,134.05005416679208,0.4272590337823062,SUPPLEMENTARY 2018-2025 all years
2023,8,2,2023_08_ATL_TEN-TEN|2023_08_JAX_PIT-PIT,TEN|PIT,+2.5|+2.5,2023_08_ATL_TEN|2023_08_JAX_PIT,0.5952346973173576,LOSS,0,1,False,0.6800095903462365,1.6800095903462364,-147.05674952184657,0.5952346973173576,SUPPLEMENTARY 2018-2025 all years
2023,8,2,2023_08_ATL_TEN-TEN|2023_08_NE_MIA-MIA,TEN|MIA,+2.5|-7.5,2023_08_ATL_TEN|2023_08_NE_MIA,0.5789499429768874,WIN,1,2,False,0.7272650461940223,1.7272650461940224,-137.50145221928025,0.5789499429768874,SUPPLEMENTARY 2018-2025 all years
2023,8,2,2023_08_JAX_PIT-PIT|2023_08_NE_MIA-MIA,PIT|MIA,+2.5|-7.5,2023_08_JAX_PIT|2023_08_NE_MIA,0.5576009188970702,LOSS,0,1,False,0.7933973315144304,1.7933973315144303,-126.04025250390093,0.5576009188970702,SUPPLEMENTARY 2018-2025 all years
2023,8,3,2023_08_ATL_TEN-TEN|2023_08_JAX_PIT-PIT|2023_08_NE_MIA-MIA,TEN|PIT|MIA,+2.5|+2.5|-7.5,2023_08_ATL_TEN|2023_08_JAX_PIT|2023_08_NE_MIA,0.43835540685089847,LOSS,0,2,False,1.2812539422837288,2.281253942283729,128.12539422837287,0.43835540685089847,SUPPLEMENTARY 2018-2025 all years
2023,9,2,2023_09_TB_HOU-TB|2023_09_WAS_NE-WAS,TB|WAS,+2.5|+2.5,2023_09_TB_HOU|2023_09_WAS_NE,0.5798568933304319,WIN,1,2,False,0.7245634422942856,1.7245634422942855,-138.01413949806266,0.5798568933304319,SUPPLEMENTARY 2018-2025 all years
2023,9,2,2023_09_TB_HOU-TB|2023_09_IND_CAR-CAR,TB|CAR,+2.5|+1.5,2023_09_TB_HOU|2023_09_IND_CAR,0.5663804733444683,LOSS,0,1,False,0.7655975921892484,1.7655975921892484,-130.61692071685744,0.5663804733444683,SUPPLEMENTARY 2018-2025 all years
2023,9,2,2023_09_WAS_NE-WAS|2023_09_IND_CAR-CAR,WAS|CAR,+2.5|+1.5,2023_09_WAS_NE|2023_09_IND_CAR,0.5631162879942696,LOSS,0,1,False,0.7758321350672354,1.7758321350672355,-128.89386180340904,0.5631162879942696,SUPPLEMENTARY 2018-2025 all years
2023,9,3,2023_09_TB_HOU-TB|2023_09_WAS_NE-WAS|2023_09_IND_CAR-CAR,TB|WAS|CAR,+2.5|+2.5|+1.5,2023_09_TB_HOU|2023_09_WAS_NE|2023_09_IND_CAR,0.430044693358146,LOSS,0,2,False,1.3253397040925439,2.325339704092544,132.53397040925438,0.430044693358146,SUPPLEMENTARY 2018-2025 all years
2023,11,2,2023_11_PIT_CLE-PIT|2023_11_NYG_WAS-WAS,PIT|WAS,+2.5|-7.5,2023_11_PIT_CLE|2023_11_NYG_WAS,0.6064981790533389,LOSS,0,1,False,0.6488095670144696,1.6488095670144696,-154.12843010338938,0.6064981790533389,SUPPLEMENTARY 2018-2025 all years
2023,11,2,2023_11_PIT_CLE-PIT|2023_11_MIN_DEN-MIN,PIT|MIN,+2.5|+2.5,2023_11_PIT_CLE|2023_11_MIN_DEN,0.5916103732548704,WIN,1,2,False,0.6903016667849942,1.6903016667849942,-144.86420185791997,0.5916103732548704,SUPPLEMENTARY 2018-2025 all years
2023,11,2,2023_11_PIT_CLE-PIT|2023_11_SEA_LA-SEA,PIT|SEA,+2.5|+2.5,2023_11_PIT_CLE|2023_11_SEA_LA,0.5872395465994542,WIN,1,2,False,0.7028825898915191,1.702882589891519,-142.27127181430646,0.5872395465994542,SUPPLEMENTARY 2018-2025 all years
2023,11,2,2023_11_NYG_WAS-WAS|2023_11_MIN_DEN-MIN,WAS|MIN,-7.5|+2.5,2023_11_NYG_WAS|2023_11_MIN_DEN,0.5722953659074387,LOSS,0,1,False,0.7473494624832188,1.7473494624832187,-133.8062111769371,0.5722953659074387,SUPPLEMENTARY 2018-2025 all years
2023,11,2,2023_11_NYG_WAS-WAS|2023_11_SEA_LA-SEA,WAS|SEA,-7.5|+2.5,2023_11_NYG_WAS|2023_11_SEA_LA,0.5680672388272501,LOSS,0,1,False,0.7603549925963979,1.760354992596398,-131.51751612562995,0.5680672388272501,SUPPLEMENTARY 2018-2025 all years
2023,11,2,2023_11_MIN_DEN-MIN|2023_11_SEA_LA-SEA,MIN|SEA,+2.5|+2.5,2023_11_MIN_DEN|2023_11_SEA_LA,0.5541228033380405,WIN,1,2,False,0.8046541199459604,1.8046541199459605,-124.27699991981136,0.5541228033380405,SUPPLEMENTARY 2018-2025 all years
2023,11,3,2023_11_PIT_CLE-PIT|2023_11_NYG_WAS-WAS|2023_11_MIN_DEN-MIN,PIT|WAS|MIN,+2.5|-7.5|+2.5,2023_11_PIT_CLE|2023_11_NYG_WAS|2023_11_MIN_DEN,0.4531508045684657,LOSS,0,2,False,1.2067708805069812,2.2067708805069812,120.67708805069812,0.4531508045684657,SUPPLEMENTARY 2018-2025 all years
2023,11,3,2023_11_PIT_CLE-PIT|2023_11_NYG_WAS-WAS|2023_11_SEA_LA-SEA,PIT|WAS|SEA,+2.5|-7.5|+2.5,2023_11_PIT_CLE|2023_11_NYG_WAS|2023_11_SEA_LA,0.44980291936382627,LOSS,0,2,False,1.2231958863547148,2.2231958863547145,122.31958863547148,0.44980291936382627,SUPPLEMENTARY 2018-2025 all years
2023,11,3,2023_11_PIT_CLE-PIT|2023_11_MIN_DEN-MIN|2023_11_SEA_LA-SEA,PIT|MIN|SEA,+2.5|+2.5|+2.5,2023_11_PIT_CLE|2023_11_MIN_DEN|2023_11_SEA_LA,0.43876153664850587,WIN,1,3,False,1.2791423506229198,2.27914235062292,127.91423506229198,0.43876153664850587,SUPPLEMENTARY 2018-2025 all years
2023,11,3,2023_11_NYG_WAS-WAS|2023_11_MIN_DEN-MIN|2023_11_SEA_LA-SEA,WAS|MIN|SEA,-7.5|+2.5|+2.5,2023_11_NYG_WAS|2023_11_MIN_DEN|2023_11_SEA_LA,0.4244367670243509,LOSS,0,2,False,1.3560635592689538,2.3560635592689536,135.6063559268954,0.42443676702435096,SUPPLEMENTARY 2018-2025 all years
2023,12,2,2023_12_CLE_DEN-CLE|2023_12_TB_IND-TB,CLE|TB,+1.5|+2.5,2023_12_CLE_DEN|2023_12_TB_IND,0.5733603271699333,LOSS,0,1,False,0.7441039301340056,1.7441039301340056,-134.3898290955015,0.5733603271699333,SUPPLEMENTARY 2018-2025 all years
2023,12,2,2023_12_CLE_DEN-CLE|2023_12_GB_DET-DET,CLE|DET,+1.5|-8.5,2023_12_CLE_DEN|2023_12_GB_DET,0.5680539043155846,LOSS,0,0,False,0.7603963152138571,1.760396315213857,-131.51036899998073,0.5680539043155846,SUPPLEMENTARY 2018-2025 all years
2023,12,2,2023_12_TB_IND-TB|2023_12_GB_DET-DET,TB|DET,+2.5|-8.5,2023_12_TB_IND|2023_12_GB_DET,0.544938443511813,LOSS,0,1,False,0.8350696521896649,1.8350696521896648,-119.75048995947411,0.544938443511813,SUPPLEMENTARY 2018-2025 all years
2023,12,3,2023_12_CLE_DEN-CLE|2023_12_TB_IND-TB|2023_12_GB_DET-DET,CLE|TB|DET,+1.5|+2.5|-8.5,2023_12_CLE_DEN|2023_12_TB_IND|2023_12_GB_DET,0.4212911321778236,LOSS,0,1,False,1.373655469154067,2.373655469154067,137.3655469154067,0.42129113217782366,SUPPLEMENTARY 2018-2025 all years
2023,14,2,2023_14_JAX_CLE-JAX|2023_14_TB_ATL-TB,JAX|TB,+2.5|+1.5,2023_14_JAX_CLE|2023_14_TB_ATL,0.583744581974575,WIN,1,2,False,0.7130779982871943,1.7130779982871944,-140.23711324735712,0.583744581974575,SUPPLEMENTARY 2018-2025 all years
2023,14,2,2023_14_JAX_CLE-JAX|2023_14_LA_BAL-BAL,JAX|BAL,+2.5|-7.5,2023_14_JAX_CLE|2023_14_LA_BAL,0.5821669259631677,WIN,1,2,False,0.7177203915278204,1.7177203915278203,-139.33002486822025,0.5821669259631677,SUPPLEMENTARY 2018-2025 all years
2023,14,2,2023_14_TB_ATL-TB|2023_14_LA_BAL-BAL,TB|BAL,+1.5|-7.5,2023_14_TB_ATL|2023_14_LA_BAL,0.5685918755599847,WIN,1,2,False,0.7587307223043553,1.7587307223043553,-131.79906528140592,0.5685918755599847,SUPPLEMENTARY 2018-2025 all years
2023,14,3,2023_14_JAX_CLE-JAX|2023_14_TB_ATL-TB|2023_14_LA_BAL-BAL,JAX|TB|BAL,+2.5|+1.5|-7.5,2023_14_JAX_CLE|2023_14_TB_ATL|2023_14_LA_BAL,0.43957756670288106,WIN,1,3,False,1.2749113597872006,2.2749113597872004,127.49113597872007,0.4395775667028811,SUPPLEMENTARY 2018-2025 all years
2023,15,2,2023_15_NYJ_MIA-MIA|2023_15_PIT_IND-PIT,MIA|PIT,-7.5|+1.5,2023_15_NYJ_MIA|2023_15_PIT_IND,0.5895163986053503,LOSS,0,1,False,0.6963056538643405,1.6963056538643406,-143.61509122469764,0.5895163986053503,SUPPLEMENTARY 2018-2025 all years
2023,17,2,2023_17_NO_TB-NO|2023_17_CIN_KC-KC,NO|KC,+2.5|-7.5,2023_17_NO_TB|2023_17_CIN_KC,0.5543671132195294,WIN,1,2,False,0.803858807915974,1.803858807915974,-124.39995558331039,0.5543671132195294,SUPPLEMENTARY 2018-2025 all years
2023,18,2,2023_18_NYJ_NE-NYJ|2023_18_CLE_CIN-CIN,NYJ|CIN,+2.5|-7.5,2023_18_NYJ_NE|2023_18_CLE_CIN,0.6426395431076792,WIN,1,2,False,0.5560822715082167,1.5560822715082168,-179.8295056750832,0.6426395431076791,SUPPLEMENTARY 2018-2025 all years
2023,18,2,2023_18_NYJ_NE-NYJ|2023_18_CHI_GB-CHI,NYJ|CHI,+2.5|+2.5,2023_18_NYJ_NE|2023_18_CHI_GB,0.6130461796939854,WIN,1,2,False,0.6311984857309941,1.631198485730994,-158.42877044324575,0.6130461796939854,SUPPLEMENTARY 2018-2025 all years
2023,18,2,2023_18_CLE_CIN-CIN|2023_18_CHI_GB-CHI,CIN|CHI,-7.5|+2.5,2023_18_CLE_CIN|2023_18_CHI_GB,0.573835924325793,WIN,1,2,False,0.742658410894913,1.742658410894913,-134.65140707084797,0.573835924325793,SUPPLEMENTARY 2018-2025 all years
2023,18,3,2023_18_NYJ_NE-NYJ|2023_18_CLE_CIN-CIN|2023_18_CHI_GB-CHI,NYJ|CIN|CHI,+2.5|-7.5|+2.5,2023_18_NYJ_NE|2023_18_CLE_CIN|2023_18_CHI_GB,0.47547116520072324,WIN,1,3,False,1.1031769604321715,2.1031769604321715,110.31769604321715,0.47547116520072324,SUPPLEMENTARY 2018-2025 all years
2023,19,2,2023_19_PHI_TB-TB|2023_19_CLE_HOU-HOU,TB|HOU,+2.5|+2.5,2023_19_PHI_TB|2023_19_CLE_HOU,0.5555441727725787,WIN,1,2,False,0.8000368809724995,1.8000368809724994,-124.99423761369997,0.5555441727725787,SUPPLEMENTARY 2018-2025 all years
2024,3,2,2024_03_CHI_IND-CHI|2024_03_WAS_CIN-CIN,CHI|CIN,+1.5|-7.5,2024_03_CHI_IND|2024_03_WAS_CIN,0.5529228029588968,LOSS,0,1,False,0.8085707347366138,1.8085707347366138,-123.67501778625997,0.5529228029588968,SUPPLEMENTARY 2018-2025 all years
2024,4,2,2024_04_CLE_LV-LV|2024_04_TEN_MIA-TEN,LV|TEN,+2.5|+2.5,2024_04_CLE_LV|2024_04_TEN_MIA,0.6035122307262957,WIN,1,2,False,0.6569672478659659,1.6569672478659658,-152.21458957783835,0.6035122307262957,SUPPLEMENTARY 2018-2025 all years
2024,4,2,2024_04_CLE_LV-LV|2024_04_DEN_NYJ-NYJ,LV|NYJ,+2.5|-7.5,2024_04_CLE_LV|2024_04_DEN_NYJ,0.594251908854863,LOSS,0,1,False,0.6827880316396843,1.6827880316396842,-146.45833753098245,0.594251908854863,SUPPLEMENTARY 2018-2025 all years
2024,4,2,2024_04_CLE_LV-LV|2024_04_PIT_IND-IND,LV|IND,+2.5|+2.5,2024_04_CLE_LV|2024_04_PIT_IND,0.5925207721698506,WIN,1,2,False,0.6877045446658914,1.6877045446658914,-145.411282760365,0.5925207721698506,SUPPLEMENTARY 2018-2025 all years
2024,4,2,2024_04_TEN_MIA-TEN|2024_04_DEN_NYJ-NYJ,TEN|NYJ,+2.5|-7.5,2024_04_TEN_MIA|2024_04_DEN_NYJ,0.5923064985875597,LOSS,0,1,False,0.688315090894063,1.688315090894063,-145.28230068311953,0.5923064985875597,SUPPLEMENTARY 2018-2025 all years
2024,4,2,2024_04_TEN_MIA-TEN|2024_04_PIT_IND-IND,TEN|IND,+2.5|+2.5,2024_04_TEN_MIA|2024_04_PIT_IND,0.5905810291474158,WIN,1,2,False,0.6932477520377452,1.6932477520377454,-144.2485744902283,0.5905810291474158,SUPPLEMENTARY 2018-2025 all years
2024,4,2,2024_04_DEN_NYJ-NYJ|2024_04_PIT_IND-IND,NYJ|IND,-7.5|+2.5,2024_04_DEN_NYJ|2024_04_PIT_IND,0.5815191242801601,LOSS,0,1,False,0.7196339006698381,1.7196339006698382,-138.95954582867705,0.5815191242801601,SUPPLEMENTARY 2018-2025 all years
2024,4,3,2024_04_CLE_LV-LV|2024_04_TEN_MIA-TEN|2024_04_DEN_NYJ-NYJ,LV|TEN|NYJ,+2.5|+2.5|-7.5,2024_04_CLE_LV|2024_04_TEN_MIA|2024_04_DEN_NYJ,0.46089455718819766,LOSS,0,2,False,1.1696936629079537,2.169693662907954,116.96936629079538,0.46089455718819766,SUPPLEMENTARY 2018-2025 all years
2024,4,3,2024_04_CLE_LV-LV|2024_04_TEN_MIA-TEN|2024_04_PIT_IND-IND,LV|TEN|IND,+2.5|+2.5|+2.5,2024_04_CLE_LV|2024_04_TEN_MIA|2024_04_PIT_IND,0.45955190861781514,WIN,1,3,False,1.1760327424331225,2.1760327424331223,117.60327424331226,0.4595519086178152,SUPPLEMENTARY 2018-2025 all years
2024,4,3,2024_04_CLE_LV-LV|2024_04_DEN_NYJ-NYJ|2024_04_PIT_IND-IND,LV|NYJ|IND,+2.5|-7.5|+2.5,2024_04_CLE_LV|2024_04_DEN_NYJ|2024_04_PIT_IND,0.45250052113340444,LOSS,0,2,False,1.2099422062437446,2.2099422062437446,120.99422062437446,0.45250052113340444,SUPPLEMENTARY 2018-2025 all years
2024,4,3,2024_04_TEN_MIA-TEN|2024_04_DEN_NYJ-NYJ|2024_04_PIT_IND-IND,TEN|NYJ|IND,+2.5|-7.5|+2.5,2024_04_TEN_MIA|2024_04_DEN_NYJ|2024_04_PIT_IND,0.4510191642430759,LOSS,0,2,False,1.2172006852042587,2.2172006852042587,121.72006852042587,0.4510191642430759,SUPPLEMENTARY 2018-2025 all years
2024,5,2,2024_05_NYJ_MIN-NYJ|2024_05_DAL_PIT-DAL,NYJ|DAL,+2.5|+2.5,2024_05_NYJ_MIN|2024_05_DAL_PIT,0.5626339210068675,WIN,1,2,False,0.777354622007929,1.777354622007929,-128.64141688859735,0.5626339210068675,SUPPLEMENTARY 2018-2025 all years
2024,5,2,2024_05_NYJ_MIN-NYJ|2024_05_TB_ATL-TB,NYJ|TB,+2.5|+2.5,2024_05_NYJ_MIN|2024_05_TB_ATL,0.5612200880722991,WIN,1,2,False,0.781832156854612,1.781832156854612,-127.90469044188445,0.5612200880722991,SUPPLEMENTARY 2018-2025 all years
2024,5,2,2024_05_DAL_PIT-DAL|2024_05_TB_ATL-TB,DAL|TB,+2.5|+2.5,2024_05_DAL_PIT|2024_05_TB_ATL,0.5568443324463637,WIN,1,2,False,0.7958340270910846,1.7958340270910846,-125.6543407241807,0.5568443324463637,SUPPLEMENTARY 2018-2025 all years
2024,5,3,2024_05_NYJ_MIN-NYJ|2024_05_DAL_PIT-DAL|2024_05_TB_ATL-TB,NYJ|DAL|TB,+2.5|+2.5|+2.5,2024_05_NYJ_MIN|2024_05_DAL_PIT|2024_05_TB_ATL,0.419320854098692,WIN,1,3,False,1.3848086500478185,2.3848086500478187,138.48086500478186,0.41932085409869196,SUPPLEMENTARY 2018-2025 all years
2024,6,2,2024_06_IND_TEN-IND|2024_06_JAX_CHI-CHI,IND|CHI,+2.5|+1.5,2024_06_IND_TEN|2024_06_JAX_CHI,0.5598347772886989,WIN,1,2,False,0.7862412993402054,1.7862412993402055,-127.18741699770487,0.5598347772886989,SUPPLEMENTARY 2018-2025 all years
2024,8,2,2024_08_BAL_CLE-BAL|2024_08_CHI_WAS-CHI,BAL|CHI,-7.5|+1.5,2024_08_BAL_CLE|2024_08_CHI_WAS,0.5475015389552457,LOSS,0,1,False,0.8264788842570593,1.8264788842570594,-120.99522674422866,0.5475015389552457,SUPPLEMENTARY 2018-2025 all years
2024,8,2,2024_08_BAL_CLE-BAL|2024_08_ATL_TB-TB,BAL|TB,-7.5|+1.5,2024_08_BAL_CLE|2024_08_ATL_TB,0.5462631366155818,LOSS,0,1,False,0.8306195914950115,1.8306195914950116,-120.39205554977639,0.5462631366155818,SUPPLEMENTARY 2018-2025 all years
2024,8,2,2024_08_CHI_WAS-CHI|2024_08_ATL_TB-TB,CHI|TB,+1.5|+1.5,2024_08_CHI_WAS|2024_08_ATL_TB,0.541119029494778,WIN,1,2,False,0.8480222381638686,1.8480222381638685,-117.92143590068964,0.541119029494778,SUPPLEMENTARY 2018-2025 all years
2024,8,3,2024_08_BAL_CLE-BAL|2024_08_CHI_WAS-CHI|2024_08_ATL_TB-TB,BAL|CHI|TB,-7.5|+1.5|+1.5,2024_08_BAL_CLE|2024_08_CHI_WAS|2024_08_ATL_TB,0.4022907276373059,LOSS,0,2,False,1.4857644765344236,2.4857644765344236,148.57644765344236,0.4022907276373059,SUPPLEMENTARY 2018-2025 all years
2024,9,2,2024_09_HOU_NYJ-HOU|2024_09_CHI_ARI-CHI,HOU|CHI,+2.5|+1.5,2024_09_HOU_NYJ|2024_09_CHI_ARI,0.5554698227398879,LOSS,0,1,False,0.800277817195254,1.800277817195254,-124.95660613269469,0.5554698227398879,SUPPLEMENTARY 2018-2025 all years
2024,9,2,2024_09_HOU_NYJ-HOU|2024_09_JAX_PHI-PHI,HOU|PHI,+2.5|-7.5,2024_09_HOU_NYJ|2024_09_JAX_PHI,0.5515081403446485,WIN,1,2,False,0.8132098637294456,1.8132098637294456,-122.96948728756435,0.5515081403446485,SUPPLEMENTARY 2018-2025 all years
2024,9,2,2024_09_CHI_ARI-CHI|2024_09_JAX_PHI-PHI,CHI|PHI,+1.5|-7.5,2024_09_CHI_ARI|2024_09_JAX_PHI,0.5487643481754847,LOSS,0,1,False,0.8222758153381686,1.8222758153381686,-121.61369474167748,0.5487643481754847,SUPPLEMENTARY 2018-2025 all years
2024,9,3,2024_09_HOU_NYJ-HOU|2024_09_CHI_ARI-CHI|2024_09_JAX_PHI-PHI,HOU|CHI|PHI,+2.5|+1.5|-7.5,2024_09_HOU_NYJ|2024_09_CHI_ARI|2024_09_JAX_PHI,0.4100144311766199,LOSS,0,2,False,1.4389385445051202,2.4389385445051204,143.893854450512,0.41001443117661984,SUPPLEMENTARY 2018-2025 all years
2024,10,2,2024_10_DEN_KC-KC|2024_10_PHI_DAL-PHI,KC|PHI,-7.5|-7.5,2024_10_DEN_KC|2024_10_PHI_DAL,0.5583493326507223,WIN,1,2,False,0.7909934543175215,1.7909934543175217,-126.42329649400345,0.5583493326507223,SUPPLEMENTARY 2018-2025 all years
2024,10,2,2024_10_DEN_KC-KC|2024_10_PIT_WAS-PIT,KC|PIT,-7.5|+1.5,2024_10_DEN_KC|2024_10_PIT_WAS,0.5569953304109979,WIN,1,2,False,0.7953471876723205,1.7953471876723204,-125.73125491606008,0.5569953304109979,SUPPLEMENTARY 2018-2025 all years
2024,10,2,2024_10_PHI_DAL-PHI|2024_10_PIT_WAS-PIT,PHI|PIT,-7.5|+1.5,2024_10_PHI_DAL|2024_10_PIT_WAS,0.5513660030347779,WIN,1,2,False,0.8136772932968159,1.813677293296816,-122.89884555439065,0.5513660030347779,SUPPLEMENTARY 2018-2025 all years
2024,10,3,2024_10_DEN_KC-KC|2024_10_PHI_DAL-PHI|2024_10_PIT_WAS-PIT,KC|PHI|PIT,-7.5|-7.5|+1.5,2024_10_DEN_KC|2024_10_PHI_DAL|2024_10_PIT_WAS,0.41409383989107035,WIN,1,3,False,1.414911557880348,2.414911557880348,141.4911557880348,0.4140938398910703,SUPPLEMENTARY 2018-2025 all years
2024,11,2,2024_11_HOU_DAL-HOU|2024_11_KC_BUF-KC,HOU|KC,-7.5|+2.5,2024_11_HOU_DAL|2024_11_KC_BUF,0.5560657171285477,LOSS,0,1,False,0.798348592975435,1.798348592975435,-125.25856609492011,0.5560657171285477,SUPPLEMENTARY 2018-2025 all years
2024,15,2,2024_15_DAL_CAR-DAL|2024_15_WAS_NO-WAS,DAL|WAS,+2.5|-7.5,2024_15_DAL_CAR|2024_15_WAS_NO,0.5598347772886989,LOSS,0,1,False,0.7862412993402054,1.7862412993402055,-127.18741699770487,0.5598347772886989,SUPPLEMENTARY 2018-2025 all years
2024,15,2,2024_15_DAL_CAR-DAL|2024_15_MIA_HOU-MIA,DAL|MIA,+2.5|+2.5,2024_15_DAL_CAR|2024_15_MIA_HOU,0.5545628673403785,WIN,1,2,False,0.8032220671316999,1.8032220671316999,-124.49857155580806,0.5545628673403785,SUPPLEMENTARY 2018-2025 all years
2024,15,2,2024_15_WAS_NO-WAS|2024_15_MIA_HOU-MIA,WAS|MIA,-7.5|+2.5,2024_15_WAS_NO|2024_15_MIA_HOU,0.5475015389552457,LOSS,0,1,False,0.8264788842570593,1.8264788842570594,-120.99522674422866,0.5475015389552457,SUPPLEMENTARY 2018-2025 all years
2024,15,3,2024_15_DAL_CAR-DAL|2024_15_WAS_NO-WAS|2024_15_MIA_HOU-MIA,DAL|WAS|MIA,+2.5|-7.5|+2.5,2024_15_DAL_CAR|2024_15_WAS_NO|2024_15_MIA_HOU,0.4122854441679629,LOSS,0,2,False,1.4255040146229496,2.4255040146229496,142.55040146229496,0.4122854441679629,SUPPLEMENTARY 2018-2025 all years
2024,16,2,2024_16_JAX_LV-JAX|2024_16_MIN_SEA-SEA,JAX|SEA,+2.5|+2.5,2024_16_JAX_LV|2024_16_MIN_SEA,0.5656057552922121,WIN,1,2,False,0.7680159557134709,1.768015955713471,-130.20562822435383,0.5656057552922121,SUPPLEMENTARY 2018-2025 all years
2024,17,2,2024_17_DAL_PHI-PHI|2024_17_IND_NYG-IND,PHI|IND,-7.5|-7.5,2024_17_DAL_PHI|2024_17_IND_NYG,0.587002825341886,LOSS,0,1,False,0.703569313175918,1.703569313175918,-142.13240703833307,0.587002825341886,SUPPLEMENTARY 2018-2025 all years
2024,18,2,2024_18_HOU_TEN-HOU|2024_18_SEA_LA-SEA,HOU|SEA,+2.5|-7.5,2024_18_HOU_TEN|2024_18_SEA_LA,0.5978313052282631,WIN,1,2,False,0.6727126720441335,1.6727126720441334,-148.6518749470494,0.5978313052282632,SUPPLEMENTARY 2018-2025 all years
2024,18,2,2024_18_HOU_TEN-HOU|2024_18_MIA_NYJ-MIA,HOU|MIA,+2.5|+1.5,2024_18_HOU_TEN|2024_18_MIA_NYJ,0.594251908854863,LOSS,0,1,False,0.6827880316396843,1.6827880316396842,-146.45833753098245,0.594251908854863,SUPPLEMENTARY 2018-2025 all years
2024,18,2,2024_18_SEA_LA-SEA|2024_18_MIA_NYJ-MIA,SEA|MIA,-7.5|+1.5,2024_18_SEA_LA|2024_18_MIA_NYJ,0.5867310538506287,LOSS,0,1,False,0.7043583997082625,1.7043583997082625,-141.97317735036438,0.5867310538506287,SUPPLEMENTARY 2018-2025 all years
2024,18,3,2024_18_HOU_TEN-HOU|2024_18_SEA_LA-SEA|2024_18_MIA_NYJ-MIA,HOU|SEA|MIA,+2.5|-7.5|+1.5,2024_18_HOU_TEN|2024_18_SEA_LA|2024_18_MIA_NYJ,0.45655610718084016,LOSS,0,2,False,1.1903112985933704,2.1903112985933704,119.03112985933704,0.45655610718084016,SUPPLEMENTARY 2018-2025 all years
2025,1,2,2025_01_TEN_DEN-DEN|2025_01_MIN_CHI-CHI,DEN|CHI,-8.5|+1.5,2025_01_TEN_DEN|2025_01_MIN_CHI,0.5611410492257483,WIN,1,2,False,0.7820831346767109,1.7820831346767108,-127.86364462562784,0.5611410492257483,SUPPLEMENTARY 2018-2025 all years
2025,1,2,2025_01_TEN_DEN-DEN|2025_01_SF_SEA-SEA,DEN|SEA,-8.5|+2.5,2025_01_TEN_DEN|2025_01_SF_SEA,0.5611410492257483,WIN,1,2,False,0.7820831346767109,1.7820831346767108,-127.86364462562784,0.5611410492257483,SUPPLEMENTARY 2018-2025 all years
2025,1,2,2025_01_TEN_DEN-DEN|2025_01_LV_NE-LV,DEN|LV,-8.5|+2.5,2025_01_TEN_DEN|2025_01_LV_NE,0.5583493326507223,WIN,1,2,False,0.7909934543175215,1.7909934543175217,-126.42329649400345,0.5583493326507223,SUPPLEMENTARY 2018-2025 all years
2025,1,2,2025_01_MIN_CHI-CHI|2025_01_SF_SEA-SEA,CHI|SEA,+1.5|+2.5,2025_01_MIN_CHI|2025_01_SF_SEA,0.5582471419205303,WIN,1,2,False,0.7913213071897032,1.7913213071897032,-126.37091797153775,0.5582471419205303,SUPPLEMENTARY 2018-2025 all years
2025,1,2,2025_01_MIN_CHI-CHI|2025_01_LV_NE-LV,CHI|LV,+1.5|+2.5,2025_01_MIN_CHI|2025_01_LV_NE,0.5554698227398879,WIN,1,2,False,0.800277817195254,1.800277817195254,-124.95660613269469,0.5554698227398879,SUPPLEMENTARY 2018-2025 all years
2025,1,2,2025_01_SF_SEA-SEA|2025_01_LV_NE-LV,SEA|LV,+2.5|+2.5,2025_01_SF_SEA|2025_01_LV_NE,0.5554698227398879,WIN,1,2,False,0.800277817195254,1.800277817195254,-124.95660613269469,0.5554698227398879,SUPPLEMENTARY 2018-2025 all years
2025,1,3,2025_01_TEN_DEN-DEN|2025_01_MIN_CHI-CHI|2025_01_SF_SEA-SEA,DEN|CHI|SEA,-8.5|+1.5|+2.5,2025_01_TEN_DEN|2025_01_MIN_CHI|2025_01_SF_SEA,0.4192617994829591,WIN,1,3,False,1.3851445593975347,2.385144559397535,138.51445593975347,0.41926179948295905,SUPPLEMENTARY 2018-2025 all years
2025,1,3,2025_01_TEN_DEN-DEN|2025_01_MIN_CHI-CHI|2025_01_LV_NE-LV,DEN|CHI|LV,-8.5|+1.5|+2.5,2025_01_TEN_DEN|2025_01_MIN_CHI|2025_01_LV_NE,0.4171759422523987,WIN,1,3,False,1.3970701536642847,2.3970701536642847,139.70701536642846,0.4171759422523987,SUPPLEMENTARY 2018-2025 all years
2025,1,3,2025_01_TEN_DEN-DEN|2025_01_SF_SEA-SEA|2025_01_LV_NE-LV,DEN|SEA|LV,-8.5|+2.5|+2.5,2025_01_TEN_DEN|2025_01_SF_SEA|2025_01_LV_NE,0.4171759422523987,WIN,1,3,False,1.3970701536642847,2.3970701536642847,139.70701536642846,0.4171759422523987,SUPPLEMENTARY 2018-2025 all years
2025,1,3,2025_01_MIN_CHI-CHI|2025_01_SF_SEA-SEA|2025_01_LV_NE-LV,CHI|SEA|LV,+1.5|+2.5|+2.5,2025_01_MIN_CHI|2025_01_SF_SEA|2025_01_LV_NE,0.4150244894073231,WIN,1,3,False,1.4094963683421495,2.4094963683421495,140.94963683421494,0.4150244894073231,SUPPLEMENTARY 2018-2025 all years
2025,2,2,2025_02_TB_HOU-TB|2025_02_DEN_IND-IND,TB|IND,+2.5|+2.5,2025_02_TB_HOU|2025_02_DEN_IND,0.5611410492257483,WIN,1,2,False,0.7820831346767109,1.7820831346767108,-127.86364462562784,0.5611410492257483,SUPPLEMENTARY 2018-2025 all years
2025,2,2,2025_02_TB_HOU-TB|2025_02_NE_MIA-NE,TB|NE,+2.5|+1.5,2025_02_TB_HOU|2025_02_NE_MIA,0.5611410492257483,WIN,1,2,False,0.7820831346767109,1.7820831346767108,-127.86364462562784,0.5611410492257483,SUPPLEMENTARY 2018-2025 all years
2025,2,2,2025_02_TB_HOU-TB|2025_02_PHI_KC-KC,TB|KC,+2.5|+1.5,2025_02_TB_HOU|2025_02_PHI_KC,0.5530914109908797,WIN,1,2,False,0.8080193981108301,1.8080193981108301,-123.75940507592088,0.5530914109908797,SUPPLEMENTARY 2018-2025 all years
2025,2,2,2025_02_DEN_IND-IND|2025_02_NE_MIA-NE,IND|NE,+2.5|+1.5,2025_02_DEN_IND|2025_02_NE_MIA,0.5582471419205303,WIN,1,2,False,0.7913213071897032,1.7913213071897032,-126.37091797153775,0.5582471419205303,SUPPLEMENTARY 2018-2025 all years
2025,2,2,2025_02_DEN_IND-IND|2025_02_PHI_KC-KC,IND|KC,+2.5|+1.5,2025_02_DEN_IND|2025_02_PHI_KC,0.5502390171463583,WIN,1,2,False,0.8173920220819413,1.8173920220819413,-122.3403181074543,0.5502390171463583,SUPPLEMENTARY 2018-2025 all years
2025,2,2,2025_02_NE_MIA-NE|2025_02_PHI_KC-KC,NE|KC,+1.5|+1.5,2025_02_NE_MIA|2025_02_PHI_KC,0.5502390171463583,WIN,1,2,False,0.8173920220819413,1.8173920220819413,-122.3403181074543,0.5502390171463583,SUPPLEMENTARY 2018-2025 all years
2025,2,3,2025_02_TB_HOU-TB|2025_02_DEN_IND-IND|2025_02_NE_MIA-NE,TB|IND|NE,+2.5|+2.5|+1.5,2025_02_TB_HOU|2025_02_DEN_IND|2025_02_NE_MIA,0.4192617994829591,WIN,1,3,False,1.3851445593975347,2.385144559397535,138.51445593975347,0.41926179948295905,SUPPLEMENTARY 2018-2025 all years
2025,2,3,2025_02_TB_HOU-TB|2025_02_DEN_IND-IND|2025_02_PHI_KC-KC,TB|IND|KC,+2.5|+2.5|+1.5,2025_02_TB_HOU|2025_02_DEN_IND|2025_02_PHI_KC,0.4132474367550951,WIN,1,3,False,1.419857719753105,2.419857719753105,141.9857719753105,0.4132474367550951,SUPPLEMENTARY 2018-2025 all years
2025,2,3,2025_02_TB_HOU-TB|2025_02_NE_MIA-NE|2025_02_PHI_KC-KC,TB|NE|KC,+2.5|+1.5|+1.5,2025_02_TB_HOU|2025_02_NE_MIA|2025_02_PHI_KC,0.4132474367550951,WIN,1,3,False,1.419857719753105,2.419857719753105,141.9857719753105,0.4132474367550951,SUPPLEMENTARY 2018-2025 all years
2025,2,3,2025_02_DEN_IND-IND|2025_02_NE_MIA-NE|2025_02_PHI_KC-KC,IND|NE|KC,+2.5|+1.5|+1.5,2025_02_DEN_IND|2025_02_NE_MIA|2025_02_PHI_KC,0.4111162439333647,WIN,1,3,False,1.4324020633008212,2.432402063300821,143.24020633008212,0.4111162439333647,SUPPLEMENTARY 2018-2025 all years
2025,3,2,2025_03_GB_CLE-GB|2025_03_NO_SEA-SEA,GB|SEA,-8.5|-7.5,2025_03_GB_CLE|2025_03_NO_SEA,0.5701327435662364,LOSS,0,1,False,0.7539774925833965,1.7539774925833966,-132.6299537899523,0.5701327435662364,SUPPLEMENTARY 2018-2025 all years
2025,3,2,2025_03_GB_CLE-GB|2025_03_HOU_JAX-HOU,GB|HOU,-8.5|+1.5,2025_03_GB_CLE|2025_03_HOU_JAX,0.5641586431236891,LOSS,0,1,False,0.7725510584453719,1.7725510584453719,-129.44128275642137,0.5641586431236891,SUPPLEMENTARY 2018-2025 all years
2025,3,2,2025_03_GB_CLE-GB|2025_03_LV_WAS-LV,GB|LV,-8.5|+2.5,2025_03_GB_CLE|2025_03_LV_WAS,0.5641586431236891,LOSS,0,0,False,0.7725510584453719,1.7725510584453719,-129.44128275642137,0.5641586431236891,SUPPLEMENTARY 2018-2025 all years
2025,3,2,2025_03_NO_SEA-SEA|2025_03_HOU_JAX-HOU,SEA|HOU,-7.5|+1.5,2025_03_NO_SEA|2025_03_HOU_JAX,0.5641586431236891,WIN,1,2,False,0.7725510584453719,1.7725510584453719,-129.44128275642137,0.5641586431236891,SUPPLEMENTARY 2018-2025 all years
2025,3,2,2025_03_NO_SEA-SEA|2025_03_LV_WAS-LV,SEA|LV,-7.5|+2.5,2025_03_NO_SEA|2025_03_LV_WAS,0.5641586431236891,LOSS,0,1,False,0.7725510584453719,1.7725510584453719,-129.44128275642137,0.5641586431236891,SUPPLEMENTARY 2018-2025 all years
2025,3,2,2025_03_HOU_JAX-HOU|2025_03_LV_WAS-LV,HOU|LV,+1.5|+2.5,2025_03_HOU_JAX|2025_03_LV_WAS,0.5582471419205303,LOSS,0,1,False,0.7913213071897032,1.7913213071897032,-126.37091797153775,0.5582471419205303,SUPPLEMENTARY 2018-2025 all years
2025,3,3,2025_03_GB_CLE-GB|2025_03_NO_SEA-SEA|2025_03_HOU_JAX-HOU,GB|SEA|HOU,-8.5|-7.5|+1.5,2025_03_GB_CLE|2025_03_NO_SEA|2025_03_HOU_JAX,0.4259800282683873,LOSS,0,2,False,1.3475278971763278,2.347527897176328,134.7527897176328,0.4259800282683873,SUPPLEMENTARY 2018-2025 all years
2025,3,3,2025_03_GB_CLE-GB|2025_03_NO_SEA-SEA|2025_03_LV_WAS-LV,GB|SEA|LV,-8.5|-7.5|+2.5,2025_03_GB_CLE|2025_03_NO_SEA|2025_03_LV_WAS,0.4259800282683873,LOSS,0,1,False,1.3475278971763278,2.347527897176328,134.7527897176328,0.4259800282683873,SUPPLEMENTARY 2018-2025 all years
2025,3,3,2025_03_GB_CLE-GB|2025_03_HOU_JAX-HOU|2025_03_LV_WAS-LV,GB|HOU|LV,-8.5|+1.5|+2.5,2025_03_GB_CLE|2025_03_HOU_JAX|2025_03_LV_WAS,0.4215164230744877,LOSS,0,1,False,1.3723868045428123,2.3723868045428125,137.23868045428122,0.42151642307448767,SUPPLEMENTARY 2018-2025 all years
2025,3,3,2025_03_NO_SEA-SEA|2025_03_HOU_JAX-HOU|2025_03_LV_WAS-LV,SEA|HOU|LV,-7.5|+1.5|+2.5,2025_03_NO_SEA|2025_03_HOU_JAX|2025_03_LV_WAS,0.4215164230744877,LOSS,0,2,False,1.3723868045428123,2.3723868045428125,137.23868045428122,0.42151642307448767,SUPPLEMENTARY 2018-2025 all years
2025,4,2,2025_04_TEN_HOU-HOU|2025_04_MIN_PIT-PIT,HOU|PIT,-7.5|+2.5,2025_04_TEN_HOU|2025_04_MIN_PIT,0.5766383144835873,WIN,1,2,False,0.7341893087620399,1.73418930876204,-136.20465295063465,0.5766383144835873,SUPPLEMENTARY 2018-2025 all years
2025,4,2,2025_04_TEN_HOU-HOU|2025_04_SEA_ARI-ARI,HOU|ARI,-7.5|+1.5,2025_04_TEN_HOU|2025_04_SEA_ARI,0.5705960458213842,WIN,1,2,False,0.752553329668593,1.7525533296685931,-132.88094817683907,0.5705960458213842,SUPPLEMENTARY 2018-2025 all years
2025,4,2,2025_04_TEN_HOU-HOU|2025_04_WAS_ATL-WAS,HOU|WAS,-7.5|+2.5,2025_04_TEN_HOU|2025_04_WAS_ATL,0.5705960458213842,WIN,1,2,False,0.752553329668593,1.7525533296685931,-132.88094817683907,0.5705960458213842,SUPPLEMENTARY 2018-2025 all years
2025,4,2,2025_04_MIN_PIT-PIT|2025_04_SEA_ARI-ARI,PIT|ARI,+2.5|+1.5,2025_04_MIN_PIT|2025_04_SEA_ARI,0.5641586431236891,WIN,1,2,False,0.7725510584453719,1.7725510584453719,-129.44128275642137,0.5641586431236891,SUPPLEMENTARY 2018-2025 all years
2025,4,2,2025_04_MIN_PIT-PIT|2025_04_WAS_ATL-WAS,PIT|WAS,+2.5|+2.5,2025_04_MIN_PIT|2025_04_WAS_ATL,0.5641586431236891,WIN,1,2,False,0.7725510584453719,1.7725510584453719,-129.44128275642137,0.5641586431236891,SUPPLEMENTARY 2018-2025 all years
2025,4,2,2025_04_SEA_ARI-ARI|2025_04_WAS_ATL-WAS,ARI|WAS,+1.5|+2.5,2025_04_SEA_ARI|2025_04_WAS_ATL,0.5582471419205303,WIN,1,2,False,0.7913213071897032,1.7913213071897032,-126.37091797153775,0.5582471419205303,SUPPLEMENTARY 2018-2025 all years
2025,4,3,2025_04_TEN_HOU-HOU|2025_04_MIN_PIT-PIT|2025_04_SEA_ARI-ARI,HOU|PIT|ARI,-7.5|+2.5|+1.5,2025_04_TEN_HOU|2025_04_MIN_PIT|2025_04_SEA_ARI,0.4308407266137248,WIN,1,3,False,1.3210433420714227,2.3210433420714227,132.10433420714227,0.4308407266137248,SUPPLEMENTARY 2018-2025 all years
2025,4,3,2025_04_TEN_HOU-HOU|2025_04_MIN_PIT-PIT|2025_04_WAS_ATL-WAS,HOU|PIT|WAS,-7.5|+2.5|+2.5,2025_04_TEN_HOU|2025_04_MIN_PIT|2025_04_WAS_ATL,0.4308407266137248,WIN,1,3,False,1.3210433420714227,2.3210433420714227,132.10433420714227,0.4308407266137248,SUPPLEMENTARY 2018-2025 all years
2025,4,3,2025_04_TEN_HOU-HOU|2025_04_SEA_ARI-ARI|2025_04_WAS_ATL-WAS,HOU|ARI|WAS,-7.5|+1.5|+2.5,2025_04_TEN_HOU|2025_04_SEA_ARI|2025_04_WAS_ATL,0.4263261888949638,WIN,1,3,False,1.3456217939413877,2.3456217939413877,134.56217939413878,0.4263261888949638,SUPPLEMENTARY 2018-2025 all years
2025,4,3,2025_04_MIN_PIT-PIT|2025_04_SEA_ARI-ARI|2025_04_WAS_ATL-WAS,PIT|ARI|WAS,+2.5|+1.5|+2.5,2025_04_MIN_PIT|2025_04_SEA_ARI|2025_04_WAS_ATL,0.4215164230744877,WIN,1,3,False,1.3723868045428123,2.3723868045428125,137.23868045428122,0.42151642307448767,SUPPLEMENTARY 2018-2025 all years
2025,5,2,2025_05_HOU_BAL-BAL|2025_05_NYG_NO-NYG,BAL|NYG,+2.5|+1.5,2025_05_HOU_BAL|2025_05_NYG_NO,0.5701327435662364,LOSS,0,0,False,0.7539774925833965,1.7539774925833966,-132.6299537899523,0.5701327435662364,SUPPLEMENTARY 2018-2025 all years
2025,5,2,2025_05_HOU_BAL-BAL|2025_05_TEN_ARI-ARI,BAL|ARI,+2.5|-7.5,2025_05_HOU_BAL|2025_05_TEN_ARI,0.5701327435662364,LOSS,0,0,False,0.7539774925833965,1.7539774925833966,-132.6299537899523,0.5701327435662364,SUPPLEMENTARY 2018-2025 all years
2025,5,2,2025_05_HOU_BAL-BAL|2025_05_SF_LA-LA,BAL|LA,+2.5|-8.5,2025_05_HOU_BAL|2025_05_SF_LA,0.5641586431236891,LOSS,0,0,False,0.7725510584453719,1.7725510584453719,-129.44128275642137,0.5641586431236891,SUPPLEMENTARY 2018-2025 all years
2025,5,2,2025_05_NYG_NO-NYG|2025_05_TEN_ARI-ARI,NYG|ARI,+1.5|-7.5,2025_05_NYG_NO|2025_05_TEN_ARI,0.5701327435662364,LOSS,0,0,False,0.7539774925833965,1.7539774925833966,-132.6299537899523,0.5701327435662364,SUPPLEMENTARY 2018-2025 all years
2025,5,2,2025_05_NYG_NO-NYG|2025_05_SF_LA-LA,NYG|LA,+1.5|-8.5,2025_05_NYG_NO|2025_05_SF_LA,0.5641586431236891,LOSS,0,0,False,0.7725510584453719,1.7725510584453719,-129.44128275642137,0.5641586431236891,SUPPLEMENTARY 2018-2025 all years
2025,5,2,2025_05_TEN_ARI-ARI|2025_05_SF_LA-LA,ARI|LA,-7.5|-8.5,2025_05_TEN_ARI|2025_05_SF_LA,0.5641586431236891,LOSS,0,0,False,0.7725510584453719,1.7725510584453719,-129.44128275642137,0.5641586431236891,SUPPLEMENTARY 2018-2025 all years
2025,5,3,2025_05_HOU_BAL-BAL|2025_05_NYG_NO-NYG|2025_05_TEN_ARI-ARI,BAL|NYG|ARI,+2.5|+1.5|-7.5,2025_05_HOU_BAL|2025_05_NYG_NO|2025_05_TEN_ARI,0.43049090035447984,LOSS,0,0,False,1.3229294723223377,2.322929472322338,132.29294723223376,0.43049090035447984,SUPPLEMENTARY 2018-2025 all years
2025,5,3,2025_05_HOU_BAL-BAL|2025_05_NYG_NO-NYG|2025_05_SF_LA-LA,BAL|NYG|LA,+2.5|+1.5|-8.5,2025_05_HOU_BAL|2025_05_NYG_NO|2025_05_SF_LA,0.4259800282683873,LOSS,0,0,False,1.3475278971763278,2.347527897176328,134.7527897176328,0.4259800282683873,SUPPLEMENTARY 2018-2025 all years
2025,5,3,2025_05_HOU_BAL-BAL|2025_05_TEN_ARI-ARI|2025_05_SF_LA-LA,BAL|ARI|LA,+2.5|-7.5|-8.5,2025_05_HOU_BAL|2025_05_TEN_ARI|2025_05_SF_LA,0.4259800282683873,LOSS,0,0,False,1.3475278971763278,2.347527897176328,134.7527897176328,0.4259800282683873,SUPPLEMENTARY 2018-2025 all years
2025,5,3,2025_05_NYG_NO-NYG|2025_05_TEN_ARI-ARI|2025_05_SF_LA-LA,NYG|ARI|LA,+1.5|-7.5|-8.5,2025_05_NYG_NO|2025_05_TEN_ARI|2025_05_SF_LA,0.4259800282683873,LOSS,0,0,False,1.3475278971763278,2.347527897176328,134.7527897176328,0.4259800282683873,SUPPLEMENTARY 2018-2025 all years
2025,6,2,2025_06_DEN_NYJ-DEN|2025_06_ARI_IND-IND,DEN|IND,-7.5|-8.5,2025_06_DEN_NYJ|2025_06_ARI_IND,0.5502390171463583,WIN,1,2,False,0.8173920220819413,1.8173920220819413,-122.3403181074543,0.5502390171463583,SUPPLEMENTARY 2018-2025 all years
2025,7,2,2025_07_MIA_CLE-MIA|2025_07_CAR_NYJ-CAR,MIA|CAR,+2.5|+1.5,2025_07_MIA_CLE|2025_07_CAR_NYJ,0.602507148430688,LOSS,0,1,False,0.6597313452705688,1.6597313452705689,-151.5768512696453,0.602507148430688,SUPPLEMENTARY 2018-2025 all years
2025,7,2,2025_07_MIA_CLE-MIA|2025_07_NYG_DEN-DEN,MIA|DEN,+2.5|-7.5,2025_07_MIA_CLE|2025_07_NYG_DEN,0.602507148430688,LOSS,0,0,False,0.6597313452705688,1.6597313452705689,-151.5768512696453,0.602507148430688,SUPPLEMENTARY 2018-2025 all years
2025,7,2,2025_07_MIA_CLE-MIA|2025_07_PHI_MIN-MIN,MIA|MIN,+2.5|+2.5,2025_07_MIA_CLE|2025_07_PHI_MIN,0.5894676208524032,LOSS,0,1,False,0.6964460211638833,1.6964460211638834,-143.58614589093708,0.5894676208524032,SUPPLEMENTARY 2018-2025 all years
2025,7,2,2025_07_CAR_NYJ-CAR|2025_07_NYG_DEN-DEN,CAR|DEN,+1.5|-7.5,2025_07_CAR_NYJ|2025_07_NYG_DEN,0.5832181180308621,LOSS,0,1,False,0.7146243730841761,1.7146243730841761,-139.93365433146363,0.5832181180308621,SUPPLEMENTARY 2018-2025 all years
2025,7,2,2025_07_CAR_NYJ-CAR|2025_07_PHI_MIN-MIN,CAR|MIN,+1.5|+2.5,2025_07_CAR_NYJ|2025_07_PHI_MIN,0.5705960458213842,WIN,1,2,False,0.752553329668593,1.7525533296685931,-132.88094817683907,0.5705960458213842,SUPPLEMENTARY 2018-2025 all years
2025,7,2,2025_07_NYG_DEN-DEN|2025_07_PHI_MIN-MIN,DEN|MIN,-7.5|+2.5,2025_07_NYG_DEN|2025_07_PHI_MIN,0.5705960458213842,LOSS,0,1,False,0.752553329668593,1.7525533296685931,-132.88094817683907,0.5705960458213842,SUPPLEMENTARY 2018-2025 all years
2025,7,3,2025_07_MIA_CLE-MIA|2025_07_CAR_NYJ-CAR|2025_07_NYG_DEN-DEN,MIA|CAR|DEN,+2.5|+1.5|-7.5,2025_07_MIA_CLE|2025_07_CAR_NYJ|2025_07_NYG_DEN,0.4601269887181862,LOSS,0,1,False,1.1733130733882458,2.173313073388246,117.33130733882457,0.4601269887181862,SUPPLEMENTARY 2018-2025 all years
2025,7,3,2025_07_MIA_CLE-MIA|2025_07_CAR_NYJ-CAR|2025_07_PHI_MIN-MIN,MIA|CAR|MIN,+2.5|+1.5|+2.5,2025_07_MIA_CLE|2025_07_CAR_NYJ|2025_07_PHI_MIN,0.4501688685954104,LOSS,0,2,False,1.2213886160545473,2.221388616054547,122.13886160545474,0.45016886859541044,SUPPLEMENTARY 2018-2025 all years
2025,7,3,2025_07_MIA_CLE-MIA|2025_07_NYG_DEN-DEN|2025_07_PHI_MIN-MIN,MIA|DEN|MIN,+2.5|-7.5|+2.5,2025_07_MIA_CLE|2025_07_NYG_DEN|2025_07_PHI_MIN,0.4501688685954104,LOSS,0,1,False,1.2213886160545473,2.221388616054547,122.13886160545474,0.45016886859541044,SUPPLEMENTARY 2018-2025 all years
2025,7,3,2025_07_CAR_NYJ-CAR|2025_07_NYG_DEN-DEN|2025_07_PHI_MIN-MIN,CAR|DEN|MIN,+1.5|-7.5|+2.5,2025_07_CAR_NYJ|2025_07_NYG_DEN|2025_07_PHI_MIN,0.43575688856495104,LOSS,0,2,False,1.2948575828444917,2.2948575828444917,129.48575828444916,0.435756888564951,SUPPLEMENTARY 2018-2025 all years
2025,8,2,2025_08_SF_HOU-SF|2025_08_CHI_BAL-CHI,SF|CHI,+2.5|+2.5,2025_08_SF_HOU|2025_08_CHI_BAL,0.5586563392136087,LOSS,0,0,False,0.7900092235732037,1.7900092235732037,-126.58080059837911,0.5586563392136087,SUPPLEMENTARY 2018-2025 all years
2025,9,2,2025_09_DEN_HOU-DEN|2025_09_JAX_LV-LV,DEN|LV,+1.5|+2.5,2025_09_DEN_HOU|2025_09_JAX_LV,0.56730756512456,WIN,1,2,False,0.7627122595843341,1.762712259584334,-131.11104317963682,0.56730756512456,SUPPLEMENTARY 2018-2025 all years
2025,10,2,2025_10_CLE_NYJ-NYJ|2025_10_JAX_HOU-HOU,NYJ|HOU,+1.5|+1.5,2025_10_CLE_NYJ|2025_10_JAX_HOU,0.5976814010947663,WIN,1,2,False,0.6731322041614667,1.6731322041614667,-148.55922712028294,0.5976814010947663,SUPPLEMENTARY 2018-2025 all years
2025,10,2,2025_10_CLE_NYJ-NYJ|2025_10_PHI_GB-PHI,NYJ|PHI,+1.5|+1.5,2025_10_CLE_NYJ|2025_10_PHI_GB,0.5719941800953721,WIN,1,2,False,0.7482695362971419,1.7482695362971419,-133.64168277497464,0.5719941800953721,SUPPLEMENTARY 2018-2025 all years
2025,10,2,2025_10_JAX_HOU-HOU|2025_10_PHI_GB-PHI,HOU|PHI,+1.5|+1.5,2025_10_JAX_HOU|2025_10_PHI_GB,0.5719941800953721,WIN,1,2,False,0.7482695362971419,1.7482695362971419,-133.64168277497464,0.5719941800953721,SUPPLEMENTARY 2018-2025 all years
2025,10,3,2025_10_CLE_NYJ-NYJ|2025_10_JAX_HOU-HOU|2025_10_PHI_GB-PHI,NYJ|HOU|PHI,+1.5|+1.5|+1.5,2025_10_CLE_NYJ|2025_10_JAX_HOU|2025_10_PHI_GB,0.4422078834786436,WIN,1,3,False,1.2613798563098095,2.2613798563098095,126.13798563098095,0.4422078834786436,SUPPLEMENTARY 2018-2025 all years
2025,11,2,2025_11_BAL_CLE-BAL|2025_11_GB_NYG-GB,BAL|GB,-7.5|-7.5,2025_11_BAL_CLE|2025_11_GB_NYG,0.583744581974575,WIN,1,2,False,0.7130779982871943,1.7130779982871944,-140.23711324735712,0.583744581974575,SUPPLEMENTARY 2018-2025 all years
2025,11,2,2025_11_BAL_CLE-BAL|2025_11_DET_PHI-DET,BAL|DET,-7.5|+2.5,2025_11_BAL_CLE|2025_11_DET_PHI,0.569341707275378,WIN,1,2,False,0.7564144471086888,1.7564144471086887,-132.20265739534594,0.569341707275378,SUPPLEMENTARY 2018-2025 all years
2025,11,2,2025_11_GB_NYG-GB|2025_11_DET_PHI-DET,GB|DET,-7.5|+2.5,2025_11_GB_NYG|2025_11_DET_PHI,0.5560657171285477,WIN,1,2,False,0.798348592975435,1.798348592975435,-125.25856609492011,0.5560657171285477,SUPPLEMENTARY 2018-2025 all years
2025,11,3,2025_11_BAL_CLE-BAL|2025_11_GB_NYG-GB|2025_11_DET_PHI-DET,BAL|GB|DET,-7.5|-7.5|+2.5,2025_11_BAL_CLE|2025_11_GB_NYG|2025_11_DET_PHI,0.42989361151445526,WIN,1,3,False,1.326156921655894,2.326156921655894,132.6156921655894,0.42989361151445526,SUPPLEMENTARY 2018-2025 all years
2025,14,2,2025_14_DEN_LV-DEN|2025_14_MIA_NYJ-NYJ,DEN|NYJ,-8.5|+2.5,2025_14_DEN_LV|2025_14_MIA_NYJ,0.5733150107556428,LOSS,0,1,False,0.7442417889634115,1.7442417889634116,-134.36493553967338,0.5733150107556428,SUPPLEMENTARY 2018-2025 all years
2025,14,2,2025_14_DEN_LV-DEN|2025_14_NO_TB-TB,DEN|TB,-8.5|-7.5,2025_14_DEN_LV|2025_14_NO_TB,0.5733150107556428,LOSS,0,1,False,0.7442417889634115,1.7442417889634116,-134.36493553967338,0.5733150107556428,SUPPLEMENTARY 2018-2025 all years
2025,14,2,2025_14_DEN_LV-DEN|2025_14_PHI_LAC-LAC,DEN|LAC,-8.5|+1.5,2025_14_DEN_LV|2025_14_PHI_LAC,0.5733150107556428,WIN,1,2,False,0.7442417889634115,1.7442417889634116,-134.36493553967338,0.5733150107556428,SUPPLEMENTARY 2018-2025 all years
2025,14,2,2025_14_MIA_NYJ-NYJ|2025_14_NO_TB-TB,NYJ|TB,+2.5|-7.5,2025_14_MIA_NYJ|2025_14_NO_TB,0.5701327435662364,LOSS,0,0,False,0.7539774925833965,1.7539774925833966,-132.6299537899523,0.5701327435662364,SUPPLEMENTARY 2018-2025 all years
2025,14,2,2025_14_MIA_NYJ-NYJ|2025_14_PHI_LAC-LAC,NYJ|LAC,+2.5|+1.5,2025_14_MIA_NYJ|2025_14_PHI_LAC,0.5701327435662364,LOSS,0,1,False,0.7539774925833965,1.7539774925833966,-132.6299537899523,0.5701327435662364,SUPPLEMENTARY 2018-2025 all years
2025,14,2,2025_14_NO_TB-TB|2025_14_PHI_LAC-LAC,TB|LAC,-7.5|+1.5,2025_14_NO_TB|2025_14_PHI_LAC,0.5701327435662364,LOSS,0,1,False,0.7539774925833965,1.7539774925833966,-132.6299537899523,0.5701327435662364,SUPPLEMENTARY 2018-2025 all years
2025,14,3,2025_14_DEN_LV-DEN|2025_14_MIA_NYJ-NYJ|2025_14_NO_TB-TB,DEN|NYJ|TB,-8.5|+2.5|-7.5,2025_14_DEN_LV|2025_14_MIA_NYJ|2025_14_NO_TB,0.4328937391371938,LOSS,0,1,False,1.3100357191423306,2.3100357191423306,131.00357191423308,0.4328937391371938,SUPPLEMENTARY 2018-2025 all years
2025,14,3,2025_14_DEN_LV-DEN|2025_14_MIA_NYJ-NYJ|2025_14_PHI_LAC-LAC,DEN|NYJ|LAC,-8.5|+2.5|+1.5,2025_14_DEN_LV|2025_14_MIA_NYJ|2025_14_PHI_LAC,0.4328937391371938,LOSS,0,2,False,1.3100357191423306,2.3100357191423306,131.00357191423308,0.4328937391371938,SUPPLEMENTARY 2018-2025 all years
2025,14,3,2025_14_DEN_LV-DEN|2025_14_NO_TB-TB|2025_14_PHI_LAC-LAC,DEN|TB|LAC,-8.5|-7.5|+1.5,2025_14_DEN_LV|2025_14_NO_TB|2025_14_PHI_LAC,0.4328937391371938,LOSS,0,2,False,1.3100357191423306,2.3100357191423306,131.00357191423308,0.4328937391371938,SUPPLEMENTARY 2018-2025 all years
2025,14,3,2025_14_MIA_NYJ-NYJ|2025_14_NO_TB-TB|2025_14_PHI_LAC-LAC,NYJ|TB|LAC,+2.5|-7.5|+1.5,2025_14_MIA_NYJ|2025_14_NO_TB|2025_14_PHI_LAC,0.43049090035447984,LOSS,0,1,False,1.3229294723223377,2.322929472322338,132.29294723223376,0.43049090035447984,SUPPLEMENTARY 2018-2025 all years
2025,15,2,2025_15_CLE_CHI-CHI|2025_15_CAR_NO-NO,CHI|NO,-7.5|+2.5,2025_15_CLE_CHI|2025_15_CAR_NO,0.5801116177424754,WIN,1,2,False,0.7238061942140287,1.7238061942140286,-138.1585302797645,0.5801116177424754,SUPPLEMENTARY 2018-2025 all years
2025,15,2,2025_15_CLE_CHI-CHI|2025_15_GB_DEN-DEN,CHI|DEN,-7.5|+1.5,2025_15_CLE_CHI|2025_15_GB_DEN,0.5770086939476157,WIN,1,2,False,0.7330761399078435,1.7330761399078436,-136.41147836645072,0.5770086939476157,SUPPLEMENTARY 2018-2025 all years
2025,15,2,2025_15_CLE_CHI-CHI|2025_15_WAS_NYG-WAS,CHI|WAS,-7.5|+2.5,2025_15_CLE_CHI|2025_15_WAS_NYG,0.5657983800698777,WIN,1,2,False,0.7674140386837042,1.7674140386837043,-130.3077543010857,0.5657983800698777,SUPPLEMENTARY 2018-2025 all years
2025,15,2,2025_15_CAR_NO-NO|2025_15_GB_DEN-DEN,NO|DEN,+2.5|+1.5,2025_15_CAR_NO|2025_15_GB_DEN,0.5670831951653187,WIN,1,2,False,0.7634096875476541,1.7634096875476541,-130.99126410255008,0.5670831951653187,SUPPLEMENTARY 2018-2025 all years
2025,15,2,2025_15_CAR_NO-NO|2025_15_WAS_NYG-WAS,NO|WAS,+2.5|+2.5,2025_15_CAR_NO|2025_15_WAS_NYG,0.5560657171285477,WIN,1,2,False,0.798348592975435,1.798348592975435,-125.25856609492011,0.5560657171285477,SUPPLEMENTARY 2018-2025 all years
2025,15,2,2025_15_GB_DEN-DEN|2025_15_WAS_NYG-WAS,DEN|WAS,+1.5|+2.5,2025_15_GB_DEN|2025_15_WAS_NYG,0.5530914109908797,WIN,1,2,False,0.8080193981108301,1.8080193981108301,-123.75940507592088,0.5530914109908797,SUPPLEMENTARY 2018-2025 all years
2025,15,3,2025_15_CLE_CHI-CHI|2025_15_CAR_NO-NO|2025_15_GB_DEN-DEN,CHI|NO|DEN,-7.5|+2.5|+1.5,2025_15_CLE_CHI|2025_15_CAR_NO|2025_15_GB_DEN,0.4356827334913689,WIN,1,3,False,1.2952481774672178,2.2952481774672178,129.52481774672177,0.4356827334913689,SUPPLEMENTARY 2018-2025 all years
2025,15,3,2025_15_CLE_CHI-CHI|2025_15_CAR_NO-NO|2025_15_WAS_NYG-WAS,CHI|NO|WAS,-7.5|+2.5|+2.5,2025_15_CLE_CHI|2025_15_CAR_NO|2025_15_WAS_NYG,0.42721814665796404,WIN,1,3,False,1.3407245404315935,2.3407245404315935,134.07245404315935,0.42721814665796404,SUPPLEMENTARY 2018-2025 all years
2025,15,3,2025_15_CLE_CHI-CHI|2025_15_GB_DEN-DEN|2025_15_WAS_NYG-WAS,CHI|DEN|WAS,-7.5|+1.5|+2.5,2025_15_CLE_CHI|2025_15_GB_DEN|2025_15_WAS_NYG,0.4249330254634953,WIN,1,3,False,1.3533120281937392,2.353312028193739,135.3312028193739,0.4249330254634953,SUPPLEMENTARY 2018-2025 all years
2025,15,3,2025_15_CAR_NO-NO|2025_15_GB_DEN-DEN|2025_15_WAS_NYG-WAS,NO|DEN|WAS,+2.5|+1.5|+2.5,2025_15_CAR_NO|2025_15_GB_DEN|2025_15_WAS_NYG,0.4176234783612837,WIN,1,3,False,1.3945013913583315,2.3945013913583315,139.45013913583315,0.4176234783612838,SUPPLEMENTARY 2018-2025 all years
2025,16,2,2025_16_MIN_NYG-NYG|2025_16_LA_SEA-LA,NYG|LA,+2.5|+1.5,2025_16_MIN_NYG|2025_16_LA_SEA,0.5670831951653187,WIN,1,2,False,0.7634096875476541,1.7634096875476541,-130.99126410255008,0.5670831951653187,SUPPLEMENTARY 2018-2025 all years
2025,16,2,2025_16_MIN_NYG-NYG|2025_16_GB_CHI-GB,NYG|GB,+2.5|+1.5,2025_16_MIN_NYG|2025_16_GB_CHI,0.5586563392136087,WIN,1,2,False,0.7900092235732037,1.7900092235732037,-126.58080059837911,0.5586563392136087,SUPPLEMENTARY 2018-2025 all years
2025,16,2,2025_16_LA_SEA-LA|2025_16_GB_CHI-GB,LA|GB,+1.5|+1.5,2025_16_LA_SEA|2025_16_GB_CHI,0.5556681762548301,WIN,1,2,False,0.7996351828890751,1.799635182889075,-125.0570286798798,0.5556681762548301,SUPPLEMENTARY 2018-2025 all years
2025,16,3,2025_16_MIN_NYG-NYG|2025_16_LA_SEA-LA|2025_16_GB_CHI-GB,NYG|LA|GB,+2.5|+1.5|+1.5,2025_16_MIN_NYG|2025_16_LA_SEA|2025_16_GB_CHI,0.41956911998772595,WIN,1,3,False,1.3833975198871975,2.3833975198871977,138.33975198871974,0.4195691199877259,SUPPLEMENTARY 2018-2025 all years
2025,17,2,2025_17_BAL_GB-BAL|2025_17_NO_TEN-TEN,BAL|TEN,+2.5|+1.5,2025_17_BAL_GB|2025_17_NO_TEN,0.5867310538506287,LOSS,0,1,False,0.7043583997082625,1.7043583997082625,-141.97317735036438,0.5867310538506287,SUPPLEMENTARY 2018-2025 all years
2025,17,2,2025_17_BAL_GB-BAL|2025_17_HOU_LAC-HOU,BAL|HOU,+2.5|+1.5,2025_17_BAL_GB|2025_17_HOU_LAC,0.5833495832657114,WIN,1,2,False,0.7142379607126718,1.7142379607126719,-140.00936032610096,0.5833495832657114,SUPPLEMENTARY 2018-2025 all years
2025,17,2,2025_17_NO_TEN-TEN|2025_17_HOU_LAC-HOU,TEN|HOU,+1.5|+1.5,2025_17_NO_TEN|2025_17_HOU_LAC,0.5798568933304319,LOSS,0,1,False,0.7245634422942856,1.7245634422942855,-138.01413949806266,0.5798568933304319,SUPPLEMENTARY 2018-2025 all years
2025,17,3,2025_17_BAL_GB-BAL|2025_17_NO_TEN-TEN|2025_17_HOU_LAC-HOU,BAL|TEN|HOU,+2.5|+1.5|+1.5,2025_17_BAL_GB|2025_17_NO_TEN|2025_17_HOU_LAC,0.4454966016871066,LOSS,0,2,False,1.2446860339966128,2.244686033996613,124.46860339966128,0.4454966016871066,SUPPLEMENTARY 2018-2025 all years
