leg_id,season,week,game_type,gameday,game_id,league,team,opponent,side,archived_reference_line,source_spread_line,teased_line,game_total,geometry_class,track,shape,secondary_reason,key_numbers_crossed,p_raw,bump,p_est,total_ok,final_margin,home_score,away_score,outcome,won,cover_margin,total_bucket,p_est_bucket,line_provenance
2025_01_ARI_NO-ARI,2025,1,REG,2025-09-07,2025_01_ARI_NO,NFL,ARI,NO,away,-6.0,-6.0,0.0,44.5,SECONDARY,PAPER,-6.0,whole_number_line,1,0.6734422108808652,0.04,0.7134422108808652,True,7,13,20,WIN,1.0,7.0,43.5-45,70-71.9%,archived_reference_line
2025_01_ARI_NO-NO,2025,1,REG,2025-09-07,2025_01_ARI_NO,NFL,NO,ARI,home,6.0,-6.0,12.0,44.5,SECONDARY,PAPER,6.0,whole_number_line,1,0.6734422108808652,0.04,0.7134422108808652,True,-7,13,20,WIN,1.0,5.0,43.5-45,70-71.9%,archived_reference_line
2025_01_BAL_BUF-BAL,2025,1,REG,2025-09-07,2025_01_BAL_BUF,NFL,BAL,BUF,away,-1.5,-1.5,4.5,50.5,SECONDARY,PAPER,-1.5,other_half_point_shape,1,0.6539620939680577,0.04,0.6939620939680577,False,-1,41,40,WIN,1.0,3.5,out-of-range,<70%,archived_reference_line
2025_01_BAL_BUF-BUF,2025,1,REG,2025-09-07,2025_01_BAL_BUF,NFL,BUF,BAL,home,1.5,-1.5,7.5,50.5,PRIMARY,LIVE,+1.5,,2,0.6539620939680577,0.07,0.7239620939680578,False,1,41,40,WIN,1.0,8.5,out-of-range,72-73.9%,archived_reference_line
2025_01_CAR_JAX-CAR,2025,1,REG,2025-09-07,2025_01_CAR_JAX,NFL,CAR,JAX,away,4.5,4.5,10.5,45.5,SECONDARY,PAPER,4.5,other_half_point_shape,1,0.6698722507821999,0.04,0.7098722507822,True,-16,26,10,LOSS,0.0,-5.5,45.5-47,70-71.9%,archived_reference_line
2025_01_CAR_JAX-JAX,2025,1,REG,2025-09-07,2025_01_CAR_JAX,NFL,JAX,CAR,home,-4.5,4.5,1.5,45.5,SECONDARY,PAPER,-4.5,other_half_point_shape,1,0.6698722507821999,0.04,0.7098722507822,True,16,26,10,WIN,1.0,17.5,45.5-47,70-71.9%,archived_reference_line
2025_01_CIN_CLE-CIN,2025,1,REG,2025-09-07,2025_01_CIN_CLE,NFL,CIN,CLE,away,-5.5,-5.5,0.5,47.5,SECONDARY,PAPER,-5.5,other_half_point_shape,1,0.6631416751252381,0.04,0.7031416751252382,False,1,16,17,WIN,1.0,1.5,out-of-range,70-71.9%,archived_reference_line
2025_01_CIN_CLE-CLE,2025,1,REG,2025-09-07,2025_01_CIN_CLE,NFL,CLE,CIN,home,5.5,-5.5,11.5,47.5,SECONDARY,PAPER,5.5,other_half_point_shape,1,0.6631416751252381,0.04,0.7031416751252382,False,-1,16,17,WIN,1.0,10.5,out-of-range,70-71.9%,archived_reference_line
2025_01_DAL_PHI-DAL,2025,1,REG,2025-09-04,2025_01_DAL_PHI,NFL,DAL,PHI,away,8.5,8.5,14.5,47.5,SECONDARY,PAPER,8.5,other_half_point_shape,0,0.6631416751252381,0.0,0.6631416751252381,False,-4,24,20,WIN,1.0,10.5,out-of-range,<70%,archived_reference_line
2025_01_DAL_PHI-PHI,2025,1,REG,2025-09-04,2025_01_DAL_PHI,NFL,PHI,DAL,home,-8.5,8.5,-2.5,47.5,PRIMARY,LIVE,-8.5,,2,0.6631416751252381,0.07,0.7331416751252382,False,4,24,20,WIN,1.0,1.5,out-of-range,72-73.9%,archived_reference_line
2025_01_DET_GB-DET,2025,1,REG,2025-09-07,2025_01_DET_GB,NFL,DET,GB,away,1.5,1.5,7.5,48.5,PRIMARY,LIVE,+1.5,,2,0.6599662912879087,0.07,0.7299662912879088,False,-14,27,13,LOSS,0.0,-6.5,out-of-range,72-73.9%,archived_reference_line
2025_01_DET_GB-GB,2025,1,REG,2025-09-07,2025_01_DET_GB,NFL,GB,DET,home,-1.5,1.5,4.5,48.5,SECONDARY,PAPER,-1.5,other_half_point_shape,1,0.6599662912879087,0.04,0.6999662912879088,False,14,27,13,WIN,1.0,18.5,out-of-range,<70%,archived_reference_line
2025_01_HOU_LA-HOU,2025,1,REG,2025-09-07,2025_01_HOU_LA,NFL,HOU,LA,away,3.5,3.5,9.5,43.5,SECONDARY,PAPER,3.5,other_half_point_shape,1,0.6771593818727903,0.04,0.7171593818727904,True,-5,14,9,WIN,1.0,4.5,43.5-45,70-71.9%,archived_reference_line
2025_01_HOU_LA-LA,2025,1,REG,2025-09-07,2025_01_HOU_LA,NFL,LA,HOU,home,-3.5,3.5,2.5,43.5,SECONDARY,PAPER,-3.5,other_half_point_shape,1,0.6771593818727903,0.04,0.7171593818727904,True,5,14,9,WIN,1.0,7.5,43.5-45,70-71.9%,archived_reference_line
2025_01_KC_LAC-KC,2025,1,REG,2025-09-05,2025_01_KC_LAC,NFL,KC,LAC,away,-3.0,-3.0,3.0,47.5,SECONDARY,PAPER,-3.0,whole_number_line,1,0.6631416751252381,0.04,0.7031416751252382,False,-6,27,21,LOSS,0.0,-3.0,out-of-range,70-71.9%,archived_reference_line
2025_01_KC_LAC-LAC,2025,1,REG,2025-09-05,2025_01_KC_LAC,NFL,LAC,KC,home,3.0,-3.0,9.0,47.5,SECONDARY,PAPER,3.0,whole_number_line,2,0.6631416751252381,0.07,0.7331416751252382,False,6,27,21,WIN,1.0,15.0,out-of-range,72-73.9%,archived_reference_line
2025_01_LV_NE-LV,2025,1,REG,2025-09-07,2025_01_LV_NE,NFL,LV,NE,away,2.5,2.5,8.5,44.5,PRIMARY,LIVE,+2.5,,2,0.6734422108808652,0.07,0.7434422108808652,True,7,13,20,WIN,1.0,15.5,43.5-45,>=74%,archived_reference_line
2025_01_LV_NE-NE,2025,1,REG,2025-09-07,2025_01_LV_NE,NFL,NE,LV,home,-2.5,2.5,3.5,44.5,SECONDARY,PAPER,-2.5,other_half_point_shape,1,0.6734422108808652,0.04,0.7134422108808652,True,-7,13,20,LOSS,0.0,-3.5,43.5-45,70-71.9%,archived_reference_line
2025_01_MIA_IND-MIA,2025,1,REG,2025-09-07,2025_01_MIA_IND,NFL,MIA,IND,away,1.5,1.5,7.5,47.5,PRIMARY,LIVE,+1.5,,2,0.6631416751252381,0.07,0.7331416751252382,False,-25,33,8,LOSS,0.0,-17.5,out-of-range,72-73.9%,archived_reference_line
2025_01_MIA_IND-IND,2025,1,REG,2025-09-07,2025_01_MIA_IND,NFL,IND,MIA,home,-1.5,1.5,4.5,47.5,SECONDARY,PAPER,-1.5,other_half_point_shape,1,0.6631416751252381,0.04,0.7031416751252382,False,25,33,8,WIN,1.0,29.5,out-of-range,70-71.9%,archived_reference_line
2025_01_MIN_CHI-MIN,2025,1,REG,2025-09-08,2025_01_MIN_CHI,NFL,MIN,CHI,away,-1.5,-1.5,4.5,43.5,SECONDARY,PAPER,-1.5,other_half_point_shape,1,0.6771593818727903,0.04,0.7171593818727904,True,3,24,27,WIN,1.0,7.5,43.5-45,70-71.9%,archived_reference_line
2025_01_MIN_CHI-CHI,2025,1,REG,2025-09-08,2025_01_MIN_CHI,NFL,CHI,MIN,home,1.5,-1.5,7.5,43.5,PRIMARY,LIVE,+1.5,,2,0.6771593818727903,0.07,0.7471593818727904,True,-3,24,27,WIN,1.0,4.5,43.5-45,>=74%,archived_reference_line
2025_01_NYG_WAS-NYG,2025,1,REG,2025-09-07,2025_01_NYG_WAS,NFL,NYG,WAS,away,6.0,6.0,12.0,45.5,SECONDARY,PAPER,6.0,whole_number_line,1,0.6698722507821999,0.04,0.7098722507822,True,-15,21,6,LOSS,0.0,-3.0,45.5-47,70-71.9%,archived_reference_line
2025_01_NYG_WAS-WAS,2025,1,REG,2025-09-07,2025_01_NYG_WAS,NFL,WAS,NYG,home,-6.0,6.0,0.0,45.5,SECONDARY,PAPER,-6.0,whole_number_line,1,0.6698722507821999,0.04,0.7098722507822,True,15,21,6,WIN,1.0,15.0,45.5-47,70-71.9%,archived_reference_line
2025_01_PIT_NYJ-PIT,2025,1,REG,2025-09-07,2025_01_PIT_NYJ,NFL,PIT,NYJ,away,-3.0,-3.0,3.0,37.5,SECONDARY,PAPER,-3.0,whole_number_line,1,0.7030985713961488,0.04,0.7430985713961489,True,2,32,34,WIN,1.0,5.0,<=40,>=74%,archived_reference_line
2025_01_PIT_NYJ-NYJ,2025,1,REG,2025-09-07,2025_01_PIT_NYJ,NFL,NYJ,PIT,home,3.0,-3.0,9.0,37.5,SECONDARY,PAPER,3.0,whole_number_line,2,0.7030985713961488,0.07,0.7730985713961489,True,-2,32,34,WIN,1.0,7.0,<=40,>=74%,archived_reference_line
2025_01_SF_SEA-SF,2025,1,REG,2025-09-07,2025_01_SF_SEA,NFL,SF,SEA,away,-2.5,-2.5,3.5,43.5,SECONDARY,PAPER,-2.5,other_half_point_shape,1,0.6771593818727903,0.04,0.7171593818727904,True,4,13,17,WIN,1.0,7.5,43.5-45,70-71.9%,archived_reference_line
2025_01_SF_SEA-SEA,2025,1,REG,2025-09-07,2025_01_SF_SEA,NFL,SEA,SF,home,2.5,-2.5,8.5,43.5,PRIMARY,LIVE,+2.5,,2,0.6771593818727903,0.07,0.7471593818727904,True,-4,13,17,WIN,1.0,4.5,43.5-45,>=74%,archived_reference_line
2025_01_TB_ATL-TB,2025,1,REG,2025-09-07,2025_01_TB_ATL,NFL,TB,ATL,away,-1.5,-1.5,4.5,47.5,SECONDARY,PAPER,-1.5,other_half_point_shape,1,0.6631416751252381,0.04,0.7031416751252382,False,3,20,23,WIN,1.0,7.5,out-of-range,70-71.9%,archived_reference_line
2025_01_TB_ATL-ATL,2025,1,REG,2025-09-07,2025_01_TB_ATL,NFL,ATL,TB,home,1.5,-1.5,7.5,47.5,PRIMARY,LIVE,+1.5,,2,0.6631416751252381,0.07,0.7331416751252382,False,-3,20,23,WIN,1.0,4.5,out-of-range,72-73.9%,archived_reference_line
2025_01_TEN_DEN-TEN,2025,1,REG,2025-09-07,2025_01_TEN_DEN,NFL,TEN,DEN,away,8.5,8.5,14.5,42.5,SECONDARY,PAPER,8.5,other_half_point_shape,0,0.6810325947045215,0.0,0.6810325947045215,True,-8,20,12,WIN,1.0,6.5,40.5-43,<70%,archived_reference_line
2025_01_TEN_DEN-DEN,2025,1,REG,2025-09-07,2025_01_TEN_DEN,NFL,DEN,TEN,home,-8.5,8.5,-2.5,42.5,PRIMARY,LIVE,-8.5,,2,0.6810325947045215,0.07,0.7510325947045215,True,8,20,12,WIN,1.0,5.5,40.5-43,>=74%,archived_reference_line
2025_02_ATL_MIN-ATL,2025,2,REG,2025-09-14,2025_02_ATL_MIN,NFL,ATL,MIN,away,3.5,3.5,9.5,44.5,SECONDARY,PAPER,3.5,other_half_point_shape,1,0.6734422108808652,0.04,0.7134422108808652,True,16,6,22,WIN,1.0,25.5,43.5-45,70-71.9%,archived_reference_line
2025_02_ATL_MIN-MIN,2025,2,REG,2025-09-14,2025_02_ATL_MIN,NFL,MIN,ATL,home,-3.5,3.5,2.5,44.5,SECONDARY,PAPER,-3.5,other_half_point_shape,1,0.6734422108808652,0.04,0.7134422108808652,True,-16,6,22,LOSS,0.0,-13.5,43.5-45,70-71.9%,archived_reference_line
2025_02_BUF_NYJ-BUF,2025,2,REG,2025-09-14,2025_02_BUF_NYJ,NFL,BUF,NYJ,away,-6.0,-6.0,0.0,47.5,SECONDARY,PAPER,-6.0,whole_number_line,1,0.6631416751252381,0.04,0.7031416751252382,False,20,10,30,WIN,1.0,20.0,out-of-range,70-71.9%,archived_reference_line
2025_02_BUF_NYJ-NYJ,2025,2,REG,2025-09-14,2025_02_BUF_NYJ,NFL,NYJ,BUF,home,6.0,-6.0,12.0,47.5,SECONDARY,PAPER,6.0,whole_number_line,1,0.6631416751252381,0.04,0.7031416751252382,False,-20,10,30,LOSS,0.0,-8.0,out-of-range,70-71.9%,archived_reference_line
2025_02_CAR_ARI-CAR,2025,2,REG,2025-09-14,2025_02_CAR_ARI,NFL,CAR,ARI,away,7.0,7.0,13.0,45.5,SECONDARY,PAPER,7.0,whole_number_line,1,0.6698722507821999,0.04,0.7098722507822,True,-5,27,22,WIN,1.0,8.0,45.5-47,70-71.9%,archived_reference_line
2025_02_CAR_ARI-ARI,2025,2,REG,2025-09-14,2025_02_CAR_ARI,NFL,ARI,CAR,home,-7.0,7.0,-1.0,45.5,SECONDARY,PAPER,-7.0,whole_number_line,2,0.6698722507821999,0.07,0.7398722507822,True,5,27,22,WIN,1.0,4.0,45.5-47,72-73.9%,archived_reference_line
2025_02_CHI_DET-CHI,2025,2,REG,2025-09-14,2025_02_CHI_DET,NFL,CHI,DET,away,6.0,6.0,12.0,46.5,SECONDARY,PAPER,6.0,whole_number_line,1,0.6664412874896358,0.04,0.7064412874896359,True,-31,52,21,LOSS,0.0,-19.0,45.5-47,70-71.9%,archived_reference_line
2025_02_CHI_DET-DET,2025,2,REG,2025-09-14,2025_02_CHI_DET,NFL,DET,CHI,home,-6.0,6.0,0.0,46.5,SECONDARY,PAPER,-6.0,whole_number_line,1,0.6664412874896358,0.04,0.7064412874896359,True,31,52,21,WIN,1.0,31.0,45.5-47,70-71.9%,archived_reference_line
2025_02_CLE_BAL-CLE,2025,2,REG,2025-09-14,2025_02_CLE_BAL,NFL,CLE,BAL,away,12.5,12.5,18.5,46.5,SECONDARY,PAPER,12.5,other_half_point_shape,0,0.6664412874896358,0.0,0.6664412874896358,True,-24,41,17,LOSS,0.0,-5.5,45.5-47,<70%,archived_reference_line
2025_02_CLE_BAL-BAL,2025,2,REG,2025-09-14,2025_02_CLE_BAL,NFL,BAL,CLE,home,-12.5,12.5,-6.5,46.5,SECONDARY,PAPER,-12.5,other_half_point_shape,1,0.6664412874896358,0.04,0.7064412874896359,True,24,41,17,WIN,1.0,17.5,45.5-47,70-71.9%,archived_reference_line
2025_02_DEN_IND-DEN,2025,2,REG,2025-09-14,2025_02_DEN_IND,NFL,DEN,IND,away,-2.5,-2.5,3.5,43.5,SECONDARY,PAPER,-2.5,other_half_point_shape,1,0.6771593818727903,0.04,0.7171593818727904,True,-1,29,28,WIN,1.0,2.5,43.5-45,70-71.9%,archived_reference_line
2025_02_DEN_IND-IND,2025,2,REG,2025-09-14,2025_02_DEN_IND,NFL,IND,DEN,home,2.5,-2.5,8.5,43.5,PRIMARY,LIVE,+2.5,,2,0.6771593818727903,0.07,0.7471593818727904,True,1,29,28,WIN,1.0,9.5,43.5-45,>=74%,archived_reference_line
2025_02_JAX_CIN-JAX,2025,2,REG,2025-09-14,2025_02_JAX_CIN,NFL,JAX,CIN,away,3.5,3.5,9.5,49.5,SECONDARY,PAPER,3.5,other_half_point_shape,1,0.6569084959850626,0.04,0.6969084959850627,False,-4,31,27,WIN,1.0,5.5,out-of-range,<70%,archived_reference_line
2025_02_JAX_CIN-CIN,2025,2,REG,2025-09-14,2025_02_JAX_CIN,NFL,CIN,JAX,home,-3.5,3.5,2.5,49.5,SECONDARY,PAPER,-3.5,other_half_point_shape,1,0.6569084959850626,0.04,0.6969084959850627,False,4,31,27,WIN,1.0,6.5,out-of-range,<70%,archived_reference_line
2025_02_LAC_LV-LAC,2025,2,REG,2025-09-15,2025_02_LAC_LV,NFL,LAC,LV,away,-3.5,-3.5,2.5,46.5,SECONDARY,PAPER,-3.5,other_half_point_shape,1,0.6664412874896358,0.04,0.7064412874896359,True,11,9,20,WIN,1.0,13.5,45.5-47,70-71.9%,archived_reference_line
2025_02_LAC_LV-LV,2025,2,REG,2025-09-15,2025_02_LAC_LV,NFL,LV,LAC,home,3.5,-3.5,9.5,46.5,SECONDARY,PAPER,3.5,other_half_point_shape,1,0.6664412874896358,0.04,0.7064412874896359,True,-11,9,20,LOSS,0.0,-1.5,45.5-47,70-71.9%,archived_reference_line
2025_02_LA_TEN-LA,2025,2,REG,2025-09-14,2025_02_LA_TEN,NFL,LA,TEN,away,-5.5,-5.5,0.5,41.5,SECONDARY,PAPER,-5.5,other_half_point_shape,1,0.6850713499837193,0.04,0.7250713499837194,True,14,19,33,WIN,1.0,14.5,40.5-43,72-73.9%,archived_reference_line
2025_02_LA_TEN-TEN,2025,2,REG,2025-09-14,2025_02_LA_TEN,NFL,TEN,LA,home,5.5,-5.5,11.5,41.5,SECONDARY,PAPER,5.5,other_half_point_shape,1,0.6850713499837193,0.04,0.7250713499837194,True,-14,19,33,LOSS,0.0,-2.5,40.5-43,72-73.9%,archived_reference_line
2025_02_NE_MIA-NE,2025,2,REG,2025-09-14,2025_02_NE_MIA,NFL,NE,MIA,away,1.5,1.5,7.5,43.5,PRIMARY,LIVE,+1.5,,2,0.6771593818727903,0.07,0.7471593818727904,True,6,27,33,WIN,1.0,13.5,43.5-45,>=74%,archived_reference_line
2025_02_NE_MIA-MIA,2025,2,REG,2025-09-14,2025_02_NE_MIA,NFL,MIA,NE,home,-1.5,1.5,4.5,43.5,SECONDARY,PAPER,-1.5,other_half_point_shape,1,0.6771593818727903,0.04,0.7171593818727904,True,-6,27,33,LOSS,0.0,-1.5,43.5-45,70-71.9%,archived_reference_line
2025_02_NYG_DAL-NYG,2025,2,REG,2025-09-14,2025_02_NYG_DAL,NFL,NYG,DAL,away,4.5,4.5,10.5,44.5,SECONDARY,PAPER,4.5,other_half_point_shape,1,0.6734422108808652,0.04,0.7134422108808652,True,-3,40,37,WIN,1.0,7.5,43.5-45,70-71.9%,archived_reference_line
2025_02_NYG_DAL-DAL,2025,2,REG,2025-09-14,2025_02_NYG_DAL,NFL,DAL,NYG,home,-4.5,4.5,1.5,44.5,SECONDARY,PAPER,-4.5,other_half_point_shape,1,0.6734422108808652,0.04,0.7134422108808652,True,3,40,37,WIN,1.0,4.5,43.5-45,70-71.9%,archived_reference_line
2025_02_PHI_KC-PHI,2025,2,REG,2025-09-14,2025_02_PHI_KC,NFL,PHI,KC,away,-1.5,-1.5,4.5,46.5,SECONDARY,PAPER,-1.5,other_half_point_shape,1,0.6664412874896358,0.04,0.7064412874896359,True,3,17,20,WIN,1.0,7.5,45.5-47,70-71.9%,archived_reference_line
2025_02_PHI_KC-KC,2025,2,REG,2025-09-14,2025_02_PHI_KC,NFL,KC,PHI,home,1.5,-1.5,7.5,46.5,PRIMARY,LIVE,+1.5,,2,0.6664412874896358,0.07,0.7364412874896358,True,-3,17,20,WIN,1.0,4.5,45.5-47,72-73.9%,archived_reference_line
2025_02_SEA_PIT-SEA,2025,2,REG,2025-09-14,2025_02_SEA_PIT,NFL,SEA,PIT,away,3.5,3.5,9.5,40.5,SECONDARY,PAPER,3.5,other_half_point_shape,1,0.6892858751269062,0.04,0.7292858751269062,True,14,17,31,WIN,1.0,23.5,40.5-43,72-73.9%,archived_reference_line
2025_02_SEA_PIT-PIT,2025,2,REG,2025-09-14,2025_02_SEA_PIT,NFL,PIT,SEA,home,-3.5,3.5,2.5,40.5,SECONDARY,PAPER,-3.5,other_half_point_shape,1,0.6892858751269062,0.04,0.7292858751269062,True,-14,17,31,LOSS,0.0,-11.5,40.5-43,72-73.9%,archived_reference_line
2025_02_SF_NO-SF,2025,2,REG,2025-09-14,2025_02_SF_NO,NFL,SF,NO,away,-3.0,-3.0,3.0,40.5,SECONDARY,PAPER,-3.0,whole_number_line,1,0.6892858751269062,0.04,0.7292858751269062,True,5,21,26,WIN,1.0,8.0,40.5-43,72-73.9%,archived_reference_line
2025_02_SF_NO-NO,2025,2,REG,2025-09-14,2025_02_SF_NO,NFL,NO,SF,home,3.0,-3.0,9.0,40.5,SECONDARY,PAPER,3.0,whole_number_line,2,0.6892858751269062,0.07,0.7592858751269063,True,-5,21,26,WIN,1.0,4.0,40.5-43,>=74%,archived_reference_line
2025_02_TB_HOU-TB,2025,2,REG,2025-09-15,2025_02_TB_HOU,NFL,TB,HOU,away,2.5,2.5,8.5,42.5,PRIMARY,LIVE,+2.5,,2,0.6810325947045215,0.07,0.7510325947045215,True,1,19,20,WIN,1.0,9.5,40.5-43,>=74%,archived_reference_line
2025_02_TB_HOU-HOU,2025,2,REG,2025-09-15,2025_02_TB_HOU,NFL,HOU,TB,home,-2.5,2.5,3.5,42.5,SECONDARY,PAPER,-2.5,other_half_point_shape,1,0.6810325947045215,0.04,0.7210325947045215,True,-1,19,20,WIN,1.0,2.5,40.5-43,72-73.9%,archived_reference_line
2025_02_WAS_GB-WAS,2025,2,REG,2025-09-11,2025_02_WAS_GB,NFL,WAS,GB,away,3.5,3.5,9.5,48.5,SECONDARY,PAPER,3.5,other_half_point_shape,1,0.6599662912879087,0.04,0.6999662912879088,False,-9,27,18,WIN,1.0,0.5,out-of-range,<70%,archived_reference_line
2025_02_WAS_GB-GB,2025,2,REG,2025-09-11,2025_02_WAS_GB,NFL,GB,WAS,home,-3.5,3.5,2.5,48.5,SECONDARY,PAPER,-3.5,other_half_point_shape,1,0.6599662912879087,0.04,0.6999662912879088,False,9,27,18,WIN,1.0,11.5,out-of-range,<70%,archived_reference_line
2025_03_ARI_SF-ARI,2025,3,REG,2025-09-21,2025_03_ARI_SF,NFL,ARI,SF,away,1.5,1.5,7.5,44.5,PRIMARY,LIVE,+1.5,,2,0.6734422108808652,0.07,0.7434422108808652,True,-1,16,15,WIN,1.0,6.5,43.5-45,>=74%,archived_reference_line
2025_03_ARI_SF-SF,2025,3,REG,2025-09-21,2025_03_ARI_SF,NFL,SF,ARI,home,-1.5,1.5,4.5,44.5,SECONDARY,PAPER,-1.5,other_half_point_shape,1,0.6734422108808652,0.04,0.7134422108808652,True,1,16,15,WIN,1.0,5.5,43.5-45,70-71.9%,archived_reference_line
2025_03_ATL_CAR-ATL,2025,3,REG,2025-09-21,2025_03_ATL_CAR,NFL,ATL,CAR,away,-5.5,-5.5,0.5,44.5,SECONDARY,PAPER,-5.5,other_half_point_shape,1,0.6734422108808652,0.04,0.7134422108808652,True,-30,30,0,LOSS,0.0,-29.5,43.5-45,70-71.9%,archived_reference_line
2025_03_ATL_CAR-CAR,2025,3,REG,2025-09-21,2025_03_ATL_CAR,NFL,CAR,ATL,home,5.5,-5.5,11.5,44.5,SECONDARY,PAPER,5.5,other_half_point_shape,1,0.6734422108808652,0.04,0.7134422108808652,True,30,30,0,WIN,1.0,41.5,43.5-45,70-71.9%,archived_reference_line
2025_03_CIN_MIN-CIN,2025,3,REG,2025-09-21,2025_03_CIN_MIN,NFL,CIN,MIN,away,3.0,3.0,9.0,41.5,SECONDARY,PAPER,3.0,whole_number_line,2,0.6850713499837193,0.07,0.7550713499837194,True,-38,48,10,LOSS,0.0,-29.0,40.5-43,>=74%,archived_reference_line
2025_03_CIN_MIN-MIN,2025,3,REG,2025-09-21,2025_03_CIN_MIN,NFL,MIN,CIN,home,-3.0,3.0,3.0,41.5,SECONDARY,PAPER,-3.0,whole_number_line,1,0.6850713499837193,0.04,0.7250713499837194,True,38,48,10,WIN,1.0,41.0,40.5-43,72-73.9%,archived_reference_line
2025_03_DAL_CHI-DAL,2025,3,REG,2025-09-21,2025_03_DAL_CHI,NFL,DAL,CHI,away,-1.5,-1.5,4.5,49.5,SECONDARY,PAPER,-1.5,other_half_point_shape,1,0.6569084959850626,0.04,0.6969084959850627,False,-17,31,14,LOSS,0.0,-12.5,out-of-range,<70%,archived_reference_line
2025_03_DAL_CHI-CHI,2025,3,REG,2025-09-21,2025_03_DAL_CHI,NFL,CHI,DAL,home,1.5,-1.5,7.5,49.5,PRIMARY,LIVE,+1.5,,2,0.6569084959850626,0.07,0.7269084959850627,False,17,31,14,WIN,1.0,24.5,out-of-range,72-73.9%,archived_reference_line
2025_03_DEN_LAC-DEN,2025,3,REG,2025-09-21,2025_03_DEN_LAC,NFL,DEN,LAC,away,2.5,2.5,8.5,45.5,PRIMARY,LIVE,+2.5,,2,0.6698722507821999,0.07,0.7398722507822,True,-3,23,20,WIN,1.0,5.5,45.5-47,72-73.9%,archived_reference_line
2025_03_DEN_LAC-LAC,2025,3,REG,2025-09-21,2025_03_DEN_LAC,NFL,LAC,DEN,home,-2.5,2.5,3.5,45.5,SECONDARY,PAPER,-2.5,other_half_point_shape,1,0.6698722507821999,0.04,0.7098722507822,True,3,23,20,WIN,1.0,6.5,45.5-47,70-71.9%,archived_reference_line
2025_03_DET_BAL-DET,2025,3,REG,2025-09-22,2025_03_DET_BAL,NFL,DET,BAL,away,4.5,4.5,10.5,53.5,SECONDARY,PAPER,4.5,other_half_point_shape,1,0.6457352614471858,0.04,0.6857352614471859,False,8,30,38,WIN,1.0,18.5,out-of-range,<70%,archived_reference_line
2025_03_DET_BAL-BAL,2025,3,REG,2025-09-22,2025_03_DET_BAL,NFL,BAL,DET,home,-4.5,4.5,1.5,53.5,SECONDARY,PAPER,-4.5,other_half_point_shape,1,0.6457352614471858,0.04,0.6857352614471859,False,-8,30,38,LOSS,0.0,-6.5,out-of-range,<70%,archived_reference_line
2025_03_GB_CLE-GB,2025,3,REG,2025-09-21,2025_03_GB_CLE,NFL,GB,CLE,away,-8.5,-8.5,-2.5,41.5,PRIMARY,LIVE,-8.5,,2,0.6850713499837193,0.07,0.7550713499837194,True,-3,13,10,LOSS,0.0,-5.5,40.5-43,>=74%,archived_reference_line
2025_03_GB_CLE-CLE,2025,3,REG,2025-09-21,2025_03_GB_CLE,NFL,CLE,GB,home,8.5,-8.5,14.5,41.5,SECONDARY,PAPER,8.5,other_half_point_shape,0,0.6850713499837193,0.0,0.6850713499837193,True,3,13,10,WIN,1.0,17.5,40.5-43,<70%,archived_reference_line
2025_03_HOU_JAX-HOU,2025,3,REG,2025-09-21,2025_03_HOU_JAX,NFL,HOU,JAX,away,1.5,1.5,7.5,43.5,PRIMARY,LIVE,+1.5,,2,0.6771593818727903,0.07,0.7471593818727904,True,-7,17,10,WIN,1.0,0.5,43.5-45,>=74%,archived_reference_line
2025_03_HOU_JAX-JAX,2025,3,REG,2025-09-21,2025_03_HOU_JAX,NFL,JAX,HOU,home,-1.5,1.5,4.5,43.5,SECONDARY,PAPER,-1.5,other_half_point_shape,1,0.6771593818727903,0.04,0.7171593818727904,True,7,17,10,WIN,1.0,11.5,43.5-45,70-71.9%,archived_reference_line
2025_03_IND_TEN-IND,2025,3,REG,2025-09-21,2025_03_IND_TEN,NFL,IND,TEN,away,-6.0,-6.0,0.0,43.5,SECONDARY,PAPER,-6.0,whole_number_line,1,0.6771593818727903,0.04,0.7171593818727904,True,21,20,41,WIN,1.0,21.0,43.5-45,70-71.9%,archived_reference_line
2025_03_IND_TEN-TEN,2025,3,REG,2025-09-21,2025_03_IND_TEN,NFL,TEN,IND,home,6.0,-6.0,12.0,43.5,SECONDARY,PAPER,6.0,whole_number_line,1,0.6771593818727903,0.04,0.7171593818727904,True,-21,20,41,LOSS,0.0,-9.0,43.5-45,70-71.9%,archived_reference_line
2025_03_KC_NYG-KC,2025,3,REG,2025-09-21,2025_03_KC_NYG,NFL,KC,NYG,away,-6.0,-6.0,0.0,44.5,SECONDARY,PAPER,-6.0,whole_number_line,1,0.6734422108808652,0.04,0.7134422108808652,True,13,9,22,WIN,1.0,13.0,43.5-45,70-71.9%,archived_reference_line
2025_03_KC_NYG-NYG,2025,3,REG,2025-09-21,2025_03_KC_NYG,NFL,NYG,KC,home,6.0,-6.0,12.0,44.5,SECONDARY,PAPER,6.0,whole_number_line,1,0.6734422108808652,0.04,0.7134422108808652,True,-13,9,22,LOSS,0.0,-1.0,43.5-45,70-71.9%,archived_reference_line
2025_03_LA_PHI-LA,2025,3,REG,2025-09-21,2025_03_LA_PHI,NFL,LA,PHI,away,3.5,3.5,9.5,45.5,SECONDARY,PAPER,3.5,other_half_point_shape,1,0.6698722507821999,0.04,0.7098722507822,True,-7,33,26,WIN,1.0,2.5,45.5-47,70-71.9%,archived_reference_line
2025_03_LA_PHI-PHI,2025,3,REG,2025-09-21,2025_03_LA_PHI,NFL,PHI,LA,home,-3.5,3.5,2.5,45.5,SECONDARY,PAPER,-3.5,other_half_point_shape,1,0.6698722507821999,0.04,0.7098722507822,True,7,33,26,WIN,1.0,9.5,45.5-47,70-71.9%,archived_reference_line
2025_03_LV_WAS-LV,2025,3,REG,2025-09-21,2025_03_LV_WAS,NFL,LV,WAS,away,2.5,2.5,8.5,43.5,PRIMARY,LIVE,+2.5,,2,0.6771593818727903,0.07,0.7471593818727904,True,-17,41,24,LOSS,0.0,-8.5,43.5-45,>=74%,archived_reference_line
2025_03_LV_WAS-WAS,2025,3,REG,2025-09-21,2025_03_LV_WAS,NFL,WAS,LV,home,-2.5,2.5,3.5,43.5,SECONDARY,PAPER,-2.5,other_half_point_shape,1,0.6771593818727903,0.04,0.7171593818727904,True,17,41,24,WIN,1.0,20.5,43.5-45,70-71.9%,archived_reference_line
2025_03_MIA_BUF-MIA,2025,3,REG,2025-09-18,2025_03_MIA_BUF,NFL,MIA,BUF,away,12.5,12.5,18.5,50.5,SECONDARY,PAPER,12.5,other_half_point_shape,0,0.6539620939680577,0.0,0.6539620939680577,False,-10,31,21,WIN,1.0,8.5,out-of-range,<70%,archived_reference_line
2025_03_MIA_BUF-BUF,2025,3,REG,2025-09-18,2025_03_MIA_BUF,NFL,BUF,MIA,home,-12.5,12.5,-6.5,50.5,SECONDARY,PAPER,-12.5,other_half_point_shape,1,0.6539620939680577,0.04,0.6939620939680577,False,10,31,21,WIN,1.0,3.5,out-of-range,<70%,archived_reference_line
2025_03_NO_SEA-NO,2025,3,REG,2025-09-21,2025_03_NO_SEA,NFL,NO,SEA,away,7.5,7.5,13.5,41.5,SECONDARY,PAPER,7.5,other_half_point_shape,0,0.6850713499837193,0.0,0.6850713499837193,True,-31,44,13,LOSS,0.0,-17.5,40.5-43,<70%,archived_reference_line
2025_03_NO_SEA-SEA,2025,3,REG,2025-09-21,2025_03_NO_SEA,NFL,SEA,NO,home,-7.5,7.5,-1.5,41.5,PRIMARY,LIVE,-7.5,,2,0.6850713499837193,0.07,0.7550713499837194,True,31,44,13,WIN,1.0,29.5,40.5-43,>=74%,archived_reference_line
2025_03_NYJ_TB-NYJ,2025,3,REG,2025-09-21,2025_03_NYJ_TB,NFL,NYJ,TB,away,6.5,6.5,12.5,43.5,SECONDARY,PAPER,6.5,other_half_point_shape,1,0.6771593818727903,0.04,0.7171593818727904,True,-2,29,27,WIN,1.0,10.5,43.5-45,70-71.9%,archived_reference_line
2025_03_NYJ_TB-TB,2025,3,REG,2025-09-21,2025_03_NYJ_TB,NFL,TB,NYJ,home,-6.5,6.5,-0.5,43.5,SECONDARY,PAPER,-6.5,other_half_point_shape,1,0.6771593818727903,0.04,0.7171593818727904,True,2,29,27,WIN,1.0,1.5,43.5-45,70-71.9%,archived_reference_line
2025_03_PIT_NE-PIT,2025,3,REG,2025-09-21,2025_03_PIT_NE,NFL,PIT,NE,away,-1.5,-1.5,4.5,44.5,SECONDARY,PAPER,-1.5,other_half_point_shape,1,0.6734422108808652,0.04,0.7134422108808652,True,7,14,21,WIN,1.0,11.5,43.5-45,70-71.9%,archived_reference_line
2025_03_PIT_NE-NE,2025,3,REG,2025-09-21,2025_03_PIT_NE,NFL,NE,PIT,home,1.5,-1.5,7.5,44.5,PRIMARY,LIVE,+1.5,,2,0.6734422108808652,0.07,0.7434422108808652,True,-7,14,21,WIN,1.0,0.5,43.5-45,>=74%,archived_reference_line
2025_04_BAL_KC-BAL,2025,4,REG,2025-09-28,2025_04_BAL_KC,NFL,BAL,KC,away,-2.5,-2.5,3.5,48.5,SECONDARY,PAPER,-2.5,other_half_point_shape,1,0.6599662912879087,0.04,0.6999662912879088,False,-17,37,20,LOSS,0.0,-13.5,out-of-range,<70%,archived_reference_line
2025_04_BAL_KC-KC,2025,4,REG,2025-09-28,2025_04_BAL_KC,NFL,KC,BAL,home,2.5,-2.5,8.5,48.5,PRIMARY,LIVE,+2.5,,2,0.6599662912879087,0.07,0.7299662912879088,False,17,37,20,WIN,1.0,25.5,out-of-range,72-73.9%,archived_reference_line
2025_04_CAR_NE-CAR,2025,4,REG,2025-09-28,2025_04_CAR_NE,NFL,CAR,NE,away,5.5,5.5,11.5,42.5,SECONDARY,PAPER,5.5,other_half_point_shape,1,0.6810325947045215,0.04,0.7210325947045215,True,-29,42,13,LOSS,0.0,-17.5,40.5-43,72-73.9%,archived_reference_line
2025_04_CAR_NE-NE,2025,4,REG,2025-09-28,2025_04_CAR_NE,NFL,NE,CAR,home,-5.5,5.5,0.5,42.5,SECONDARY,PAPER,-5.5,other_half_point_shape,1,0.6810325947045215,0.04,0.7210325947045215,True,29,42,13,WIN,1.0,29.5,40.5-43,72-73.9%,archived_reference_line
2025_04_CHI_LV-CHI,2025,4,REG,2025-09-28,2025_04_CHI_LV,NFL,CHI,LV,away,1.5,1.5,7.5,47.5,PRIMARY,LIVE,+1.5,,2,0.6631416751252381,0.07,0.7331416751252382,False,1,24,25,WIN,1.0,8.5,out-of-range,72-73.9%,archived_reference_line
2025_04_CHI_LV-LV,2025,4,REG,2025-09-28,2025_04_CHI_LV,NFL,LV,CHI,home,-1.5,1.5,4.5,47.5,SECONDARY,PAPER,-1.5,other_half_point_shape,1,0.6631416751252381,0.04,0.7031416751252382,False,-1,24,25,WIN,1.0,3.5,out-of-range,70-71.9%,archived_reference_line
2025_04_CIN_DEN-CIN,2025,4,REG,2025-09-29,2025_04_CIN_DEN,NFL,CIN,DEN,away,7.5,7.5,13.5,44.5,SECONDARY,PAPER,7.5,other_half_point_shape,0,0.6734422108808652,0.0,0.6734422108808652,True,-25,28,3,LOSS,0.0,-11.5,43.5-45,<70%,archived_reference_line
2025_04_CIN_DEN-DEN,2025,4,REG,2025-09-29,2025_04_CIN_DEN,NFL,DEN,CIN,home,-7.5,7.5,-1.5,44.5,PRIMARY,LIVE,-7.5,,2,0.6734422108808652,0.07,0.7434422108808652,True,25,28,3,WIN,1.0,23.5,43.5-45,>=74%,archived_reference_line
2025_04_CLE_DET-CLE,2025,4,REG,2025-09-28,2025_04_CLE_DET,NFL,CLE,DET,away,10.0,10.0,16.0,44.5,SECONDARY,PAPER,10.0,whole_number_line,0,0.6734422108808652,0.0,0.6734422108808652,True,-24,34,10,LOSS,0.0,-8.0,43.5-45,<70%,archived_reference_line
2025_04_CLE_DET-DET,2025,4,REG,2025-09-28,2025_04_CLE_DET,NFL,DET,CLE,home,-10.0,10.0,-4.0,44.5,SECONDARY,PAPER,-10.0,whole_number_line,1,0.6734422108808652,0.04,0.7134422108808652,True,24,34,10,WIN,1.0,20.0,43.5-45,70-71.9%,archived_reference_line
2025_04_GB_DAL-GB,2025,4,REG,2025-09-28,2025_04_GB_DAL,NFL,GB,DAL,away,-7.0,-7.0,-1.0,47.5,SECONDARY,PAPER,-7.0,whole_number_line,2,0.6631416751252381,0.07,0.7331416751252382,False,0,40,40,LOSS,0.0,-1.0,out-of-range,72-73.9%,archived_reference_line
2025_04_GB_DAL-DAL,2025,4,REG,2025-09-28,2025_04_GB_DAL,NFL,DAL,GB,home,7.0,-7.0,13.0,47.5,SECONDARY,PAPER,7.0,whole_number_line,1,0.6631416751252381,0.04,0.7031416751252382,False,0,40,40,WIN,1.0,13.0,out-of-range,70-71.9%,archived_reference_line
2025_04_IND_LA-IND,2025,4,REG,2025-09-28,2025_04_IND_LA,NFL,IND,LA,away,3.5,3.5,9.5,49.5,SECONDARY,PAPER,3.5,other_half_point_shape,1,0.6569084959850626,0.04,0.6969084959850627,False,-7,27,20,WIN,1.0,2.5,out-of-range,<70%,archived_reference_line
2025_04_IND_LA-LA,2025,4,REG,2025-09-28,2025_04_IND_LA,NFL,LA,IND,home,-3.5,3.5,2.5,49.5,SECONDARY,PAPER,-3.5,other_half_point_shape,1,0.6569084959850626,0.04,0.6969084959850627,False,7,27,20,WIN,1.0,9.5,out-of-range,<70%,archived_reference_line
2025_04_JAX_SF-JAX,2025,4,REG,2025-09-28,2025_04_JAX_SF,NFL,JAX,SF,away,3.5,3.5,9.5,45.5,SECONDARY,PAPER,3.5,other_half_point_shape,1,0.6698722507821999,0.04,0.7098722507822,True,5,21,26,WIN,1.0,14.5,45.5-47,70-71.9%,archived_reference_line
2025_04_JAX_SF-SF,2025,4,REG,2025-09-28,2025_04_JAX_SF,NFL,SF,JAX,home,-3.5,3.5,2.5,45.5,SECONDARY,PAPER,-3.5,other_half_point_shape,1,0.6698722507821999,0.04,0.7098722507822,True,-5,21,26,LOSS,0.0,-2.5,45.5-47,70-71.9%,archived_reference_line
2025_04_LAC_NYG-LAC,2025,4,REG,2025-09-28,2025_04_LAC_NYG,NFL,LAC,NYG,away,-6.0,-6.0,0.0,43.5,SECONDARY,PAPER,-6.0,whole_number_line,1,0.6771593818727903,0.04,0.7171593818727904,True,-3,21,18,LOSS,0.0,-3.0,43.5-45,70-71.9%,archived_reference_line
2025_04_LAC_NYG-NYG,2025,4,REG,2025-09-28,2025_04_LAC_NYG,NFL,NYG,LAC,home,6.0,-6.0,12.0,43.5,SECONDARY,PAPER,6.0,whole_number_line,1,0.6771593818727903,0.04,0.7171593818727904,True,3,21,18,WIN,1.0,15.0,43.5-45,70-71.9%,archived_reference_line
2025_04_MIN_PIT-MIN,2025,4,REG,2025-09-28,2025_04_MIN_PIT,NFL,MIN,PIT,away,-2.5,-2.5,3.5,41.5,SECONDARY,PAPER,-2.5,other_half_point_shape,1,0.6850713499837193,0.04,0.7250713499837194,True,-3,24,21,WIN,1.0,0.5,40.5-43,72-73.9%,archived_reference_line
2025_04_MIN_PIT-PIT,2025,4,REG,2025-09-28,2025_04_MIN_PIT,NFL,PIT,MIN,home,2.5,-2.5,8.5,41.5,PRIMARY,LIVE,+2.5,,2,0.6850713499837193,0.07,0.7550713499837194,True,3,24,21,WIN,1.0,11.5,40.5-43,>=74%,archived_reference_line
2025_04_NO_BUF-NO,2025,4,REG,2025-09-28,2025_04_NO_BUF,NFL,NO,BUF,away,15.5,15.5,21.5,48.5,SECONDARY,PAPER,15.5,other_half_point_shape,0,0.6599662912879087,0.0,0.6599662912879087,False,-12,31,19,WIN,1.0,9.5,out-of-range,<70%,archived_reference_line
2025_04_NO_BUF-BUF,2025,4,REG,2025-09-28,2025_04_NO_BUF,NFL,BUF,NO,home,-15.5,15.5,-9.5,48.5,SECONDARY,PAPER,-15.5,other_half_point_shape,0,0.6599662912879087,0.0,0.6599662912879087,False,12,31,19,WIN,1.0,2.5,out-of-range,<70%,archived_reference_line
2025_04_NYJ_MIA-NYJ,2025,4,REG,2025-09-29,2025_04_NYJ_MIA,NFL,NYJ,MIA,away,2.5,2.5,8.5,44.5,PRIMARY,LIVE,+2.5,,2,0.6734422108808652,0.07,0.7434422108808652,True,-6,27,21,WIN,1.0,2.5,43.5-45,>=74%,archived_reference_line
2025_04_NYJ_MIA-MIA,2025,4,REG,2025-09-29,2025_04_NYJ_MIA,NFL,MIA,NYJ,home,-2.5,2.5,3.5,44.5,SECONDARY,PAPER,-2.5,other_half_point_shape,1,0.6734422108808652,0.04,0.7134422108808652,True,6,27,21,WIN,1.0,9.5,43.5-45,70-71.9%,archived_reference_line
2025_04_PHI_TB-PHI,2025,4,REG,2025-09-28,2025_04_PHI_TB,NFL,PHI,TB,away,-3.5,-3.5,2.5,44.5,SECONDARY,PAPER,-3.5,other_half_point_shape,1,0.6734422108808652,0.04,0.7134422108808652,True,6,25,31,WIN,1.0,8.5,43.5-45,70-71.9%,archived_reference_line
2025_04_PHI_TB-TB,2025,4,REG,2025-09-28,2025_04_PHI_TB,NFL,TB,PHI,home,3.5,-3.5,9.5,44.5,SECONDARY,PAPER,3.5,other_half_point_shape,1,0.6734422108808652,0.04,0.7134422108808652,True,-6,25,31,WIN,1.0,3.5,43.5-45,70-71.9%,archived_reference_line
2025_04_SEA_ARI-SEA,2025,4,REG,2025-09-25,2025_04_SEA_ARI,NFL,SEA,ARI,away,-1.5,-1.5,4.5,43.5,SECONDARY,PAPER,-1.5,other_half_point_shape,1,0.6771593818727903,0.04,0.7171593818727904,True,3,20,23,WIN,1.0,7.5,43.5-45,70-71.9%,archived_reference_line
2025_04_SEA_ARI-ARI,2025,4,REG,2025-09-25,2025_04_SEA_ARI,NFL,ARI,SEA,home,1.5,-1.5,7.5,43.5,PRIMARY,LIVE,+1.5,,2,0.6771593818727903,0.07,0.7471593818727904,True,-3,20,23,WIN,1.0,4.5,43.5-45,>=74%,archived_reference_line
2025_04_TEN_HOU-TEN,2025,4,REG,2025-09-28,2025_04_TEN_HOU,NFL,TEN,HOU,away,7.5,7.5,13.5,39.5,SECONDARY,PAPER,7.5,other_half_point_shape,0,0.6936871859805309,0.0,0.6936871859805309,True,-26,26,0,LOSS,0.0,-12.5,<=40,<70%,archived_reference_line
2025_04_TEN_HOU-HOU,2025,4,REG,2025-09-28,2025_04_TEN_HOU,NFL,HOU,TEN,home,-7.5,7.5,-1.5,39.5,PRIMARY,LIVE,-7.5,,2,0.6936871859805309,0.07,0.763687185980531,True,26,26,0,WIN,1.0,24.5,<=40,>=74%,archived_reference_line
2025_04_WAS_ATL-WAS,2025,4,REG,2025-09-28,2025_04_WAS_ATL,NFL,WAS,ATL,away,2.5,2.5,8.5,43.5,PRIMARY,LIVE,+2.5,,2,0.6771593818727903,0.07,0.7471593818727904,True,-7,34,27,WIN,1.0,1.5,43.5-45,>=74%,archived_reference_line
2025_04_WAS_ATL-ATL,2025,4,REG,2025-09-28,2025_04_WAS_ATL,NFL,ATL,WAS,home,-2.5,2.5,3.5,43.5,SECONDARY,PAPER,-2.5,other_half_point_shape,1,0.6771593818727903,0.04,0.7171593818727904,True,7,34,27,WIN,1.0,10.5,43.5-45,70-71.9%,archived_reference_line
2025_05_DAL_NYJ-DAL,2025,5,REG,2025-10-05,2025_05_DAL_NYJ,NFL,DAL,NYJ,away,1.5,1.5,7.5,48.5,PRIMARY,LIVE,+1.5,,2,0.6599662912879087,0.07,0.7299662912879088,False,15,22,37,WIN,1.0,22.5,out-of-range,72-73.9%,archived_reference_line
2025_05_DAL_NYJ-NYJ,2025,5,REG,2025-10-05,2025_05_DAL_NYJ,NFL,NYJ,DAL,home,-1.5,1.5,4.5,48.5,SECONDARY,PAPER,-1.5,other_half_point_shape,1,0.6599662912879087,0.04,0.6999662912879088,False,-15,22,37,LOSS,0.0,-10.5,out-of-range,<70%,archived_reference_line
2025_05_DEN_PHI-DEN,2025,5,REG,2025-10-05,2025_05_DEN_PHI,NFL,DEN,PHI,away,3.5,3.5,9.5,44.5,SECONDARY,PAPER,3.5,other_half_point_shape,1,0.6734422108808652,0.04,0.7134422108808652,True,4,17,21,WIN,1.0,13.5,43.5-45,70-71.9%,archived_reference_line
2025_05_DEN_PHI-PHI,2025,5,REG,2025-10-05,2025_05_DEN_PHI,NFL,PHI,DEN,home,-3.5,3.5,2.5,44.5,SECONDARY,PAPER,-3.5,other_half_point_shape,1,0.6734422108808652,0.04,0.7134422108808652,True,-4,17,21,LOSS,0.0,-1.5,43.5-45,70-71.9%,archived_reference_line
2025_05_DET_CIN-DET,2025,5,REG,2025-10-05,2025_05_DET_CIN,NFL,DET,CIN,away,-10.5,-10.5,-4.5,49.5,SECONDARY,PAPER,-10.5,other_half_point_shape,1,0.6569084959850626,0.04,0.6969084959850627,False,13,24,37,WIN,1.0,8.5,out-of-range,<70%,archived_reference_line
2025_05_DET_CIN-CIN,2025,5,REG,2025-10-05,2025_05_DET_CIN,NFL,CIN,DET,home,10.5,-10.5,16.5,49.5,SECONDARY,PAPER,10.5,other_half_point_shape,0,0.6569084959850626,0.0,0.6569084959850626,False,-13,24,37,WIN,1.0,3.5,out-of-range,<70%,archived_reference_line
2025_05_HOU_BAL-HOU,2025,5,REG,2025-10-05,2025_05_HOU_BAL,NFL,HOU,BAL,away,-2.5,-2.5,3.5,41.5,SECONDARY,PAPER,-2.5,other_half_point_shape,1,0.6850713499837193,0.04,0.7250713499837194,True,34,10,44,WIN,1.0,37.5,40.5-43,72-73.9%,archived_reference_line
2025_05_HOU_BAL-BAL,2025,5,REG,2025-10-05,2025_05_HOU_BAL,NFL,BAL,HOU,home,2.5,-2.5,8.5,41.5,PRIMARY,LIVE,+2.5,,2,0.6850713499837193,0.07,0.7550713499837194,True,-34,10,44,LOSS,0.0,-25.5,40.5-43,>=74%,archived_reference_line
2025_05_KC_JAX-KC,2025,5,REG,2025-10-06,2025_05_KC_JAX,NFL,KC,JAX,away,-3.5,-3.5,2.5,45.5,SECONDARY,PAPER,-3.5,other_half_point_shape,1,0.6698722507821999,0.04,0.7098722507822,True,-3,31,28,LOSS,0.0,-0.5,45.5-47,70-71.9%,archived_reference_line
2025_05_KC_JAX-JAX,2025,5,REG,2025-10-06,2025_05_KC_JAX,NFL,JAX,KC,home,3.5,-3.5,9.5,45.5,SECONDARY,PAPER,3.5,other_half_point_shape,1,0.6698722507821999,0.04,0.7098722507822,True,3,31,28,WIN,1.0,12.5,45.5-47,70-71.9%,archived_reference_line
2025_05_LV_IND-LV,2025,5,REG,2025-10-05,2025_05_LV_IND,NFL,LV,IND,away,7.0,7.0,13.0,46.5,SECONDARY,PAPER,7.0,whole_number_line,1,0.6664412874896358,0.04,0.7064412874896359,True,-34,40,6,LOSS,0.0,-21.0,45.5-47,70-71.9%,archived_reference_line
2025_05_LV_IND-IND,2025,5,REG,2025-10-05,2025_05_LV_IND,NFL,IND,LV,home,-7.0,7.0,-1.0,46.5,SECONDARY,PAPER,-7.0,whole_number_line,2,0.6664412874896358,0.07,0.7364412874896358,True,34,40,6,WIN,1.0,33.0,45.5-47,72-73.9%,archived_reference_line
2025_05_MIA_CAR-MIA,2025,5,REG,2025-10-05,2025_05_MIA_CAR,NFL,MIA,CAR,away,-1.5,-1.5,4.5,44.5,SECONDARY,PAPER,-1.5,other_half_point_shape,1,0.6734422108808652,0.04,0.7134422108808652,True,-3,27,24,WIN,1.0,1.5,43.5-45,70-71.9%,archived_reference_line
2025_05_MIA_CAR-CAR,2025,5,REG,2025-10-05,2025_05_MIA_CAR,NFL,CAR,MIA,home,1.5,-1.5,7.5,44.5,PRIMARY,LIVE,+1.5,,2,0.6734422108808652,0.07,0.7434422108808652,True,3,27,24,WIN,1.0,10.5,43.5-45,>=74%,archived_reference_line
2025_05_MIN_CLE-MIN,2025,5,REG,2025-10-05,2025_05_MIN_CLE,NFL,MIN,CLE,away,-3.5,-3.5,2.5,35.5,SECONDARY,PAPER,-3.5,other_half_point_shape,1,0.7134120193515978,0.04,0.7534120193515979,True,4,17,21,WIN,1.0,6.5,<=40,>=74%,archived_reference_line
2025_05_MIN_CLE-CLE,2025,5,REG,2025-10-05,2025_05_MIN_CLE,NFL,CLE,MIN,home,3.5,-3.5,9.5,35.5,SECONDARY,PAPER,3.5,other_half_point_shape,1,0.7134120193515978,0.04,0.7534120193515979,True,-4,17,21,WIN,1.0,5.5,<=40,>=74%,archived_reference_line
2025_05_NE_BUF-NE,2025,5,REG,2025-10-05,2025_05_NE_BUF,NFL,NE,BUF,away,7.5,7.5,13.5,49.5,SECONDARY,PAPER,7.5,other_half_point_shape,0,0.6569084959850626,0.0,0.6569084959850626,False,3,20,23,WIN,1.0,16.5,out-of-range,<70%,archived_reference_line
2025_05_NE_BUF-BUF,2025,5,REG,2025-10-05,2025_05_NE_BUF,NFL,BUF,NE,home,-7.5,7.5,-1.5,49.5,PRIMARY,LIVE,-7.5,,2,0.6569084959850626,0.07,0.7269084959850627,False,-3,20,23,LOSS,0.0,-4.5,out-of-range,72-73.9%,archived_reference_line
2025_05_NYG_NO-NYG,2025,5,REG,2025-10-05,2025_05_NYG_NO,NFL,NYG,NO,away,1.5,1.5,7.5,41.5,PRIMARY,LIVE,+1.5,,2,0.6850713499837193,0.07,0.7550713499837194,True,-12,26,14,LOSS,0.0,-4.5,40.5-43,>=74%,archived_reference_line
2025_05_NYG_NO-NO,2025,5,REG,2025-10-05,2025_05_NYG_NO,NFL,NO,NYG,home,-1.5,1.5,4.5,41.5,SECONDARY,PAPER,-1.5,other_half_point_shape,1,0.6850713499837193,0.04,0.7250713499837194,True,12,26,14,WIN,1.0,16.5,40.5-43,72-73.9%,archived_reference_line
2025_05_SF_LA-SF,2025,5,REG,2025-10-02,2025_05_SF_LA,NFL,SF,LA,away,8.5,8.5,14.5,43.5,SECONDARY,PAPER,8.5,other_half_point_shape,0,0.6771593818727903,0.0,0.6771593818727903,True,3,23,26,WIN,1.0,17.5,43.5-45,<70%,archived_reference_line
2025_05_SF_LA-LA,2025,5,REG,2025-10-02,2025_05_SF_LA,NFL,LA,SF,home,-8.5,8.5,-2.5,43.5,PRIMARY,LIVE,-8.5,,2,0.6771593818727903,0.07,0.7471593818727904,True,-3,23,26,LOSS,0.0,-5.5,43.5-45,>=74%,archived_reference_line
2025_05_TB_SEA-TB,2025,5,REG,2025-10-05,2025_05_TB_SEA,NFL,TB,SEA,away,3.5,3.5,9.5,44.5,SECONDARY,PAPER,3.5,other_half_point_shape,1,0.6734422108808652,0.04,0.7134422108808652,True,3,35,38,WIN,1.0,12.5,43.5-45,70-71.9%,archived_reference_line
2025_05_TB_SEA-SEA,2025,5,REG,2025-10-05,2025_05_TB_SEA,NFL,SEA,TB,home,-3.5,3.5,2.5,44.5,SECONDARY,PAPER,-3.5,other_half_point_shape,1,0.6734422108808652,0.04,0.7134422108808652,True,-3,35,38,LOSS,0.0,-0.5,43.5-45,70-71.9%,archived_reference_line
2025_05_TEN_ARI-TEN,2025,5,REG,2025-10-05,2025_05_TEN_ARI,NFL,TEN,ARI,away,7.5,7.5,13.5,41.5,SECONDARY,PAPER,7.5,other_half_point_shape,0,0.6850713499837193,0.0,0.6850713499837193,True,1,21,22,WIN,1.0,14.5,40.5-43,<70%,archived_reference_line
2025_05_TEN_ARI-ARI,2025,5,REG,2025-10-05,2025_05_TEN_ARI,NFL,ARI,TEN,home,-7.5,7.5,-1.5,41.5,PRIMARY,LIVE,-7.5,,2,0.6850713499837193,0.07,0.7550713499837194,True,-1,21,22,LOSS,0.0,-2.5,40.5-43,>=74%,archived_reference_line
2025_05_WAS_LAC-WAS,2025,5,REG,2025-10-05,2025_05_WAS_LAC,NFL,WAS,LAC,away,2.5,2.5,8.5,47.5,PRIMARY,LIVE,+2.5,,2,0.6631416751252381,0.07,0.7331416751252382,False,17,10,27,WIN,1.0,25.5,out-of-range,72-73.9%,archived_reference_line
2025_05_WAS_LAC-LAC,2025,5,REG,2025-10-05,2025_05_WAS_LAC,NFL,LAC,WAS,home,-2.5,2.5,3.5,47.5,SECONDARY,PAPER,-2.5,other_half_point_shape,1,0.6631416751252381,0.04,0.7031416751252382,False,-17,10,27,LOSS,0.0,-13.5,out-of-range,70-71.9%,archived_reference_line
2025_06_ARI_IND-ARI,2025,6,REG,2025-10-12,2025_06_ARI_IND,NFL,ARI,IND,away,8.5,8.5,14.5,46.5,SECONDARY,PAPER,8.5,other_half_point_shape,0,0.6664412874896358,0.0,0.6664412874896358,True,-4,31,27,WIN,1.0,10.5,45.5-47,<70%,archived_reference_line
2025_06_ARI_IND-IND,2025,6,REG,2025-10-12,2025_06_ARI_IND,NFL,IND,ARI,home,-8.5,8.5,-2.5,46.5,PRIMARY,LIVE,-8.5,,2,0.6664412874896358,0.07,0.7364412874896358,True,4,31,27,WIN,1.0,1.5,45.5-47,72-73.9%,archived_reference_line
2025_06_BUF_ATL-BUF,2025,6,REG,2025-10-13,2025_06_BUF_ATL,NFL,BUF,ATL,away,-3.5,-3.5,2.5,49.5,SECONDARY,PAPER,-3.5,other_half_point_shape,1,0.6569084959850626,0.04,0.6969084959850627,False,-10,24,14,LOSS,0.0,-7.5,out-of-range,<70%,archived_reference_line
2025_06_BUF_ATL-ATL,2025,6,REG,2025-10-13,2025_06_BUF_ATL,NFL,ATL,BUF,home,3.5,-3.5,9.5,49.5,SECONDARY,PAPER,3.5,other_half_point_shape,1,0.6569084959850626,0.04,0.6969084959850627,False,10,24,14,WIN,1.0,19.5,out-of-range,<70%,archived_reference_line
2025_06_CHI_WAS-CHI,2025,6,REG,2025-10-13,2025_06_CHI_WAS,NFL,CHI,WAS,away,5.5,5.5,11.5,49.5,SECONDARY,PAPER,5.5,other_half_point_shape,1,0.6569084959850626,0.04,0.6969084959850627,False,1,24,25,WIN,1.0,12.5,out-of-range,<70%,archived_reference_line
2025_06_CHI_WAS-WAS,2025,6,REG,2025-10-13,2025_06_CHI_WAS,NFL,WAS,CHI,home,-5.5,5.5,0.5,49.5,SECONDARY,PAPER,-5.5,other_half_point_shape,1,0.6569084959850626,0.04,0.6969084959850627,False,-1,24,25,LOSS,0.0,-0.5,out-of-range,<70%,archived_reference_line
2025_06_CIN_GB-CIN,2025,6,REG,2025-10-12,2025_06_CIN_GB,NFL,CIN,GB,away,14.0,14.0,20.0,44.5,SECONDARY,PAPER,14.0,whole_number_line,0,0.6734422108808652,0.0,0.6734422108808652,True,-9,27,18,WIN,1.0,11.0,43.5-45,<70%,archived_reference_line
2025_06_CIN_GB-GB,2025,6,REG,2025-10-12,2025_06_CIN_GB,NFL,GB,CIN,home,-14.0,14.0,-8.0,44.5,SECONDARY,PAPER,-14.0,whole_number_line,0,0.6734422108808652,0.0,0.6734422108808652,True,9,27,18,WIN,1.0,1.0,43.5-45,<70%,archived_reference_line
2025_06_CLE_PIT-CLE,2025,6,REG,2025-10-12,2025_06_CLE_PIT,NFL,CLE,PIT,away,5.5,5.5,11.5,37.5,SECONDARY,PAPER,5.5,other_half_point_shape,1,0.7030985713961488,0.04,0.7430985713961489,True,-14,23,9,LOSS,0.0,-2.5,<=40,>=74%,archived_reference_line
2025_06_CLE_PIT-PIT,2025,6,REG,2025-10-12,2025_06_CLE_PIT,NFL,PIT,CLE,home,-5.5,5.5,0.5,37.5,SECONDARY,PAPER,-5.5,other_half_point_shape,1,0.7030985713961488,0.04,0.7430985713961489,True,14,23,9,WIN,1.0,14.5,<=40,>=74%,archived_reference_line
2025_06_DAL_CAR-DAL,2025,6,REG,2025-10-12,2025_06_DAL_CAR,NFL,DAL,CAR,away,-3.0,-3.0,3.0,47.5,SECONDARY,PAPER,-3.0,whole_number_line,1,0.6631416751252381,0.04,0.7031416751252382,False,-3,30,27,PUSH,,0.0,out-of-range,70-71.9%,archived_reference_line
2025_06_DAL_CAR-CAR,2025,6,REG,2025-10-12,2025_06_DAL_CAR,NFL,CAR,DAL,home,3.0,-3.0,9.0,47.5,SECONDARY,PAPER,3.0,whole_number_line,2,0.6631416751252381,0.07,0.7331416751252382,False,3,30,27,WIN,1.0,12.0,out-of-range,72-73.9%,archived_reference_line
2025_06_DEN_NYJ-DEN,2025,6,REG,2025-10-12,2025_06_DEN_NYJ,NFL,DEN,NYJ,away,-7.5,-7.5,-1.5,43.5,PRIMARY,LIVE,-7.5,,2,0.6771593818727903,0.07,0.7471593818727904,True,2,11,13,WIN,1.0,0.5,43.5-45,>=74%,archived_reference_line
2025_06_DEN_NYJ-NYJ,2025,6,REG,2025-10-12,2025_06_DEN_NYJ,NFL,NYJ,DEN,home,7.5,-7.5,13.5,43.5,SECONDARY,PAPER,7.5,other_half_point_shape,0,0.6771593818727903,0.0,0.6771593818727903,True,-2,11,13,WIN,1.0,11.5,43.5-45,<70%,archived_reference_line
2025_06_DET_KC-DET,2025,6,REG,2025-10-12,2025_06_DET_KC,NFL,DET,KC,away,2.5,2.5,8.5,51.5,PRIMARY,LIVE,+2.5,,2,0.651121300213464,0.07,0.721121300213464,False,-13,30,17,LOSS,0.0,-4.5,out-of-range,72-73.9%,archived_reference_line
2025_06_DET_KC-KC,2025,6,REG,2025-10-12,2025_06_DET_KC,NFL,KC,DET,home,-2.5,2.5,3.5,51.5,SECONDARY,PAPER,-2.5,other_half_point_shape,1,0.651121300213464,0.04,0.6911213002134641,False,13,30,17,WIN,1.0,16.5,out-of-range,<70%,archived_reference_line
2025_06_LAC_MIA-LAC,2025,6,REG,2025-10-12,2025_06_LAC_MIA,NFL,LAC,MIA,away,-3.5,-3.5,2.5,45.5,SECONDARY,PAPER,-3.5,other_half_point_shape,1,0.6698722507821999,0.04,0.7098722507822,True,2,27,29,WIN,1.0,4.5,45.5-47,70-71.9%,archived_reference_line
2025_06_LAC_MIA-MIA,2025,6,REG,2025-10-12,2025_06_LAC_MIA,NFL,MIA,LAC,home,3.5,-3.5,9.5,45.5,SECONDARY,PAPER,3.5,other_half_point_shape,1,0.6698722507821999,0.04,0.7098722507822,True,-2,27,29,WIN,1.0,7.5,45.5-47,70-71.9%,archived_reference_line
2025_06_LA_BAL-LA,2025,6,REG,2025-10-12,2025_06_LA_BAL,NFL,LA,BAL,away,-7.0,-7.0,-1.0,43.5,SECONDARY,PAPER,-7.0,whole_number_line,2,0.6771593818727903,0.07,0.7471593818727904,True,14,3,17,WIN,1.0,13.0,43.5-45,>=74%,archived_reference_line
2025_06_LA_BAL-BAL,2025,6,REG,2025-10-12,2025_06_LA_BAL,NFL,BAL,LA,home,7.0,-7.0,13.0,43.5,SECONDARY,PAPER,7.0,whole_number_line,1,0.6771593818727903,0.04,0.7171593818727904,True,-14,3,17,LOSS,0.0,-1.0,43.5-45,70-71.9%,archived_reference_line
2025_06_NE_NO-NE,2025,6,REG,2025-10-12,2025_06_NE_NO,NFL,NE,NO,away,-3.5,-3.5,2.5,46.5,SECONDARY,PAPER,-3.5,other_half_point_shape,1,0.6664412874896358,0.04,0.7064412874896359,True,6,19,25,WIN,1.0,8.5,45.5-47,70-71.9%,archived_reference_line
2025_06_NE_NO-NO,2025,6,REG,2025-10-12,2025_06_NE_NO,NFL,NO,NE,home,3.5,-3.5,9.5,46.5,SECONDARY,PAPER,3.5,other_half_point_shape,1,0.6664412874896358,0.04,0.7064412874896359,True,-6,19,25,WIN,1.0,3.5,45.5-47,70-71.9%,archived_reference_line
2025_06_PHI_NYG-PHI,2025,6,REG,2025-10-09,2025_06_PHI_NYG,NFL,PHI,NYG,away,-7.0,-7.0,-1.0,40.5,SECONDARY,PAPER,-7.0,whole_number_line,2,0.6892858751269062,0.07,0.7592858751269063,True,-17,34,17,LOSS,0.0,-18.0,40.5-43,>=74%,archived_reference_line
2025_06_PHI_NYG-NYG,2025,6,REG,2025-10-09,2025_06_PHI_NYG,NFL,NYG,PHI,home,7.0,-7.0,13.0,40.5,SECONDARY,PAPER,7.0,whole_number_line,1,0.6892858751269062,0.04,0.7292858751269062,True,17,34,17,WIN,1.0,30.0,40.5-43,72-73.9%,archived_reference_line
2025_06_SEA_JAX-SEA,2025,6,REG,2025-10-12,2025_06_SEA_JAX,NFL,SEA,JAX,away,-1.5,-1.5,4.5,47.5,SECONDARY,PAPER,-1.5,other_half_point_shape,1,0.6631416751252381,0.04,0.7031416751252382,False,8,12,20,WIN,1.0,12.5,out-of-range,70-71.9%,archived_reference_line
2025_06_SEA_JAX-JAX,2025,6,REG,2025-10-12,2025_06_SEA_JAX,NFL,JAX,SEA,home,1.5,-1.5,7.5,47.5,PRIMARY,LIVE,+1.5,,2,0.6631416751252381,0.07,0.7331416751252382,False,-8,12,20,LOSS,0.0,-0.5,out-of-range,72-73.9%,archived_reference_line
2025_06_SF_TB-SF,2025,6,REG,2025-10-12,2025_06_SF_TB,NFL,SF,TB,away,3.5,3.5,9.5,46.5,SECONDARY,PAPER,3.5,other_half_point_shape,1,0.6664412874896358,0.04,0.7064412874896359,True,-11,30,19,LOSS,0.0,-1.5,45.5-47,70-71.9%,archived_reference_line
2025_06_SF_TB-TB,2025,6,REG,2025-10-12,2025_06_SF_TB,NFL,TB,SF,home,-3.5,3.5,2.5,46.5,SECONDARY,PAPER,-3.5,other_half_point_shape,1,0.6664412874896358,0.04,0.7064412874896359,True,11,30,19,WIN,1.0,13.5,45.5-47,70-71.9%,archived_reference_line
2025_06_TEN_LV-TEN,2025,6,REG,2025-10-12,2025_06_TEN_LV,NFL,TEN,LV,away,3.5,3.5,9.5,41.5,SECONDARY,PAPER,3.5,other_half_point_shape,1,0.6850713499837193,0.04,0.7250713499837194,True,-10,20,10,LOSS,0.0,-0.5,40.5-43,72-73.9%,archived_reference_line
2025_06_TEN_LV-LV,2025,6,REG,2025-10-12,2025_06_TEN_LV,NFL,LV,TEN,home,-3.5,3.5,2.5,41.5,SECONDARY,PAPER,-3.5,other_half_point_shape,1,0.6850713499837193,0.04,0.7250713499837194,True,10,20,10,WIN,1.0,12.5,40.5-43,72-73.9%,archived_reference_line
2025_07_ATL_SF-ATL,2025,7,REG,2025-10-19,2025_07_ATL_SF,NFL,ATL,SF,away,1.5,1.5,7.5,46.5,PRIMARY,LIVE,+1.5,,2,0.6664412874896358,0.07,0.7364412874896358,True,-10,20,10,LOSS,0.0,-2.5,45.5-47,72-73.9%,archived_reference_line
2025_07_ATL_SF-SF,2025,7,REG,2025-10-19,2025_07_ATL_SF,NFL,SF,ATL,home,-1.5,1.5,4.5,46.5,SECONDARY,PAPER,-1.5,other_half_point_shape,1,0.6664412874896358,0.04,0.7064412874896359,True,10,20,10,WIN,1.0,14.5,45.5-47,70-71.9%,archived_reference_line
2025_07_CAR_NYJ-CAR,2025,7,REG,2025-10-19,2025_07_CAR_NYJ,NFL,CAR,NYJ,away,1.5,1.5,7.5,39.5,PRIMARY,LIVE,+1.5,,2,0.6936871859805309,0.07,0.763687185980531,True,7,6,13,WIN,1.0,14.5,<=40,>=74%,archived_reference_line
2025_07_CAR_NYJ-NYJ,2025,7,REG,2025-10-19,2025_07_CAR_NYJ,NFL,NYJ,CAR,home,-1.5,1.5,4.5,39.5,SECONDARY,PAPER,-1.5,other_half_point_shape,1,0.6936871859805309,0.04,0.733687185980531,True,-7,6,13,LOSS,0.0,-2.5,<=40,72-73.9%,archived_reference_line
2025_07_GB_ARI-GB,2025,7,REG,2025-10-19,2025_07_GB_ARI,NFL,GB,ARI,away,-7.0,-7.0,-1.0,44.5,SECONDARY,PAPER,-7.0,whole_number_line,2,0.6734422108808652,0.07,0.7434422108808652,True,4,23,27,WIN,1.0,3.0,43.5-45,>=74%,archived_reference_line
2025_07_GB_ARI-ARI,2025,7,REG,2025-10-19,2025_07_GB_ARI,NFL,ARI,GB,home,7.0,-7.0,13.0,44.5,SECONDARY,PAPER,7.0,whole_number_line,1,0.6734422108808652,0.04,0.7134422108808652,True,-4,23,27,WIN,1.0,9.0,43.5-45,70-71.9%,archived_reference_line
2025_07_HOU_SEA-HOU,2025,7,REG,2025-10-20,2025_07_HOU_SEA,NFL,HOU,SEA,away,3.0,3.0,9.0,41.5,SECONDARY,PAPER,3.0,whole_number_line,2,0.6850713499837193,0.07,0.7550713499837194,True,-8,27,19,WIN,1.0,1.0,40.5-43,>=74%,archived_reference_line
2025_07_HOU_SEA-SEA,2025,7,REG,2025-10-20,2025_07_HOU_SEA,NFL,SEA,HOU,home,-3.0,3.0,3.0,41.5,SECONDARY,PAPER,-3.0,whole_number_line,1,0.6850713499837193,0.04,0.7250713499837194,True,8,27,19,WIN,1.0,11.0,40.5-43,72-73.9%,archived_reference_line
2025_07_IND_LAC-IND,2025,7,REG,2025-10-19,2025_07_IND_LAC,NFL,IND,LAC,away,2.5,2.5,8.5,48.5,PRIMARY,LIVE,+2.5,,2,0.6599662912879087,0.07,0.7299662912879088,False,14,24,38,WIN,1.0,22.5,out-of-range,72-73.9%,archived_reference_line
2025_07_IND_LAC-LAC,2025,7,REG,2025-10-19,2025_07_IND_LAC,NFL,LAC,IND,home,-2.5,2.5,3.5,48.5,SECONDARY,PAPER,-2.5,other_half_point_shape,1,0.6599662912879087,0.04,0.6999662912879088,False,-14,24,38,LOSS,0.0,-10.5,out-of-range,<70%,archived_reference_line
2025_07_LA_JAX-LA,2025,7,REG,2025-10-19,2025_07_LA_JAX,NFL,LA,JAX,away,-3.0,-3.0,3.0,44.5,SECONDARY,PAPER,-3.0,whole_number_line,1,0.6734422108808652,0.04,0.7134422108808652,True,28,7,35,WIN,1.0,31.0,43.5-45,70-71.9%,archived_reference_line
2025_07_LA_JAX-JAX,2025,7,REG,2025-10-19,2025_07_LA_JAX,NFL,JAX,LA,home,3.0,-3.0,9.0,44.5,SECONDARY,PAPER,3.0,whole_number_line,2,0.6734422108808652,0.07,0.7434422108808652,True,-28,7,35,LOSS,0.0,-19.0,43.5-45,>=74%,archived_reference_line
2025_07_LV_KC-LV,2025,7,REG,2025-10-19,2025_07_LV_KC,NFL,LV,KC,away,13.5,13.5,19.5,44.5,SECONDARY,PAPER,13.5,other_half_point_shape,0,0.6734422108808652,0.0,0.6734422108808652,True,-31,31,0,LOSS,0.0,-11.5,43.5-45,<70%,archived_reference_line
2025_07_LV_KC-KC,2025,7,REG,2025-10-19,2025_07_LV_KC,NFL,KC,LV,home,-13.5,13.5,-7.5,44.5,SECONDARY,PAPER,-13.5,other_half_point_shape,0,0.6734422108808652,0.0,0.6734422108808652,True,31,31,0,WIN,1.0,23.5,43.5-45,<70%,archived_reference_line
2025_07_MIA_CLE-MIA,2025,7,REG,2025-10-19,2025_07_MIA_CLE,NFL,MIA,CLE,away,2.5,2.5,8.5,34.5,PRIMARY,LIVE,+2.5,,2,0.7189449495700297,0.07,0.7889449495700298,True,-25,31,6,LOSS,0.0,-16.5,<=40,>=74%,archived_reference_line
2025_07_MIA_CLE-CLE,2025,7,REG,2025-10-19,2025_07_MIA_CLE,NFL,CLE,MIA,home,-2.5,2.5,3.5,34.5,SECONDARY,PAPER,-2.5,other_half_point_shape,1,0.7189449495700297,0.04,0.7589449495700298,True,25,31,6,WIN,1.0,28.5,<=40,>=74%,archived_reference_line
2025_07_NE_TEN-NE,2025,7,REG,2025-10-19,2025_07_NE_TEN,NFL,NE,TEN,away,-6.5,-6.5,-0.5,40.5,SECONDARY,PAPER,-6.5,other_half_point_shape,1,0.6892858751269062,0.04,0.7292858751269062,True,18,13,31,WIN,1.0,17.5,40.5-43,72-73.9%,archived_reference_line
2025_07_NE_TEN-TEN,2025,7,REG,2025-10-19,2025_07_NE_TEN,NFL,TEN,NE,home,6.5,-6.5,12.5,40.5,SECONDARY,PAPER,6.5,other_half_point_shape,1,0.6892858751269062,0.04,0.7292858751269062,True,-18,13,31,LOSS,0.0,-5.5,40.5-43,72-73.9%,archived_reference_line
2025_07_NO_CHI-NO,2025,7,REG,2025-10-19,2025_07_NO_CHI,NFL,NO,CHI,away,4.5,4.5,10.5,43.5,SECONDARY,PAPER,4.5,other_half_point_shape,1,0.6771593818727903,0.04,0.7171593818727904,True,-12,26,14,LOSS,0.0,-1.5,43.5-45,70-71.9%,archived_reference_line
2025_07_NO_CHI-CHI,2025,7,REG,2025-10-19,2025_07_NO_CHI,NFL,CHI,NO,home,-4.5,4.5,1.5,43.5,SECONDARY,PAPER,-4.5,other_half_point_shape,1,0.6771593818727903,0.04,0.7171593818727904,True,12,26,14,WIN,1.0,13.5,43.5-45,70-71.9%,archived_reference_line
2025_07_NYG_DEN-NYG,2025,7,REG,2025-10-19,2025_07_NYG_DEN,NFL,NYG,DEN,away,7.5,7.5,13.5,39.5,SECONDARY,PAPER,7.5,other_half_point_shape,0,0.6936871859805309,0.0,0.6936871859805309,True,-1,33,32,WIN,1.0,12.5,<=40,<70%,archived_reference_line
2025_07_NYG_DEN-DEN,2025,7,REG,2025-10-19,2025_07_NYG_DEN,NFL,DEN,NYG,home,-7.5,7.5,-1.5,39.5,PRIMARY,LIVE,-7.5,,2,0.6936871859805309,0.07,0.763687185980531,True,1,33,32,LOSS,0.0,-0.5,<=40,>=74%,archived_reference_line
2025_07_PHI_MIN-PHI,2025,7,REG,2025-10-19,2025_07_PHI_MIN,NFL,PHI,MIN,away,-2.5,-2.5,3.5,43.5,SECONDARY,PAPER,-2.5,other_half_point_shape,1,0.6771593818727903,0.04,0.7171593818727904,True,6,22,28,WIN,1.0,9.5,43.5-45,70-71.9%,archived_reference_line
2025_07_PHI_MIN-MIN,2025,7,REG,2025-10-19,2025_07_PHI_MIN,NFL,MIN,PHI,home,2.5,-2.5,8.5,43.5,PRIMARY,LIVE,+2.5,,2,0.6771593818727903,0.07,0.7471593818727904,True,-6,22,28,WIN,1.0,2.5,43.5-45,>=74%,archived_reference_line
2025_07_PIT_CIN-PIT,2025,7,REG,2025-10-16,2025_07_PIT_CIN,NFL,PIT,CIN,away,-5.5,-5.5,0.5,45.5,SECONDARY,PAPER,-5.5,other_half_point_shape,1,0.6698722507821999,0.04,0.7098722507822,True,-2,33,31,LOSS,0.0,-1.5,45.5-47,70-71.9%,archived_reference_line
2025_07_PIT_CIN-CIN,2025,7,REG,2025-10-16,2025_07_PIT_CIN,NFL,CIN,PIT,home,5.5,-5.5,11.5,45.5,SECONDARY,PAPER,5.5,other_half_point_shape,1,0.6698722507821999,0.04,0.7098722507822,True,2,33,31,WIN,1.0,13.5,45.5-47,70-71.9%,archived_reference_line
2025_07_TB_DET-TB,2025,7,REG,2025-10-20,2025_07_TB_DET,NFL,TB,DET,away,6.0,6.0,12.0,54.5,SECONDARY,PAPER,6.0,whole_number_line,1,0.6431802259808819,0.04,0.6831802259808819,False,-15,24,9,LOSS,0.0,-3.0,out-of-range,<70%,archived_reference_line
2025_07_TB_DET-DET,2025,7,REG,2025-10-20,2025_07_TB_DET,NFL,DET,TB,home,-6.0,6.0,0.0,54.5,SECONDARY,PAPER,-6.0,whole_number_line,1,0.6431802259808819,0.04,0.6831802259808819,False,15,24,9,WIN,1.0,15.0,out-of-range,<70%,archived_reference_line
2025_07_WAS_DAL-WAS,2025,7,REG,2025-10-19,2025_07_WAS_DAL,NFL,WAS,DAL,away,1.5,1.5,7.5,54.5,PRIMARY,LIVE,+1.5,,2,0.6431802259808819,0.07,0.7131802259808819,False,-22,44,22,LOSS,0.0,-14.5,out-of-range,70-71.9%,archived_reference_line
2025_07_WAS_DAL-DAL,2025,7,REG,2025-10-19,2025_07_WAS_DAL,NFL,DAL,WAS,home,-1.5,1.5,4.5,54.5,SECONDARY,PAPER,-1.5,other_half_point_shape,1,0.6431802259808819,0.04,0.6831802259808819,False,22,44,22,WIN,1.0,26.5,out-of-range,<70%,archived_reference_line
2025_08_BUF_CAR-BUF,2025,8,REG,2025-10-26,2025_08_BUF_CAR,NFL,BUF,CAR,away,-7.0,-7.0,-1.0,47.5,SECONDARY,PAPER,-7.0,whole_number_line,2,0.6631416751252381,0.07,0.7331416751252382,False,31,9,40,WIN,1.0,30.0,out-of-range,72-73.9%,archived_reference_line
2025_08_BUF_CAR-CAR,2025,8,REG,2025-10-26,2025_08_BUF_CAR,NFL,CAR,BUF,home,7.0,-7.0,13.0,47.5,SECONDARY,PAPER,7.0,whole_number_line,1,0.6631416751252381,0.04,0.7031416751252382,False,-31,9,40,LOSS,0.0,-18.0,out-of-range,70-71.9%,archived_reference_line
2025_08_CHI_BAL-CHI,2025,8,REG,2025-10-26,2025_08_CHI_BAL,NFL,CHI,BAL,away,2.5,2.5,8.5,45.5,PRIMARY,LIVE,+2.5,,2,0.6698722507821999,0.07,0.7398722507822,True,-14,30,16,LOSS,0.0,-5.5,45.5-47,72-73.9%,archived_reference_line
2025_08_CHI_BAL-BAL,2025,8,REG,2025-10-26,2025_08_CHI_BAL,NFL,BAL,CHI,home,-2.5,2.5,3.5,45.5,SECONDARY,PAPER,-2.5,other_half_point_shape,1,0.6698722507821999,0.04,0.7098722507822,True,14,30,16,WIN,1.0,17.5,45.5-47,70-71.9%,archived_reference_line
2025_08_CLE_NE-CLE,2025,8,REG,2025-10-26,2025_08_CLE_NE,NFL,CLE,NE,away,7.0,7.0,13.0,40.5,SECONDARY,PAPER,7.0,whole_number_line,1,0.6892858751269062,0.04,0.7292858751269062,True,-19,32,13,LOSS,0.0,-6.0,40.5-43,72-73.9%,archived_reference_line
2025_08_CLE_NE-NE,2025,8,REG,2025-10-26,2025_08_CLE_NE,NFL,NE,CLE,home,-7.0,7.0,-1.0,40.5,SECONDARY,PAPER,-7.0,whole_number_line,2,0.6892858751269062,0.07,0.7592858751269063,True,19,32,13,WIN,1.0,18.0,40.5-43,>=74%,archived_reference_line
2025_08_DAL_DEN-DAL,2025,8,REG,2025-10-26,2025_08_DAL_DEN,NFL,DAL,DEN,away,3.5,3.5,9.5,51.5,SECONDARY,PAPER,3.5,other_half_point_shape,1,0.651121300213464,0.04,0.6911213002134641,False,-20,44,24,LOSS,0.0,-10.5,out-of-range,<70%,archived_reference_line
2025_08_DAL_DEN-DEN,2025,8,REG,2025-10-26,2025_08_DAL_DEN,NFL,DEN,DAL,home,-3.5,3.5,2.5,51.5,SECONDARY,PAPER,-3.5,other_half_point_shape,1,0.651121300213464,0.04,0.6911213002134641,False,20,44,24,WIN,1.0,22.5,out-of-range,<70%,archived_reference_line
2025_08_GB_PIT-GB,2025,8,REG,2025-10-26,2025_08_GB_PIT,NFL,GB,PIT,away,-3.0,-3.0,3.0,46.5,SECONDARY,PAPER,-3.0,whole_number_line,1,0.6664412874896358,0.04,0.7064412874896359,True,10,25,35,WIN,1.0,13.0,45.5-47,70-71.9%,archived_reference_line
2025_08_GB_PIT-PIT,2025,8,REG,2025-10-26,2025_08_GB_PIT,NFL,PIT,GB,home,3.0,-3.0,9.0,46.5,SECONDARY,PAPER,3.0,whole_number_line,2,0.6664412874896358,0.07,0.7364412874896358,True,-10,25,35,LOSS,0.0,-1.0,45.5-47,72-73.9%,archived_reference_line
2025_08_MIA_ATL-MIA,2025,8,REG,2025-10-26,2025_08_MIA_ATL,NFL,MIA,ATL,away,7.0,7.0,13.0,44.5,SECONDARY,PAPER,7.0,whole_number_line,1,0.6734422108808652,0.04,0.7134422108808652,True,24,10,34,WIN,1.0,37.0,43.5-45,70-71.9%,archived_reference_line
2025_08_MIA_ATL-ATL,2025,8,REG,2025-10-26,2025_08_MIA_ATL,NFL,ATL,MIA,home,-7.0,7.0,-1.0,44.5,SECONDARY,PAPER,-7.0,whole_number_line,2,0.6734422108808652,0.07,0.7434422108808652,True,-24,10,34,LOSS,0.0,-25.0,43.5-45,>=74%,archived_reference_line
2025_08_MIN_LAC-MIN,2025,8,REG,2025-10-23,2025_08_MIN_LAC,NFL,MIN,LAC,away,3.0,3.0,9.0,45.5,SECONDARY,PAPER,3.0,whole_number_line,2,0.6698722507821999,0.07,0.7398722507822,True,-27,37,10,LOSS,0.0,-18.0,45.5-47,72-73.9%,archived_reference_line
2025_08_MIN_LAC-LAC,2025,8,REG,2025-10-23,2025_08_MIN_LAC,NFL,LAC,MIN,home,-3.0,3.0,3.0,45.5,SECONDARY,PAPER,-3.0,whole_number_line,1,0.6698722507821999,0.04,0.7098722507822,True,27,37,10,WIN,1.0,30.0,45.5-47,70-71.9%,archived_reference_line
2025_08_NYG_PHI-NYG,2025,8,REG,2025-10-26,2025_08_NYG_PHI,NFL,NYG,PHI,away,7.0,7.0,13.0,43.5,SECONDARY,PAPER,7.0,whole_number_line,1,0.6771593818727903,0.04,0.7171593818727904,True,-18,38,20,LOSS,0.0,-5.0,43.5-45,70-71.9%,archived_reference_line
2025_08_NYG_PHI-PHI,2025,8,REG,2025-10-26,2025_08_NYG_PHI,NFL,PHI,NYG,home,-7.0,7.0,-1.0,43.5,SECONDARY,PAPER,-7.0,whole_number_line,2,0.6771593818727903,0.07,0.7471593818727904,True,18,38,20,WIN,1.0,17.0,43.5-45,>=74%,archived_reference_line
2025_08_NYJ_CIN-NYJ,2025,8,REG,2025-10-26,2025_08_NYJ_CIN,NFL,NYJ,CIN,away,5.5,5.5,11.5,43.5,SECONDARY,PAPER,5.5,other_half_point_shape,1,0.6771593818727903,0.04,0.7171593818727904,True,1,38,39,WIN,1.0,12.5,43.5-45,70-71.9%,archived_reference_line
2025_08_NYJ_CIN-CIN,2025,8,REG,2025-10-26,2025_08_NYJ_CIN,NFL,CIN,NYJ,home,-5.5,5.5,0.5,43.5,SECONDARY,PAPER,-5.5,other_half_point_shape,1,0.6771593818727903,0.04,0.7171593818727904,True,-1,38,39,LOSS,0.0,-0.5,43.5-45,70-71.9%,archived_reference_line
2025_08_SF_HOU-SF,2025,8,REG,2025-10-26,2025_08_SF_HOU,NFL,SF,HOU,away,2.5,2.5,8.5,41.5,PRIMARY,LIVE,+2.5,,2,0.6850713499837193,0.07,0.7550713499837194,True,-11,26,15,LOSS,0.0,-2.5,40.5-43,>=74%,archived_reference_line
2025_08_SF_HOU-HOU,2025,8,REG,2025-10-26,2025_08_SF_HOU,NFL,HOU,SF,home,-2.5,2.5,3.5,41.5,SECONDARY,PAPER,-2.5,other_half_point_shape,1,0.6850713499837193,0.04,0.7250713499837194,True,11,26,15,WIN,1.0,14.5,40.5-43,72-73.9%,archived_reference_line
2025_08_TB_NO-TB,2025,8,REG,2025-10-26,2025_08_TB_NO,NFL,TB,NO,away,-4.5,-4.5,1.5,46.5,SECONDARY,PAPER,-4.5,other_half_point_shape,1,0.6664412874896358,0.04,0.7064412874896359,True,20,3,23,WIN,1.0,21.5,45.5-47,70-71.9%,archived_reference_line
2025_08_TB_NO-NO,2025,8,REG,2025-10-26,2025_08_TB_NO,NFL,NO,TB,home,4.5,-4.5,10.5,46.5,SECONDARY,PAPER,4.5,other_half_point_shape,1,0.6664412874896358,0.04,0.7064412874896359,True,-20,3,23,LOSS,0.0,-9.5,45.5-47,70-71.9%,archived_reference_line
2025_08_TEN_IND-TEN,2025,8,REG,2025-10-26,2025_08_TEN_IND,NFL,TEN,IND,away,15.5,15.5,21.5,47.5,SECONDARY,PAPER,15.5,other_half_point_shape,0,0.6631416751252381,0.0,0.6631416751252381,False,-24,38,14,LOSS,0.0,-2.5,out-of-range,<70%,archived_reference_line
2025_08_TEN_IND-IND,2025,8,REG,2025-10-26,2025_08_TEN_IND,NFL,IND,TEN,home,-15.5,15.5,-9.5,47.5,SECONDARY,PAPER,-15.5,other_half_point_shape,0,0.6631416751252381,0.0,0.6631416751252381,False,24,38,14,WIN,1.0,14.5,out-of-range,<70%,archived_reference_line
2025_08_WAS_KC-WAS,2025,8,REG,2025-10-27,2025_08_WAS_KC,NFL,WAS,KC,away,10.5,10.5,16.5,48.5,SECONDARY,PAPER,10.5,other_half_point_shape,0,0.6599662912879087,0.0,0.6599662912879087,False,-21,28,7,LOSS,0.0,-4.5,out-of-range,<70%,archived_reference_line
2025_08_WAS_KC-KC,2025,8,REG,2025-10-27,2025_08_WAS_KC,NFL,KC,WAS,home,-10.5,10.5,-4.5,48.5,SECONDARY,PAPER,-10.5,other_half_point_shape,1,0.6599662912879087,0.04,0.6999662912879088,False,21,28,7,WIN,1.0,16.5,out-of-range,<70%,archived_reference_line
2025_09_ARI_DAL-ARI,2025,9,REG,2025-11-03,2025_09_ARI_DAL,NFL,ARI,DAL,away,3.5,3.5,9.5,53.5,SECONDARY,PAPER,3.5,other_half_point_shape,1,0.6457352614471858,0.04,0.6857352614471859,False,10,17,27,WIN,1.0,19.5,out-of-range,<70%,archived_reference_line
2025_09_ARI_DAL-DAL,2025,9,REG,2025-11-03,2025_09_ARI_DAL,NFL,DAL,ARI,home,-3.5,3.5,2.5,53.5,SECONDARY,PAPER,-3.5,other_half_point_shape,1,0.6457352614471858,0.04,0.6857352614471859,False,-10,17,27,LOSS,0.0,-7.5,out-of-range,<70%,archived_reference_line
2025_09_ATL_NE-ATL,2025,9,REG,2025-11-02,2025_09_ATL_NE,NFL,ATL,NE,away,5.5,5.5,11.5,45.5,SECONDARY,PAPER,5.5,other_half_point_shape,1,0.6698722507821999,0.04,0.7098722507822,True,-1,24,23,WIN,1.0,10.5,45.5-47,70-71.9%,archived_reference_line
2025_09_ATL_NE-NE,2025,9,REG,2025-11-02,2025_09_ATL_NE,NFL,NE,ATL,home,-5.5,5.5,0.5,45.5,SECONDARY,PAPER,-5.5,other_half_point_shape,1,0.6698722507821999,0.04,0.7098722507822,True,1,24,23,WIN,1.0,1.5,45.5-47,70-71.9%,archived_reference_line
2025_09_BAL_MIA-BAL,2025,9,REG,2025-10-30,2025_09_BAL_MIA,NFL,BAL,MIA,away,-7.5,-7.5,-1.5,51.5,PRIMARY,LIVE,-7.5,,2,0.651121300213464,0.07,0.721121300213464,False,22,6,28,WIN,1.0,20.5,out-of-range,72-73.9%,archived_reference_line
2025_09_BAL_MIA-MIA,2025,9,REG,2025-10-30,2025_09_BAL_MIA,NFL,MIA,BAL,home,7.5,-7.5,13.5,51.5,SECONDARY,PAPER,7.5,other_half_point_shape,0,0.651121300213464,0.0,0.651121300213464,False,-22,6,28,LOSS,0.0,-8.5,out-of-range,<70%,archived_reference_line
2025_09_CAR_GB-CAR,2025,9,REG,2025-11-02,2025_09_CAR_GB,NFL,CAR,GB,away,12.5,12.5,18.5,43.5,SECONDARY,PAPER,12.5,other_half_point_shape,0,0.6771593818727903,0.0,0.6771593818727903,True,3,13,16,WIN,1.0,21.5,43.5-45,<70%,archived_reference_line
2025_09_CAR_GB-GB,2025,9,REG,2025-11-02,2025_09_CAR_GB,NFL,GB,CAR,home,-12.5,12.5,-6.5,43.5,SECONDARY,PAPER,-12.5,other_half_point_shape,1,0.6771593818727903,0.04,0.7171593818727904,True,-3,13,16,LOSS,0.0,-9.5,43.5-45,70-71.9%,archived_reference_line
2025_09_CHI_CIN-CHI,2025,9,REG,2025-11-02,2025_09_CHI_CIN,NFL,CHI,CIN,away,-3.0,-3.0,3.0,51.5,SECONDARY,PAPER,-3.0,whole_number_line,1,0.651121300213464,0.04,0.6911213002134641,False,5,42,47,WIN,1.0,8.0,out-of-range,<70%,archived_reference_line
2025_09_CHI_CIN-CIN,2025,9,REG,2025-11-02,2025_09_CHI_CIN,NFL,CIN,CHI,home,3.0,-3.0,9.0,51.5,SECONDARY,PAPER,3.0,whole_number_line,2,0.651121300213464,0.07,0.721121300213464,False,-5,42,47,WIN,1.0,4.0,out-of-range,72-73.9%,archived_reference_line
2025_09_DEN_HOU-DEN,2025,9,REG,2025-11-02,2025_09_DEN_HOU,NFL,DEN,HOU,away,1.5,1.5,7.5,40.5,PRIMARY,LIVE,+1.5,,2,0.6892858751269062,0.07,0.7592858751269063,True,3,15,18,WIN,1.0,10.5,40.5-43,>=74%,archived_reference_line
2025_09_DEN_HOU-HOU,2025,9,REG,2025-11-02,2025_09_DEN_HOU,NFL,HOU,DEN,home,-1.5,1.5,4.5,40.5,SECONDARY,PAPER,-1.5,other_half_point_shape,1,0.6892858751269062,0.04,0.7292858751269062,True,-3,15,18,WIN,1.0,1.5,40.5-43,72-73.9%,archived_reference_line
2025_09_IND_PIT-IND,2025,9,REG,2025-11-02,2025_09_IND_PIT,NFL,IND,PIT,away,-3.5,-3.5,2.5,51.5,SECONDARY,PAPER,-3.5,other_half_point_shape,1,0.651121300213464,0.04,0.6911213002134641,False,-7,27,20,LOSS,0.0,-4.5,out-of-range,<70%,archived_reference_line
2025_09_IND_PIT-PIT,2025,9,REG,2025-11-02,2025_09_IND_PIT,NFL,PIT,IND,home,3.5,-3.5,9.5,51.5,SECONDARY,PAPER,3.5,other_half_point_shape,1,0.651121300213464,0.04,0.6911213002134641,False,7,27,20,WIN,1.0,16.5,out-of-range,<70%,archived_reference_line
2025_09_JAX_LV-JAX,2025,9,REG,2025-11-02,2025_09_JAX_LV,NFL,JAX,LV,away,-2.5,-2.5,3.5,43.5,SECONDARY,PAPER,-2.5,other_half_point_shape,1,0.6771593818727903,0.04,0.7171593818727904,True,1,29,30,WIN,1.0,4.5,43.5-45,70-71.9%,archived_reference_line
2025_09_JAX_LV-LV,2025,9,REG,2025-11-02,2025_09_JAX_LV,NFL,LV,JAX,home,2.5,-2.5,8.5,43.5,PRIMARY,LIVE,+2.5,,2,0.6771593818727903,0.07,0.7471593818727904,True,-1,29,30,WIN,1.0,7.5,43.5-45,>=74%,archived_reference_line
2025_09_KC_BUF-KC,2025,9,REG,2025-11-02,2025_09_KC_BUF,NFL,KC,BUF,away,-2.5,-2.5,3.5,53.5,SECONDARY,PAPER,-2.5,other_half_point_shape,1,0.6457352614471858,0.04,0.6857352614471859,False,-7,28,21,LOSS,0.0,-3.5,out-of-range,<70%,archived_reference_line
2025_09_KC_BUF-BUF,2025,9,REG,2025-11-02,2025_09_KC_BUF,NFL,BUF,KC,home,2.5,-2.5,8.5,53.5,PRIMARY,LIVE,+2.5,,2,0.6457352614471858,0.07,0.7157352614471859,False,7,28,21,WIN,1.0,15.5,out-of-range,70-71.9%,archived_reference_line
2025_09_LAC_TEN-LAC,2025,9,REG,2025-11-02,2025_09_LAC_TEN,NFL,LAC,TEN,away,-10.0,-10.0,-4.0,44.5,SECONDARY,PAPER,-10.0,whole_number_line,1,0.6734422108808652,0.04,0.7134422108808652,True,7,20,27,WIN,1.0,3.0,43.5-45,70-71.9%,archived_reference_line
2025_09_LAC_TEN-TEN,2025,9,REG,2025-11-02,2025_09_LAC_TEN,NFL,TEN,LAC,home,10.0,-10.0,16.0,44.5,SECONDARY,PAPER,10.0,whole_number_line,0,0.6734422108808652,0.0,0.6734422108808652,True,-7,20,27,WIN,1.0,9.0,43.5-45,<70%,archived_reference_line
2025_09_MIN_DET-MIN,2025,9,REG,2025-11-02,2025_09_MIN_DET,NFL,MIN,DET,away,9.5,9.5,15.5,47.5,SECONDARY,PAPER,9.5,other_half_point_shape,0,0.6631416751252381,0.0,0.6631416751252381,False,3,24,27,WIN,1.0,18.5,out-of-range,<70%,archived_reference_line
2025_09_MIN_DET-DET,2025,9,REG,2025-11-02,2025_09_MIN_DET,NFL,DET,MIN,home,-9.5,9.5,-3.5,47.5,SECONDARY,PAPER,-9.5,other_half_point_shape,1,0.6631416751252381,0.04,0.7031416751252382,False,-3,24,27,LOSS,0.0,-6.5,out-of-range,70-71.9%,archived_reference_line
2025_09_NO_LA-NO,2025,9,REG,2025-11-02,2025_09_NO_LA,NFL,NO,LA,away,14.0,14.0,20.0,44.5,SECONDARY,PAPER,14.0,whole_number_line,0,0.6734422108808652,0.0,0.6734422108808652,True,-24,34,10,LOSS,0.0,-4.0,43.5-45,<70%,archived_reference_line
2025_09_NO_LA-LA,2025,9,REG,2025-11-02,2025_09_NO_LA,NFL,LA,NO,home,-14.0,14.0,-8.0,44.5,SECONDARY,PAPER,-14.0,whole_number_line,0,0.6734422108808652,0.0,0.6734422108808652,True,24,34,10,WIN,1.0,16.0,43.5-45,<70%,archived_reference_line
2025_09_SEA_WAS-SEA,2025,9,REG,2025-11-02,2025_09_SEA_WAS,NFL,SEA,WAS,away,-2.5,-2.5,3.5,47.5,SECONDARY,PAPER,-2.5,other_half_point_shape,1,0.6631416751252381,0.04,0.7031416751252382,False,24,14,38,WIN,1.0,27.5,out-of-range,70-71.9%,archived_reference_line
2025_09_SEA_WAS-WAS,2025,9,REG,2025-11-02,2025_09_SEA_WAS,NFL,WAS,SEA,home,2.5,-2.5,8.5,47.5,PRIMARY,LIVE,+2.5,,2,0.6631416751252381,0.07,0.7331416751252382,False,-24,14,38,LOSS,0.0,-15.5,out-of-range,72-73.9%,archived_reference_line
2025_09_SF_NYG-SF,2025,9,REG,2025-11-02,2025_09_SF_NYG,NFL,SF,NYG,away,-2.5,-2.5,3.5,47.5,SECONDARY,PAPER,-2.5,other_half_point_shape,1,0.6631416751252381,0.04,0.7031416751252382,False,10,24,34,WIN,1.0,13.5,out-of-range,70-71.9%,archived_reference_line
2025_09_SF_NYG-NYG,2025,9,REG,2025-11-02,2025_09_SF_NYG,NFL,NYG,SF,home,2.5,-2.5,8.5,47.5,PRIMARY,LIVE,+2.5,,2,0.6631416751252381,0.07,0.7331416751252382,False,-10,24,34,LOSS,0.0,-1.5,out-of-range,72-73.9%,archived_reference_line
2025_10_ARI_SEA-ARI,2025,10,REG,2025-11-09,2025_10_ARI_SEA,NFL,ARI,SEA,away,7.0,7.0,13.0,44.5,SECONDARY,PAPER,7.0,whole_number_line,1,0.6734422108808652,0.04,0.7134422108808652,True,-22,44,22,LOSS,0.0,-9.0,43.5-45,70-71.9%,archived_reference_line
2025_10_ARI_SEA-SEA,2025,10,REG,2025-11-09,2025_10_ARI_SEA,NFL,SEA,ARI,home,-7.0,7.0,-1.0,44.5,SECONDARY,PAPER,-7.0,whole_number_line,2,0.6734422108808652,0.07,0.7434422108808652,True,22,44,22,WIN,1.0,21.0,43.5-45,>=74%,archived_reference_line
2025_10_ATL_IND-ATL,2025,10,REG,2025-11-09,2025_10_ATL_IND,NFL,ATL,IND,away,6.5,6.5,12.5,48.5,SECONDARY,PAPER,6.5,other_half_point_shape,1,0.6599662912879087,0.04,0.6999662912879088,False,-6,31,25,WIN,1.0,6.5,out-of-range,<70%,archived_reference_line
2025_10_ATL_IND-IND,2025,10,REG,2025-11-09,2025_10_ATL_IND,NFL,IND,ATL,home,-6.5,6.5,-0.5,48.5,SECONDARY,PAPER,-6.5,other_half_point_shape,1,0.6599662912879087,0.04,0.6999662912879088,False,6,31,25,WIN,1.0,5.5,out-of-range,<70%,archived_reference_line
2025_10_BAL_MIN-BAL,2025,10,REG,2025-11-09,2025_10_BAL_MIN,NFL,BAL,MIN,away,-4.5,-4.5,1.5,48.5,SECONDARY,PAPER,-4.5,other_half_point_shape,1,0.6599662912879087,0.04,0.6999662912879088,False,8,19,27,WIN,1.0,9.5,out-of-range,<70%,archived_reference_line
2025_10_BAL_MIN-MIN,2025,10,REG,2025-11-09,2025_10_BAL_MIN,NFL,MIN,BAL,home,4.5,-4.5,10.5,48.5,SECONDARY,PAPER,4.5,other_half_point_shape,1,0.6599662912879087,0.04,0.6999662912879088,False,-8,19,27,WIN,1.0,2.5,out-of-range,<70%,archived_reference_line
2025_10_BUF_MIA-BUF,2025,10,REG,2025-11-09,2025_10_BUF_MIA,NFL,BUF,MIA,away,-8.5,-8.5,-2.5,50.5,PRIMARY,LIVE,-8.5,,2,0.6539620939680577,0.07,0.7239620939680578,False,-17,30,13,LOSS,0.0,-19.5,out-of-range,72-73.9%,archived_reference_line
2025_10_BUF_MIA-MIA,2025,10,REG,2025-11-09,2025_10_BUF_MIA,NFL,MIA,BUF,home,8.5,-8.5,14.5,50.5,SECONDARY,PAPER,8.5,other_half_point_shape,0,0.6539620939680577,0.0,0.6539620939680577,False,17,30,13,WIN,1.0,31.5,out-of-range,<70%,archived_reference_line
2025_10_CLE_NYJ-CLE,2025,10,REG,2025-11-09,2025_10_CLE_NYJ,NFL,CLE,NYJ,away,-1.5,-1.5,4.5,37.5,SECONDARY,PAPER,-1.5,other_half_point_shape,1,0.7030985713961488,0.04,0.7430985713961489,True,-7,27,20,LOSS,0.0,-2.5,<=40,>=74%,archived_reference_line
2025_10_CLE_NYJ-NYJ,2025,10,REG,2025-11-09,2025_10_CLE_NYJ,NFL,NYJ,CLE,home,1.5,-1.5,7.5,37.5,PRIMARY,LIVE,+1.5,,2,0.7030985713961488,0.07,0.7730985713961489,True,7,27,20,WIN,1.0,14.5,<=40,>=74%,archived_reference_line
2025_10_DET_WAS-DET,2025,10,REG,2025-11-09,2025_10_DET_WAS,NFL,DET,WAS,away,-8.5,-8.5,-2.5,49.5,PRIMARY,LIVE,-8.5,,2,0.6569084959850626,0.07,0.7269084959850627,False,22,22,44,WIN,1.0,19.5,out-of-range,72-73.9%,archived_reference_line
2025_10_DET_WAS-WAS,2025,10,REG,2025-11-09,2025_10_DET_WAS,NFL,WAS,DET,home,8.5,-8.5,14.5,49.5,SECONDARY,PAPER,8.5,other_half_point_shape,0,0.6569084959850626,0.0,0.6569084959850626,False,-22,22,44,LOSS,0.0,-7.5,out-of-range,<70%,archived_reference_line
2025_10_JAX_HOU-JAX,2025,10,REG,2025-11-09,2025_10_JAX_HOU,NFL,JAX,HOU,away,-1.5,-1.5,4.5,37.5,SECONDARY,PAPER,-1.5,other_half_point_shape,1,0.7030985713961488,0.04,0.7430985713961489,True,-7,36,29,LOSS,0.0,-2.5,<=40,>=74%,archived_reference_line
2025_10_JAX_HOU-HOU,2025,10,REG,2025-11-09,2025_10_JAX_HOU,NFL,HOU,JAX,home,1.5,-1.5,7.5,37.5,PRIMARY,LIVE,+1.5,,2,0.7030985713961488,0.07,0.7730985713961489,True,7,36,29,WIN,1.0,14.5,<=40,>=74%,archived_reference_line
2025_10_LA_SF-LA,2025,10,REG,2025-11-09,2025_10_LA_SF,NFL,LA,SF,away,-5.5,-5.5,0.5,49.5,SECONDARY,PAPER,-5.5,other_half_point_shape,1,0.6569084959850626,0.04,0.6969084959850627,False,16,26,42,WIN,1.0,16.5,out-of-range,<70%,archived_reference_line
2025_10_LA_SF-SF,2025,10,REG,2025-11-09,2025_10_LA_SF,NFL,SF,LA,home,5.5,-5.5,11.5,49.5,SECONDARY,PAPER,5.5,other_half_point_shape,1,0.6569084959850626,0.04,0.6969084959850627,False,-16,26,42,LOSS,0.0,-4.5,out-of-range,<70%,archived_reference_line
2025_10_LV_DEN-LV,2025,10,REG,2025-11-06,2025_10_LV_DEN,NFL,LV,DEN,away,9.5,9.5,15.5,42.5,SECONDARY,PAPER,9.5,other_half_point_shape,0,0.6810325947045215,0.0,0.6810325947045215,True,-3,10,7,WIN,1.0,12.5,40.5-43,<70%,archived_reference_line
2025_10_LV_DEN-DEN,2025,10,REG,2025-11-06,2025_10_LV_DEN,NFL,DEN,LV,home,-9.5,9.5,-3.5,42.5,SECONDARY,PAPER,-9.5,other_half_point_shape,1,0.6810325947045215,0.04,0.7210325947045215,True,3,10,7,LOSS,0.0,-0.5,40.5-43,72-73.9%,archived_reference_line
2025_10_NE_TB-NE,2025,10,REG,2025-11-09,2025_10_NE_TB,NFL,NE,TB,away,2.5,2.5,8.5,48.5,PRIMARY,LIVE,+2.5,,2,0.6599662912879087,0.07,0.7299662912879088,False,5,23,28,WIN,1.0,13.5,out-of-range,72-73.9%,archived_reference_line
2025_10_NE_TB-TB,2025,10,REG,2025-11-09,2025_10_NE_TB,NFL,TB,NE,home,-2.5,2.5,3.5,48.5,SECONDARY,PAPER,-2.5,other_half_point_shape,1,0.6599662912879087,0.04,0.6999662912879088,False,-5,23,28,LOSS,0.0,-1.5,out-of-range,<70%,archived_reference_line
2025_10_NO_CAR-NO,2025,10,REG,2025-11-09,2025_10_NO_CAR,NFL,NO,CAR,away,5.5,5.5,11.5,38.5,SECONDARY,PAPER,5.5,other_half_point_shape,1,0.6982871529359227,0.04,0.7382871529359227,True,10,7,17,WIN,1.0,21.5,<=40,72-73.9%,archived_reference_line
2025_10_NO_CAR-CAR,2025,10,REG,2025-11-09,2025_10_NO_CAR,NFL,CAR,NO,home,-5.5,5.5,0.5,38.5,SECONDARY,PAPER,-5.5,other_half_point_shape,1,0.6982871529359227,0.04,0.7382871529359227,True,-10,7,17,LOSS,0.0,-9.5,<=40,72-73.9%,archived_reference_line
2025_10_NYG_CHI-NYG,2025,10,REG,2025-11-09,2025_10_NYG_CHI,NFL,NYG,CHI,away,4.5,4.5,10.5,45.5,SECONDARY,PAPER,4.5,other_half_point_shape,1,0.6698722507821999,0.04,0.7098722507822,True,-4,24,20,WIN,1.0,6.5,45.5-47,70-71.9%,archived_reference_line
2025_10_NYG_CHI-CHI,2025,10,REG,2025-11-09,2025_10_NYG_CHI,NFL,CHI,NYG,home,-4.5,4.5,1.5,45.5,SECONDARY,PAPER,-4.5,other_half_point_shape,1,0.6698722507821999,0.04,0.7098722507822,True,4,24,20,WIN,1.0,5.5,45.5-47,70-71.9%,archived_reference_line
2025_10_PHI_GB-PHI,2025,10,REG,2025-11-10,2025_10_PHI_GB,NFL,PHI,GB,away,1.5,1.5,7.5,45.5,PRIMARY,LIVE,+1.5,,2,0.6698722507821999,0.07,0.7398722507822,True,3,7,10,WIN,1.0,10.5,45.5-47,72-73.9%,archived_reference_line
2025_10_PHI_GB-GB,2025,10,REG,2025-11-10,2025_10_PHI_GB,NFL,GB,PHI,home,-1.5,1.5,4.5,45.5,SECONDARY,PAPER,-1.5,other_half_point_shape,1,0.6698722507821999,0.04,0.7098722507822,True,-3,7,10,WIN,1.0,1.5,45.5-47,70-71.9%,archived_reference_line
2025_10_PIT_LAC-PIT,2025,10,REG,2025-11-09,2025_10_PIT_LAC,NFL,PIT,LAC,away,3.0,3.0,9.0,45.5,SECONDARY,PAPER,3.0,whole_number_line,2,0.6698722507821999,0.07,0.7398722507822,True,-15,25,10,LOSS,0.0,-6.0,45.5-47,72-73.9%,archived_reference_line
2025_10_PIT_LAC-LAC,2025,10,REG,2025-11-09,2025_10_PIT_LAC,NFL,LAC,PIT,home,-3.0,3.0,3.0,45.5,SECONDARY,PAPER,-3.0,whole_number_line,1,0.6698722507821999,0.04,0.7098722507822,True,15,25,10,WIN,1.0,18.0,45.5-47,70-71.9%,archived_reference_line
2025_11_BAL_CLE-BAL,2025,11,REG,2025-11-16,2025_11_BAL_CLE,NFL,BAL,CLE,away,-7.5,-7.5,-1.5,37.5,PRIMARY,LIVE,-7.5,,2,0.7030985713961488,0.07,0.7730985713961489,True,7,16,23,WIN,1.0,5.5,<=40,>=74%,archived_reference_line
2025_11_BAL_CLE-CLE,2025,11,REG,2025-11-16,2025_11_BAL_CLE,NFL,CLE,BAL,home,7.5,-7.5,13.5,37.5,SECONDARY,PAPER,7.5,other_half_point_shape,0,0.7030985713961488,0.0,0.7030985713961488,True,-7,16,23,WIN,1.0,6.5,<=40,70-71.9%,archived_reference_line
2025_11_CAR_ATL-CAR,2025,11,REG,2025-11-16,2025_11_CAR_ATL,NFL,CAR,ATL,away,4.5,4.5,10.5,42.5,SECONDARY,PAPER,4.5,other_half_point_shape,1,0.6810325947045215,0.04,0.7210325947045215,True,3,27,30,WIN,1.0,13.5,40.5-43,72-73.9%,archived_reference_line
2025_11_CAR_ATL-ATL,2025,11,REG,2025-11-16,2025_11_CAR_ATL,NFL,ATL,CAR,home,-4.5,4.5,1.5,42.5,SECONDARY,PAPER,-4.5,other_half_point_shape,1,0.6810325947045215,0.04,0.7210325947045215,True,-3,27,30,LOSS,0.0,-1.5,40.5-43,72-73.9%,archived_reference_line
2025_11_CHI_MIN-CHI,2025,11,REG,2025-11-16,2025_11_CHI_MIN,NFL,CHI,MIN,away,3.0,3.0,9.0,47.5,SECONDARY,PAPER,3.0,whole_number_line,2,0.6631416751252381,0.07,0.7331416751252382,False,2,17,19,WIN,1.0,11.0,out-of-range,72-73.9%,archived_reference_line
2025_11_CHI_MIN-MIN,2025,11,REG,2025-11-16,2025_11_CHI_MIN,NFL,MIN,CHI,home,-3.0,3.0,3.0,47.5,SECONDARY,PAPER,-3.0,whole_number_line,1,0.6631416751252381,0.04,0.7031416751252382,False,-2,17,19,WIN,1.0,1.0,out-of-range,70-71.9%,archived_reference_line
2025_11_CIN_PIT-CIN,2025,11,REG,2025-11-16,2025_11_CIN_PIT,NFL,CIN,PIT,away,5.5,5.5,11.5,48.5,SECONDARY,PAPER,5.5,other_half_point_shape,1,0.6599662912879087,0.04,0.6999662912879088,False,-22,34,12,LOSS,0.0,-10.5,out-of-range,<70%,archived_reference_line
2025_11_CIN_PIT-PIT,2025,11,REG,2025-11-16,2025_11_CIN_PIT,NFL,PIT,CIN,home,-5.5,5.5,0.5,48.5,SECONDARY,PAPER,-5.5,other_half_point_shape,1,0.6599662912879087,0.04,0.6999662912879088,False,22,34,12,WIN,1.0,22.5,out-of-range,<70%,archived_reference_line
2025_11_DAL_LV-DAL,2025,11,REG,2025-11-17,2025_11_DAL_LV,NFL,DAL,LV,away,-3.5,-3.5,2.5,48.5,SECONDARY,PAPER,-3.5,other_half_point_shape,1,0.6599662912879087,0.04,0.6999662912879088,False,17,16,33,WIN,1.0,19.5,out-of-range,<70%,archived_reference_line
2025_11_DAL_LV-LV,2025,11,REG,2025-11-17,2025_11_DAL_LV,NFL,LV,DAL,home,3.5,-3.5,9.5,48.5,SECONDARY,PAPER,3.5,other_half_point_shape,1,0.6599662912879087,0.04,0.6999662912879088,False,-17,16,33,LOSS,0.0,-7.5,out-of-range,<70%,archived_reference_line
2025_11_DET_PHI-DET,2025,11,REG,2025-11-16,2025_11_DET_PHI,NFL,DET,PHI,away,2.5,2.5,8.5,46.5,PRIMARY,LIVE,+2.5,,2,0.6664412874896358,0.07,0.7364412874896358,True,-7,16,9,WIN,1.0,1.5,45.5-47,72-73.9%,archived_reference_line
2025_11_DET_PHI-PHI,2025,11,REG,2025-11-16,2025_11_DET_PHI,NFL,PHI,DET,home,-2.5,2.5,3.5,46.5,SECONDARY,PAPER,-2.5,other_half_point_shape,1,0.6664412874896358,0.04,0.7064412874896359,True,7,16,9,WIN,1.0,10.5,45.5-47,70-71.9%,archived_reference_line
2025_11_GB_NYG-GB,2025,11,REG,2025-11-16,2025_11_GB_NYG,NFL,GB,NYG,away,-7.5,-7.5,-1.5,41.5,PRIMARY,LIVE,-7.5,,2,0.6850713499837193,0.07,0.7550713499837194,True,7,20,27,WIN,1.0,5.5,40.5-43,>=74%,archived_reference_line
2025_11_GB_NYG-NYG,2025,11,REG,2025-11-16,2025_11_GB_NYG,NFL,NYG,GB,home,7.5,-7.5,13.5,41.5,SECONDARY,PAPER,7.5,other_half_point_shape,0,0.6850713499837193,0.0,0.6850713499837193,True,-7,20,27,WIN,1.0,6.5,40.5-43,<70%,archived_reference_line
2025_11_HOU_TEN-HOU,2025,11,REG,2025-11-16,2025_11_HOU_TEN,NFL,HOU,TEN,away,-5.5,-5.5,0.5,37.5,SECONDARY,PAPER,-5.5,other_half_point_shape,1,0.7030985713961488,0.04,0.7430985713961489,True,3,13,16,WIN,1.0,3.5,<=40,>=74%,archived_reference_line
2025_11_HOU_TEN-TEN,2025,11,REG,2025-11-16,2025_11_HOU_TEN,NFL,TEN,HOU,home,5.5,-5.5,11.5,37.5,SECONDARY,PAPER,5.5,other_half_point_shape,1,0.7030985713961488,0.04,0.7430985713961489,True,-3,13,16,WIN,1.0,8.5,<=40,>=74%,archived_reference_line
2025_11_KC_DEN-KC,2025,11,REG,2025-11-16,2025_11_KC_DEN,NFL,KC,DEN,away,-3.5,-3.5,2.5,44.5,SECONDARY,PAPER,-3.5,other_half_point_shape,1,0.6734422108808652,0.04,0.7134422108808652,True,-3,22,19,LOSS,0.0,-0.5,43.5-45,70-71.9%,archived_reference_line
2025_11_KC_DEN-DEN,2025,11,REG,2025-11-16,2025_11_KC_DEN,NFL,DEN,KC,home,3.5,-3.5,9.5,44.5,SECONDARY,PAPER,3.5,other_half_point_shape,1,0.6734422108808652,0.04,0.7134422108808652,True,3,22,19,WIN,1.0,12.5,43.5-45,70-71.9%,archived_reference_line
2025_11_LAC_JAX-LAC,2025,11,REG,2025-11-16,2025_11_LAC_JAX,NFL,LAC,JAX,away,-3.0,-3.0,3.0,43.5,SECONDARY,PAPER,-3.0,whole_number_line,1,0.6771593818727903,0.04,0.7171593818727904,True,-29,35,6,LOSS,0.0,-26.0,43.5-45,70-71.9%,archived_reference_line
2025_11_LAC_JAX-JAX,2025,11,REG,2025-11-16,2025_11_LAC_JAX,NFL,JAX,LAC,home,3.0,-3.0,9.0,43.5,SECONDARY,PAPER,3.0,whole_number_line,2,0.6771593818727903,0.07,0.7471593818727904,True,29,35,6,WIN,1.0,38.0,43.5-45,>=74%,archived_reference_line
2025_11_NYJ_NE-NYJ,2025,11,REG,2025-11-13,2025_11_NYJ_NE,NFL,NYJ,NE,away,12.5,12.5,18.5,43.5,SECONDARY,PAPER,12.5,other_half_point_shape,0,0.6771593818727903,0.0,0.6771593818727903,True,-13,27,14,WIN,1.0,5.5,43.5-45,<70%,archived_reference_line
2025_11_NYJ_NE-NE,2025,11,REG,2025-11-13,2025_11_NYJ_NE,NFL,NE,NYJ,home,-12.5,12.5,-6.5,43.5,SECONDARY,PAPER,-12.5,other_half_point_shape,1,0.6771593818727903,0.04,0.7171593818727904,True,13,27,14,WIN,1.0,6.5,43.5-45,70-71.9%,archived_reference_line
2025_11_SEA_LA-SEA,2025,11,REG,2025-11-16,2025_11_SEA_LA,NFL,SEA,LA,away,3.0,3.0,9.0,49.5,SECONDARY,PAPER,3.0,whole_number_line,2,0.6569084959850626,0.07,0.7269084959850627,False,-2,21,19,WIN,1.0,7.0,out-of-range,72-73.9%,archived_reference_line
2025_11_SEA_LA-LA,2025,11,REG,2025-11-16,2025_11_SEA_LA,NFL,LA,SEA,home,-3.0,3.0,3.0,49.5,SECONDARY,PAPER,-3.0,whole_number_line,1,0.6569084959850626,0.04,0.6969084959850627,False,2,21,19,WIN,1.0,5.0,out-of-range,<70%,archived_reference_line
2025_11_SF_ARI-SF,2025,11,REG,2025-11-16,2025_11_SF_ARI,NFL,SF,ARI,away,-3.5,-3.5,2.5,48.5,SECONDARY,PAPER,-3.5,other_half_point_shape,1,0.6599662912879087,0.04,0.6999662912879088,False,19,22,41,WIN,1.0,21.5,out-of-range,<70%,archived_reference_line
2025_11_SF_ARI-ARI,2025,11,REG,2025-11-16,2025_11_SF_ARI,NFL,ARI,SF,home,3.5,-3.5,9.5,48.5,SECONDARY,PAPER,3.5,other_half_point_shape,1,0.6599662912879087,0.04,0.6999662912879088,False,-19,22,41,LOSS,0.0,-9.5,out-of-range,<70%,archived_reference_line
2025_11_TB_BUF-TB,2025,11,REG,2025-11-16,2025_11_TB_BUF,NFL,TB,BUF,away,6.0,6.0,12.0,46.5,SECONDARY,PAPER,6.0,whole_number_line,1,0.6664412874896358,0.04,0.7064412874896359,True,-12,44,32,PUSH,,0.0,45.5-47,70-71.9%,archived_reference_line
2025_11_TB_BUF-BUF,2025,11,REG,2025-11-16,2025_11_TB_BUF,NFL,BUF,TB,home,-6.0,6.0,0.0,46.5,SECONDARY,PAPER,-6.0,whole_number_line,1,0.6664412874896358,0.04,0.7064412874896359,True,12,44,32,WIN,1.0,12.0,45.5-47,70-71.9%,archived_reference_line
2025_11_WAS_MIA-WAS,2025,11,REG,2025-11-16,2025_11_WAS_MIA,NFL,WAS,MIA,away,2.5,2.5,8.5,47.5,PRIMARY,LIVE,+2.5,,2,0.6631416751252381,0.07,0.7331416751252382,False,-3,16,13,WIN,1.0,5.5,out-of-range,72-73.9%,archived_reference_line
2025_11_WAS_MIA-MIA,2025,11,REG,2025-11-16,2025_11_WAS_MIA,NFL,MIA,WAS,home,-2.5,2.5,3.5,47.5,SECONDARY,PAPER,-2.5,other_half_point_shape,1,0.6631416751252381,0.04,0.7031416751252382,False,3,16,13,WIN,1.0,6.5,out-of-range,70-71.9%,archived_reference_line
2025_12_ATL_NO-ATL,2025,12,REG,2025-11-23,2025_12_ATL_NO,NFL,ATL,NO,away,1.5,1.5,7.5,41.5,PRIMARY,LIVE,+1.5,,2,0.6850713499837193,0.07,0.7550713499837194,True,14,10,24,WIN,1.0,21.5,40.5-43,>=74%,archived_reference_line
2025_12_ATL_NO-NO,2025,12,REG,2025-11-23,2025_12_ATL_NO,NFL,NO,ATL,home,-1.5,1.5,4.5,41.5,SECONDARY,PAPER,-1.5,other_half_point_shape,1,0.6850713499837193,0.04,0.7250713499837194,True,-14,10,24,LOSS,0.0,-9.5,40.5-43,72-73.9%,archived_reference_line
2025_12_BUF_HOU-BUF,2025,12,REG,2025-11-20,2025_12_BUF_HOU,NFL,BUF,HOU,away,-5.5,-5.5,0.5,43.5,SECONDARY,PAPER,-5.5,other_half_point_shape,1,0.6771593818727903,0.04,0.7171593818727904,True,-4,23,19,LOSS,0.0,-3.5,43.5-45,70-71.9%,archived_reference_line
2025_12_BUF_HOU-HOU,2025,12,REG,2025-11-20,2025_12_BUF_HOU,NFL,HOU,BUF,home,5.5,-5.5,11.5,43.5,SECONDARY,PAPER,5.5,other_half_point_shape,1,0.6771593818727903,0.04,0.7171593818727904,True,4,23,19,WIN,1.0,15.5,43.5-45,70-71.9%,archived_reference_line
2025_12_CAR_SF-CAR,2025,12,REG,2025-11-24,2025_12_CAR_SF,NFL,CAR,SF,away,7.5,7.5,13.5,48.5,SECONDARY,PAPER,7.5,other_half_point_shape,0,0.6599662912879087,0.0,0.6599662912879087,False,-11,20,9,WIN,1.0,2.5,out-of-range,<70%,archived_reference_line
2025_12_CAR_SF-SF,2025,12,REG,2025-11-24,2025_12_CAR_SF,NFL,SF,CAR,home,-7.5,7.5,-1.5,48.5,PRIMARY,LIVE,-7.5,,2,0.6599662912879087,0.07,0.7299662912879088,False,11,20,9,WIN,1.0,9.5,out-of-range,72-73.9%,archived_reference_line
2025_12_CLE_LV-CLE,2025,12,REG,2025-11-23,2025_12_CLE_LV,NFL,CLE,LV,away,3.0,3.0,9.0,35.5,SECONDARY,PAPER,3.0,whole_number_line,2,0.7134120193515978,0.07,0.7834120193515979,True,14,10,24,WIN,1.0,23.0,<=40,>=74%,archived_reference_line
2025_12_CLE_LV-LV,2025,12,REG,2025-11-23,2025_12_CLE_LV,NFL,LV,CLE,home,-3.0,3.0,3.0,35.5,SECONDARY,PAPER,-3.0,whole_number_line,1,0.7134120193515978,0.04,0.7534120193515979,True,-14,10,24,LOSS,0.0,-11.0,<=40,>=74%,archived_reference_line
2025_12_IND_KC-IND,2025,12,REG,2025-11-23,2025_12_IND_KC,NFL,IND,KC,away,3.5,3.5,9.5,50.5,SECONDARY,PAPER,3.5,other_half_point_shape,1,0.6539620939680577,0.04,0.6939620939680577,False,-3,23,20,WIN,1.0,6.5,out-of-range,<70%,archived_reference_line
2025_12_IND_KC-KC,2025,12,REG,2025-11-23,2025_12_IND_KC,NFL,KC,IND,home,-3.5,3.5,2.5,50.5,SECONDARY,PAPER,-3.5,other_half_point_shape,1,0.6539620939680577,0.04,0.6939620939680577,False,3,23,20,WIN,1.0,5.5,out-of-range,<70%,archived_reference_line
2025_12_JAX_ARI-JAX,2025,12,REG,2025-11-23,2025_12_JAX_ARI,NFL,JAX,ARI,away,-2.5,-2.5,3.5,47.5,SECONDARY,PAPER,-2.5,other_half_point_shape,1,0.6631416751252381,0.04,0.7031416751252382,False,3,24,27,WIN,1.0,6.5,out-of-range,70-71.9%,archived_reference_line
2025_12_JAX_ARI-ARI,2025,12,REG,2025-11-23,2025_12_JAX_ARI,NFL,ARI,JAX,home,2.5,-2.5,8.5,47.5,PRIMARY,LIVE,+2.5,,2,0.6631416751252381,0.07,0.7331416751252382,False,-3,24,27,WIN,1.0,5.5,out-of-range,72-73.9%,archived_reference_line
2025_12_MIN_GB-MIN,2025,12,REG,2025-11-23,2025_12_MIN_GB,NFL,MIN,GB,away,6.5,6.5,12.5,41.5,SECONDARY,PAPER,6.5,other_half_point_shape,1,0.6850713499837193,0.04,0.7250713499837194,True,-17,23,6,LOSS,0.0,-4.5,40.5-43,72-73.9%,archived_reference_line
2025_12_MIN_GB-GB,2025,12,REG,2025-11-23,2025_12_MIN_GB,NFL,GB,MIN,home,-6.5,6.5,-0.5,41.5,SECONDARY,PAPER,-6.5,other_half_point_shape,1,0.6850713499837193,0.04,0.7250713499837194,True,17,23,6,WIN,1.0,16.5,40.5-43,72-73.9%,archived_reference_line
2025_12_NE_CIN-NE,2025,12,REG,2025-11-23,2025_12_NE_CIN,NFL,NE,CIN,away,-7.5,-7.5,-1.5,50.5,PRIMARY,LIVE,-7.5,,2,0.6539620939680577,0.07,0.7239620939680578,False,6,20,26,WIN,1.0,4.5,out-of-range,72-73.9%,archived_reference_line
2025_12_NE_CIN-CIN,2025,12,REG,2025-11-23,2025_12_NE_CIN,NFL,CIN,NE,home,7.5,-7.5,13.5,50.5,SECONDARY,PAPER,7.5,other_half_point_shape,0,0.6539620939680577,0.0,0.6539620939680577,False,-6,20,26,WIN,1.0,7.5,out-of-range,<70%,archived_reference_line
2025_12_NYG_DET-NYG,2025,12,REG,2025-11-23,2025_12_NYG_DET,NFL,NYG,DET,away,14.0,14.0,20.0,50.5,SECONDARY,PAPER,14.0,whole_number_line,0,0.6539620939680577,0.0,0.6539620939680577,False,-7,34,27,WIN,1.0,13.0,out-of-range,<70%,archived_reference_line
2025_12_NYG_DET-DET,2025,12,REG,2025-11-23,2025_12_NYG_DET,NFL,DET,NYG,home,-14.0,14.0,-8.0,50.5,SECONDARY,PAPER,-14.0,whole_number_line,0,0.6539620939680577,0.0,0.6539620939680577,False,7,34,27,LOSS,0.0,-1.0,out-of-range,<70%,archived_reference_line
2025_12_NYJ_BAL-NYJ,2025,12,REG,2025-11-23,2025_12_NYJ_BAL,NFL,NYJ,BAL,away,14.0,14.0,20.0,44.5,SECONDARY,PAPER,14.0,whole_number_line,0,0.6734422108808652,0.0,0.6734422108808652,True,-13,23,10,WIN,1.0,7.0,43.5-45,<70%,archived_reference_line
2025_12_NYJ_BAL-BAL,2025,12,REG,2025-11-23,2025_12_NYJ_BAL,NFL,BAL,NYJ,home,-14.0,14.0,-8.0,44.5,SECONDARY,PAPER,-14.0,whole_number_line,0,0.6734422108808652,0.0,0.6734422108808652,True,13,23,10,WIN,1.0,5.0,43.5-45,<70%,archived_reference_line
2025_12_PHI_DAL-PHI,2025,12,REG,2025-11-23,2025_12_PHI_DAL,NFL,PHI,DAL,away,-3.0,-3.0,3.0,47.5,SECONDARY,PAPER,-3.0,whole_number_line,1,0.6631416751252381,0.04,0.7031416751252382,False,-3,24,21,PUSH,,0.0,out-of-range,70-71.9%,archived_reference_line
2025_12_PHI_DAL-DAL,2025,12,REG,2025-11-23,2025_12_PHI_DAL,NFL,DAL,PHI,home,3.0,-3.0,9.0,47.5,SECONDARY,PAPER,3.0,whole_number_line,2,0.6631416751252381,0.07,0.7331416751252382,False,3,24,21,WIN,1.0,12.0,out-of-range,72-73.9%,archived_reference_line
2025_12_PIT_CHI-PIT,2025,12,REG,2025-11-23,2025_12_PIT_CHI,NFL,PIT,CHI,away,3.0,3.0,9.0,46.5,SECONDARY,PAPER,3.0,whole_number_line,2,0.6664412874896358,0.07,0.7364412874896358,True,-3,31,28,WIN,1.0,6.0,45.5-47,72-73.9%,archived_reference_line
2025_12_PIT_CHI-CHI,2025,12,REG,2025-11-23,2025_12_PIT_CHI,NFL,CHI,PIT,home,-3.0,3.0,3.0,46.5,SECONDARY,PAPER,-3.0,whole_number_line,1,0.6664412874896358,0.04,0.7064412874896359,True,3,31,28,WIN,1.0,6.0,45.5-47,70-71.9%,archived_reference_line
2025_12_SEA_TEN-SEA,2025,12,REG,2025-11-23,2025_12_SEA_TEN,NFL,SEA,TEN,away,-12.5,-12.5,-6.5,41.5,SECONDARY,PAPER,-12.5,other_half_point_shape,1,0.6850713499837193,0.04,0.7250713499837194,True,6,24,30,LOSS,0.0,-0.5,40.5-43,72-73.9%,archived_reference_line
2025_12_SEA_TEN-TEN,2025,12,REG,2025-11-23,2025_12_SEA_TEN,NFL,TEN,SEA,home,12.5,-12.5,18.5,41.5,SECONDARY,PAPER,12.5,other_half_point_shape,0,0.6850713499837193,0.0,0.6850713499837193,True,-6,24,30,WIN,1.0,12.5,40.5-43,<70%,archived_reference_line
2025_12_TB_LA-TB,2025,12,REG,2025-11-23,2025_12_TB_LA,NFL,TB,LA,away,7.0,7.0,13.0,49.5,SECONDARY,PAPER,7.0,whole_number_line,1,0.6569084959850626,0.04,0.6969084959850627,False,-27,34,7,LOSS,0.0,-14.0,out-of-range,<70%,archived_reference_line
2025_12_TB_LA-LA,2025,12,REG,2025-11-23,2025_12_TB_LA,NFL,LA,TB,home,-7.0,7.0,-1.0,49.5,SECONDARY,PAPER,-7.0,whole_number_line,2,0.6569084959850626,0.07,0.7269084959850627,False,27,34,7,WIN,1.0,26.0,out-of-range,72-73.9%,archived_reference_line
2025_13_ARI_TB-ARI,2025,13,REG,2025-11-30,2025_13_ARI_TB,NFL,ARI,TB,away,4.5,4.5,10.5,44.5,SECONDARY,PAPER,4.5,other_half_point_shape,1,0.6734422108808652,0.04,0.7134422108808652,True,-3,20,17,WIN,1.0,7.5,43.5-45,70-71.9%,archived_reference_line
2025_13_ARI_TB-TB,2025,13,REG,2025-11-30,2025_13_ARI_TB,NFL,TB,ARI,home,-4.5,4.5,1.5,44.5,SECONDARY,PAPER,-4.5,other_half_point_shape,1,0.6734422108808652,0.04,0.7134422108808652,True,3,20,17,WIN,1.0,4.5,43.5-45,70-71.9%,archived_reference_line
2025_13_ATL_NYJ-ATL,2025,13,REG,2025-11-30,2025_13_ATL_NYJ,NFL,ATL,NYJ,away,-3.0,-3.0,3.0,38.5,SECONDARY,PAPER,-3.0,whole_number_line,1,0.6982871529359227,0.04,0.7382871529359227,True,-3,27,24,PUSH,,0.0,<=40,72-73.9%,archived_reference_line
2025_13_ATL_NYJ-NYJ,2025,13,REG,2025-11-30,2025_13_ATL_NYJ,NFL,NYJ,ATL,home,3.0,-3.0,9.0,38.5,SECONDARY,PAPER,3.0,whole_number_line,2,0.6982871529359227,0.07,0.7682871529359228,True,3,27,24,WIN,1.0,12.0,<=40,>=74%,archived_reference_line
2025_13_BUF_PIT-BUF,2025,13,REG,2025-11-30,2025_13_BUF_PIT,NFL,BUF,PIT,away,-3.0,-3.0,3.0,44.5,SECONDARY,PAPER,-3.0,whole_number_line,1,0.6734422108808652,0.04,0.7134422108808652,True,19,7,26,WIN,1.0,22.0,43.5-45,70-71.9%,archived_reference_line
2025_13_BUF_PIT-PIT,2025,13,REG,2025-11-30,2025_13_BUF_PIT,NFL,PIT,BUF,home,3.0,-3.0,9.0,44.5,SECONDARY,PAPER,3.0,whole_number_line,2,0.6734422108808652,0.07,0.7434422108808652,True,-19,7,26,LOSS,0.0,-10.0,43.5-45,>=74%,archived_reference_line
2025_13_CHI_PHI-CHI,2025,13,REG,2025-11-28,2025_13_CHI_PHI,NFL,CHI,PHI,away,7.0,7.0,13.0,43.5,SECONDARY,PAPER,7.0,whole_number_line,1,0.6771593818727903,0.04,0.7171593818727904,True,9,15,24,WIN,1.0,22.0,43.5-45,70-71.9%,archived_reference_line
2025_13_CHI_PHI-PHI,2025,13,REG,2025-11-28,2025_13_CHI_PHI,NFL,PHI,CHI,home,-7.0,7.0,-1.0,43.5,SECONDARY,PAPER,-7.0,whole_number_line,2,0.6771593818727903,0.07,0.7471593818727904,True,-9,15,24,LOSS,0.0,-10.0,43.5-45,>=74%,archived_reference_line
2025_13_CIN_BAL-CIN,2025,13,REG,2025-11-27,2025_13_CIN_BAL,NFL,CIN,BAL,away,7.0,7.0,13.0,52.5,SECONDARY,PAPER,7.0,whole_number_line,1,0.6483807083005341,0.04,0.6883807083005341,False,18,14,32,WIN,1.0,31.0,out-of-range,<70%,archived_reference_line
2025_13_CIN_BAL-BAL,2025,13,REG,2025-11-27,2025_13_CIN_BAL,NFL,BAL,CIN,home,-7.0,7.0,-1.0,52.5,SECONDARY,PAPER,-7.0,whole_number_line,2,0.6483807083005341,0.07,0.718380708300534,False,-18,14,32,LOSS,0.0,-19.0,out-of-range,70-71.9%,archived_reference_line
2025_13_DEN_WAS-DEN,2025,13,REG,2025-11-30,2025_13_DEN_WAS,NFL,DEN,WAS,away,-6.5,-6.5,-0.5,43.5,SECONDARY,PAPER,-6.5,other_half_point_shape,1,0.6771593818727903,0.04,0.7171593818727904,True,1,26,27,WIN,1.0,0.5,43.5-45,70-71.9%,archived_reference_line
2025_13_DEN_WAS-WAS,2025,13,REG,2025-11-30,2025_13_DEN_WAS,NFL,WAS,DEN,home,6.5,-6.5,12.5,43.5,SECONDARY,PAPER,6.5,other_half_point_shape,1,0.6771593818727903,0.04,0.7171593818727904,True,-1,26,27,WIN,1.0,11.5,43.5-45,70-71.9%,archived_reference_line
2025_13_GB_DET-GB,2025,13,REG,2025-11-27,2025_13_GB_DET,NFL,GB,DET,away,2.5,2.5,8.5,48.5,PRIMARY,LIVE,+2.5,,2,0.6599662912879087,0.07,0.7299662912879088,False,7,24,31,WIN,1.0,15.5,out-of-range,72-73.9%,archived_reference_line
2025_13_GB_DET-DET,2025,13,REG,2025-11-27,2025_13_GB_DET,NFL,DET,GB,home,-2.5,2.5,3.5,48.5,SECONDARY,PAPER,-2.5,other_half_point_shape,1,0.6599662912879087,0.04,0.6999662912879088,False,-7,24,31,LOSS,0.0,-3.5,out-of-range,<70%,archived_reference_line
2025_13_HOU_IND-HOU,2025,13,REG,2025-11-30,2025_13_HOU_IND,NFL,HOU,IND,away,3.0,3.0,9.0,44.5,SECONDARY,PAPER,3.0,whole_number_line,2,0.6734422108808652,0.07,0.7434422108808652,True,4,16,20,WIN,1.0,13.0,43.5-45,>=74%,archived_reference_line
2025_13_HOU_IND-IND,2025,13,REG,2025-11-30,2025_13_HOU_IND,NFL,IND,HOU,home,-3.0,3.0,3.0,44.5,SECONDARY,PAPER,-3.0,whole_number_line,1,0.6734422108808652,0.04,0.7134422108808652,True,-4,16,20,LOSS,0.0,-1.0,43.5-45,70-71.9%,archived_reference_line
2025_13_JAX_TEN-JAX,2025,13,REG,2025-11-30,2025_13_JAX_TEN,NFL,JAX,TEN,away,-6.0,-6.0,0.0,42.5,SECONDARY,PAPER,-6.0,whole_number_line,1,0.6810325947045215,0.04,0.7210325947045215,True,22,3,25,WIN,1.0,22.0,40.5-43,72-73.9%,archived_reference_line
2025_13_JAX_TEN-TEN,2025,13,REG,2025-11-30,2025_13_JAX_TEN,NFL,TEN,JAX,home,6.0,-6.0,12.0,42.5,SECONDARY,PAPER,6.0,whole_number_line,1,0.6810325947045215,0.04,0.7210325947045215,True,-22,3,25,LOSS,0.0,-10.0,40.5-43,72-73.9%,archived_reference_line
2025_13_KC_DAL-KC,2025,13,REG,2025-11-27,2025_13_KC_DAL,NFL,KC,DAL,away,-3.5,-3.5,2.5,53.5,SECONDARY,PAPER,-3.5,other_half_point_shape,1,0.6457352614471858,0.04,0.6857352614471859,False,-3,31,28,LOSS,0.0,-0.5,out-of-range,<70%,archived_reference_line
2025_13_KC_DAL-DAL,2025,13,REG,2025-11-27,2025_13_KC_DAL,NFL,DAL,KC,home,3.5,-3.5,9.5,53.5,SECONDARY,PAPER,3.5,other_half_point_shape,1,0.6457352614471858,0.04,0.6857352614471859,False,3,31,28,WIN,1.0,12.5,out-of-range,<70%,archived_reference_line
2025_13_LA_CAR-LA,2025,13,REG,2025-11-30,2025_13_LA_CAR,NFL,LA,CAR,away,-10.0,-10.0,-4.0,44.5,SECONDARY,PAPER,-10.0,whole_number_line,1,0.6734422108808652,0.04,0.7134422108808652,True,-3,31,28,LOSS,0.0,-7.0,43.5-45,70-71.9%,archived_reference_line
2025_13_LA_CAR-CAR,2025,13,REG,2025-11-30,2025_13_LA_CAR,NFL,CAR,LA,home,10.0,-10.0,16.0,44.5,SECONDARY,PAPER,10.0,whole_number_line,0,0.6734422108808652,0.0,0.6734422108808652,True,3,31,28,WIN,1.0,19.0,43.5-45,<70%,archived_reference_line
2025_13_LV_LAC-LV,2025,13,REG,2025-11-30,2025_13_LV_LAC,NFL,LV,LAC,away,10.0,10.0,16.0,40.5,SECONDARY,PAPER,10.0,whole_number_line,0,0.6892858751269062,0.0,0.6892858751269062,True,-17,31,14,LOSS,0.0,-1.0,40.5-43,<70%,archived_reference_line
2025_13_LV_LAC-LAC,2025,13,REG,2025-11-30,2025_13_LV_LAC,NFL,LAC,LV,home,-10.0,10.0,-4.0,40.5,SECONDARY,PAPER,-10.0,whole_number_line,1,0.6892858751269062,0.04,0.7292858751269062,True,17,31,14,WIN,1.0,13.0,40.5-43,72-73.9%,archived_reference_line
2025_13_MIN_SEA-MIN,2025,13,REG,2025-11-30,2025_13_MIN_SEA,NFL,MIN,SEA,away,12.5,12.5,18.5,42.5,SECONDARY,PAPER,12.5,other_half_point_shape,0,0.6810325947045215,0.0,0.6810325947045215,True,-26,26,0,LOSS,0.0,-7.5,40.5-43,<70%,archived_reference_line
2025_13_MIN_SEA-SEA,2025,13,REG,2025-11-30,2025_13_MIN_SEA,NFL,SEA,MIN,home,-12.5,12.5,-6.5,42.5,SECONDARY,PAPER,-12.5,other_half_point_shape,1,0.6810325947045215,0.04,0.7210325947045215,True,26,26,0,WIN,1.0,19.5,40.5-43,72-73.9%,archived_reference_line
2025_13_NO_MIA-NO,2025,13,REG,2025-11-30,2025_13_NO_MIA,NFL,NO,MIA,away,5.5,5.5,11.5,41.5,SECONDARY,PAPER,5.5,other_half_point_shape,1,0.6850713499837193,0.04,0.7250713499837194,True,-4,21,17,WIN,1.0,7.5,40.5-43,72-73.9%,archived_reference_line
2025_13_NO_MIA-MIA,2025,13,REG,2025-11-30,2025_13_NO_MIA,NFL,MIA,NO,home,-5.5,5.5,0.5,41.5,SECONDARY,PAPER,-5.5,other_half_point_shape,1,0.6850713499837193,0.04,0.7250713499837194,True,4,21,17,WIN,1.0,4.5,40.5-43,72-73.9%,archived_reference_line
2025_13_NYG_NE-NYG,2025,13,REG,2025-12-01,2025_13_NYG_NE,NFL,NYG,NE,away,7.0,7.0,13.0,46.5,SECONDARY,PAPER,7.0,whole_number_line,1,0.6664412874896358,0.04,0.7064412874896359,True,-18,33,15,LOSS,0.0,-5.0,45.5-47,70-71.9%,archived_reference_line
2025_13_NYG_NE-NE,2025,13,REG,2025-12-01,2025_13_NYG_NE,NFL,NE,NYG,home,-7.0,7.0,-1.0,46.5,SECONDARY,PAPER,-7.0,whole_number_line,2,0.6664412874896358,0.07,0.7364412874896358,True,18,33,15,WIN,1.0,17.0,45.5-47,72-73.9%,archived_reference_line
2025_13_SF_CLE-SF,2025,13,REG,2025-11-30,2025_13_SF_CLE,NFL,SF,CLE,away,-5.5,-5.5,0.5,35.5,SECONDARY,PAPER,-5.5,other_half_point_shape,1,0.7134120193515978,0.04,0.7534120193515979,True,18,8,26,WIN,1.0,18.5,<=40,>=74%,archived_reference_line
2025_13_SF_CLE-CLE,2025,13,REG,2025-11-30,2025_13_SF_CLE,NFL,CLE,SF,home,5.5,-5.5,11.5,35.5,SECONDARY,PAPER,5.5,other_half_point_shape,1,0.7134120193515978,0.04,0.7534120193515979,True,-18,8,26,LOSS,0.0,-6.5,<=40,>=74%,archived_reference_line
2025_14_CHI_GB-CHI,2025,14,REG,2025-12-07,2025_14_CHI_GB,NFL,CHI,GB,away,6.5,6.5,12.5,44.5,SECONDARY,PAPER,6.5,other_half_point_shape,1,0.6734422108808652,0.04,0.7134422108808652,True,-7,28,21,WIN,1.0,5.5,43.5-45,70-71.9%,archived_reference_line
2025_14_CHI_GB-GB,2025,14,REG,2025-12-07,2025_14_CHI_GB,NFL,GB,CHI,home,-6.5,6.5,-0.5,44.5,SECONDARY,PAPER,-6.5,other_half_point_shape,1,0.6734422108808652,0.04,0.7134422108808652,True,7,28,21,WIN,1.0,6.5,43.5-45,70-71.9%,archived_reference_line
2025_14_CIN_BUF-CIN,2025,14,REG,2025-12-07,2025_14_CIN_BUF,NFL,CIN,BUF,away,6.0,6.0,12.0,54.5,SECONDARY,PAPER,6.0,whole_number_line,1,0.6431802259808819,0.04,0.6831802259808819,False,-5,39,34,WIN,1.0,7.0,out-of-range,<70%,archived_reference_line
2025_14_CIN_BUF-BUF,2025,14,REG,2025-12-07,2025_14_CIN_BUF,NFL,BUF,CIN,home,-6.0,6.0,0.0,54.5,SECONDARY,PAPER,-6.0,whole_number_line,1,0.6431802259808819,0.04,0.6831802259808819,False,5,39,34,WIN,1.0,5.0,out-of-range,<70%,archived_reference_line
2025_14_DAL_DET-DAL,2025,14,REG,2025-12-04,2025_14_DAL_DET,NFL,DAL,DET,away,3.5,3.5,9.5,55.5,SECONDARY,PAPER,3.5,other_half_point_shape,1,0.64071116703589,0.04,0.6807111670358901,False,-14,44,30,LOSS,0.0,-4.5,out-of-range,<70%,archived_reference_line
2025_14_DAL_DET-DET,2025,14,REG,2025-12-04,2025_14_DAL_DET,NFL,DET,DAL,home,-3.5,3.5,2.5,55.5,SECONDARY,PAPER,-3.5,other_half_point_shape,1,0.64071116703589,0.04,0.6807111670358901,False,14,44,30,WIN,1.0,16.5,out-of-range,<70%,archived_reference_line
2025_14_DEN_LV-DEN,2025,14,REG,2025-12-07,2025_14_DEN_LV,NFL,DEN,LV,away,-8.5,-8.5,-2.5,40.5,PRIMARY,LIVE,-8.5,,2,0.6892858751269062,0.07,0.7592858751269063,True,7,17,24,WIN,1.0,4.5,40.5-43,>=74%,archived_reference_line
2025_14_DEN_LV-LV,2025,14,REG,2025-12-07,2025_14_DEN_LV,NFL,LV,DEN,home,8.5,-8.5,14.5,40.5,SECONDARY,PAPER,8.5,other_half_point_shape,0,0.6892858751269062,0.0,0.6892858751269062,True,-7,17,24,WIN,1.0,7.5,40.5-43,<70%,archived_reference_line
2025_14_HOU_KC-HOU,2025,14,REG,2025-12-07,2025_14_HOU_KC,NFL,HOU,KC,away,4.5,4.5,10.5,41.5,SECONDARY,PAPER,4.5,other_half_point_shape,1,0.6850713499837193,0.04,0.7250713499837194,True,10,10,20,WIN,1.0,20.5,40.5-43,72-73.9%,archived_reference_line
2025_14_HOU_KC-KC,2025,14,REG,2025-12-07,2025_14_HOU_KC,NFL,KC,HOU,home,-4.5,4.5,1.5,41.5,SECONDARY,PAPER,-4.5,other_half_point_shape,1,0.6850713499837193,0.04,0.7250713499837194,True,-10,10,20,LOSS,0.0,-8.5,40.5-43,72-73.9%,archived_reference_line
2025_14_IND_JAX-IND,2025,14,REG,2025-12-07,2025_14_IND_JAX,NFL,IND,JAX,away,-2.5,-2.5,3.5,44.5,SECONDARY,PAPER,-2.5,other_half_point_shape,1,0.6734422108808652,0.04,0.7134422108808652,True,-17,36,19,LOSS,0.0,-13.5,43.5-45,70-71.9%,archived_reference_line
2025_14_IND_JAX-JAX,2025,14,REG,2025-12-07,2025_14_IND_JAX,NFL,JAX,IND,home,2.5,-2.5,8.5,44.5,PRIMARY,LIVE,+2.5,,2,0.6734422108808652,0.07,0.7434422108808652,True,17,36,19,WIN,1.0,25.5,43.5-45,>=74%,archived_reference_line
2025_14_LA_ARI-LA,2025,14,REG,2025-12-07,2025_14_LA_ARI,NFL,LA,ARI,away,-9.5,-9.5,-3.5,49.5,SECONDARY,PAPER,-9.5,other_half_point_shape,1,0.6569084959850626,0.04,0.6969084959850627,False,28,17,45,WIN,1.0,24.5,out-of-range,<70%,archived_reference_line
2025_14_LA_ARI-ARI,2025,14,REG,2025-12-07,2025_14_LA_ARI,NFL,ARI,LA,home,9.5,-9.5,15.5,49.5,SECONDARY,PAPER,9.5,other_half_point_shape,0,0.6569084959850626,0.0,0.6569084959850626,False,-28,17,45,LOSS,0.0,-12.5,out-of-range,<70%,archived_reference_line
2025_14_MIA_NYJ-MIA,2025,14,REG,2025-12-07,2025_14_MIA_NYJ,NFL,MIA,NYJ,away,-2.5,-2.5,3.5,41.5,SECONDARY,PAPER,-2.5,other_half_point_shape,1,0.6850713499837193,0.04,0.7250713499837194,True,24,10,34,WIN,1.0,27.5,40.5-43,72-73.9%,archived_reference_line
2025_14_MIA_NYJ-NYJ,2025,14,REG,2025-12-07,2025_14_MIA_NYJ,NFL,NYJ,MIA,home,2.5,-2.5,8.5,41.5,PRIMARY,LIVE,+2.5,,2,0.6850713499837193,0.07,0.7550713499837194,True,-24,10,34,LOSS,0.0,-15.5,40.5-43,>=74%,archived_reference_line
2025_14_NO_TB-NO,2025,14,REG,2025-12-07,2025_14_NO_TB,NFL,NO,TB,away,7.5,7.5,13.5,41.5,SECONDARY,PAPER,7.5,other_half_point_shape,0,0.6850713499837193,0.0,0.6850713499837193,True,4,20,24,WIN,1.0,17.5,40.5-43,<70%,archived_reference_line
2025_14_NO_TB-TB,2025,14,REG,2025-12-07,2025_14_NO_TB,NFL,TB,NO,home,-7.5,7.5,-1.5,41.5,PRIMARY,LIVE,-7.5,,2,0.6850713499837193,0.07,0.7550713499837194,True,-4,20,24,LOSS,0.0,-5.5,40.5-43,>=74%,archived_reference_line
2025_14_PHI_LAC-PHI,2025,14,REG,2025-12-08,2025_14_PHI_LAC,NFL,PHI,LAC,away,-1.5,-1.5,4.5,41.5,SECONDARY,PAPER,-1.5,other_half_point_shape,1,0.6850713499837193,0.04,0.7250713499837194,True,-3,22,19,WIN,1.0,1.5,40.5-43,72-73.9%,archived_reference_line
2025_14_PHI_LAC-LAC,2025,14,REG,2025-12-08,2025_14_PHI_LAC,NFL,LAC,PHI,home,1.5,-1.5,7.5,41.5,PRIMARY,LIVE,+1.5,,2,0.6850713499837193,0.07,0.7550713499837194,True,3,22,19,WIN,1.0,10.5,40.5-43,>=74%,archived_reference_line
2025_14_PIT_BAL-PIT,2025,14,REG,2025-12-07,2025_14_PIT_BAL,NFL,PIT,BAL,away,5.5,5.5,11.5,43.5,SECONDARY,PAPER,5.5,other_half_point_shape,1,0.6771593818727903,0.04,0.7171593818727904,True,5,22,27,WIN,1.0,16.5,43.5-45,70-71.9%,archived_reference_line
2025_14_PIT_BAL-BAL,2025,14,REG,2025-12-07,2025_14_PIT_BAL,NFL,BAL,PIT,home,-5.5,5.5,0.5,43.5,SECONDARY,PAPER,-5.5,other_half_point_shape,1,0.6771593818727903,0.04,0.7171593818727904,True,-5,22,27,LOSS,0.0,-4.5,43.5-45,70-71.9%,archived_reference_line
2025_14_SEA_ATL-SEA,2025,14,REG,2025-12-07,2025_14_SEA_ATL,NFL,SEA,ATL,away,-7.0,-7.0,-1.0,44.5,SECONDARY,PAPER,-7.0,whole_number_line,2,0.6734422108808652,0.07,0.7434422108808652,True,28,9,37,WIN,1.0,27.0,43.5-45,>=74%,archived_reference_line
2025_14_SEA_ATL-ATL,2025,14,REG,2025-12-07,2025_14_SEA_ATL,NFL,ATL,SEA,home,7.0,-7.0,13.0,44.5,SECONDARY,PAPER,7.0,whole_number_line,1,0.6734422108808652,0.04,0.7134422108808652,True,-28,9,37,LOSS,0.0,-15.0,43.5-45,70-71.9%,archived_reference_line
2025_14_TEN_CLE-TEN,2025,14,REG,2025-12-07,2025_14_TEN_CLE,NFL,TEN,CLE,away,4.5,4.5,10.5,33.5,SECONDARY,PAPER,4.5,other_half_point_shape,1,0.7247512921135721,0.04,0.7647512921135722,True,2,29,31,WIN,1.0,12.5,<=40,>=74%,archived_reference_line
2025_14_TEN_CLE-CLE,2025,14,REG,2025-12-07,2025_14_TEN_CLE,NFL,CLE,TEN,home,-4.5,4.5,1.5,33.5,SECONDARY,PAPER,-4.5,other_half_point_shape,1,0.7247512921135721,0.04,0.7647512921135722,True,-2,29,31,LOSS,0.0,-0.5,<=40,>=74%,archived_reference_line
2025_14_WAS_MIN-WAS,2025,14,REG,2025-12-07,2025_14_WAS_MIN,NFL,WAS,MIN,away,-1.5,-1.5,4.5,43.5,SECONDARY,PAPER,-1.5,other_half_point_shape,1,0.6771593818727903,0.04,0.7171593818727904,True,-31,31,0,LOSS,0.0,-26.5,43.5-45,70-71.9%,archived_reference_line
2025_14_WAS_MIN-MIN,2025,14,REG,2025-12-07,2025_14_WAS_MIN,NFL,MIN,WAS,home,1.5,-1.5,7.5,43.5,PRIMARY,LIVE,+1.5,,2,0.6771593818727903,0.07,0.7471593818727904,True,31,31,0,WIN,1.0,38.5,43.5-45,>=74%,archived_reference_line
2025_15_ARI_HOU-ARI,2025,15,REG,2025-12-14,2025_15_ARI_HOU,NFL,ARI,HOU,away,10.5,10.5,16.5,42.5,SECONDARY,PAPER,10.5,other_half_point_shape,0,0.6810325947045215,0.0,0.6810325947045215,True,-20,40,20,LOSS,0.0,-3.5,40.5-43,<70%,archived_reference_line
2025_15_ARI_HOU-HOU,2025,15,REG,2025-12-14,2025_15_ARI_HOU,NFL,HOU,ARI,home,-10.5,10.5,-4.5,42.5,SECONDARY,PAPER,-10.5,other_half_point_shape,1,0.6810325947045215,0.04,0.7210325947045215,True,20,40,20,WIN,1.0,15.5,40.5-43,72-73.9%,archived_reference_line
2025_15_ATL_TB-ATL,2025,15,REG,2025-12-11,2025_15_ATL_TB,NFL,ATL,TB,away,6.0,6.0,12.0,43.5,SECONDARY,PAPER,6.0,whole_number_line,1,0.6771593818727903,0.04,0.7171593818727904,True,1,28,29,WIN,1.0,13.0,43.5-45,70-71.9%,archived_reference_line
2025_15_ATL_TB-TB,2025,15,REG,2025-12-11,2025_15_ATL_TB,NFL,TB,ATL,home,-6.0,6.0,0.0,43.5,SECONDARY,PAPER,-6.0,whole_number_line,1,0.6771593818727903,0.04,0.7171593818727904,True,-1,28,29,LOSS,0.0,-1.0,43.5-45,70-71.9%,archived_reference_line
2025_15_BAL_CIN-BAL,2025,15,REG,2025-12-14,2025_15_BAL_CIN,NFL,BAL,CIN,away,-2.5,-2.5,3.5,51.5,SECONDARY,PAPER,-2.5,other_half_point_shape,1,0.651121300213464,0.04,0.6911213002134641,False,24,0,24,WIN,1.0,27.5,out-of-range,<70%,archived_reference_line
2025_15_BAL_CIN-CIN,2025,15,REG,2025-12-14,2025_15_BAL_CIN,NFL,CIN,BAL,home,2.5,-2.5,8.5,51.5,PRIMARY,LIVE,+2.5,,2,0.651121300213464,0.07,0.721121300213464,False,-24,0,24,LOSS,0.0,-15.5,out-of-range,72-73.9%,archived_reference_line
2025_15_BUF_NE-BUF,2025,15,REG,2025-12-14,2025_15_BUF_NE,NFL,BUF,NE,away,-2.5,-2.5,3.5,49.5,SECONDARY,PAPER,-2.5,other_half_point_shape,1,0.6569084959850626,0.04,0.6969084959850627,False,4,31,35,WIN,1.0,7.5,out-of-range,<70%,archived_reference_line
2025_15_BUF_NE-NE,2025,15,REG,2025-12-14,2025_15_BUF_NE,NFL,NE,BUF,home,2.5,-2.5,8.5,49.5,PRIMARY,LIVE,+2.5,,2,0.6569084959850626,0.07,0.7269084959850627,False,-4,31,35,WIN,1.0,4.5,out-of-range,72-73.9%,archived_reference_line
2025_15_CAR_NO-CAR,2025,15,REG,2025-12-14,2025_15_CAR_NO,NFL,CAR,NO,away,-2.5,-2.5,3.5,41.5,SECONDARY,PAPER,-2.5,other_half_point_shape,1,0.6850713499837193,0.04,0.7250713499837194,True,-3,20,17,WIN,1.0,0.5,40.5-43,72-73.9%,archived_reference_line
2025_15_CAR_NO-NO,2025,15,REG,2025-12-14,2025_15_CAR_NO,NFL,NO,CAR,home,2.5,-2.5,8.5,41.5,PRIMARY,LIVE,+2.5,,2,0.6850713499837193,0.07,0.7550713499837194,True,3,20,17,WIN,1.0,11.5,40.5-43,>=74%,archived_reference_line
2025_15_CLE_CHI-CLE,2025,15,REG,2025-12-14,2025_15_CLE_CHI,NFL,CLE,CHI,away,7.5,7.5,13.5,38.5,SECONDARY,PAPER,7.5,other_half_point_shape,0,0.6982871529359227,0.0,0.6982871529359227,True,-28,31,3,LOSS,0.0,-14.5,<=40,<70%,archived_reference_line
2025_15_CLE_CHI-CHI,2025,15,REG,2025-12-14,2025_15_CLE_CHI,NFL,CHI,CLE,home,-7.5,7.5,-1.5,38.5,PRIMARY,LIVE,-7.5,,2,0.6982871529359227,0.07,0.7682871529359228,True,28,31,3,WIN,1.0,26.5,<=40,>=74%,archived_reference_line
2025_15_DET_LA-DET,2025,15,REG,2025-12-14,2025_15_DET_LA,NFL,DET,LA,away,5.5,5.5,11.5,54.5,SECONDARY,PAPER,5.5,other_half_point_shape,1,0.6431802259808819,0.04,0.6831802259808819,False,-7,41,34,WIN,1.0,4.5,out-of-range,<70%,archived_reference_line
2025_15_DET_LA-LA,2025,15,REG,2025-12-14,2025_15_DET_LA,NFL,LA,DET,home,-5.5,5.5,0.5,54.5,SECONDARY,PAPER,-5.5,other_half_point_shape,1,0.6431802259808819,0.04,0.6831802259808819,False,7,41,34,WIN,1.0,7.5,out-of-range,<70%,archived_reference_line
2025_15_GB_DEN-GB,2025,15,REG,2025-12-14,2025_15_GB_DEN,NFL,GB,DEN,away,-1.5,-1.5,4.5,42.5,SECONDARY,PAPER,-1.5,other_half_point_shape,1,0.6810325947045215,0.04,0.7210325947045215,True,-8,34,26,LOSS,0.0,-3.5,40.5-43,72-73.9%,archived_reference_line
2025_15_GB_DEN-DEN,2025,15,REG,2025-12-14,2025_15_GB_DEN,NFL,DEN,GB,home,1.5,-1.5,7.5,42.5,PRIMARY,LIVE,+1.5,,2,0.6810325947045215,0.07,0.7510325947045215,True,8,34,26,WIN,1.0,15.5,40.5-43,>=74%,archived_reference_line
2025_15_IND_SEA-IND,2025,15,REG,2025-12-14,2025_15_IND_SEA,NFL,IND,SEA,away,13.5,13.5,19.5,41.5,SECONDARY,PAPER,13.5,other_half_point_shape,0,0.6850713499837193,0.0,0.6850713499837193,True,-2,18,16,WIN,1.0,17.5,40.5-43,<70%,archived_reference_line
2025_15_IND_SEA-SEA,2025,15,REG,2025-12-14,2025_15_IND_SEA,NFL,SEA,IND,home,-13.5,13.5,-7.5,41.5,SECONDARY,PAPER,-13.5,other_half_point_shape,0,0.6850713499837193,0.0,0.6850713499837193,True,2,18,16,LOSS,0.0,-5.5,40.5-43,<70%,archived_reference_line
2025_15_LAC_KC-LAC,2025,15,REG,2025-12-14,2025_15_LAC_KC,NFL,LAC,KC,away,5.5,5.5,11.5,41.5,SECONDARY,PAPER,5.5,other_half_point_shape,1,0.6850713499837193,0.04,0.7250713499837194,True,3,13,16,WIN,1.0,14.5,40.5-43,72-73.9%,archived_reference_line
2025_15_LAC_KC-KC,2025,15,REG,2025-12-14,2025_15_LAC_KC,NFL,KC,LAC,home,-5.5,5.5,0.5,41.5,SECONDARY,PAPER,-5.5,other_half_point_shape,1,0.6850713499837193,0.04,0.7250713499837194,True,-3,13,16,LOSS,0.0,-2.5,40.5-43,72-73.9%,archived_reference_line
2025_15_LV_PHI-LV,2025,15,REG,2025-12-14,2025_15_LV_PHI,NFL,LV,PHI,away,12.5,12.5,18.5,37.5,SECONDARY,PAPER,12.5,other_half_point_shape,0,0.7030985713961488,0.0,0.7030985713961488,True,-31,31,0,LOSS,0.0,-12.5,<=40,70-71.9%,archived_reference_line
2025_15_LV_PHI-PHI,2025,15,REG,2025-12-14,2025_15_LV_PHI,NFL,PHI,LV,home,-12.5,12.5,-6.5,37.5,SECONDARY,PAPER,-12.5,other_half_point_shape,1,0.7030985713961488,0.04,0.7430985713961489,True,31,31,0,WIN,1.0,24.5,<=40,>=74%,archived_reference_line
2025_15_MIA_PIT-MIA,2025,15,REG,2025-12-15,2025_15_MIA_PIT,NFL,MIA,PIT,away,3.0,3.0,9.0,42.5,SECONDARY,PAPER,3.0,whole_number_line,2,0.6810325947045215,0.07,0.7510325947045215,True,-13,28,15,LOSS,0.0,-4.0,40.5-43,>=74%,archived_reference_line
2025_15_MIA_PIT-PIT,2025,15,REG,2025-12-15,2025_15_MIA_PIT,NFL,PIT,MIA,home,-3.0,3.0,3.0,42.5,SECONDARY,PAPER,-3.0,whole_number_line,1,0.6810325947045215,0.04,0.7210325947045215,True,13,28,15,WIN,1.0,16.0,40.5-43,72-73.9%,archived_reference_line
2025_15_MIN_DAL-MIN,2025,15,REG,2025-12-14,2025_15_MIN_DAL,NFL,MIN,DAL,away,5.5,5.5,11.5,47.5,SECONDARY,PAPER,5.5,other_half_point_shape,1,0.6631416751252381,0.04,0.7031416751252382,False,8,26,34,WIN,1.0,19.5,out-of-range,70-71.9%,archived_reference_line
2025_15_MIN_DAL-DAL,2025,15,REG,2025-12-14,2025_15_MIN_DAL,NFL,DAL,MIN,home,-5.5,5.5,0.5,47.5,SECONDARY,PAPER,-5.5,other_half_point_shape,1,0.6631416751252381,0.04,0.7031416751252382,False,-8,26,34,LOSS,0.0,-7.5,out-of-range,70-71.9%,archived_reference_line
2025_15_NYJ_JAX-NYJ,2025,15,REG,2025-12-14,2025_15_NYJ_JAX,NFL,NYJ,JAX,away,13.5,13.5,19.5,40.5,SECONDARY,PAPER,13.5,other_half_point_shape,0,0.6892858751269062,0.0,0.6892858751269062,True,-28,48,20,LOSS,0.0,-8.5,40.5-43,<70%,archived_reference_line
2025_15_NYJ_JAX-JAX,2025,15,REG,2025-12-14,2025_15_NYJ_JAX,NFL,JAX,NYJ,home,-13.5,13.5,-7.5,40.5,SECONDARY,PAPER,-13.5,other_half_point_shape,0,0.6892858751269062,0.0,0.6892858751269062,True,28,48,20,WIN,1.0,20.5,40.5-43,<70%,archived_reference_line
2025_15_TEN_SF-TEN,2025,15,REG,2025-12-14,2025_15_TEN_SF,NFL,TEN,SF,away,12.5,12.5,18.5,44.5,SECONDARY,PAPER,12.5,other_half_point_shape,0,0.6734422108808652,0.0,0.6734422108808652,True,-13,37,24,WIN,1.0,5.5,43.5-45,<70%,archived_reference_line
2025_15_TEN_SF-SF,2025,15,REG,2025-12-14,2025_15_TEN_SF,NFL,SF,TEN,home,-12.5,12.5,-6.5,44.5,SECONDARY,PAPER,-12.5,other_half_point_shape,1,0.6734422108808652,0.04,0.7134422108808652,True,13,37,24,WIN,1.0,6.5,43.5-45,70-71.9%,archived_reference_line
2025_15_WAS_NYG-WAS,2025,15,REG,2025-12-14,2025_15_WAS_NYG,NFL,WAS,NYG,away,2.5,2.5,8.5,46.5,PRIMARY,LIVE,+2.5,,2,0.6664412874896358,0.07,0.7364412874896358,True,8,21,29,WIN,1.0,16.5,45.5-47,72-73.9%,archived_reference_line
2025_15_WAS_NYG-NYG,2025,15,REG,2025-12-14,2025_15_WAS_NYG,NFL,NYG,WAS,home,-2.5,2.5,3.5,46.5,SECONDARY,PAPER,-2.5,other_half_point_shape,1,0.6664412874896358,0.04,0.7064412874896359,True,-8,21,29,LOSS,0.0,-4.5,45.5-47,70-71.9%,archived_reference_line
2025_16_ATL_ARI-ATL,2025,16,REG,2025-12-21,2025_16_ATL_ARI,NFL,ATL,ARI,away,-2.5,-2.5,3.5,48.5,SECONDARY,PAPER,-2.5,other_half_point_shape,1,0.6599662912879087,0.04,0.6999662912879088,False,7,19,26,WIN,1.0,10.5,out-of-range,<70%,archived_reference_line
2025_16_ATL_ARI-ARI,2025,16,REG,2025-12-21,2025_16_ATL_ARI,NFL,ARI,ATL,home,2.5,-2.5,8.5,48.5,PRIMARY,LIVE,+2.5,,2,0.6599662912879087,0.07,0.7299662912879088,False,-7,19,26,WIN,1.0,1.5,out-of-range,72-73.9%,archived_reference_line
2025_16_BUF_CLE-BUF,2025,16,REG,2025-12-21,2025_16_BUF_CLE,NFL,BUF,CLE,away,-10.5,-10.5,-4.5,41.5,SECONDARY,PAPER,-10.5,other_half_point_shape,1,0.6850713499837193,0.04,0.7250713499837194,True,3,20,23,LOSS,0.0,-1.5,40.5-43,72-73.9%,archived_reference_line
2025_16_BUF_CLE-CLE,2025,16,REG,2025-12-21,2025_16_BUF_CLE,NFL,CLE,BUF,home,10.5,-10.5,16.5,41.5,SECONDARY,PAPER,10.5,other_half_point_shape,0,0.6850713499837193,0.0,0.6850713499837193,True,-3,20,23,WIN,1.0,13.5,40.5-43,<70%,archived_reference_line
2025_16_CIN_MIA-CIN,2025,16,REG,2025-12-21,2025_16_CIN_MIA,NFL,CIN,MIA,away,-3.5,-3.5,2.5,48.5,SECONDARY,PAPER,-3.5,other_half_point_shape,1,0.6599662912879087,0.04,0.6999662912879088,False,24,21,45,WIN,1.0,26.5,out-of-range,<70%,archived_reference_line
2025_16_CIN_MIA-MIA,2025,16,REG,2025-12-21,2025_16_CIN_MIA,NFL,MIA,CIN,home,3.5,-3.5,9.5,48.5,SECONDARY,PAPER,3.5,other_half_point_shape,1,0.6599662912879087,0.04,0.6999662912879088,False,-24,21,45,LOSS,0.0,-14.5,out-of-range,<70%,archived_reference_line
2025_16_GB_CHI-GB,2025,16,REG,2025-12-20,2025_16_GB_CHI,NFL,GB,CHI,away,1.5,1.5,7.5,45.5,PRIMARY,LIVE,+1.5,,2,0.6698722507821999,0.07,0.7398722507822,True,-6,22,16,WIN,1.0,1.5,45.5-47,72-73.9%,archived_reference_line
2025_16_GB_CHI-CHI,2025,16,REG,2025-12-20,2025_16_GB_CHI,NFL,CHI,GB,home,-1.5,1.5,4.5,45.5,SECONDARY,PAPER,-1.5,other_half_point_shape,1,0.6698722507821999,0.04,0.7098722507822,True,6,22,16,WIN,1.0,10.5,45.5-47,70-71.9%,archived_reference_line
2025_16_JAX_DEN-JAX,2025,16,REG,2025-12-21,2025_16_JAX_DEN,NFL,JAX,DEN,away,3.5,3.5,9.5,46.5,SECONDARY,PAPER,3.5,other_half_point_shape,1,0.6664412874896358,0.04,0.7064412874896359,True,14,20,34,WIN,1.0,23.5,45.5-47,70-71.9%,archived_reference_line
2025_16_JAX_DEN-DEN,2025,16,REG,2025-12-21,2025_16_JAX_DEN,NFL,DEN,JAX,home,-3.5,3.5,2.5,46.5,SECONDARY,PAPER,-3.5,other_half_point_shape,1,0.6664412874896358,0.04,0.7064412874896359,True,-14,20,34,LOSS,0.0,-11.5,45.5-47,70-71.9%,archived_reference_line
2025_16_KC_TEN-KC,2025,16,REG,2025-12-21,2025_16_KC_TEN,NFL,KC,TEN,away,-3.5,-3.5,2.5,37.5,SECONDARY,PAPER,-3.5,other_half_point_shape,1,0.7030985713961488,0.04,0.7430985713961489,True,-17,26,9,LOSS,0.0,-14.5,<=40,>=74%,archived_reference_line
2025_16_KC_TEN-TEN,2025,16,REG,2025-12-21,2025_16_KC_TEN,NFL,TEN,KC,home,3.5,-3.5,9.5,37.5,SECONDARY,PAPER,3.5,other_half_point_shape,1,0.7030985713961488,0.04,0.7430985713961489,True,17,26,9,WIN,1.0,26.5,<=40,>=74%,archived_reference_line
2025_16_LAC_DAL-LAC,2025,16,REG,2025-12-21,2025_16_LAC_DAL,NFL,LAC,DAL,away,1.5,1.5,7.5,50.5,PRIMARY,LIVE,+1.5,,2,0.6539620939680577,0.07,0.7239620939680578,False,17,17,34,WIN,1.0,24.5,out-of-range,72-73.9%,archived_reference_line
2025_16_LAC_DAL-DAL,2025,16,REG,2025-12-21,2025_16_LAC_DAL,NFL,DAL,LAC,home,-1.5,1.5,4.5,50.5,SECONDARY,PAPER,-1.5,other_half_point_shape,1,0.6539620939680577,0.04,0.6939620939680577,False,-17,17,34,LOSS,0.0,-12.5,out-of-range,<70%,archived_reference_line
2025_16_LA_SEA-LA,2025,16,REG,2025-12-18,2025_16_LA_SEA,NFL,LA,SEA,away,1.5,1.5,7.5,42.5,PRIMARY,LIVE,+1.5,,2,0.6810325947045215,0.07,0.7510325947045215,True,-1,38,37,WIN,1.0,6.5,40.5-43,>=74%,archived_reference_line
2025_16_LA_SEA-SEA,2025,16,REG,2025-12-18,2025_16_LA_SEA,NFL,SEA,LA,home,-1.5,1.5,4.5,42.5,SECONDARY,PAPER,-1.5,other_half_point_shape,1,0.6810325947045215,0.04,0.7210325947045215,True,1,38,37,WIN,1.0,5.5,40.5-43,72-73.9%,archived_reference_line
2025_16_LV_HOU-LV,2025,16,REG,2025-12-21,2025_16_LV_HOU,NFL,LV,HOU,away,14.5,14.5,20.5,39.5,SECONDARY,PAPER,14.5,other_half_point_shape,0,0.6936871859805309,0.0,0.6936871859805309,True,-2,23,21,WIN,1.0,18.5,<=40,<70%,archived_reference_line
2025_16_LV_HOU-HOU,2025,16,REG,2025-12-21,2025_16_LV_HOU,NFL,HOU,LV,home,-14.5,14.5,-8.5,39.5,SECONDARY,PAPER,-14.5,other_half_point_shape,0,0.6936871859805309,0.0,0.6936871859805309,True,2,23,21,LOSS,0.0,-6.5,<=40,<70%,archived_reference_line
2025_16_MIN_NYG-MIN,2025,16,REG,2025-12-21,2025_16_MIN_NYG,NFL,MIN,NYG,away,-2.5,-2.5,3.5,41.5,SECONDARY,PAPER,-2.5,other_half_point_shape,1,0.6850713499837193,0.04,0.7250713499837194,True,3,13,16,WIN,1.0,6.5,40.5-43,72-73.9%,archived_reference_line
2025_16_MIN_NYG-NYG,2025,16,REG,2025-12-21,2025_16_MIN_NYG,NFL,NYG,MIN,home,2.5,-2.5,8.5,41.5,PRIMARY,LIVE,+2.5,,2,0.6850713499837193,0.07,0.7550713499837194,True,-3,13,16,WIN,1.0,5.5,40.5-43,>=74%,archived_reference_line
2025_16_NE_BAL-NE,2025,16,REG,2025-12-21,2025_16_NE_BAL,NFL,NE,BAL,away,3.5,3.5,9.5,48.5,SECONDARY,PAPER,3.5,other_half_point_shape,1,0.6599662912879087,0.04,0.6999662912879088,False,4,24,28,WIN,1.0,13.5,out-of-range,<70%,archived_reference_line
2025_16_NE_BAL-BAL,2025,16,REG,2025-12-21,2025_16_NE_BAL,NFL,BAL,NE,home,-3.5,3.5,2.5,48.5,SECONDARY,PAPER,-3.5,other_half_point_shape,1,0.6599662912879087,0.04,0.6999662912879088,False,-4,24,28,LOSS,0.0,-1.5,out-of-range,<70%,archived_reference_line
2025_16_NYJ_NO-NYJ,2025,16,REG,2025-12-21,2025_16_NYJ_NO,NFL,NYJ,NO,away,6.5,6.5,12.5,39.5,SECONDARY,PAPER,6.5,other_half_point_shape,1,0.6936871859805309,0.04,0.733687185980531,True,-23,29,6,LOSS,0.0,-10.5,<=40,72-73.9%,archived_reference_line
2025_16_NYJ_NO-NO,2025,16,REG,2025-12-21,2025_16_NYJ_NO,NFL,NO,NYJ,home,-6.5,6.5,-0.5,39.5,SECONDARY,PAPER,-6.5,other_half_point_shape,1,0.6936871859805309,0.04,0.733687185980531,True,23,29,6,WIN,1.0,22.5,<=40,72-73.9%,archived_reference_line
2025_16_PHI_WAS-PHI,2025,16,REG,2025-12-20,2025_16_PHI_WAS,NFL,PHI,WAS,away,-7.0,-7.0,-1.0,43.5,SECONDARY,PAPER,-7.0,whole_number_line,2,0.6771593818727903,0.07,0.7471593818727904,True,11,18,29,WIN,1.0,10.0,43.5-45,>=74%,archived_reference_line
2025_16_PHI_WAS-WAS,2025,16,REG,2025-12-20,2025_16_PHI_WAS,NFL,WAS,PHI,home,7.0,-7.0,13.0,43.5,SECONDARY,PAPER,7.0,whole_number_line,1,0.6771593818727903,0.04,0.7171593818727904,True,-11,18,29,WIN,1.0,2.0,43.5-45,70-71.9%,archived_reference_line
2025_16_PIT_DET-PIT,2025,16,REG,2025-12-21,2025_16_PIT_DET,NFL,PIT,DET,away,7.5,7.5,13.5,52.5,SECONDARY,PAPER,7.5,other_half_point_shape,0,0.6483807083005341,0.0,0.6483807083005341,False,5,24,29,WIN,1.0,18.5,out-of-range,<70%,archived_reference_line
2025_16_PIT_DET-DET,2025,16,REG,2025-12-21,2025_16_PIT_DET,NFL,DET,PIT,home,-7.5,7.5,-1.5,52.5,PRIMARY,LIVE,-7.5,,2,0.6483807083005341,0.07,0.718380708300534,False,-5,24,29,LOSS,0.0,-6.5,out-of-range,70-71.9%,archived_reference_line
2025_16_SF_IND-SF,2025,16,REG,2025-12-22,2025_16_SF_IND,NFL,SF,IND,away,-4.5,-4.5,1.5,46.5,SECONDARY,PAPER,-4.5,other_half_point_shape,1,0.6664412874896358,0.04,0.7064412874896359,True,21,27,48,WIN,1.0,22.5,45.5-47,70-71.9%,archived_reference_line
2025_16_SF_IND-IND,2025,16,REG,2025-12-22,2025_16_SF_IND,NFL,IND,SF,home,4.5,-4.5,10.5,46.5,SECONDARY,PAPER,4.5,other_half_point_shape,1,0.6664412874896358,0.04,0.7064412874896359,True,-21,27,48,LOSS,0.0,-10.5,45.5-47,70-71.9%,archived_reference_line
2025_16_TB_CAR-TB,2025,16,REG,2025-12-21,2025_16_TB_CAR,NFL,TB,CAR,away,-3.0,-3.0,3.0,44.5,SECONDARY,PAPER,-3.0,whole_number_line,1,0.6734422108808652,0.04,0.7134422108808652,True,-3,23,20,PUSH,,0.0,43.5-45,70-71.9%,archived_reference_line
2025_16_TB_CAR-CAR,2025,16,REG,2025-12-21,2025_16_TB_CAR,NFL,CAR,TB,home,3.0,-3.0,9.0,44.5,SECONDARY,PAPER,3.0,whole_number_line,2,0.6734422108808652,0.07,0.7434422108808652,True,3,23,20,WIN,1.0,12.0,43.5-45,>=74%,archived_reference_line
2025_17_ARI_CIN-ARI,2025,17,REG,2025-12-28,2025_17_ARI_CIN,NFL,ARI,CIN,away,7.0,7.0,13.0,52.5,SECONDARY,PAPER,7.0,whole_number_line,1,0.6483807083005341,0.04,0.6883807083005341,False,-23,37,14,LOSS,0.0,-10.0,out-of-range,<70%,archived_reference_line
2025_17_ARI_CIN-CIN,2025,17,REG,2025-12-28,2025_17_ARI_CIN,NFL,CIN,ARI,home,-7.0,7.0,-1.0,52.5,SECONDARY,PAPER,-7.0,whole_number_line,2,0.6483807083005341,0.07,0.718380708300534,False,23,37,14,WIN,1.0,22.0,out-of-range,70-71.9%,archived_reference_line
2025_17_BAL_GB-BAL,2025,17,REG,2025-12-27,2025_17_BAL_GB,NFL,BAL,GB,away,2.5,2.5,8.5,38.5,PRIMARY,LIVE,+2.5,,2,0.6982871529359227,0.07,0.7682871529359228,True,17,24,41,WIN,1.0,25.5,<=40,>=74%,archived_reference_line
2025_17_BAL_GB-GB,2025,17,REG,2025-12-27,2025_17_BAL_GB,NFL,GB,BAL,home,-2.5,2.5,3.5,38.5,SECONDARY,PAPER,-2.5,other_half_point_shape,1,0.6982871529359227,0.04,0.7382871529359227,True,-17,24,41,LOSS,0.0,-13.5,<=40,72-73.9%,archived_reference_line
2025_17_CHI_SF-CHI,2025,17,REG,2025-12-28,2025_17_CHI_SF,NFL,CHI,SF,away,3.5,3.5,9.5,51.5,SECONDARY,PAPER,3.5,other_half_point_shape,1,0.651121300213464,0.04,0.6911213002134641,False,-4,42,38,WIN,1.0,5.5,out-of-range,<70%,archived_reference_line
2025_17_CHI_SF-SF,2025,17,REG,2025-12-28,2025_17_CHI_SF,NFL,SF,CHI,home,-3.5,3.5,2.5,51.5,SECONDARY,PAPER,-3.5,other_half_point_shape,1,0.651121300213464,0.04,0.6911213002134641,False,4,42,38,WIN,1.0,6.5,out-of-range,<70%,archived_reference_line
2025_17_DAL_WAS-DAL,2025,17,REG,2025-12-25,2025_17_DAL_WAS,NFL,DAL,WAS,away,-8.5,-8.5,-2.5,50.5,PRIMARY,LIVE,-8.5,,2,0.6539620939680577,0.07,0.7239620939680578,False,7,23,30,WIN,1.0,4.5,out-of-range,72-73.9%,archived_reference_line
2025_17_DAL_WAS-WAS,2025,17,REG,2025-12-25,2025_17_DAL_WAS,NFL,WAS,DAL,home,8.5,-8.5,14.5,50.5,SECONDARY,PAPER,8.5,other_half_point_shape,0,0.6539620939680577,0.0,0.6539620939680577,False,-7,23,30,WIN,1.0,7.5,out-of-range,<70%,archived_reference_line
2025_17_DEN_KC-DEN,2025,17,REG,2025-12-25,2025_17_DEN_KC,NFL,DEN,KC,away,-13.5,-13.5,-7.5,37.5,SECONDARY,PAPER,-13.5,other_half_point_shape,0,0.7030985713961488,0.0,0.7030985713961488,True,7,13,20,LOSS,0.0,-0.5,<=40,70-71.9%,archived_reference_line
2025_17_DEN_KC-KC,2025,17,REG,2025-12-25,2025_17_DEN_KC,NFL,KC,DEN,home,13.5,-13.5,19.5,37.5,SECONDARY,PAPER,13.5,other_half_point_shape,0,0.7030985713961488,0.0,0.7030985713961488,True,-7,13,20,WIN,1.0,12.5,<=40,70-71.9%,archived_reference_line
2025_17_DET_MIN-DET,2025,17,REG,2025-12-25,2025_17_DET_MIN,NFL,DET,MIN,away,-7.0,-7.0,-1.0,45.5,SECONDARY,PAPER,-7.0,whole_number_line,2,0.6698722507821999,0.07,0.7398722507822,True,-13,23,10,LOSS,0.0,-14.0,45.5-47,72-73.9%,archived_reference_line
2025_17_DET_MIN-MIN,2025,17,REG,2025-12-25,2025_17_DET_MIN,NFL,MIN,DET,home,7.0,-7.0,13.0,45.5,SECONDARY,PAPER,7.0,whole_number_line,1,0.6698722507821999,0.04,0.7098722507822,True,13,23,10,WIN,1.0,26.0,45.5-47,70-71.9%,archived_reference_line
2025_17_HOU_LAC-HOU,2025,17,REG,2025-12-27,2025_17_HOU_LAC,NFL,HOU,LAC,away,1.5,1.5,7.5,40.5,PRIMARY,LIVE,+1.5,,2,0.6892858751269062,0.07,0.7592858751269063,True,4,16,20,WIN,1.0,11.5,40.5-43,>=74%,archived_reference_line
2025_17_HOU_LAC-LAC,2025,17,REG,2025-12-27,2025_17_HOU_LAC,NFL,LAC,HOU,home,-1.5,1.5,4.5,40.5,SECONDARY,PAPER,-1.5,other_half_point_shape,1,0.6892858751269062,0.04,0.7292858751269062,True,-4,16,20,WIN,1.0,0.5,40.5-43,72-73.9%,archived_reference_line
2025_17_JAX_IND-JAX,2025,17,REG,2025-12-28,2025_17_JAX_IND,NFL,JAX,IND,away,-3.5,-3.5,2.5,48.5,SECONDARY,PAPER,-3.5,other_half_point_shape,1,0.6599662912879087,0.04,0.6999662912879088,False,6,17,23,WIN,1.0,8.5,out-of-range,<70%,archived_reference_line
2025_17_JAX_IND-IND,2025,17,REG,2025-12-28,2025_17_JAX_IND,NFL,IND,JAX,home,3.5,-3.5,9.5,48.5,SECONDARY,PAPER,3.5,other_half_point_shape,1,0.6599662912879087,0.04,0.6999662912879088,False,-6,17,23,WIN,1.0,3.5,out-of-range,<70%,archived_reference_line
2025_17_LA_ATL-LA,2025,17,REG,2025-12-29,2025_17_LA_ATL,NFL,LA,ATL,away,-7.5,-7.5,-1.5,48.5,PRIMARY,LIVE,-7.5,,2,0.6599662912879087,0.07,0.7299662912879088,False,-3,27,24,LOSS,0.0,-4.5,out-of-range,72-73.9%,archived_reference_line
2025_17_LA_ATL-ATL,2025,17,REG,2025-12-29,2025_17_LA_ATL,NFL,ATL,LA,home,7.5,-7.5,13.5,48.5,SECONDARY,PAPER,7.5,other_half_point_shape,0,0.6599662912879087,0.0,0.6599662912879087,False,3,27,24,WIN,1.0,16.5,out-of-range,<70%,archived_reference_line
2025_17_NE_NYJ-NE,2025,17,REG,2025-12-28,2025_17_NE_NYJ,NFL,NE,NYJ,away,-12.5,-12.5,-6.5,42.5,SECONDARY,PAPER,-12.5,other_half_point_shape,1,0.6810325947045215,0.04,0.7210325947045215,True,32,10,42,WIN,1.0,25.5,40.5-43,72-73.9%,archived_reference_line
2025_17_NE_NYJ-NYJ,2025,17,REG,2025-12-28,2025_17_NE_NYJ,NFL,NYJ,NE,home,12.5,-12.5,18.5,42.5,SECONDARY,PAPER,12.5,other_half_point_shape,0,0.6810325947045215,0.0,0.6810325947045215,True,-32,10,42,LOSS,0.0,-13.5,40.5-43,<70%,archived_reference_line
2025_17_NO_TEN-NO,2025,17,REG,2025-12-28,2025_17_NO_TEN,NFL,NO,TEN,away,-1.5,-1.5,4.5,39.5,SECONDARY,PAPER,-1.5,other_half_point_shape,1,0.6936871859805309,0.04,0.733687185980531,True,8,26,34,WIN,1.0,12.5,<=40,72-73.9%,archived_reference_line
2025_17_NO_TEN-TEN,2025,17,REG,2025-12-28,2025_17_NO_TEN,NFL,TEN,NO,home,1.5,-1.5,7.5,39.5,PRIMARY,LIVE,+1.5,,2,0.6936871859805309,0.07,0.763687185980531,True,-8,26,34,LOSS,0.0,-0.5,<=40,>=74%,archived_reference_line
2025_17_NYG_LV-NYG,2025,17,REG,2025-12-28,2025_17_NYG_LV,NFL,NYG,LV,away,-3.0,-3.0,3.0,40.5,SECONDARY,PAPER,-3.0,whole_number_line,1,0.6892858751269062,0.04,0.7292858751269062,True,24,10,34,WIN,1.0,27.0,40.5-43,72-73.9%,archived_reference_line
2025_17_NYG_LV-LV,2025,17,REG,2025-12-28,2025_17_NYG_LV,NFL,LV,NYG,home,3.0,-3.0,9.0,40.5,SECONDARY,PAPER,3.0,whole_number_line,2,0.6892858751269062,0.07,0.7592858751269063,True,-24,10,34,LOSS,0.0,-15.0,40.5-43,>=74%,archived_reference_line
2025_17_PHI_BUF-PHI,2025,17,REG,2025-12-28,2025_17_PHI_BUF,NFL,PHI,BUF,away,3.0,3.0,9.0,45.5,SECONDARY,PAPER,3.0,whole_number_line,2,0.6698722507821999,0.07,0.7398722507822,True,1,12,13,WIN,1.0,10.0,45.5-47,72-73.9%,archived_reference_line
2025_17_PHI_BUF-BUF,2025,17,REG,2025-12-28,2025_17_PHI_BUF,NFL,BUF,PHI,home,-3.0,3.0,3.0,45.5,SECONDARY,PAPER,-3.0,whole_number_line,1,0.6698722507821999,0.04,0.7098722507822,True,-1,12,13,WIN,1.0,2.0,45.5-47,70-71.9%,archived_reference_line
2025_17_PIT_CLE-PIT,2025,17,REG,2025-12-28,2025_17_PIT_CLE,NFL,PIT,CLE,away,-4.5,-4.5,1.5,35.5,SECONDARY,PAPER,-4.5,other_half_point_shape,1,0.7134120193515978,0.04,0.7534120193515979,True,-7,13,6,LOSS,0.0,-5.5,<=40,>=74%,archived_reference_line
2025_17_PIT_CLE-CLE,2025,17,REG,2025-12-28,2025_17_PIT_CLE,NFL,CLE,PIT,home,4.5,-4.5,10.5,35.5,SECONDARY,PAPER,4.5,other_half_point_shape,1,0.7134120193515978,0.04,0.7534120193515979,True,7,13,6,WIN,1.0,17.5,<=40,>=74%,archived_reference_line
2025_17_SEA_CAR-SEA,2025,17,REG,2025-12-28,2025_17_SEA_CAR,NFL,SEA,CAR,away,-6.5,-6.5,-0.5,42.5,SECONDARY,PAPER,-6.5,other_half_point_shape,1,0.6810325947045215,0.04,0.7210325947045215,True,17,10,27,WIN,1.0,16.5,40.5-43,72-73.9%,archived_reference_line
2025_17_SEA_CAR-CAR,2025,17,REG,2025-12-28,2025_17_SEA_CAR,NFL,CAR,SEA,home,6.5,-6.5,12.5,42.5,SECONDARY,PAPER,6.5,other_half_point_shape,1,0.6810325947045215,0.04,0.7210325947045215,True,-17,10,27,LOSS,0.0,-4.5,40.5-43,72-73.9%,archived_reference_line
2025_17_TB_MIA-TB,2025,17,REG,2025-12-28,2025_17_TB_MIA,NFL,TB,MIA,away,-5.5,-5.5,0.5,44.5,SECONDARY,PAPER,-5.5,other_half_point_shape,1,0.6734422108808652,0.04,0.7134422108808652,True,-3,20,17,LOSS,0.0,-2.5,43.5-45,70-71.9%,archived_reference_line
2025_17_TB_MIA-MIA,2025,17,REG,2025-12-28,2025_17_TB_MIA,NFL,MIA,TB,home,5.5,-5.5,11.5,44.5,SECONDARY,PAPER,5.5,other_half_point_shape,1,0.6734422108808652,0.04,0.7134422108808652,True,3,20,17,WIN,1.0,14.5,43.5-45,70-71.9%,archived_reference_line
2025_18_ARI_LA-ARI,2025,18,REG,2026-01-04,2025_18_ARI_LA,NFL,ARI,LA,away,14.5,14.5,20.5,49.5,SECONDARY,PAPER,14.5,other_half_point_shape,0,0.6569084959850626,0.0,0.6569084959850626,False,-17,37,20,WIN,1.0,3.5,out-of-range,<70%,archived_reference_line
2025_18_ARI_LA-LA,2025,18,REG,2026-01-04,2025_18_ARI_LA,NFL,LA,ARI,home,-14.5,14.5,-8.5,49.5,SECONDARY,PAPER,-14.5,other_half_point_shape,0,0.6569084959850626,0.0,0.6569084959850626,False,17,37,20,WIN,1.0,8.5,out-of-range,<70%,archived_reference_line
2025_18_BAL_PIT-BAL,2025,18,REG,2026-01-04,2025_18_BAL_PIT,NFL,BAL,PIT,away,-4.5,-4.5,1.5,41.5,SECONDARY,PAPER,-4.5,other_half_point_shape,1,0.6850713499837193,0.04,0.7250713499837194,True,-2,26,24,LOSS,0.0,-0.5,40.5-43,72-73.9%,archived_reference_line
2025_18_BAL_PIT-PIT,2025,18,REG,2026-01-04,2025_18_BAL_PIT,NFL,PIT,BAL,home,4.5,-4.5,10.5,41.5,SECONDARY,PAPER,4.5,other_half_point_shape,1,0.6850713499837193,0.04,0.7250713499837194,True,2,26,24,WIN,1.0,12.5,40.5-43,72-73.9%,archived_reference_line
2025_18_CAR_TB-CAR,2025,18,REG,2026-01-03,2025_18_CAR_TB,NFL,CAR,TB,away,3.0,3.0,9.0,43.5,SECONDARY,PAPER,3.0,whole_number_line,2,0.6771593818727903,0.07,0.7471593818727904,True,-2,16,14,WIN,1.0,7.0,43.5-45,>=74%,archived_reference_line
2025_18_CAR_TB-TB,2025,18,REG,2026-01-03,2025_18_CAR_TB,NFL,TB,CAR,home,-3.0,3.0,3.0,43.5,SECONDARY,PAPER,-3.0,whole_number_line,1,0.6771593818727903,0.04,0.7171593818727904,True,2,16,14,WIN,1.0,5.0,43.5-45,70-71.9%,archived_reference_line
2025_18_CLE_CIN-CLE,2025,18,REG,2026-01-04,2025_18_CLE_CIN,NFL,CLE,CIN,away,9.5,9.5,15.5,47.5,SECONDARY,PAPER,9.5,other_half_point_shape,0,0.6631416751252381,0.0,0.6631416751252381,False,2,18,20,WIN,1.0,17.5,out-of-range,<70%,archived_reference_line
2025_18_CLE_CIN-CIN,2025,18,REG,2026-01-04,2025_18_CLE_CIN,NFL,CIN,CLE,home,-9.5,9.5,-3.5,47.5,SECONDARY,PAPER,-9.5,other_half_point_shape,1,0.6631416751252381,0.04,0.7031416751252382,False,-2,18,20,LOSS,0.0,-5.5,out-of-range,70-71.9%,archived_reference_line
2025_18_DAL_NYG-DAL,2025,18,REG,2026-01-04,2025_18_DAL_NYG,NFL,DAL,NYG,away,-3.0,-3.0,3.0,50.5,SECONDARY,PAPER,-3.0,whole_number_line,1,0.6539620939680577,0.04,0.6939620939680577,False,-17,34,17,LOSS,0.0,-14.0,out-of-range,<70%,archived_reference_line
2025_18_DAL_NYG-NYG,2025,18,REG,2026-01-04,2025_18_DAL_NYG,NFL,NYG,DAL,home,3.0,-3.0,9.0,50.5,SECONDARY,PAPER,3.0,whole_number_line,2,0.6539620939680577,0.07,0.7239620939680578,False,17,34,17,WIN,1.0,26.0,out-of-range,72-73.9%,archived_reference_line
2025_18_DET_CHI-DET,2025,18,REG,2026-01-04,2025_18_DET_CHI,NFL,DET,CHI,away,3.5,3.5,9.5,51.5,SECONDARY,PAPER,3.5,other_half_point_shape,1,0.651121300213464,0.04,0.6911213002134641,False,3,16,19,WIN,1.0,12.5,out-of-range,<70%,archived_reference_line
2025_18_DET_CHI-CHI,2025,18,REG,2026-01-04,2025_18_DET_CHI,NFL,CHI,DET,home,-3.5,3.5,2.5,51.5,SECONDARY,PAPER,-3.5,other_half_point_shape,1,0.651121300213464,0.04,0.6911213002134641,False,-3,16,19,LOSS,0.0,-0.5,out-of-range,<70%,archived_reference_line
2025_18_GB_MIN-GB,2025,18,REG,2026-01-04,2025_18_GB_MIN,NFL,GB,MIN,away,12.5,12.5,18.5,37.5,SECONDARY,PAPER,12.5,other_half_point_shape,0,0.7030985713961488,0.0,0.7030985713961488,True,-13,16,3,WIN,1.0,5.5,<=40,70-71.9%,archived_reference_line
2025_18_GB_MIN-MIN,2025,18,REG,2026-01-04,2025_18_GB_MIN,NFL,MIN,GB,home,-12.5,12.5,-6.5,37.5,SECONDARY,PAPER,-12.5,other_half_point_shape,1,0.7030985713961488,0.04,0.7430985713961489,True,13,16,3,WIN,1.0,6.5,<=40,>=74%,archived_reference_line
2025_18_IND_HOU-IND,2025,18,REG,2026-01-04,2025_18_IND_HOU,NFL,IND,HOU,away,9.5,9.5,15.5,37.5,SECONDARY,PAPER,9.5,other_half_point_shape,0,0.7030985713961488,0.0,0.7030985713961488,True,-8,38,30,WIN,1.0,7.5,<=40,70-71.9%,archived_reference_line
2025_18_IND_HOU-HOU,2025,18,REG,2026-01-04,2025_18_IND_HOU,NFL,HOU,IND,home,-9.5,9.5,-3.5,37.5,SECONDARY,PAPER,-9.5,other_half_point_shape,1,0.7030985713961488,0.04,0.7430985713961489,True,8,38,30,WIN,1.0,4.5,<=40,>=74%,archived_reference_line
2025_18_KC_LV-KC,2025,18,REG,2026-01-04,2025_18_KC_LV,NFL,KC,LV,away,-3.5,-3.5,2.5,36.5,SECONDARY,PAPER,-3.5,other_half_point_shape,1,0.7081352362117709,0.04,0.7481352362117709,True,-2,14,12,WIN,1.0,0.5,<=40,>=74%,archived_reference_line
2025_18_KC_LV-LV,2025,18,REG,2026-01-04,2025_18_KC_LV,NFL,LV,KC,home,3.5,-3.5,9.5,36.5,SECONDARY,PAPER,3.5,other_half_point_shape,1,0.7081352362117709,0.04,0.7481352362117709,True,2,14,12,WIN,1.0,11.5,<=40,>=74%,archived_reference_line
2025_18_LAC_DEN-LAC,2025,18,REG,2026-01-04,2025_18_LAC_DEN,NFL,LAC,DEN,away,14.5,14.5,20.5,37.5,SECONDARY,PAPER,14.5,other_half_point_shape,0,0.7030985713961488,0.0,0.7030985713961488,True,-16,19,3,WIN,1.0,4.5,<=40,70-71.9%,archived_reference_line
2025_18_LAC_DEN-DEN,2025,18,REG,2026-01-04,2025_18_LAC_DEN,NFL,DEN,LAC,home,-14.5,14.5,-8.5,37.5,SECONDARY,PAPER,-14.5,other_half_point_shape,0,0.7030985713961488,0.0,0.7030985713961488,True,16,19,3,WIN,1.0,7.5,<=40,70-71.9%,archived_reference_line
2025_18_MIA_NE-MIA,2025,18,REG,2026-01-04,2025_18_MIA_NE,NFL,MIA,NE,away,14.0,14.0,20.0,44.5,SECONDARY,PAPER,14.0,whole_number_line,0,0.6734422108808652,0.0,0.6734422108808652,True,-28,38,10,LOSS,0.0,-8.0,43.5-45,<70%,archived_reference_line
2025_18_MIA_NE-NE,2025,18,REG,2026-01-04,2025_18_MIA_NE,NFL,NE,MIA,home,-14.0,14.0,-8.0,44.5,SECONDARY,PAPER,-14.0,whole_number_line,0,0.6734422108808652,0.0,0.6734422108808652,True,28,38,10,WIN,1.0,20.0,43.5-45,<70%,archived_reference_line
2025_18_NO_ATL-NO,2025,18,REG,2026-01-04,2025_18_NO_ATL,NFL,NO,ATL,away,4.5,4.5,10.5,43.5,SECONDARY,PAPER,4.5,other_half_point_shape,1,0.6771593818727903,0.04,0.7171593818727904,True,-2,19,17,WIN,1.0,8.5,43.5-45,70-71.9%,archived_reference_line
2025_18_NO_ATL-ATL,2025,18,REG,2026-01-04,2025_18_NO_ATL,NFL,ATL,NO,home,-4.5,4.5,1.5,43.5,SECONDARY,PAPER,-4.5,other_half_point_shape,1,0.6771593818727903,0.04,0.7171593818727904,True,2,19,17,WIN,1.0,3.5,43.5-45,70-71.9%,archived_reference_line
2025_18_NYJ_BUF-NYJ,2025,18,REG,2026-01-04,2025_18_NYJ_BUF,NFL,NYJ,BUF,away,12.5,12.5,18.5,39.5,SECONDARY,PAPER,12.5,other_half_point_shape,0,0.6936871859805309,0.0,0.6936871859805309,True,-27,35,8,LOSS,0.0,-8.5,<=40,<70%,archived_reference_line
2025_18_NYJ_BUF-BUF,2025,18,REG,2026-01-04,2025_18_NYJ_BUF,NFL,BUF,NYJ,home,-12.5,12.5,-6.5,39.5,SECONDARY,PAPER,-12.5,other_half_point_shape,1,0.6936871859805309,0.04,0.733687185980531,True,27,35,8,WIN,1.0,20.5,<=40,72-73.9%,archived_reference_line
2025_18_SEA_SF-SEA,2025,18,REG,2026-01-03,2025_18_SEA_SF,NFL,SEA,SF,away,-2.5,-2.5,3.5,47.5,SECONDARY,PAPER,-2.5,other_half_point_shape,1,0.6631416751252381,0.04,0.7031416751252382,False,10,3,13,WIN,1.0,13.5,out-of-range,70-71.9%,archived_reference_line
2025_18_SEA_SF-SF,2025,18,REG,2026-01-03,2025_18_SEA_SF,NFL,SF,SEA,home,2.5,-2.5,8.5,47.5,PRIMARY,LIVE,+2.5,,2,0.6631416751252381,0.07,0.7331416751252382,False,-10,3,13,LOSS,0.0,-1.5,out-of-range,72-73.9%,archived_reference_line
2025_18_TEN_JAX-TEN,2025,18,REG,2026-01-04,2025_18_TEN_JAX,NFL,TEN,JAX,away,12.5,12.5,18.5,46.5,SECONDARY,PAPER,12.5,other_half_point_shape,0,0.6664412874896358,0.0,0.6664412874896358,True,-34,41,7,LOSS,0.0,-15.5,45.5-47,<70%,archived_reference_line
2025_18_TEN_JAX-JAX,2025,18,REG,2026-01-04,2025_18_TEN_JAX,NFL,JAX,TEN,home,-12.5,12.5,-6.5,46.5,SECONDARY,PAPER,-12.5,other_half_point_shape,1,0.6664412874896358,0.04,0.7064412874896359,True,34,41,7,WIN,1.0,27.5,45.5-47,70-71.9%,archived_reference_line
2025_18_WAS_PHI-WAS,2025,18,REG,2026-01-04,2025_18_WAS_PHI,NFL,WAS,PHI,away,3.0,3.0,9.0,38.5,SECONDARY,PAPER,3.0,whole_number_line,2,0.6982871529359227,0.07,0.7682871529359228,True,7,17,24,WIN,1.0,16.0,<=40,>=74%,archived_reference_line
2025_18_WAS_PHI-PHI,2025,18,REG,2026-01-04,2025_18_WAS_PHI,NFL,PHI,WAS,home,-3.0,3.0,3.0,38.5,SECONDARY,PAPER,-3.0,whole_number_line,1,0.6982871529359227,0.04,0.7382871529359227,True,-7,17,24,LOSS,0.0,-4.0,<=40,72-73.9%,archived_reference_line
2025_19_BUF_JAX-BUF,2025,19,WC,2026-01-11,2025_19_BUF_JAX,NFL,BUF,JAX,away,1.5,1.5,7.5,51.5,PRIMARY,LIVE,+1.5,,2,0.651121300213464,0.07,0.721121300213464,False,3,24,27,WIN,1.0,10.5,out-of-range,72-73.9%,archived_reference_line
2025_19_BUF_JAX-JAX,2025,19,WC,2026-01-11,2025_19_BUF_JAX,NFL,JAX,BUF,home,-1.5,1.5,4.5,51.5,SECONDARY,PAPER,-1.5,other_half_point_shape,1,0.651121300213464,0.04,0.6911213002134641,False,-3,24,27,WIN,1.0,1.5,out-of-range,<70%,archived_reference_line
2025_19_GB_CHI-GB,2025,19,WC,2026-01-10,2025_19_GB_CHI,NFL,GB,CHI,away,-2.5,-2.5,3.5,45.5,SECONDARY,PAPER,-2.5,other_half_point_shape,1,0.6698722507821999,0.04,0.7098722507822,True,-4,31,27,LOSS,0.0,-0.5,45.5-47,70-71.9%,archived_reference_line
2025_19_GB_CHI-CHI,2025,19,WC,2026-01-10,2025_19_GB_CHI,NFL,CHI,GB,home,2.5,-2.5,8.5,45.5,PRIMARY,LIVE,+2.5,,2,0.6698722507821999,0.07,0.7398722507822,True,4,31,27,WIN,1.0,12.5,45.5-47,72-73.9%,archived_reference_line
2025_19_HOU_PIT-HOU,2025,19,WC,2026-01-12,2025_19_HOU_PIT,NFL,HOU,PIT,away,-3.0,-3.0,3.0,38.5,SECONDARY,PAPER,-3.0,whole_number_line,1,0.6982871529359227,0.04,0.7382871529359227,True,24,6,30,WIN,1.0,27.0,<=40,72-73.9%,archived_reference_line
2025_19_HOU_PIT-PIT,2025,19,WC,2026-01-12,2025_19_HOU_PIT,NFL,PIT,HOU,home,3.0,-3.0,9.0,38.5,SECONDARY,PAPER,3.0,whole_number_line,2,0.6982871529359227,0.07,0.7682871529359228,True,-24,6,30,LOSS,0.0,-15.0,<=40,>=74%,archived_reference_line
2025_19_LAC_NE-LAC,2025,19,WC,2026-01-11,2025_19_LAC_NE,NFL,LAC,NE,away,3.5,3.5,9.5,45.5,SECONDARY,PAPER,3.5,other_half_point_shape,1,0.6698722507821999,0.04,0.7098722507822,True,-13,16,3,LOSS,0.0,-3.5,45.5-47,70-71.9%,archived_reference_line
2025_19_LAC_NE-NE,2025,19,WC,2026-01-11,2025_19_LAC_NE,NFL,NE,LAC,home,-3.5,3.5,2.5,45.5,SECONDARY,PAPER,-3.5,other_half_point_shape,1,0.6698722507821999,0.04,0.7098722507822,True,13,16,3,WIN,1.0,15.5,45.5-47,70-71.9%,archived_reference_line
2025_19_LA_CAR-LA,2025,19,WC,2026-01-10,2025_19_LA_CAR,NFL,LA,CAR,away,-10.0,-10.0,-4.0,44.5,SECONDARY,PAPER,-10.0,whole_number_line,1,0.6734422108808652,0.04,0.7134422108808652,True,3,31,34,LOSS,0.0,-1.0,43.5-45,70-71.9%,archived_reference_line
2025_19_LA_CAR-CAR,2025,19,WC,2026-01-10,2025_19_LA_CAR,NFL,CAR,LA,home,10.0,-10.0,16.0,44.5,SECONDARY,PAPER,10.0,whole_number_line,0,0.6734422108808652,0.0,0.6734422108808652,True,-3,31,34,WIN,1.0,13.0,43.5-45,<70%,archived_reference_line
2025_19_SF_PHI-SF,2025,19,WC,2026-01-11,2025_19_SF_PHI,NFL,SF,PHI,away,6.0,6.0,12.0,44.5,SECONDARY,PAPER,6.0,whole_number_line,1,0.6734422108808652,0.04,0.7134422108808652,True,4,19,23,WIN,1.0,16.0,43.5-45,70-71.9%,archived_reference_line
2025_19_SF_PHI-PHI,2025,19,WC,2026-01-11,2025_19_SF_PHI,NFL,PHI,SF,home,-6.0,6.0,0.0,44.5,SECONDARY,PAPER,-6.0,whole_number_line,1,0.6734422108808652,0.04,0.7134422108808652,True,-4,19,23,LOSS,0.0,-4.0,43.5-45,70-71.9%,archived_reference_line
2025_20_BUF_DEN-BUF,2025,20,DIV,2026-01-17,2025_20_BUF_DEN,NFL,BUF,DEN,away,1.5,1.5,7.5,45.5,PRIMARY,LIVE,+1.5,,2,0.6698722507821999,0.07,0.7398722507822,True,-3,33,30,WIN,1.0,4.5,45.5-47,72-73.9%,archived_reference_line
2025_20_BUF_DEN-DEN,2025,20,DIV,2026-01-17,2025_20_BUF_DEN,NFL,DEN,BUF,home,-1.5,1.5,4.5,45.5,SECONDARY,PAPER,-1.5,other_half_point_shape,1,0.6698722507821999,0.04,0.7098722507822,True,3,33,30,WIN,1.0,7.5,45.5-47,70-71.9%,archived_reference_line
2025_20_HOU_NE-HOU,2025,20,DIV,2026-01-18,2025_20_HOU_NE,NFL,HOU,NE,away,3.0,3.0,9.0,40.5,SECONDARY,PAPER,3.0,whole_number_line,2,0.6892858751269062,0.07,0.7592858751269063,True,-12,28,16,LOSS,0.0,-3.0,40.5-43,>=74%,archived_reference_line
2025_20_HOU_NE-NE,2025,20,DIV,2026-01-18,2025_20_HOU_NE,NFL,NE,HOU,home,-3.0,3.0,3.0,40.5,SECONDARY,PAPER,-3.0,whole_number_line,1,0.6892858751269062,0.04,0.7292858751269062,True,12,28,16,WIN,1.0,15.0,40.5-43,72-73.9%,archived_reference_line
2025_20_LA_CHI-LA,2025,20,DIV,2026-01-18,2025_20_LA_CHI,NFL,LA,CHI,away,-3.5,-3.5,2.5,49.5,SECONDARY,PAPER,-3.5,other_half_point_shape,1,0.6569084959850626,0.04,0.6969084959850627,False,3,17,20,WIN,1.0,5.5,out-of-range,<70%,archived_reference_line
2025_20_LA_CHI-CHI,2025,20,DIV,2026-01-18,2025_20_LA_CHI,NFL,CHI,LA,home,3.5,-3.5,9.5,49.5,SECONDARY,PAPER,3.5,other_half_point_shape,1,0.6569084959850626,0.04,0.6969084959850627,False,-3,17,20,WIN,1.0,6.5,out-of-range,<70%,archived_reference_line
2025_20_SF_SEA-SF,2025,20,DIV,2026-01-17,2025_20_SF_SEA,NFL,SF,SEA,away,6.5,6.5,12.5,44.5,SECONDARY,PAPER,6.5,other_half_point_shape,1,0.6734422108808652,0.04,0.7134422108808652,True,-35,41,6,LOSS,0.0,-22.5,43.5-45,70-71.9%,archived_reference_line
2025_20_SF_SEA-SEA,2025,20,DIV,2026-01-17,2025_20_SF_SEA,NFL,SEA,SF,home,-6.5,6.5,-0.5,44.5,SECONDARY,PAPER,-6.5,other_half_point_shape,1,0.6734422108808652,0.04,0.7134422108808652,True,35,41,6,WIN,1.0,34.5,43.5-45,70-71.9%,archived_reference_line
2025_21_LA_SEA-LA,2025,21,CON,2026-01-25,2025_21_LA_SEA,NFL,LA,SEA,away,2.5,2.5,8.5,45.5,PRIMARY,LIVE,+2.5,,2,0.6698722507821999,0.07,0.7398722507822,True,-4,31,27,WIN,1.0,4.5,45.5-47,72-73.9%,archived_reference_line
2025_21_LA_SEA-SEA,2025,21,CON,2026-01-25,2025_21_LA_SEA,NFL,SEA,LA,home,-2.5,2.5,3.5,45.5,SECONDARY,PAPER,-2.5,other_half_point_shape,1,0.6698722507821999,0.04,0.7098722507822,True,4,31,27,WIN,1.0,7.5,45.5-47,70-71.9%,archived_reference_line
2025_21_NE_DEN-NE,2025,21,CON,2026-01-25,2025_21_NE_DEN,NFL,NE,DEN,away,-3.5,-3.5,2.5,43.5,SECONDARY,PAPER,-3.5,other_half_point_shape,1,0.6771593818727903,0.04,0.7171593818727904,True,3,7,10,WIN,1.0,5.5,43.5-45,70-71.9%,archived_reference_line
2025_21_NE_DEN-DEN,2025,21,CON,2026-01-25,2025_21_NE_DEN,NFL,DEN,NE,home,3.5,-3.5,9.5,43.5,SECONDARY,PAPER,3.5,other_half_point_shape,1,0.6771593818727903,0.04,0.7171593818727904,True,-3,7,10,WIN,1.0,6.5,43.5-45,70-71.9%,archived_reference_line
2025_22_SEA_NE-SEA,2025,22,SB,2026-02-08,2025_22_SEA_NE,NFL,SEA,NE,away,-4.5,-4.5,1.5,45.5,SECONDARY,PAPER,-4.5,other_half_point_shape,1,0.6698722507821999,0.04,0.7098722507822,True,16,13,29,WIN,1.0,17.5,45.5-47,70-71.9%,archived_reference_line
2025_22_SEA_NE-NE,2025,22,SB,2026-02-08,2025_22_SEA_NE,NFL,NE,SEA,home,4.5,-4.5,10.5,45.5,SECONDARY,PAPER,4.5,other_half_point_shape,1,0.6698722507821999,0.04,0.7098722507822,True,-16,13,29,LOSS,0.0,-5.5,45.5-47,70-71.9%,archived_reference_line
